"GeneID","baseMean","log2FoldChange","lfcSE","stat","pvalue","padj","Symbol"
"1",160.058694405451,-2.26477039791321,0.36662570736464,-6.17733659265936,6.51919918992106e-10,1.91975960122082e-08,"A1BG"
"1000",76.5519874398665,-4.12959784000142,0.442761171490618,-9.32691958081723,1.08992502699134e-20,1.50570582252281e-18,"CDH2"
"10000",496.640466852912,-1.27417169001839,0.224971514171418,-5.66370233454326,1.48141301570049e-08,3.22116932297683e-07,"AKT3"
"100033819",87.3612464154926,-1.68127267628196,0.469786969819785,-3.57879801759278,0.000345178104395316,0.00222941515559247,"MIR675"
"100049716",332.965236588448,0.766174459155465,0.236988185270738,3.23296479223291,0.00122512660630581,0.00642006264363512,"NINJ2-AS1"
"10011",952.45951439121,-1.24951624141126,0.21705852672225,-5.75658676155189,8.58316771859874e-09,1.96743791001822e-07,"SRA1"
"100113407",143.119293415267,0.737346519118886,0.296551911648973,2.48639948068074,0.0129043019116409,0.0439990310666254,"TMEM170B"
"100124541",6.45622669969437,-4.6153258898215,1.05549182829031,-4.37267799344066,1.22731681247931e-05,0.000124081970864804,"SNORA11D"
"100125288",70.4348963325697,-1.14016643850861,0.362445303651324,-3.14576137977901,0.00165655099491434,0.00825628224680791,"ZGLP1"
"100126326",243.530560435321,1.5077206722276,0.436946068465772,3.45058756912859,0.000559367665460006,0.00333933411421948,"MIR936"
"100126784",14.7141962282085,2.11277515969961,0.61098967213017,3.45795560231578,0.000544291073141276,0.003267333756063,"NAV2-AS6"
"100127888",137.876346124854,1.2881272715538,0.321496575241581,4.00665938847363,6.15835723775034e-05,0.000515928471232613,"SLCO4A1-AS1"
"100128262",71.1366822739429,1.18925625885941,0.327591058986629,3.63030744043581,0.00028308383049706,0.00188698107738066,"TNK2-AS1"
"100128327",6.92032066978295,-3.87625339091751,0.861444131206099,-4.49971536226082,6.80445123110515e-06,7.43433249156414e-05,"TRAPPC3L"
"100128385",117.982066043465,-3.09451176000119,0.41045138768048,-7.53928931143033,4.72539577991413e-14,2.80309932950295e-12,"FAM225B"
"100128531",29.2724431904559,2.47843375001105,0.483905860862423,5.12172707640686,3.02749868826738e-07,4.81220332040895e-06,"KIAA1671-AS1"
"100128560",17.8090443038233,-2.2883231655404,0.678654432413354,-3.37185326765336,0.000746642156718551,0.00425058373882246,"MYHAS"
"100128569",131.288986242263,0.793769664792483,0.272863697478528,2.90903360222532,0.00362547890373292,0.0156123133377486,"TEKTIP1"
"100128640",25.7309973649042,2.17426565601475,0.428856549012628,5.0699136133531,3.97996308831106e-07,6.11826439206833e-06,"ACVR2B-AS1"
"100128653",86.2309792274478,1.3507157554747,0.303628878971999,4.44857472071774,8.64419781287931e-06,9.21450894771143e-05,"LOC100128653"
"100128731",2910.53751836917,-0.659028863869177,0.191104315991922,-3.44852946124478,0.000563647977582983,0.00335904168227219,"OST4"
"100128770",239.11685981773,0.845910809485356,0.323444319312947,2.61532127471653,0.00891435611786748,0.0325708000317501,"LOC100128770"
"100128822",83.151926677162,0.979816997140409,0.381703973633678,2.56695519256171,0.0102595868825091,0.0364081724389057,"LINC01003"
"100128927",357.732159675389,0.99383360566686,0.330641861179533,3.0057706611058,0.00264908715773132,0.0121148211630174,"ZBTB42"
"100129034",2108.19351029763,-0.632004058851745,0.162424872634789,-3.891054667919,9.98094401728314e-05,0.000777558712263389,"LOC100129034"
"100129046",18.0920441252213,1.33557489147054,0.503850662817092,2.6507356048778,0.00803166874859799,0.0299445516249124,"BCAR3-AS1"
"100129271",17066.5313694221,1.24223074172386,0.343395386138584,3.61749397885774,0.0002974692484527,0.00197030499249419,"C1orf68"
"100129361",307.558779093267,-0.596924861338573,0.193445801204668,-3.08574731331087,0.00203041291794859,0.0097014901353421,"SMIM10L1"
"100129434",20.9007540189961,-1.24275082405147,0.407303667935534,-3.05116531444584,0.00227955028291833,0.0106472119409101,"LOC100129434"
"100129455",66.7271318625992,-1.60381971563265,0.269093318871271,-5.96008746095956,2.52102967637496e-09,6.64441419443051e-08,"LOC100129455"
"100129484",80.122555934585,1.18209949296348,0.385456797902342,3.06674963159678,0.00216400030072496,0.010207099493612,"LINC02983"
"100129516",51.45900921697,1.28275584266884,0.440355778895484,2.9129987708718,0.00357976010375385,0.0154509922364582,"LINC02012"
"100129603",12.2328659433918,-2.52507341003476,0.965786916405455,-2.61452435018771,0.00893517911744048,0.0326160182573851,"LOC100129603"
"100129794",34.2130587748433,1.06107922989116,0.394303984620666,2.69101827847861,0.00712342918246896,0.0271132888853442,"SLC25A21-AS1"
"100129845",1396.80422985856,-2.14868388468235,0.35362371211661,-6.07618723252868,1.23073700832001e-09,3.42677897190448e-08,"PCOLCE-AS1"
"100129931",1697.62323059829,0.544813865566403,0.142847977001425,3.81394176524437,0.000136767709022334,0.0010211195221312,"LOC100129931"
"100129940",9.72667249317504,-2.18957229682976,0.695668742343792,-3.14743521385312,0.00164709601675249,0.00822110194200613,"HMGA2-AS1"
"100130231",15.7357087169021,-3.19162467107575,0.594944476085921,-5.36457568624408,8.11397318688741e-08,1.45994776292736e-06,"LINC00861"
"100130283",224.683107434325,-0.526674427024758,0.199329797559348,-2.64222626759025,0.00823630119635475,0.0305966475051013,"LOC100130283"
"100130302",5.69857387788929,-4.42733990733732,1.03875374953564,-4.26216503123717,2.02455836607084e-05,0.000192843634461833,"SUPT20HL1"
"100130701",148.22028058553,-2.22518014958685,0.563136213156653,-3.95140660039181,7.76931938066254e-05,0.00062666014941833,"LRRC58-DT"
"100130744",439.585099125565,0.855896831663225,0.187260110660512,4.57063081210553,4.86258276106882e-06,5.52380814314793e-05,"LOC100130744"
"100130872",116.637045417021,-2.37650479930196,0.275030526695778,-8.64087644325645,5.57834197657915e-18,5.5816547489954e-16,"LOC100130872"
"100130987",47.4696195633535,1.19157361044245,0.380941638374582,3.1279689338417,0.00176018784890053,0.00866372708794083,"LOC100130987"
"100131017",1743.2706835863,0.472473806083425,0.16066513132276,2.94073643853857,0.00327433004439369,0.014377179994764,"ZNF316"
"100131187",647.220148066937,0.982094431180384,0.226477811358707,4.33638255901764,1.44846760265678e-05,0.000143549625099119,"TSTD1"
"100131347",67.9490408757454,-1.71584593994012,0.371915799392941,-4.6135333393763,3.95880727789782e-06,4.60384683662422e-05,"RDM1P5"
"100131390",55.832393819211,-1.40410123902403,0.495510699531124,-2.8336446424924,0.00460204759187496,0.0190792643768689,"SP9"
"100131604",38.260163048634,-2.65119808259987,0.375624341039051,-7.05811043891919,1.68781899308956e-12,7.80720587724845e-11,"DPP4-DT"
"100131755",308.099356527696,-0.818053164924821,0.230506757780043,-3.54893354452295,0.000386794683957585,0.00245961747747387,"ARMCX4"
"100131825",658.003913260487,1.89616946561057,0.316828326683629,5.98484827874623,2.16591661257413e-09,5.76010691902143e-08,"CADM3-AS1"
"100131897",25.3533572722264,1.58808556876844,0.45701403444186,3.47491641193892,0.000511012556802626,0.00309737410754572,"INSYN2B"
"100132074",66.7860085592628,1.26978076585289,0.402926509860721,3.15139544005634,0.00162492330240748,0.00812817041476439,"FOXO6"
"100132249",32.4451313716999,1.45407830103095,0.567530940157257,2.56211282618009,0.0104037514613355,0.0367893523587235,"LOC100132249"
"100132287",199.462325994924,0.69465399361251,0.279253383502957,2.48754011463985,0.0128629946202038,0.0438799935800919,"LOC100132287"
"100132417",17.4593832614116,-3.14820298102974,0.624669629896096,-5.03978876250698,4.66045954746694e-07,7.00225542518683e-06,"FCGR1CP"
"100132891",119.837839787459,-1.19876585329066,0.300318298067418,-3.99165106157318,6.56148709696197e-05,0.000543400932373053,"MSC-AS1"
"100132987",6.99922922199894,-6.67442502802346,1.12095240430581,-5.95424480324551,2.61275469345604e-09,6.85107549173238e-08,"LINC00856"
"100133161",188.746411275534,0.820089052800691,0.288557526550297,2.8420296729212,0.00448273191275109,0.0186409199377916,"LINC01001"
"100133311",215.555542411181,0.962054936389754,0.250115221636482,3.84644696990096,0.000119843054161958,0.000910612560675432,"HOXA-AS3"
"100133941",2703.47403768778,0.902832254311519,0.349947010372916,2.57991132242972,0.00988256889040378,0.0353655768498038,"CD24"
"100134229",370.685016532221,1.25481874558943,0.189071960192159,6.63672574354293,3.20727593664117e-11,1.20252400509694e-09,"KDM7A-DT"
"100134259",30.9305396891849,-1.61930131505827,0.422069107479929,-3.83657862269693,0.000124760266876977,0.000942063585251537,"LINC01119"
"100137047",690.682143971584,0.682463190515741,0.186790107246717,3.65363669722791,0.000258552036997346,0.00175324183910857,"JMJD7"
"100137049",1289.15873404553,0.425273036531865,0.169331248680221,2.51148585890952,0.0120224102554503,0.0415258631375977,"PLA2G4B"
"10014",4764.84126623166,0.831607949519237,0.252301802409027,3.29608406114772,0.000980426744978612,0.00532532687829692,"HDAC5"
"100174949",186.989169852679,-0.87832903892366,0.319221676838316,-2.75147053803783,0.00593283562561261,0.0235029808540435,"TRIM59-IFT80"
"10019",754.983434386917,-0.984730503994718,0.195979646857247,-5.02465699773407,5.04333086351053e-07,7.48463752664029e-06,"SH2B3"
"100190938",39.7508989848663,1.17220288245314,0.405149836637294,2.89325769493656,0.00381268342550129,0.0162451408881223,"RAMP2-AS1"
"100190939",474.909980302284,-0.805668899545916,0.204388424976007,-3.94185189127267,8.08549015362169e-05,0.000648098634432044,"TPT1-AS1"
"100190949",10.7547575247973,-2.68326607138855,0.685060467030956,-3.91683099598171,8.97206001850232e-05,0.000710037998542298,"C5orf52"
"100192378",21.4226612153745,-4.33706555215791,0.620179341118823,-6.99324415472096,2.68601463787981e-12,1.21217704608417e-10,"ZFHX4-AS1"
"100192386",80.370942922196,-4.23721317765041,0.404486213828122,-10.4755441169397,1.1189227898928e-25,2.39915694866181e-23,"FLJ16779"
"1002",89.2802377460247,2.95452018194344,0.424218266815281,6.9646227262296,3.29284979756379e-12,1.4766888939663e-10,"CDH4"
"10023",184.430222386095,0.832197031974476,0.254343237338638,3.27194479665473,0.00106810429120362,0.0057166354219962,"FRAT1"
"100233209",41.401946487147,-1.47234786040091,0.388952442017237,-3.78541873336705,0.000153449975659336,0.00112745114770835,"PCED1B-AS1"
"100287171",1721.10099353462,0.536765478447219,0.197277190905115,2.72086943241901,0.00651104731161517,0.0252826367214441,"WASHC1"
"100287314",6.66957469698749,-2.2622779976315,0.817371262720549,-2.76774839147354,0.00564450141491656,0.0226050753683039,"LINC00941"
"100287722",72.2607549029344,-0.830391176313045,0.301099462011485,-2.75786336769134,0.00581805104840301,0.0231442446609965,"AP4B1-AS1"
"100288123",116.618091425201,1.19144151913888,0.301402148879903,3.95299610028203,7.71786954197892e-05,0.000622998535890565,"LOC100288123"
"100288162",54.7975158574634,1.38114192334638,0.38963917258428,3.54466906955468,0.000393106301666483,0.00249558501798331,"LOC100288162"
"100288695",122.106785138191,-0.895341947617602,0.22216966293624,-4.02999192502063,5.5778768997685e-05,0.000472878987252202,"LIMS4"
"100288842",128.79221912538,0.658549447590837,0.270686403575773,2.4328870563552,0.0149789724398924,0.0495304688679107,"B3GALT9"
"100289097",149.10552015761,-1.03763162928371,0.324375099428189,-3.19886338721084,0.00137970531282685,0.00708932954548872,"FRG1CP"
"100289255",53.6046288155842,1.56789058617212,0.484964897705367,3.232998086234,0.00122498383320436,0.00642006264363512,"TMEM238L"
"100289279",41.1595947774711,1.07205868613335,0.392997784679342,2.72790007457186,0.0063738912988514,0.0248317252180358,"CNTNAP3C"
"100289341",126.686219363603,1.06339185781944,0.373954223266995,2.84364179264852,0.00446011592440122,0.0185581213236052,"MAN1B1-DT"
"100289373",26.0258203859898,1.43080922199664,0.450348411987263,3.17711617030661,0.00148747440061026,0.00754327988720412,"UBAC2-AS1"
"100289473",7.75675657112049,1.74045393421929,0.708510013932917,2.45649870854765,0.0140298306425374,0.0470112378228862,"LOC100289473"
"100289580",52.1416712699661,1.41493535410998,0.456943915964888,3.09651864194797,0.00195807549595178,0.00942807625933836,"LOC100289580"
"100289635",259.291233022374,-1.16031638393501,0.272086616535552,-4.26451105427084,2.00340426086348e-05,0.000191359968935563,"ZNF605"
"100289678",500.007221392053,-0.879337733197069,0.23475728814306,-3.74573134726793,0.000179869000212825,0.0012891302010327,"ZNF783"
"100291105",25.9203306135233,1.47617376237802,0.493833235695221,2.98921509464597,0.00279695157061313,0.012669993646457,"RBM38-AS1"
"1003",1536.43095402555,-0.512788563535858,0.189686222005172,-2.70335166210372,0.0068644079556402,0.0263564583769629,"CDH5"
"100302132",75.9803460797646,0.869229116770116,0.320231207919897,2.71437978333313,0.00663999951718367,0.0256720041438221,"MIR1182"
"100302254",1898.36589899053,-0.800053401462738,0.2186121798227,-3.65969271296595,0.0002525178775617,0.00172170519765818,"MIR1282"
"100302736",238.086434375053,-1.11393620762653,0.335793587869281,-3.31732423687663,0.000908840785205953,0.00500738188508548,"TMED7-TICAM2"
"100303728",449.893851142049,1.05358887808706,0.26394107170027,3.99175797574813,6.5585289804046e-05,0.000543400932373053,"SLC25A5-AS1"
"100310756",46.5113792984242,-1.38479895640955,0.347099204511918,-3.98963448607387,6.61751907378874e-05,0.000547268029790548,"LOC100310756"
"10036",832.750146219851,0.573791904008285,0.19867930210092,2.8880305997694,0.00387662157573911,0.0164834493937232,"CHAF1A"
"1004",196.445944351529,-1.2370932361997,0.290060125814252,-4.26495449082135,1.99942951469258e-05,0.000191246548003866,"CDH6"
"10040",505.468638234586,1.04372769317662,0.22053905676017,4.73262064556501,2.21639485882131e-06,2.80752441686018e-05,"TOM1L1"
"100422882",55.6799445191138,-3.67756233922673,0.422417818457164,-8.70598298305367,3.14834083097675e-18,3.28961663273225e-16,"MIR3120"
"100422894",50.641291885938,1.60173680390173,0.372368337270872,4.30148496416488,1.6965728825986e-05,0.000165901454705034,"MIR4260"
"100422914",6.23627662941374,-2.93467621254437,0.903432518540753,-3.24836238713715,0.00116071338833069,0.0061403557916728,"MIR4253"
"10044",614.068363803257,-1.0045085613974,0.261997958857598,-3.83403201222407,0.000126059725118692,0.000950146932649859,"SH2D3C"
"10045",595.48708958453,0.762580328305768,0.240147452972338,3.1754670677003,0.00149595500735003,0.00757695321636148,"SH2D3A"
"100499405",71.8914698620348,-0.84692006277807,0.314452679349969,-2.69331482412174,0.00707454318383332,0.0269671105363009,"LINC00987"
"100500837",4523.23833596618,-5.10321274108144,0.639998495634619,-7.97378865089538,1.53882608564298e-15,1.11532380798856e-13,"MIR3606"
"100505483",86.9108391461179,1.70077211252215,0.332739982658738,5.11141492204284,3.1975482103298e-07,5.0319825964395e-06,"PRKAG2-AS1"
"100505501",27.121148277833,-1.83819635734364,0.420020363787282,-4.3764458007912,1.20630169261335e-05,0.000122378087928799,"TOX-DT"
"100505555",17.8332668909407,-1.18406474224401,0.434901513583142,-2.72260432595079,0.00647695796373059,0.0251655608166221,"LOC100505555"
"100505591",16.564957496005,1.82501675328473,0.495415745517993,3.68380853817342,0.000229774857137921,0.00158927609520395,"LRRC3C"
"100505592",11.6773946818889,-2.81808538568023,0.635078155882297,-4.43738358748168,9.10589392253474e-06,9.62195690459215e-05,"GAPLINC"
"100505666",208.188744878575,0.95800076112602,0.295103588653236,3.24632026841167,0.00116907240331407,0.00617347007435014,"DCST1-AS1"
"100505678",679.864289594144,-3.87234945217134,0.299636751213353,-12.9234796348932,3.31790349434801e-38,1.95130644364741e-35,"STARD4-AS1"
"100505681",305.961990864502,0.795310880139811,0.221753741389155,3.58645980517697,0.000335197703705289,0.00217793861523664,"NAPA-AS1"
"100505746",121.264824848174,-1.78125523737607,0.467444459173139,-3.81062434781435,0.000138616266657429,0.00103192666650145,"ITGB2-AS1"
"100505806",272.159002704143,-1.47813086858159,0.256713429923016,-5.75790237785711,8.51655806513664e-09,1.95434594440103e-07,"SNHG18"
"100505874",56.7557524864114,4.43825183680962,1.1523828616932,3.85136917976069,0.000117459271033185,0.000895806459780316,"LOC100505874"
"100505942",21.7935161243095,-1.78983606726255,0.545412904302267,-3.28161664886209,0.00103213822965335,0.00556311424959008,"LOC100505942"
"100506013",38.1161063507874,-2.17964602910837,0.419936621492676,-5.19041664277994,2.09824040796229e-07,3.4746726112225e-06,"APELA"
"100506035",22.993224887592,1.61525406393005,0.628607899046462,2.5695732846823,0.0101823852364266,0.0361930957877059,"LINC00989"
"100506060",45.6094137275782,-1.49673237719234,0.423564825994493,-3.53365597267937,0.000409854181723341,0.00257601174857809,"SMG1P7"
"100506071",110.0005846909,3.00418927775358,0.876737837642766,3.42655369572137,0.000611292887154751,0.00360333699575985,"LOC100506071"
"100506098",54.4828098061147,1.35637714159421,0.351820902376895,3.85530573206582,0.000115585086996824,0.000883476951631124,"MACC1-DT"
"100506119",281.665565201719,-1.43594460092936,0.217290786251294,-6.60840077806477,3.88493780453832e-11,1.4203829443804e-09,"LINC01503"
"100506159",12.5440595258501,-5.02986039852472,0.979969479016263,-5.13267046191471,2.85659809164679e-07,4.58060264933409e-06,"LINC02470"
"100506178",12.577119009859,-2.06011634614628,0.611083196913047,-3.37125346688173,0.000748269779121377,0.00425597820763593,"STEAP1B-AS1"
"100506235",10.9048194442206,-1.60273872402938,0.552268531944013,-2.90210039378428,0.00370669729598011,0.0158889331821022,"LOC100506235"
"100506385",34.0353382390686,-3.46568995970136,0.63709353106474,-5.43984484336129,5.33269933569344e-08,1.00245007420926e-06,"LINC01426"
"100506495",47.0590652937235,1.09033844615636,0.319037992693807,3.41758182763767,0.000631800986109244,0.00370437215236024,"LIFR-AS1"
"100506504",106.059301573158,0.826544124539816,0.292096868992142,2.82969183268463,0.00465928585791123,0.0192749672465661,"PRKCZ-AS1"
"100506532",75.9402179664089,-3.97924835359727,0.497026459736955,-8.00610968619907,1.18394135973793e-15,8.73485625406648e-14,"LOC100506532"
"100506603",436.673603064929,-1.25842921354478,0.235748529989024,-5.33801510280201,9.39696332105624e-08,1.66317362855221e-06,"VASH1-AS1"
"100506621",3968.94470811899,-0.957424114551385,0.29425701771279,-3.25370019037535,0.00113912431643143,0.00604323065191355,"LINC01279"
"100506658",382.839824121495,1.15239700396581,0.275743474517654,4.17923581321968,2.92490278569178e-05,0.000266989795745807,"OCLN"
"100506697",48.3092527554825,-1.12624000748009,0.317170034969912,-3.55090293314413,0.000383911978638752,0.00244506317088492,"LINC00327"
"100506713",68.2204530812037,0.746618898241133,0.299215337265861,2.49525610907352,0.0125866247878262,0.0431230167497695,"ALOX12-AS1"
"100506730",156.614058991027,0.599038422015087,0.204480309988341,2.9295653065532,0.00339436477825068,0.0147997467899835,"LOC100506730"
"100506776",34.3071220629564,-1.36971361963015,0.406348992687738,-3.37078138319078,0.00074955314444247,0.00426209997933807,"TRG-AS1"
"100506844",71.5509836388466,-0.853636856650694,0.343437860430781,-2.48556421700263,0.0129346248169803,0.0440951171302953,"GIHCG"
"100506885",28.5491277766084,1.75145058895941,0.583006853886631,3.00416809387971,0.00266308147258781,0.0121707080443489,"LNC-LBCS"
"100506901",18.447984794638,-1.73776020609738,0.502092078404208,-3.46103888278913,0.000538095086266454,0.00323674729857063,"LL0XNC01-250H12.3"
"100506939",63.6787833894773,-1.16853104112859,0.347757982091193,-3.36018467240291,0.000778903888156562,0.00440223987748893,"PRKG1-AS1"
"100506985",67.2172124964366,1.16895809743322,0.295260685217651,3.95907127483472,7.52417815671057e-05,0.00060951469176596,"NCMAP-DT"
"100506990",427.224920410853,1.47899282593848,0.241821352472377,6.11605555430601,9.59198981457273e-10,2.73843992154182e-08,"FAM86B2-DT"
"100507002",31.6001751857485,1.53212197333511,0.418961303120768,3.65695342725595,0.000255230731384658,0.00173560270063489,"LOC100507002"
"100507050",100.673022979062,-4.35768096990134,0.437008018471481,-9.97162703133725,2.02877740447426e-23,3.56926103364942e-21,"TPBGL"
"100507156",81.704797571602,-2.94574563002118,0.409526159150702,-7.19305852434489,6.33557688005644e-13,3.11989269136559e-11,"LOC100507156"
"100507254",19.0475368344741,-2.31479589962486,0.558261573972761,-4.14643602129385,3.37690481693726e-05,0.000303803359929356,"LINC01013"
"100507257",219.34036361668,-3.25579192391579,0.315727163956424,-10.3120424708377,6.21658758394854e-25,1.23040614257689e-22,"MEG9"
"100507331",667.790287986975,0.482659807395834,0.192352787941736,2.50924258785391,0.0120990362109794,0.0417583100883298,"ZSWIM8-AS1"
"100507387",31.3916143594185,3.4236921354905,0.645559205148878,5.30345181074589,1.13633210962635e-07,1.96887711654452e-06,"LOC100507387"
"100507403",14.2139265251695,2.47284192910538,0.665485863262671,3.71584441626122,0.000202526181413961,0.00143173306833931,"LOC100507403"
"100507420",159.470783633155,-2.42638936435583,0.459679606566646,-5.27843595777191,1.3029118622277e-07,2.23120946523253e-06,"LINC01605"
"100507433",31.7504832029545,0.956352108277462,0.365220178508512,2.61856316971044,0.00883009409837074,0.0323183956118178,"ZNF571-AS1"
"100507436",548.391158219635,-0.752093773280371,0.290666958102133,-2.58747598347971,0.00966819351832726,0.0347191373658842,"MICA"
"100507507",95.699909294683,-0.979288110339814,0.335073900790011,-2.92260336609603,0.00347118382876817,0.0150663560047684,"FAM131B-AS2"
"100507524",7.21953660775738,1.91991423312646,0.761996269883687,2.51958481820327,0.0117493329189084,0.0407422547624144,"ARHGEF26-AS1"
"100507560",25.5263250398302,-3.35772476422918,0.44418399871611,-7.55931049730404,4.05211569553439e-14,2.41764491237333e-12,"LOC100507560"
"100507747",17.4752129854729,2.26517089081603,0.667743672616011,3.39227608393772,0.000693145599133746,0.00399991842236306,"C13orf46"
"10051",419.682775984601,-0.926324866464984,0.371354311729421,-2.49445027890219,0.0126152399171043,0.0431922984786552,"SMC4"
"10052",300.561546047769,-1.28640321574031,0.226985508405724,-5.66733631929019,1.45034491308197e-08,3.15914282443166e-07,"GJC1"
"100526694",78.3003933387145,-1.0877144635924,0.289069977298096,-3.76280675620186,0.000168017027837184,0.00121520115987372,"MSANTD3-TMEFF1"
"100526767",2094.46336225157,0.482988949324856,0.144386797532422,3.34510466039251,0.000822515261890331,0.00460698072129267,"RNF103-CHMP3"
"100526771",232.313549257666,-0.941172113540207,0.301426730336985,-3.1223910118655,0.00179388511337969,0.00878547018172914,"SMIM35"
"100526833",2791.01154474969,0.761815612067979,0.260699331436525,2.92220009875041,0.0034756816471998,0.0150808244152531,"SEPT5-GP1BB"
"100526836",2969.00969792426,-1.3520386911889,0.208803986901214,-6.47515744911781,9.47131257237254e-11,3.28211276076963e-09,"BLOC1S5-TXNDC5"
"100528016",5278.88040533889,0.564013157049581,0.209200651247982,2.69603920296123,0.0070169407850506,0.0267971631019446,"TMX2-CTNND1"
"100528018",1032.57058589054,0.626328311033975,0.214158137454417,2.92460664104948,0.00344891884080855,0.0149868155835346,"ARL2-SNX15"
"100528019",150.900112969842,1.06535845783962,0.311420350514199,3.42096608677167,0.000623991127605991,0.00366350067616706,"HSPB2-C11orf52"
"100528031",808.921462184775,0.757238690947757,0.21839155266074,3.46734423434449,0.000525628283930469,0.00316916596263174,"FKBP1A-SDCBP2"
"100528032",57.9776461223795,-1.00323663768106,0.304999951410416,-3.28930097543221,0.00100436560073353,0.00543905854393554,"KLRC4-KLRK1"
"100529067",1775.14198564773,-0.711742153062705,0.212753348280078,-3.34538637730737,0.000821680177414765,0.00460355600759541,"SERF2-C15ORF63"
"100529251",168.279381379404,-0.924283985010597,0.288531029577015,-3.20341277111718,0.00135809174584432,0.00700274561534556,"CKLF-CMTM1"
"10053",1329.93462200411,1.11637538795788,0.195126190432498,5.72129956252124,1.05712319322788e-08,2.36777190526689e-07,"AP1M2"
"100532724",420.418169128886,-1.10803088108645,0.359267011399691,-3.08414311898441,0.00204139365982019,0.00974716935600527,"NPHP3-ACAD11"
"100532732",385.879803687146,1.04661085169795,0.205452380347144,5.0941772975788,3.50258874313984e-07,5.45365254832e-06,"MSH5-SAPCD1"
"100532736",10415.1669142299,-1.18660606121678,0.281942156802066,-4.20868618824473,2.56859827465473e-05,0.000237627087125811,"MICOS10-NBL1"
"100533106",110.937158515451,-0.784752410569295,0.243131444413678,-3.22768785609677,0.00124795069374758,0.00651288790840611,"ZHX1-C8orf76"
"100533183",146.576786970759,-1.76786262017307,0.260410997201451,-6.78874025740729,1.13116881851546e-11,4.57445559141891e-10,"ZNF664-RFLNA"
"100533464",188.899453088131,2.63089059524632,0.720903842702751,3.64943344646744,0.000262819318745795,0.00177839344413657,"PRH1-PRR4"
"100533975",2744.38426865393,-0.751833497275781,0.234092651960977,-3.21169199877795,0.00131955762942579,0.00683659054721885,"SLMO2-ATP5E"
"100534589",260.79621052718,0.868279841516651,0.231541787123045,3.74999196605161,0.000176840235957981,0.00127186562437424,"HOXA10-HOXA9"
"100534612",766.795062493232,-2.36477013206679,0.296737001935234,-7.96924588657441,1.59645536420859e-15,1.15303288480245e-13,"C1QTNF3-AMACR"
"10057",1044.31055386482,-0.988863505280265,0.337071042741507,-2.93369462187414,0.00334953584287805,0.0146352888537045,"ABCC5"
"100616248",9.47116483343045,1.96480118200116,0.645328626431737,3.04465213772597,0.00232949576689971,0.0108460395534638,"MIR4724"
"100616346",41.0886933766081,-2.95815797399087,0.464139503846536,-6.37342426032532,1.84853587597545e-10,6.0686224036808e-09,"MIR4649"
"100616453",18.1467732549208,2.06372485157807,0.693857177073715,2.97427902998952,0.00293677889090328,0.0131901934737842,"MIR4687"
"100616483",32.1720222768329,1.06176981428354,0.423917551746862,2.50466113023214,0.0122568762236546,0.0421898896634961,"MIR4751"
"100616500",13.00557855777,1.28244599035186,0.526584344879613,2.43540470358086,0.0148751422298359,0.0492425100770252,"MIR4683"
"100628315",716.725977401655,-3.72386374348189,0.412981566408577,-9.01702169388777,1.93272155008261e-19,2.24763505010737e-17,"DNM3OS"
"100652759",54.2295490096047,-1.2078326856717,0.459503829994384,-2.62855847292167,0.00857476123816966,0.031548400698432,"PRICKLE2-AS1"
"100652846",20.5025013027329,-1.20944898958651,0.39464798348195,-3.06462731398153,0.00217941391715818,0.0102634319839442,"CACNA1C-AS1"
"10066",5627.54783010225,0.624110809443303,0.236812606470809,2.63546277685278,0.00840226408894336,0.0310785631638473,"SCAMP2"
"10068",523.822011516178,-0.493175987583489,0.176286559865817,-2.79758132417399,0.00514868039424411,0.0209406119808577,"IL18BP"
"10073",510.719882088539,-0.464408732149334,0.156149760620366,-2.97412388148589,0.00293826424657291,0.0131939858750997,"SNUPN"
"10076",1541.57349951249,1.05937281518899,0.266549453598194,3.97439499833277,7.05583813781877e-05,0.00057767526688288,"PTPRU"
"10077",67.3996979676627,-0.957780781069824,0.325829423694277,-2.93951592894969,0.00328725373205044,0.0144184421107289,"TSPAN32"
"10079",1073.56661392862,0.643600429881385,0.193571263273831,3.32487590872892,0.000884578966022606,0.00490125799101193,"ATP9A"
"10082",399.709405783555,-1.73960673883909,0.360440599532224,-4.82633405087199,1.39069170795351e-06,1.85281541207217e-05,"GPC6"
"100820829",244.027124437324,0.846750228541886,0.215074211914556,3.93701421013823,8.25017232649066e-05,0.000660202493546344,"MYZAP"
"100847079",50.7698748994704,-1.1918046312923,0.346913225820231,-3.43545458226458,0.000591560611229964,0.00350509027678687,"MIR5193"
"10085",1426.94789328845,-3.00111197893202,0.32015218401659,-9.37401688559619,6.98234195566842e-21,1.00506662108726e-18,"EDIL3"
"100861518",218.739352268102,-1.81334930439633,0.269410879968215,-6.73079463090083,1.68738992636481e-11,6.64115377519948e-10,"P4HA2-AS1"
"100861541",142.769825087188,1.03504499962877,0.322950277575591,3.2049670537487,0.00135077941214279,0.00697552519306252,"DOCK9-DT"
"100873949",39.168211990597,-1.15692951656627,0.314548280374506,-3.67806657594442,0.000235008625360512,0.00161886085813239,"IPO9-AS1"
"100873962",5.35404837621789,5.48479145154448,1.73753523856842,3.15665048385635,0.00159592514938562,0.00800061453359807,"LINC00278"
"100874006",53.2215993962512,-1.91067403878372,0.424219934093455,-4.5039704295527,6.66954909646737e-06,7.31426277925566e-05,"TTC3-AS1"
"100874007",35.0971979105179,1.26325465225542,0.361556253550676,3.49393666918933,0.000475953910015487,0.00290972238899875,"VIPR1-AS1"
"100874027",74.9316552238383,0.727583284550717,0.291571729790877,2.49538350330658,0.0125821062671375,0.0431147120697118,"TPRG1-AS2"
"100874068",37.5695383294208,1.17788137683261,0.386238939775107,3.04961839818236,0.00229132297898527,0.0106949188660845,"GRTP1-AS1"
"100874091",9.23199399557685,3.15686592013354,0.841563591953615,3.75119117594566,0.000175996436936192,0.00126623930719838,"TM4SF1-AS1"
"100874095",209.927947149436,4.35973289957191,1.48931223087789,2.92734646851186,0.00341867804581998,0.0148931362741076,"ADIPOQ-AS1"
"100874194",11.9634164912281,5.91030059949904,1.34106256784048,4.40717736907417,1.04726426955395e-05,0.000108763308398076,"CLDN10-AS1"
"100874204",8.7542512644094,2.61929865775713,0.751846369395835,3.48382164811401,0.000494308766832746,0.00300853094514643,"ALDH1L1-AS1"
"100874260",96.0363140373162,-1.58964878190032,0.230660712921626,-6.89171884438098,5.51222383484063e-12,2.34914317632214e-10,"UBE2CP5"
"100874261",19.2229254179828,-1.69162316891979,0.523648018377613,-3.2304584559698,0.00123591864191165,0.00646016996574643,"CCDC200"
"100874323",156.105578424372,0.865366108912611,0.250651787051572,3.45246335201496,0.000555492929057049,0.00332005413812726,"HOXA10-AS"
"100874362",82.2782057461245,-0.77829776971671,0.266045292922767,-2.92543333943762,0.00343976862180928,0.0149533679643764,"HOXB-AS1"
"100874363",81.8652389601544,1.13663176764812,0.274407246473141,4.14213466392323,3.44088201385513e-05,0.000309018827980776,"HOXC-AS1"
"100874365",29.6887792631696,1.37472350094431,0.374840417899664,3.66749004455623,0.00024494308421464,0.00167783974890987,"HOXC-AS3"
"100874366",209.640797156632,0.716896468237609,0.246687387566511,2.90609291098971,0.00365972762519406,0.0157301802958852,"HOXC13-AS"
"10089",1769.5302998365,1.01068328619928,0.346233242649672,2.91908217265526,0.00351063668923206,0.0152036494027252,"KCNK7"
"1009",4235.50616731906,-3.42793487766846,0.366002728324756,-9.36587247138451,7.54245361518377e-21,1.07815184177044e-18,"CDH11"
"10090",590.848523531914,0.602288140690612,0.219403500178609,2.74511637325889,0.00604894434172767,0.0238802206233453,"UST"
"10094",2847.93505924195,-0.691965245191892,0.20134632716869,-3.43669166913662,0.000588865539899281,0.00349213721500628,"ARPC3"
"10095",2632.80937420316,-1.07644424263851,0.27105326009101,-3.97133848261806,7.14699487487349e-05,0.000582837659724711,"ARPC1B"
"100996291",5.25150797264744,-5.25684751611216,1.11469158302885,-4.71596591931574,2.40566704338517e-06,3.01940551347807e-05,"LINC01993"
"100996295",4.5257840102655,3.10500161371253,1.23513864274649,2.51388913458992,0.0119407964321736,0.0413021935405582,"DNAH17-AS1"
"100996301",26.3277745234483,-1.07715443330393,0.441719675998754,-2.43854754911792,0.0147464185293868,0.0488792719821092,"FOXD3-AS1"
"100996307",38.7966135668754,0.853565828952367,0.316173517560873,2.69967527811063,0.00694071838494965,0.0265837655627813,"LIPE-AS1"
"100996338",33.1568069834168,6.67990427271478,2.16666033223987,3.08304175477711,0.00204896403628861,0.00976971872202102,"LINC02169"
"100996506",105.133405338891,0.957484769564401,0.313065311662121,3.0584185915742,0.0022250852642396,0.0104330649382934,"LOC100996506"
"100996511",146.839968884204,-1.41075363888905,0.434091410147133,-3.24989991949134,0.00115445628716162,0.0061119671334709,"LINC01355"
"100996517",194.487622886865,-0.698259710817622,0.211851687471028,-3.29598370989192,0.000980777020774563,0.00532532687829692,"SEC22B3P"
"100996549",488.682272888857,-0.83441855637704,0.222864644533011,-3.74405979972945,0.000181070527974166,0.001295500781307,"LOC100996549"
"100996570",9.06401096863167,-2.04375652369021,0.751246298333159,-2.72048797874257,0.00651856419640328,0.025302305377855,"NFIA-AS2"
"100996579",59.4969580564769,2.33918493079671,0.34998936655178,6.68358857254208,2.33160825579164e-11,8.9876075537856e-10,"LINC01806"
"100996635",20.4108387377925,-2.28088933034055,0.520471701172237,-4.38235032798785,1.17405820156622e-05,0.000119637693173461,"LINC02607"
"100996716",207.985577162736,-0.897921826768836,0.235755510722496,-3.80869920714501,0.000139699774330591,0.00103849048567023,"SEC22B2P"
"100996724",246.919136624846,-0.77806273454778,0.279737486676327,-2.78140317835931,0.00541244727225181,0.0218450616964767,"PDE4DIPP2"
"100996732",135.352556553225,-1.20304999063144,0.304183232415325,-3.9550174448433,7.65290674581431e-05,0.000618725186393723,"LINC02802"
"100996939",1164.12560503333,0.4622507605751,0.137951210588325,3.35082786590798,0.000805703683096476,0.00452760158691179,"PYURF"
"101",238.619623493565,-0.686571032992882,0.226537958141808,-3.03071078517933,0.00243978823635381,0.0112906027556445,"ADAM8"
"10103",139.630322300706,0.814622370350854,0.333319584102692,2.44396791908836,0.0145267182152699,0.0483089539721011,"TSPAN1"
"10105",2713.31163472109,0.699492625602041,0.209735779018964,3.33511348838003,0.000852645936988147,0.00474861038067208,"PPIF"
"101059953",316.686699400747,-0.667334436412515,0.272357877541786,-2.45021162022432,0.0142772276759844,0.0476465480183386,"NPIPA8"
"10107",34.5580890833232,-2.89165553024071,0.732495229008179,-3.94767831342205,7.89127395438303e-05,0.000635003843147069,"TRIM10"
"10110",77.7729927880237,1.68625923576057,0.571094710115222,2.95267878671186,0.00315029582900281,0.0139513100998696,"SGK2"
"10113",1429.66909605812,-0.694270022068137,0.177595012224502,-3.90928784188203,9.25686123332611e-05,0.000728376267686486,"PREB"
"10120",2798.23912791866,0.577994705571826,0.193314048555137,2.98992602913167,0.00279045013494894,0.0126461086697026,"ACTR1B"
"10123",2289.48571792093,-1.52324586322265,0.233958434709922,-6.5107542077347,7.47744103815359e-11,2.62207233951199e-09,"ARL4C"
"10126",644.758774650158,0.49205603439613,0.202539828483164,2.42942851330119,0.0151226468507831,0.0499253508863702,"DNAL4"
"101340250",6.45622669969437,-4.6153258898215,1.05549182829031,-4.37267799344066,1.22731681247931e-05,0.000124081970864804,"SNORA11E"
"10140",1855.08400834234,1.46613894741346,0.232376141502336,6.30933510615468,2.80236756911846e-10,8.87445139118989e-09,"TOB1"
"101409257",106.432981174756,1.36538359037518,0.311787694954857,4.37920935453488,1.1911066355346e-05,0.000121075254251083,"EZR-AS1"
"10144",538.659347711593,0.727362041003291,0.243059691831948,2.99252432816459,0.0027668061406919,0.0125527744324448,"FAM13A"
"101448202",674.945505178712,-4.00076240863979,0.440657920099978,-9.07906615574296,1.09510362725528e-19,1.3105588990362e-17,"LOC101448202"
"10147",1635.45714635475,-0.78200171239008,0.241188013943096,-3.24229093977523,0.00118572907294057,0.00624221156966974,"SUGP2"
"10148",24.7933600234738,-1.2369782684245,0.479377592375467,-2.58038399812324,0.00986905068613356,0.0353294850997171,"EBI3"
"10154",646.628636296009,-2.31991879100053,0.283215823758695,-8.19134595027835,2.58320901589446e-16,2.07706149934264e-14,"PLXNC1"
"10163",8415.72043146673,0.573387024547631,0.190832308739641,3.00466429576096,0.00265874121691826,0.0121562703707342,"WASF2"
"10168",159.077071462196,-0.723030578322702,0.24433713576528,-2.95915140389169,0.00308487498362895,0.0137087795041058,"ZNF197"
"10169",10877.8537916612,-0.814105021874738,0.243603117602017,-3.34193186806735,0.000831974795344374,0.00465363293135016,"SERF2"
"10171",529.581524951503,0.746933937439865,0.165261365968238,4.51971295930969,6.19235310567808e-06,6.83816503901704e-05,"RCL1"
"10178",83.6975432613585,-1.58570490009591,0.502173238929264,-3.15768499228863,0.00159027299583293,0.00797810854160979,"TENM1"
"1018",231.980718818164,-0.596835171311508,0.213680625043454,-2.7931178654599,0.00522026670505748,0.0211857196090109,"CDK3"
"10180",1629.51927772931,-1.00707723244828,0.345274018687676,-2.91674779433448,0.00353701645634072,0.0153082310213031,"RBM6"
"10181",2853.78927701871,-0.847430405739234,0.325206355498247,-2.60582362986384,0.00916536425959057,0.0333085907343595,"RBM5"
"10184",1114.23776431246,-1.95037241081211,0.263789306521665,-7.39367503758886,1.42825220174239e-13,7.83977155217741e-12,"LHFPL2"
"101926956",11.5871694181518,1.77782877993226,0.591921928378917,3.00348524813257,0.00266906488149257,0.0121866197233942,"LOC101926956"
"101926960",8.8947239199834,3.7537650669569,1.18464833746319,3.16867457476471,0.00153135751736675,0.00772584880820517,"LINC02996"
"101926969",36.2719398604827,-1.57250810395109,0.510630990599762,-3.07953910534121,0.00207321151339655,0.00987161364602233,"LOC101926969"
"101927034",16.4679245934425,-6.02713801012713,0.934379675369743,-6.45041643028262,1.11543227314027e-10,3.80133409111246e-09,"ROR1-AS1"
"101927051",296.46234783741,0.731547969328278,0.269650484489507,2.71294884084195,0.00666874011789048,0.0257603103305623,"PDXP-DT"
"101927057",10.4978058315698,-3.41625050092664,0.841307879271674,-4.06064246525791,4.89378646343373e-05,0.000422168435515639,"LOC101927057"
"101927086",34.7691697285547,1.19548169561521,0.443437474887956,2.6959419609659,0.00701898953271214,0.0268000149399641,"KLF9-DT"
"101927087",7.82007379272537,-2.35642161085515,0.851540035074579,-2.76724700401053,0.00565319048692429,0.0226259523590997,"LINC02516"
"101927096",1221.67936036024,-3.36254975044319,0.330368486109615,-10.1781794929662,2.48160477031478e-24,4.56083505287137e-22,"CLMAT3"
"101927229",79.0136270152099,-5.51563932716576,0.511430425504116,-10.7847305363755,4.06432720188633e-27,1.04575138904535e-24,"LINC01929"
"101927230",9.00118155528931,-5.559445618816,1.02310941213352,-5.43387203058053,5.51441350965281e-08,1.03283610266327e-06,"LINC01969"
"101927244",20.09873039452,-5.11364714017112,0.76540580878804,-6.6809620223136,2.37378744395226e-11,9.13309172828286e-10,"LINC01788"
"101927267",23.0364410605778,1.54808403519417,0.436271054977327,3.54844543898203,0.000387512273072459,0.00246341958892016,"TROAP-AS1"
"101927293",8.22834382723622,-2.5641864579243,0.706840129635007,-3.62767526972242,0.000285984632303915,0.00190385112268557,"LOC101927293"
"101927318",40.4754713055937,4.15471015075248,0.749885561564631,5.54045892293713,3.0167999968858e-08,6.01140475662124e-07,"AQP5-AS1"
"101927344",11.8443756512507,-1.57442722469274,0.574823446045599,-2.73897530715517,0.00616310021620406,0.0242194071879237,"LOC101927344"
"101927417",14.4534632239818,-2.20902432313619,0.554511284005546,-3.98373195794893,6.78413893394516e-05,0.000558802384218996,"FHAD1-AS1"
"101927524",26.9612605906552,-1.25798205665268,0.385925947169371,-3.25964622456596,0.00111551261619894,0.00592866297233125,"LINC02587"
"101927546",322.235686507215,0.629216318789957,0.24551110315902,2.56288335107357,0.0103806918532238,0.0367267379007837,"ANO7L1"
"101927556",2420.00796511703,0.506180315200533,0.200905426574067,2.51949548517507,0.0117523147531765,0.0407422547624144,"LOC101927556"
"101927559",241.323662863191,1.26055458159872,0.297527716543366,4.23676354002798,2.26764725604578e-05,0.000212943663861526,"CEBPB-AS1"
"101927560",19.7777766134119,-2.99167628721273,0.556348319109518,-5.37734398479205,7.55926666123025e-08,1.36731058835469e-06,"LOC101927560"
"101927583",14.8005340694705,-2.33006285974137,0.599183880415196,-3.88872754408345,0.000100771165690644,0.000783928070512552,"LOC101927583"
"101927587",15.1661922057718,-3.15480924450898,0.673120401181555,-4.6868424118051,2.7745243873736e-06,3.4055342868037e-05,"LINC01725"
"101927610",39.7099607737967,2.06835559502587,0.371750480828562,5.56382762549732,2.63920653878102e-08,5.37343495492271e-07,"LOC101927610"
"101927650",9.74282255074718,-6.17135901228731,1.02954837810998,-5.9942389726421,2.04440554024823e-09,5.4581120156251e-08,"LINC02126"
"101927682",258.561730189905,0.913631668453678,0.286186033095436,3.19243975176456,0.00141076371938243,0.00722726739665702,"CD81-AS1"
"101927699",51.5493586600778,1.42772269961601,0.515820391996934,2.76786788922547,0.0056424322910615,0.0226048708211775,"SYT15-AS1"
"101927703",260.425181655276,3.19857518048209,0.443037823144525,7.21964359110411,5.21240040600281e-13,2.60250457708974e-11,"FOXCUT"
"101927741",437.822297577688,-1.16874873864838,0.200253646655756,-5.83634185028105,5.33593619582356e-09,1.30136150064967e-07,"LOC101927741"
"101927751",198.05036074471,-0.990487217069995,0.232663904157646,-4.25715892912582,2.07041177350032e-05,0.000196212504354192,"ALDH1A3-AS1"
"101927789",29.5846069142286,-1.57564751545929,0.405210272540353,-3.88846883269076,0.000100878621442996,0.000784467526929589,"FAUP4"
"101927793",83.4436596553152,0.822472654323605,0.282405397777693,2.91238291051026,0.00358682646060989,0.0154782465126193,"LOC101927793"
"101927865",5.75409889267342,-2.3935628427188,0.797523643097399,-3.00124374171874,0.00268879245780843,0.0122664237481225,"MYOSLID-AS1"
"101927886",6.80735077680812,-2.5444446541755,0.745091524282857,-3.41494242150252,0.000637954956804077,0.00373270745618394,"RFX5-AS1"
"101927904",42.2204719405444,1.85747849528493,0.644800756627475,2.8807014821139,0.00396791253074937,0.0168056608092479,"LINC02660"
"101927911",8.3930454611618,2.24245988300356,0.808653126102635,2.77308008912458,0.00555284527203506,0.022336796615118,"LOC101927911"
"101927943",60.0320926869061,-1.11251416160444,0.329617610949606,-3.37516602465311,0.000737711715700497,0.00420871894567046,"SETBP1-DT"
"101927947",24.8617713153784,-1.97673563980437,0.445128745804797,-4.44081775988296,8.96176661817513e-06,9.50871154992355e-05,"LOC101927947"
"101927988",805.496281369514,1.54899728277133,0.468838081771372,3.30390670680777,0.000953475561967903,0.00521007193192124,"LINC01527"
"101928004",179.206624950269,1.76052069119941,0.499833544635734,3.52221396521602,0.000427958586023537,0.00267023326302167,"LOC101928004"
"101928079",51.9518571742729,-1.15398634765923,0.371311282859533,-3.1078677135049,0.0018844239679443,0.00914403181427758,"SLC44A3-AS1"
"101928120",532.14077866437,-1.27094731091133,0.25628793852643,-4.95906018136808,7.0835022965196e-07,1.01678390008061e-05,"LOC101928120"
"101928188",161.843914475697,-1.43635296076115,0.484573216625162,-2.96416085636082,0.00303509588662027,0.0135255279779588,"LOC101928188"
"101928216",27.6131318788188,1.71028723208503,0.502990313946955,3.40023890055544,0.000673270014718992,0.00390602874379248,"LOC101928216"
"101928228",44.1650424617384,-1.21431009119856,0.300950759880374,-4.03491285976897,5.46225656309876e-05,0.000464607806176962,"LOC101928228"
"101928231",6.00061196058431,-2.32478693689307,0.859811904391761,-2.70383199513578,0.00685449359773219,0.0263286672776297,"CT69"
"101928264",19.0073604080945,-1.63385278991054,0.582442976220486,-2.80517210545268,0.00502897195197221,0.0205430360506839,"LOC101928264"
"101928274",38.9071060638756,1.08033859560166,0.345151616026503,3.13004067035487,0.00174782102835987,0.0086090327943909,"LOC101928274"
"101928344",38.3984883433163,1.65966771460452,0.561621807505748,2.95513402867201,0.00312533245655162,0.0138616339766556,"LOC101928344"
"101928391",17.8203017273138,1.81188184929461,0.503849264680406,3.59607917745776,0.000323049509580783,0.00211234152007968,"LOC101928391"
"101928399",183.727386062546,1.19617156213392,0.293289496539315,4.07846709905473,4.53336161740952e-05,0.000393899179116748,"LINC01679"
"101928451",207.892474826996,1.66954334439422,0.502426464475509,3.32296059710367,0.000890674945941278,0.00492707688450827,"LOC101928451"
"101928463",4.74101629391112,-6.11879942491247,1.20269532009676,-5.08757232415286,3.62676094601092e-07,5.62571569801723e-06,"LOC101928463"
"101928465",186.176487202721,1.13274171349405,0.285815160907258,3.96319673840397,7.39527883926242e-05,0.000600964941284555,"SLCO4A1-AS2"
"101928470",10.679380906833,1.50258046590621,0.601011897675029,2.50008439386779,0.0124163724014905,0.0426461888056535,"TMEM246-AS1"
"101928483",40.3691774241851,-1.08815029909646,0.345974688496045,-3.14517314496809,0.00165988559524977,0.00826090065102062,"NALT1"
"101928512",17.3903166708316,1.17747672908505,0.461424805345219,2.5518279803014,0.0107159411723683,0.037722519420646,"LOC101928512"
"101928555",49.5842550153163,0.913304575531566,0.34351871232528,2.65867489240805,0.00784486223960749,0.0294400445469609,"LINC01537"
"101928578",55.8332302266331,1.12757369642735,0.359086803457108,3.14011455049764,0.00168881784512434,0.00836645644381211,"RAP2C-AS1"
"101928589",821.445989042604,1.17486156391369,0.233695164870065,5.02732508208682,4.97368806693746e-07,7.39728288799427e-06,"LOC101928589"
"101928669",18.2664675009842,1.63885571852234,0.469820831489989,3.48825681765722,0.000486180854183312,0.00296256563129345,"LOC101928669"
"101928762",227.527770122592,-1.45302857188095,0.318078515308175,-4.56814434786067,4.92061128128881e-06,5.57813828511169e-05,"LOC101928762"
"101928784",139.773754130974,1.21797378353973,0.277192871576877,4.393957812158,1.1130542524212e-05,0.000114212904944357,"RORA-AS1"
"101928880",10.5544114946986,-1.95131479339192,0.557611232054283,-3.49941801961759,0.000466274961658838,0.00286758404863625,"LINC02182"
"101928953",248.049310607636,0.680932141720353,0.235004884385895,2.8975233578644,0.00376121729263193,0.0160690943859559,"LOC101928953"
"101929107",20.156232598387,1.32819212249163,0.503346041623258,2.63872567311405,0.00832182913625726,0.0308420113325026,"LOC101929107"
"101929122",16.8219920952643,-4.68195456226128,0.640488048183894,-7.30997959374414,2.67182958121781e-13,1.41380308739813e-11,"FNDC1-AS1"
"101929145",118.992642404624,0.671500219377754,0.258008424428219,2.60262904541155,0.00925119918619482,0.0335731107278974,"PPP3CB-AS1"
"101929147",101.040556023738,-1.05472442484309,0.331983955657825,-3.17703433213558,0.00148789421140712,0.00754355035655273,"WARS2-AS1"
"101929176",9.99276559611139,-4.93191992472501,1.1632769338044,-4.2396782583796,2.23840382068765e-05,0.000210485629260094,"ADAMTS16-DT"
"101929200",25.5548789267678,-1.5029138103705,0.399692337431715,-3.76017668997035,0.000169793388595465,0.00122546532638466,"LOC101929200"
"101929204",71.2820062946083,2.04214763755214,0.313123095897597,6.52186844186032,6.94369077216182e-11,2.44741319955786e-09,"LOC101929204"
"101929215",347.088563351999,-5.01050493857308,0.394465608140031,-12.7020070575947,5.76324450718486e-37,2.8934298764852e-34,"THBS4-AS1"
"101929216",16.8265974731888,2.8406657399917,0.926237555924773,3.06688680654449,0.0021630074959532,0.0102070945201056,"LOC101929216"
"101929240",293.49858301066,-1.29318936398627,0.346789191890703,-3.7290359510219,0.000192213730413551,0.00136951451257616,"LOC101929240"
"101929243",82.7474563254101,0.817817742878916,0.248482477928855,3.29124914438866,0.000997435319253253,0.00540579478976013,"ILRUN-AS1"
"101929280",31.0638271272708,1.34825413768718,0.37397513829315,3.60519724343365,0.000311915934454345,0.00205061564829391,"LOC101929280"
"101929319",24.8958264598878,-1.72999920480216,0.515973292010787,-3.35288518144072,0.000799738757111731,0.00450145544883453,"LOC101929319"
"101929329",30.5088631140733,-6.11678215653368,0.776684478569637,-7.87550456499208,3.39370483461396e-15,2.36800068866759e-13,"LAMP5-AS1"
"101929388",7.43464340988505,3.0751813464328,0.914730808523246,3.36184297913549,0.000774241372332896,0.00438190387904876,"LOC101929388"
"101929444",153.826600748987,-2.79071263984176,0.375539556133709,-7.43120822896255,1.07610150973469e-13,6.05204193343687e-12,"LOC101929444"
"101929469",29.2054855113509,1.12300888239006,0.425113922106738,2.64166573709174,0.00824994319322863,0.0306362674886195,"TEX52"
"101929479",341.638718072722,1.01100071936244,0.319442534868118,3.16489073623158,0.00155141198789967,0.00781170850267289,"LOC101929479"
"101929484",82.7892504337843,-3.2494863745808,0.354143659447533,-9.17561641411293,4.48998173578951e-20,5.70504839811675e-18,"LINC01615"
"101929494",67.8231334566576,-1.61904334168932,0.329607966368405,-4.91202733819758,9.01394809117683e-07,1.25962734221849e-05,"LOC101929494"
"101929504",121.568696453541,-5.03079848270421,0.513741073248642,-9.79247863304358,1.21285576066552e-22,1.95042367012023e-20,"LINC02544"
"101929523",38.9487112963167,-1.50245994278014,0.401128351550301,-3.74558401811628,0.00017997460011139,0.0012891302010327,"THBS2-AS1"
"101929532",461.668216702445,-4.83660912888929,0.269664349091847,-17.9356638917143,6.21173218666616e-72,2.55724590660673e-68,"LOC101929532"
"101929578",66.4363635154904,4.72161297656521,0.69427923055551,6.80074063685777,1.04082658259638e-11,4.24245037151759e-10,"LOC101929578"
"101929580",14.0288157255805,1.5561063101525,0.628097937922254,2.47748992028233,0.0132310145972101,0.0449047328060961,"GTF2IP23"
"101929638",68.1117028430175,-0.97239052099768,0.332831865825951,-2.9215667754186,0.00348275608832744,0.0151051519852786,"LOC101929638"
"101929639",49.9950085312388,0.98155122633438,0.314180767920179,3.12416075889074,0.00178313006185437,0.00874319895026451,"B4GALT1-AS1"
"101929655",6.84511666579984,-2.12651264136904,0.715051356082223,-2.97392994682261,0.00294012189598521,0.01319944800588,"TMC3-AS1"
"101929690",8.18480315021399,-6.90920531321822,1.1843117919913,-5.83394116307927,5.41332168227852e-09,1.31563911186887e-07,"LINC01583"
"101929700",7.06996569553634,4.40329104684356,1.26111906557309,3.49157440169423,0.000480182708370682,0.00293122208454985,"LINC01794"
"101929723",8.34766185969032,-1.95182862099797,0.684423642505906,-2.85178433324084,0.00434745856828818,0.0181627942296821,"LINC01914"
"101929726",25.7224201448856,1.51214651279971,0.551649651156888,2.74113562770958,0.00612272283225202,0.0240963087479879,"MYMX"
"101929777",63.759417964472,-4.84294346342317,1.13097819366129,-4.28208385499035,1.85151177831608e-05,0.000179348322093451,"LOC101929777"
"101930026",6.27228730200202,2.27467063670652,0.794722326948665,2.86222062671891,0.0042068395361782,0.0176433547295623,"LOC101930026"
"101930071",62.4231019783128,1.89757542672224,0.610057765220782,3.11048483422795,0.00186780486852146,0.00907836963722448,"LOC101930071"
"101930100",11.792998983849,1.4642090151711,0.582509237932924,2.51362368151783,0.0119497868659252,0.0413263462446581,"LOC101930100"
"101930105",72.9339445833093,1.32110898038368,0.522786560189405,2.52705230200456,0.011502437159552,0.040068736925405,"FAM239A"
"101930114",26.1268342909894,1.47426246148332,0.604166911424706,2.44015756838919,0.0146808569295166,0.0487168723258375,"HSD11B1-AS1"
"10197",3455.29447809787,0.557693498440553,0.176374017170647,3.16199351461712,0.00156693054049728,0.00787666039855273,"PSME3"
"10198",190.50620174674,-1.22731663874886,0.326060588798317,-3.76407539246644,0.000167166448029039,0.00121032506726336,"MPHOSPH9"
"10203",380.202609388935,-0.793403639580842,0.300717649970816,-2.63836738434821,0.00833062766093236,0.0308690620652802,"CALCRL"
"10208",447.318595854446,-0.792920579048611,0.314336606688667,-2.52252064244606,0.0116517111352896,0.0404859591507092,"USPL1"
"102157401",707.221200589289,0.706031472617124,0.229498580092102,3.07640889252465,0.00209510318804689,0.00995742415672068,"PCBP2-OT1"
"10216",698.022081484757,2.65978589084975,0.685859407537585,3.87803369264712,0.000105304136122379,0.00081579990137111,"PRG4"
"10217",3071.55993051996,0.545760797602976,0.162229954088938,3.36411854806899,0.000767885517275512,0.00435191505715835,"CTDSPL"
"10219",23.5418315168578,-1.39898432295371,0.40120132036654,-3.48698833213108,0.00048849266877132,0.0029748914479257,"KLRG1"
"10220",406.481892473069,-2.03649274130467,0.240458966461238,-8.46919027921945,2.47104733412223e-17,2.26062392558098e-15,"GDF11"
"10225",90.9859840252816,-1.12755803709752,0.340847361769916,-3.30810258070491,0.000939303968585256,0.00514492626113861,"CD96"
"102288414",248.865309689103,-0.608786019424139,0.24497914111447,-2.48505246877192,0.0129532341399754,0.0441366282961849,"C11orf98"
"10234",898.578739064,-3.57723003310752,0.316784464290192,-11.2923152375003,1.4321376482915e-29,4.4665335382473e-27,"LRRC17"
"10244",746.502532226498,-0.618747370930135,0.171253442822865,-3.61305069685596,0.000302615507797569,0.00199969104735318,"RABEPK"
"102465256",65.0182131952904,1.43705505422301,0.451766207923233,3.18097066362963,0.00146782492591802,0.007471243391468,"MIR6513"
"102465428",114.670137470625,1.87993449215312,0.318143277736324,5.90908129673324,3.44020904172368e-09,8.82958390459355e-08,"MIR6717"
"102465523",19.8661159823043,1.56297577241915,0.433409034324334,3.60623717697939,0.000310669205880212,0.00204372481107008,"MIR6867"
"102465532",12.5121830226828,3.90166068281005,0.82338754128566,4.7385471447842,2.15255952652641e-06,2.74015369783672e-05,"MIR6883"
"102465537",27.7415862782138,1.59990902285711,0.631333639978353,2.53417356773824,0.011271288763095,0.0393768173624488,"MIR6891"
"102465801",98.3025457905294,-0.824891494931669,0.314777821279535,-2.62055151020037,0.00877876668775331,0.0321728567879699,"MIR7703"
"102465834",8.05992463678904,1.9714619420891,0.740094860502444,2.6637962878849,0.00772643365751145,0.0290591833375143,"MIR7844"
"10249",28.9986164156485,3.29318332554279,0.871635749937619,3.77816458971363,0.000157988454280424,0.00115402212310442,"GLYAT"
"10251",42.7013536387324,-1.49021869446746,0.340853051934758,-4.37202684854556,1.2309838293776e-05,0.000124391610917568,"SPRY3"
"10252",1221.53423475455,0.911232285146194,0.203679201023035,4.47386026933176,7.68199528022541e-06,8.28753620797483e-05,"SPRY1"
"10253",614.0847967633,1.19877127895249,0.202517156491728,5.91935665955026,3.23203385523881e-09,8.33686527271124e-08,"SPRY2"
"10256",786.590900234002,0.708168148986246,0.204501203783074,3.46290454963502,0.000534377926084147,0.00321814957007492,"CNKSR1"
"10257",392.602812454165,-1.01193313310568,0.212119865387737,-4.77057220103335,1.83703322524657e-06,2.38120226123901e-05,"ABCC4"
"10260",378.125126797308,-0.869535028913856,0.203635134690581,-4.27006385825853,1.95417007936735e-05,0.00018724676050472,"DENND4A"
"102606463",18.56352480428,2.83864555071977,0.698970830458085,4.06117884613211,4.88255492404959e-05,0.000421394174241663,"LINC01152"
"102606465",84.9041089214988,-1.30269286483195,0.30681169918431,-4.2459034916051,2.17714332041666e-05,0.000205287760455595,"DPH5-DT"
"10261",107.79736117167,-1.29637031656747,0.269643389632896,-4.80772148107323,1.52660247938906e-06,2.0143323997272e-05,"IGSF6"
"10262",2701.49101983734,0.574607611239592,0.22306690025456,2.57594295964063,0.00999671360533115,0.0356933829752188,"SF3B4"
"102723344",41.628193968408,3.69896775638579,0.662041260916123,5.58721634852066,2.30738200737549e-08,4.79264896466367e-07,"LINC02568"
"102723360",63.8296956776536,-1.58296997162633,0.364719929603982,-4.34023436379014,1.42330832336846e-05,0.000141464889078785,"LOC102723360"
"102723409",52.7676135209089,-1.55741833676142,0.285513280657535,-5.4548017282233,4.90275193677503e-08,9.31839758694157e-07,"LOC102723409"
"102723458",36.0039617497798,-1.05761084757995,0.400187217166086,-2.64279017972986,0.00822259727079356,0.0305622864250659,"LOC102723458"
"102723475",7.20500651322454,2.48298251194592,0.899299265626146,2.76101916998356,0.00576212941154092,0.0229815291236501,"LOC102723475"
"102723505",7.31281985027436,3.12125206221252,1.20108107772604,2.5987022192722,0.00935769101583289,0.0338640492035697,"ROCR"
"102723517",35.2999433372653,3.1186909645828,0.655451522683645,4.75808028000882,1.95442773490405e-06,2.51909458329775e-05,"LOC102723517"
"102723539",117.005295220331,0.739624607739448,0.283434517753234,2.60950788069993,0.00906725575410477,0.0329928217151304,"LOC102723539"
"102723603",6.85721112074038,-1.65080700356245,0.625909560311042,-2.63745292968858,0.00835312173149463,0.0309409302570803,"CDC27P11"
"102723629",17.1298935927915,1.86726690950967,0.55976096130668,3.33582911025236,0.000850454239427694,0.00473896861515421,"LINC02677"
"102723630",137.810058744261,5.46888771229806,1.11886918850806,4.88787051110994,1.01932535982019e-06,1.39878621376925e-05,"LOC102723630"
"102723663",40.9344947848957,-1.21044872543342,0.331213123108841,-3.65459168426624,0.000257591601423627,0.00174934527340942,"LOC102723663"
"102723675",129.982688335912,-3.09715155007295,0.342298254687703,-9.04810792242761,1.45466961426049e-19,1.72085743332976e-17,"LOC102723675"
"102723750",53.9014667966173,1.13701022832994,0.299282563789795,3.79911951412088,0.000145211059101906,0.00107402962290824,"LOC102723750"
"102723775",143.610294373462,0.71735312485223,0.289586193890126,2.47716617707406,0.0132430227062378,0.044923266213777,"LINC01315"
"102723817",6.1567878789558,-2.90209337362053,0.816533846135131,-3.55416176237752,0.000379185908463354,0.00241870552829553,"CNIH3-AS2"
"102723834",64.7736035150983,-5.52519262311429,0.425138460465898,-12.9962192012912,1.28542770415193e-38,7.78213054772453e-36,"LOC102723834"
"102723886",13.0325267452595,-1.65809520580434,0.677031231063726,-2.44906753149216,0.0143226591727695,0.0477360130201244,"LYPLAL1-AS1"
"102723906",18.9041337375775,-1.3742680398939,0.436764241396035,-3.14647562607532,0.00165251034368272,0.00824343402250501,"LOC102723906"
"102723920",37.0468345081041,-1.47382052296555,0.419492210587462,-3.51334419512008,0.00044250384738659,0.00274932061412785,"LINC02515"
"102723971",427.4199497163,3.03892298204052,0.412663413979577,7.36416866407963,1.78254205501003e-13,9.73258505578949e-12,"LOC102723971"
"102723989",10.6153039319768,-2.42219948853951,0.597943303762773,-4.05088488038406,5.10243075199766e-05,0.000437983463716096,"FRMD3-AS1"
"102724009",269.385456896793,1.00560823428317,0.265370051594192,3.78945637701788,0.000150977320242203,0.00111108943863622,"KIF1C-AS1"
"102724030",56.3428308437197,0.918812102104884,0.304309776174863,3.01933153004232,0.00253333143735318,0.0116544488263098,"LOC102724030"
"102724122",5.99197203474868,2.21385210750435,0.86562230124956,2.55752665372481,0.0105419478846478,0.0371949700475816,"LOC102724122"
"102724153",23.7273683054164,1.4241483135602,0.540816224952795,2.63333133854205,0.00845518180273141,0.0312126008298822,"FLVCR2-AS1"
"102724197",19.1055058427447,1.79925275126932,0.603838236918337,2.97969330404071,0.00288537113678864,0.0129876403847928,"LOC102724197"
"102724219",64.1597460573428,-1.53841789623176,0.349941585848539,-4.39621342088109,1.10155629864211e-05,0.000113372174256246,"LOC102724219"
"102724224",9.59455998619383,-1.80824776790561,0.598343255057114,-3.02209100315338,0.00251035066260735,0.011572913334627,"LINC01117"
"102724250",760.499398706204,-0.991891666789726,0.267697235932341,-3.70527421897034,0.000211162156315822,0.00147993252489101,"LOC102724250"
"102724344",7.75438336768087,4.54445289092527,1.22143507173507,3.72058490548318,0.000198761903157925,0.00140934034261203,"LINC02188"
"102724362",270.052439273686,1.0237322347873,0.281902142459836,3.63151633348498,0.000281760820808494,0.00188059816326914,"SPINT1-AS1"
"102724364",309.626138426986,-0.695218327068545,0.196793051309338,-3.5327381858404,0.00041127955454973,0.00258386038618111,"SEC22B4P"
"102724397",10.6936532581166,-2.05417093979066,0.707889582317109,-2.90182394416205,0.0037099697660152,0.0158963400632092,"TWSG1-DT"
"102724428",2664.9945631889,2.00076639317133,0.37476367279105,5.33874155483276,9.35939483436166e-08,1.65794994208692e-06,"LOC102724428"
"102724566",14.2521659046058,-2.14608479243989,0.589689298071685,-3.63934838135558,0.000273328812693181,0.0018344311315541,"CARMAL"
"102724682",173.053750420574,-0.854453520945965,0.250862652769925,-3.4060610916429,0.000659074293593007,0.00383881869250664,"LOC102724682"
"102724701",87.4404662172935,-1.213957158391,0.293257192631494,-4.13956482191541,3.4796527089476e-05,0.00031222829712719,"LOC102724701"
"102724720",55.3401192745805,1.54741196985867,0.454207151002668,3.40684193642205,0.000657191739637674,0.00383110585349813,"LOC102724720"
"102724770",872.898841530878,1.36587585786443,0.465154910679187,2.93638920391075,0.00332057415587704,0.0145365160409556,"LOC102724770"
"102724788",1346.19510349438,0.941633872552043,0.31291988314527,3.00918517253472,0.00261949407800536,0.0119981455499916,"LOC102724788"
"102724823",10.3751297622055,2.55142140006633,0.789531898252829,3.23156215184265,0.00123115546413381,0.00644017892597977,"LOC102724823"
"102724843",86.6808505672746,-1.5316586884561,0.317144528947371,-4.82952896441191,1.36856407032362e-06,1.82569817391713e-05,"LOC102724843"
"102724852",3337.38612354165,-1.81147598934318,0.425996675060703,-4.25232424427972,2.11563241845278e-05,0.000200037564085586,"LOC102724852"
"102724880",10.2374710466129,2.29532354827419,0.753503393692523,3.0462020045139,0.00231752077201984,0.0107951680405649,"PPP1R3B-DT"
"102724951",63.1629870351169,-1.55138782057064,0.352626166482645,-4.399525525985,1.08487816475442e-05,0.000111911861345557,"LOC102724951"
"102725238",79.8862445181834,0.956548665348033,0.332544839104676,2.87645018916362,0.0040217566479144,0.0170197037090193,"LOC102725238"
"10278",3332.31956304367,0.446727211006808,0.162443066008622,2.7500540465242,0.0059585435922614,0.0235912024049065,"EFS"
"10279",197.7322393954,1.19464392910003,0.218200801317329,5.47497498582812,4.37573417216973e-08,8.37082827137004e-07,"PRSS16"
"102800317",1466.88674458011,0.530701070644343,0.174820779622673,3.03568644293766,0.00239988796823058,0.0111284735161203,"TPTEP2-CSNK1E"
"10288",140.441832583639,-0.909913518102078,0.285098005377835,-3.19158149456776,0.00141496188149771,0.00724516800217632,"LILRB2"
"1029",151.796755745611,-3.83856701534758,0.318291103383492,-12.0599255666995,1.71938233526818e-33,7.22280938554289e-31,"CDKN2A"
"10291",4050.27668478236,0.80351076954634,0.196655018235728,4.08588998518808,4.39081812012256e-05,0.000383456089030983,"SF3A1"
"10298",1372.87447294303,1.00693309073623,0.288267917468272,3.49304598159821,0.000477544272449459,0.00291684608430257,"PAK4"
"10300",1480.30084992886,1.12864499205826,0.27900040300387,4.04531670888878,5.22524348399505e-05,0.000446941444502647,"KATNB1"
"103021294",423.97234220439,1.35644365937448,0.302722344668676,4.48081776341647,7.43575823972005e-06,8.05142806977368e-05,"ABALON"
"10307",551.311269257034,-0.896862519761212,0.286439491578405,-3.13107146929746,0.00174169768751801,0.00858914834687845,"APBB3"
"10308",178.683436723116,-0.780785574373043,0.292489444949422,-2.66944871979246,0.0075975873665354,0.0286426260719349,"ZNF267"
"103091864",46.2291431527676,0.765828132392882,0.290950075442359,2.63216337451888,0.00848430534977332,0.0313032696396727,"SNHG22"
"103091866",152.280345563986,-0.860055916833455,0.280881291679466,-3.06199074951181,0.00219870247332144,0.0103305390803124,"LINC01145"
"1031",542.100848975578,0.700389817615861,0.208080447914812,3.36595689135868,0.000762786281235386,0.00432897513453245,"CDKN2C"
"10312",1542.18724267951,-0.776224607778372,0.264433833259838,-2.93542092632163,0.00333095496143134,0.014563376577337,"TCIRG1"
"10313",5464.40529949029,0.916423340778712,0.157328959918037,5.82488653872838,5.71514138665991e-09,1.38237920450068e-07,"RTN3"
"10314",2548.62495146432,0.582872928217246,0.196697444784539,2.96329689923385,0.00304362843101579,0.013557681805676,"LANCL1"
"10316",56.167954185213,1.68214484094667,0.441803970103101,3.80744618604065,0.000140409280204951,0.00104328362914758,"NMUR1"
"10317",108.622093623412,2.82264569268048,0.866685922320858,3.25682651579461,0.00112665268707782,0.00598632393154617,"B3GALT5"
"10319",1118.84583165094,2.10504868423403,0.331881191902241,6.34277788436438,2.25658667370767e-10,7.30339309616332e-09,"LAMC3"
"10321",202.405099178898,3.86938976042557,0.848140131285799,4.56220572249009,5.06190127866212e-06,5.7281020296856e-05,"CRISP3"
"10330",1419.21655217506,-0.727146820097211,0.195238140077617,-3.72440968659163,0.00019577278042871,0.0013905406874895,"CNPY2"
"10333",82.4300536357973,-1.15969905756822,0.354791610249278,-3.26867666558805,0.00108051699420815,0.00577247905756048,"TLR6"
"103344718",1331.33242813614,-1.9411750425485,0.417363056170384,-4.6510466459591,3.30254611513143e-06,3.95460204967222e-05,"HOTS"
"10342",2428.90941756237,-0.471641263437812,0.150536008163211,-3.13307938208682,0.00172982651552491,0.00853878872795316,"TFG"
"10346",979.103722203517,-1.57567135905504,0.253553235040888,-6.21436109383872,5.15338980019303e-10,1.55767071434909e-08,"TRIM22"
"10351",706.022556699056,1.1839014178029,0.348294231484,3.3991416187359,0.000675977048727596,0.00391511299127992,"ABCA8"
"10365",681.403098983639,0.881057442757015,0.291809712188359,3.01928759036062,0.00253369891652431,0.0116544488263098,"KLF2"
"103695431",25.5604818672378,-7.09089215231791,0.934994591035546,-7.58388574683031,3.35356500635359e-14,2.02258992374329e-12,"LINC01048"
"10370",2311.64314964049,1.32978182993546,0.26071985767784,5.10042404049873,3.38893368484952e-07,5.29652333563215e-06,"CITED2"
"10371",256.388378754754,-2.38432380318995,0.337188942490682,-7.07118028716449,1.53621395382967e-12,7.15416923656785e-11,"SEMA3A"
"103752584",16.8341595893287,-1.94487748595889,0.522894960677176,-3.71944201458773,0.000199663376758514,0.00141524481652798,"CCND2-AS1"
"103752589",13.7786391714776,-3.9838673314088,0.68775759442435,-5.79254575115711,6.93274317003667e-09,1.64027109669005e-07,"TMEM92-AS1"
"10379",1451.10368422655,-1.11818482554827,0.232780827479148,-4.80359502823931,1.55841873718258e-06,2.0497438521512e-05,"IRF9"
"10380",459.383056516968,0.476994866339952,0.178900675604107,2.66625525437089,0.00767014317803622,0.0288685732632469,"BPNT1"
"10382",156.849430566778,2.33101023666338,0.395056245770557,5.90045154739103,3.6250806878779e-09,9.25789837211894e-08,"TUBB4A"
"10383",12446.758369722,1.4212362758137,0.289102129966487,4.91603529859311,8.83144805434662e-07,1.2408636638271e-05,"TUBB4B"
"10384",629.471452515855,-1.33001371998382,0.21075923261261,-6.31058342496662,2.77985515655368e-10,8.81672396648704e-09,"BTN3A3"
"1039",803.306445686423,-0.823446625795476,0.199411025236862,-4.12939367227754,3.63721161695429e-05,0.000324245837693318,"CDR2"
"10391",487.293460717222,0.654823947239946,0.264071278373302,2.47972422928274,0.0131484029656263,0.0446538073988537,"CORO2B"
"10395",712.208773453712,-0.629985450983116,0.211720833522186,-2.97554775551693,0.0029246580970186,0.0131443585740242,"DLC1"
"1040",982.968229956605,1.10750761365177,0.228921210265162,4.83794233120177,1.31190190351851e-06,1.75579901053479e-05,"CDS1"
"10400",760.025702859859,0.998867283996664,0.313107898935842,3.19016954663715,0.00142189348836212,0.00726981012529703,"PEMT"
"10406",59.8983628224861,2.49296819929478,0.603506350597413,4.13080690340207,3.61492135464814e-05,0.000322538106476277,"WFDC2"
"10409",2178.54392330138,-2.27962068552146,0.260680450141858,-8.74488548827089,2.23241937009681e-18,2.35651899046526e-16,"BASP1"
"1041",45610.8907302815,1.5121461272953,0.314353445026349,4.81033738048759,1.50675749174182e-06,1.99069937163116e-05,"CDSN"
"10410",12101.7611309155,-0.87093477777822,0.295039191497195,-2.95192910934512,0.00315795422424628,0.0139818674437629,"IFITM3"
"10417",5147.75852684797,-2.29306516852714,0.344213416477005,-6.66175418726111,2.70578319540123e-11,1.03140446840998e-09,"SPON2"
"10418",3973.76198054315,-3.01030655920861,0.323949936275403,-9.29250548346897,1.50698367750537e-20,2.04077315906385e-18,"SPON1"
"10420",677.610638239297,0.576633594384276,0.183533980233979,3.14183560803918,0.00167892272471334,0.00833750189758728,"TESK2"
"10424",3744.26309716371,0.625953851890923,0.156974424479534,3.98761679787227,6.6740349609202e-05,0.000551277430319348,"PGRMC2"
"10428",771.762363202133,-0.775939988387739,0.249784559688214,-3.10643696054024,0.00189356677719586,0.0091754186774481,"CFDP1"
"10434",1479.08617532368,1.17028040171126,0.379183955015101,3.08631308427768,0.00202655315059282,0.00968749476916018,"LYPLA1"
"104355296",79.1626356694857,1.72196492515555,0.62847484014249,2.73991067767349,0.0061455883686107,0.0241736653887794,"SCEL-AS1"
"10440",932.911158572218,-0.441467802204424,0.148164546562921,-2.97957785749337,0.00288645865930003,0.0129896950247118,"TIMM17A"
"104413891",146.820328047395,1.85584580255652,0.324485251967385,5.71935331823049,1.0693023815081e-08,2.39244785010465e-07,"SAPCD1-AS1"
"10444",2601.05646890873,0.788232846017373,0.274356820688354,2.87302077651913,0.00406567377768226,0.0171737798152702,"ZER1"
"10446",67.747154354156,-1.91085091998765,0.377520506692052,-5.06158178460582,4.15792307397259e-07,6.35859498920147e-06,"LRRN2"
"10458",3704.43915179368,1.0163863248574,0.296832223183479,3.42411047546259,0.000616815403383133,0.0036275795037824,"BAIAP2"
"10468",944.664233056304,-1.46614689839144,0.332987838807307,-4.4030043368637,1.06762030959104e-05,0.000110542738695282,"FST"
"1047",13.5866305807119,1.58181453320072,0.633009742857142,2.4988786524218,0.0124586964305455,0.0427772822896326,"CLGN"
"10475",763.81617146293,-0.90320987174315,0.275558557779436,-3.27774204881019,0.00104640972418716,0.00562550809701145,"TRIM38"
"1048",282.244114639062,2.6582562465408,0.795623394455897,3.34109864675197,0.0008344756839858,0.00466381957077483,"CEACAM5"
"10481",6.19664125519956,4.95158782096902,1.5969213234824,3.10070868749571,0.00193058120170297,0.00931748732845343,"HOXB13"
"10484",1559.46291141096,-1.36804183555191,0.320818437148697,-4.26422448694192,2.0059769100096e-05,0.00019151683077754,"SEC23A"
"10486",152.120243941697,0.884110971662311,0.279335736109154,3.16504785236942,0.00155057447733176,0.00781167789510976,"CAP2"
"10493",14398.0842064956,0.754617816525868,0.217425681772526,3.47069311395955,0.000519116915436285,0.00313633771275036,"VAT1"
"105",8.64005880643619,3.34118315645757,1.00741785423493,3.31658124025901,0.000911260894337542,0.00501802949412626,"ADARB2"
"1050",6079.87177945944,1.76225262761756,0.291738860896338,6.04051384242476,1.53624203559657e-09,4.18834517360527e-08,"CEBPA"
"10500",757.203038955679,-0.486600359656378,0.198437134013078,-2.45216381538906,0.0141999999472842,0.04745783388779,"SEMA6C"
"10501",612.322453129768,-1.86435767311211,0.308293301922998,-6.04735056351552,1.47247134535411e-09,4.03049869318736e-08,"SEMA6B"
"1051",1537.91270252692,0.725109766991736,0.202288164101634,3.58453877028329,0.000337674404193752,0.00219195519896695,"CEBPB"
"10524",1976.22192707612,0.526094820399219,0.175839997102798,2.99189506976423,0.00277251541155624,0.0125759050752476,"KAT5"
"10528",1826.3911544105,-0.541719164236334,0.222100145986946,-2.43907612860449,0.0147248658464594,0.0488550352326757,"NOP56"
"10529",2096.46006324822,0.703346550235044,0.196860707394254,3.57281328277688,0.000353166584539528,0.00227387581362579,"NEBL"
"10536",2934.90759596044,-2.19782646346018,0.319538152592217,-6.87813472547976,6.06413078961321e-12,2.56312254976177e-10,"P3H3"
"105369209",28.5785015562997,-1.53213826410951,0.594197766427801,-2.57849886128052,0.00992306268011707,0.0354919760569122,"LOC105369209"
"105369301",40.1910905512582,-3.15704056784803,0.534889082816478,-5.90223406921023,3.58611877383389e-09,9.18117771649215e-08,"CLDN14-AS1"
"105369312",33.8652934027994,1.84267925805631,0.567450917133705,3.24729276562633,0.00116508476180651,0.00615898928468686,"LOC105369312"
"105369333",28.9689692240019,3.07970320165425,0.5513967356175,5.58527644927993,2.33328751891926e-08,4.84157160175746e-07,"LOC105369333"
"105369347",94.2252376378362,0.920961946862594,0.318737722192349,2.8894036781339,0.0038597323422137,0.0164218128425231,"RELA-DT"
"105369370",160.701263374591,1.12184341522773,0.331860923571282,3.38046252374381,0.000723639427161678,0.00414221189340823,"LOC105369370"
"105369388",131.107430873725,-0.816783994004918,0.322158264091795,-2.53535012149242,0.0112334987428595,0.0392581219224141,"LOC105369388"
"105369438",22.2880466607994,-1.40761881063096,0.397914122553798,-3.53749397381756,0.000403943403610339,0.0025500802037924,"PIWIL4-AS1"
"105369517",8.29638940055304,-4.14605877093305,0.903723693752339,-4.58775043699281,4.48047788432519e-06,5.14367857060511e-05,"LOC105369517"
"105369529",118.9212671615,1.61047802176484,0.280233523800187,5.74691421613478,9.0886809469693e-09,2.06719788522007e-07,"LOC105369529"
"105369592",20.2932944377093,-1.4279849453183,0.573283032510086,-2.49088995197704,0.0127423580584947,0.0435117283138777,"IQSEC3-AS1"
"105369748",127.664501598276,0.825488375563397,0.204221126334457,4.0421301673338,5.29678136846184e-05,0.000452214631640061,"RPAP3-DT"
"105369764",37.3052188845177,3.3808206686989,0.575582940822616,5.87373326920891,4.26088750905821e-09,1.06053335533802e-07,"LOC105369764"
"105369775",41.2168519816653,1.72821663480591,0.391750875677676,4.41151951943013,1.02647698566638e-05,0.000106766054941671,"LOC105369775"
"105369812",20.3473777508551,-4.2574628833206,0.595819210474416,-7.14556162083231,8.96286724017064e-13,4.31055278672132e-11,"LOC105369812"
"105369816",18.7087273419115,-1.38732673063831,0.467522619005468,-2.96740023742483,0.00300329727940057,0.0134186827000611,"LOC105369816"
"105369957",32.8155632724062,-1.80613828930903,0.499043444951394,-3.61920050765309,0.000295514603884365,0.00195852157786023,"LOC105369957"
"105369975",61.8925603362549,0.970148109599013,0.351837878278065,2.75737255564134,0.00582679219671364,0.0231676049019034,"LOC105369975"
"105370004",7.62880438727121,3.17451407955685,1.00925386642755,3.14540690420503,0.00165855971618851,0.00825655335605623,"LINC02463"
"105370062",12.9555830836937,-2.63683969484192,0.739237679143754,-3.56697144806813,0.000361130810715085,0.00231934995561913,"LOC105370062"
"105370064",186.737619083229,-9.55261974594491,1.05907095388671,-9.0198109115235,1.88414230961071e-19,2.20359007392198e-17,"LOC105370064"
"105370158",9.10598531111917,4.12142393506362,1.19175130843831,3.4582919321183,0.00054361198820027,0.00326516170560676,"LINC02343"
"105370345",38.7192776903598,1.23343794416756,0.4784810906088,2.57781962208409,0.00994258834135185,0.0355371138076726,"LOC105370345"
"105370384",59.5058000271112,-0.85114502881119,0.305891490192105,-2.78250639884312,0.00539408016050659,0.0217880192354528,"LOC105370384"
"105370398",9.35208470917825,3.15126928296387,0.862352685115785,3.65426969423857,0.000257915054069796,0.00175038690173843,"LOC105370398"
"105370469",22.1122868310108,-1.36749211806601,0.514734789494813,-2.65669262302659,0.00789113557018355,0.029581339387481,"LRFN5-DT"
"105370670",5.94199936518353,-2.40869360209859,0.73360521146745,-3.2833649004216,0.00102575797182837,0.00553465813808073,"LOC105370670"
"105370765",10.1360287752212,-1.93236898892485,0.665954018699886,-2.90165527148156,0.00371196771733489,0.0159006490582344,"LOC105370765"
"105370924",6.76522677721008,-6.13141725790689,1.1091207759839,-5.52817816659122,3.23573353522127e-08,6.37362096545402e-07,"LOC105370924"
"105370960",8.36709064578406,-5.93669379355674,1.11844527171949,-5.30798774304774,1.10842093759081e-07,1.92213450542285e-06,"LOC105370960"
"105370964",7.65390032301732,3.9549725017814,1.16160943963366,3.40473516040701,0.000662282498418587,0.00385314385173776,"LOC105370964"
"105370974",8.39604926314149,1.90847460904904,0.677769044966569,2.81581849041686,0.00486531458899079,0.0199815713287683,"LOC105370974"
"105371030",10.0869410286832,-2.57225268051651,0.648632755340265,-3.9656533829642,7.31951650944081e-05,0.000595513548736481,"LOC105371030"
"105371058",42.4084517785728,-1.02087547587837,0.417360101851238,-2.44603034969127,0.014443884131484,0.0480699936883535,"LOC105371058"
"105371064",203.083561823666,1.35681793489358,0.443892956888926,3.05663316760643,0.002238380273045,0.0104858487802363,"LOC105371064"
"105371159",40.1371526413898,-2.89315099965936,0.435357946975858,-6.6454535164826,3.02284852174315e-11,1.14589896816871e-09,"LOC105371159"
"105371175",11.7159287984195,-1.79710849836782,0.545157496811584,-3.29649414871558,0.000978996538961413,0.00531986926029085,"LOC105371175"
"105371204",11.3021084877676,6.56250515455774,1.48496774263242,4.41929138671007,9.90250573951573e-06,0.000103258955492498,"LOC105371204"
"105371206",7.46645579411857,-1.64960351527787,0.609713940574114,-2.70553681899512,0.00681940881074639,0.02622281168698,"LOC105371206"
"105371216",7.68708642009368,-1.79512119646128,0.629398665070141,-2.85212107378911,0.00434285558646037,0.0181509318561828,"LOC105371216"
"105371267",137.950123745094,2.63296288027999,0.323083131102746,8.14949041534041,3.65460996888592e-16,2.90449774515629e-14,"CHD9NB"
"105371314",13.5806575321425,-3.09008425482066,0.551443086180262,-5.6036322374174,2.09905835860679e-08,4.399899923988e-07,"LOC105371314"
"105371374",306.248840168793,0.979224601146941,0.242935941983122,4.03079343942846,5.55888809461843e-05,0.000471463339677073,"ATP2C2-AS1"
"105371401",296.522789445937,-3.63613804637895,0.394869645104033,-9.20845167883435,3.30862786516411e-20,4.25654974853363e-18,"LOC105371401"
"105371450",983.441923205681,-1.57591779277055,0.244579154709984,-6.44338555605539,1.16837379640899e-10,3.96861488866049e-09,"THBS3-AS1"
"105371453",25.9780626877353,1.10679074377691,0.423673916662142,2.61236460459168,0.00899183010819581,0.0327877599863211,"BCAN-AS1"
"105371502",10.6056514575132,1.42508370507253,0.584546114808671,2.43793204500038,0.0147715505739268,0.0489389340115419,"LOC105371502"
"105371569",7.47862673738869,-3.58823025440297,0.80876845084831,-4.4366595292377,9.13656303429439e-06,9.64446223066235e-05,"LOC105371569"
"105371622",277.502013264102,0.460047226038047,0.181230802869232,2.53846045349143,0.0111341385686774,0.0389692615408211,"LOC105371622"
"105371730",20.3437486782441,1.96061128954448,0.540206254549084,3.62937539696023,0.000284107828101125,0.00189258107884581,"LOC105371730"
"105371743",234.788776304094,0.745758006268362,0.28712137705142,2.59736148498203,0.00939430012326052,0.0339786107427859,"SNHG30"
"105371822",28.7506428885913,-4.2253206664351,0.574966777476539,-7.3488083693801,1.99981649422321e-13,1.07478388295276e-11,"LOC105371822"
"105371824",56.5944152254771,1.50835435368611,0.521505623779999,2.89230697600765,0.00382424090231032,0.0162876421959768,"LOC105371824"
"105371825",103.707525072865,1.08560052773191,0.412086507894477,2.63439959070414,0.00842862291661676,0.0311424832374151,"LOC105371825"
"105371874",34.3772099203114,1.653830505482,0.405270173819495,4.08080982100253,4.4879064646468e-05,0.000390279115624376,"LOC105371874"
"105371910",8.09313063275001,-1.67966916569425,0.623468710109674,-2.69407131177246,0.00705850609914617,0.0269209356206827,"LOC105371910"
"105372157",93.3830348921553,3.84552239332975,0.865545491360958,4.44288882757989,8.87590331950877e-06,9.44242635201952e-05,"LOC105372157"
"105372235",33.5354355353459,1.11096500959883,0.44142767226193,2.51675433917885,0.0118441379671846,0.0410230078944184,"LOC105372235"
"105372295",40.9675848297447,0.99073318223979,0.355966092185462,2.78322346984557,0.0053821721058473,0.0217484551681902,"LOC105372295"
"105372412",9.98010346139005,-3.32399846424359,0.650875800620253,-5.10696274323916,3.27378265292403e-07,5.13624558900826e-06,"LOC105372412"
"105372420",34.7345314597112,1.29694751812639,0.434187652759456,2.98706678986311,0.00281668178850666,0.0127425446010156,"LOC105372420"
"105372424",473.583313474877,0.714500801933213,0.284506647280395,2.5113676912759,0.0120264358824189,0.0415286287877387,"LOC105372424"
"105372432",45.775530189724,1.23185374000922,0.315301041329114,3.90691300864878,9.3482790341528e-05,0.000734166255776426,"LOC105372432"
"105372480",120.276752282024,-0.687712457663037,0.281091185071274,-2.44658137354489,0.0144218238091407,0.0480199050961126,"LOC105372480"
"105372481",399.356428367485,-0.626179402447614,0.21215064735236,-2.95157903245799,0.00316153627490843,0.0139890504477031,"ERVK3-1"
"105372483",17.4376297455648,1.32707559570686,0.476049103824355,2.78768636480093,0.00530859104731291,0.0214933198500962,"ZNF497-AS1"
"105372576",510.217780689762,1.40627488255337,0.336409763894911,4.18024395686882,2.91196525135524e-05,0.000265926764569193,"WAKMAR1"
"105372578",304.576955721208,1.26234610285829,0.268552154825157,4.70056218197226,2.59446236003737e-06,3.21184101389753e-05,"LINC02967"
"105372639",15.2627069370444,-4.15565414045761,0.775964967346143,-5.35546618125075,8.53361076796023e-08,1.52744212215386e-06,"LOC105372639"
"105372693",17.8510477160395,3.34613814262305,0.741079927083133,4.51521896672245,6.32513763011703e-06,6.97731152081077e-05,"LOC105372693"
"105372709",14.7382289633727,1.71769948129624,0.634627498212745,2.70662630619327,0.00679707207530142,0.026151575999627,"LOC105372709"
"105372777",15.2357525650376,1.86299579922574,0.601559468478209,3.09694368860762,0.00195527012519503,0.00941677123467819,"LOC105372777"
"105372816",7.91747938883742,3.24531222237994,1.24027850329539,2.61659958933193,0.0088810452956126,0.0324644710291049,"LOC105372816"
"105372864",7.90038963944476,2.68667613707774,0.805391093132844,3.33586522123928,0.000850343782799811,0.00473896861515421,"LOC105372864"
"105372883",70.7892580334046,0.993004258406858,0.383138825554133,2.59176098107698,0.0095486086468034,0.0344097619723041,"LINC02767"
"105372934",8.65482718855182,2.40030781469625,0.773656960015359,3.10254794922106,0.00191862463928897,0.00926847443678107,"LOC105372934"
"105372978",19.9652258642971,-3.94757607184645,0.617890102542861,-6.38879965158954,1.67192936804692e-10,5.54186700674362e-09,"LINC01638"
"105373077",59.5859455723643,0.822294759473516,0.321600640710686,2.55688159593332,0.0105615160139616,0.0372448596250447,"LOC105373077"
"105373095",949.865300759467,0.522936365873818,0.171919590245232,3.04174972222703,0.0023520737266206,0.0109462097193666,"SELENOO-AS1"
"105373254",14.3507163875663,-4.77545561087602,0.957553431716819,-4.98714270420816,6.12788033395225e-07,8.94583608468604e-06,"LOC105373254"
"105373265",12.2723668927407,-1.68920044663328,0.512279821908774,-3.29741749409385,0.000975783383354692,0.00530661166789246,"LOC105373265"
"105373311",15.9216506654461,-2.07619377646256,0.453437138686524,-4.57879075030486,4.67671755334062e-06,5.34215061697909e-05,"LOC105373311"
"105373331",9.89356132775419,-1.9450080055724,0.588067051198456,-3.30745958578798,0.000941462952692289,0.00515263850524277,"LOC105373331"
"105373372",40.577265334068,1.37805062744487,0.501432428517937,2.7482279746404,0.00599183315237219,0.023695656793166,"LOC105373372"
"105373378",31.1546851655562,-1.26013918200116,0.359098635392262,-3.50917285058643,0.000449502672868425,0.00278105290601853,"LOC105373378"
"105373381",6.98783843167149,-2.72852441530229,0.812291688081114,-3.35904510084045,0.000782123016941017,0.00441558425143003,"ECMXP"
"105373438",10.3022349098,2.09619836145737,0.753554584700832,2.78174720719081,0.00540671361339765,0.0218261998466714,"LOC105373438"
"105373537",10.5734217815017,1.80228188321256,0.604126685125954,2.98328467784337,0.00285172612965297,0.0128671483237125,"LINC01886"
"105373581",158.652044258135,0.745485508536405,0.24561209511931,3.03521497251296,0.00240364295438531,0.0111412142131476,"LOC105373581"
"105373754",44.2742068005956,-3.66450183461076,0.535867539525274,-6.83844712418511,8.00562011127833e-12,3.31564757284815e-10,"LOC105373754"
"105373791",3378.25058145288,-5.26978512498367,0.738002782045945,-7.14060333265193,9.29221460677802e-13,4.45853019734076e-11,"LOC105373791"
"105373869",474.989395875608,-9.90773354624869,0.627842506459095,-15.7806033269813,4.23124188484391e-56,8.7095882957627e-53,"LINC01614"
"105373939",21.0097388457721,4.97688966577626,0.934929994194199,5.32327521491677,1.01915371750447e-07,1.78235005277078e-06,"LOC105373939"
"105373953",12.8471043236543,-3.52821680422216,0.599712503546295,-5.88318032950566,4.02457013518732e-09,1.00975217577844e-07,"LOC105373953"
"105373954",8.13357275238723,-3.52175528175177,0.935045589578595,-3.76639954351204,0.000165618678118381,0.00120165487148,"LOC105373954"
"105373975",58.5865503852831,1.02366622130937,0.324402861360933,3.15554004984694,0.00160201270520806,0.00802722237682638,"LOC105373975"
"105373985",57.4372344849787,-1.74226797299278,0.542399850702068,-3.21214685206427,0.00131747012259647,0.00682921304546105,"LOC105373985"
"105373989",16.8029045440733,2.37972242850031,0.694202387469521,3.42799516604197,0.000608056286840945,0.00358939793757786,"LOC105373989"
"105373991",26.711539928111,-1.62590381558387,0.575388632380067,-2.82574893573827,0.00471702197311852,0.01946965716757,"LOC105373991"
"105374041",4.87525113552989,3.85356047873591,1.34572185442434,2.86356386802112,0.00418904353048729,0.0175794642266158,"LOC105374041"
"105374071",77.5659129838715,-0.966306329423091,0.38296030290666,-2.52325455690537,0.0116274197850726,0.0404151990638187,"LOC105374071"
"105374118",19.0598476983154,2.06872915117497,0.701193266820719,2.95029808337265,0.00317467477085962,0.0140351171570821,"LOC105374118"
"105374179",16.5688542790506,-2.97955175756679,0.835878460167683,-3.56457535341809,0.000364445742145664,0.00233622313157129,"LOC105374179"
"105374250",5.90233184834172,-3.38887886586065,0.914068791044618,-3.70746589213244,0.000209343601307389,0.00146868735150351,"LINC02054"
"105374284",16.9775670071762,-1.97999709924602,0.722067247754403,-2.74212284991976,0.00610435063282282,0.0240395717700502,"LOC105374284"
"105374294",38.6657699032409,3.94431796839809,0.622792537230094,6.33327750833476,2.40007314036494e-10,7.69518777589906e-09,"LOC105374294"
"105374308",11.8205009686444,2.74125040003336,0.708915176739224,3.86682425483145,0.000110261827608752,0.000849412222866226,"LOC105374308"
"105374317",27.2988834595577,1.53331411960733,0.482740853714091,3.17626757257104,0.00149183281605602,0.00756165641115419,"LOC105374317"
"105374454",19.2251176647025,-2.71375998691656,0.548013106123148,-4.9519983310522,7.3455234514423e-07,1.05073144353362e-05,"RASGRP3-AS1"
"105374567",14.1127593420621,-1.53289155670048,0.511957220565886,-2.99417899606165,0.00275184452346413,0.0125000370731608,"LOC105374567"
"105374764",26.1220372205678,1.64482108771881,0.590479841137181,2.78556687820386,0.00534342160573236,0.0216088389651071,"LOC105374764"
"105374771",83.2628459874275,1.37472832687271,0.366863832067747,3.74724409087796,0.000178788088333944,0.00128363237190998,"LGALSL-DT"
"105374774",121.428465242674,1.99448132410813,0.412453394457051,4.83565258744845,1.32709527398905e-06,1.77497915008385e-05,"LINC01805"
"105374798",248.477520906307,1.51485433160143,0.332329171741302,4.55829478845947,5.15706196073643e-06,5.8229820844651e-05,"LOC105374798"
"105374836",199.430582298287,-1.44225078128352,0.425622453394227,-3.38856836565353,0.00070258511955765,0.0040453180702027,"LOC105374836"
"105374855",24.3487886114141,1.50230279000262,0.561103031785534,2.67740986039946,0.00741938133573872,0.0280581564238188,"MALLP2"
"105375095",9.56331828366185,2.57335643918549,0.978448040186219,2.63003893256889,0.00853750902920146,0.0314544631926048,"LOC105375095"
"105375172",24.1750647868975,-1.8513646850508,0.508138232267134,-3.64342725559276,0.000269031710741437,0.00180913058931779,"LOC105375172"
"105375328",789.549165929592,1.06943892210009,0.261155620720206,4.0950254838507,4.22121953942982e-05,0.000371005905207615,"LOC105375328"
"105375368",7.9384718051862,3.56001790700269,0.895861884111587,3.97384682855785,7.07210525221943e-05,0.000578585908234041,"DDX3ILA1"
"105375436",8.48182343694543,-2.41883094998243,0.773885889364121,-3.12556538790223,0.00177463611944013,0.0087119269932162,"LOC105375436"
"105375500",7.32066637283132,2.32883189506269,0.9043909951031,2.57502773432326,0.0100232049149728,0.0357693567908807,"LOC105375500"
"105375520",14.7517762892863,-2.64853847899399,0.796394049171556,-3.32566332175525,0.000882084055609503,0.0048889517055634,"LOC105375520"
"105375566",16.1276439279844,-4.09783497335265,0.859325976350327,-4.76866181883237,1.8545367561968e-06,2.40086695531793e-05,"LOC105375566"
"105375643",8.39199052491036,2.39628405021399,0.814281539591021,2.94282006125,0.00325237397212805,0.0143048858637359,"LOC105375643"
"105375666",21.6474999992536,1.18361316758085,0.48174212457133,2.45694347081246,0.0140124734090425,0.0469607216951695,"VPS13B-DT"
"105375726",339.106227874655,1.46704937750035,0.243842673412463,6.01637669473391,1.78364244603053e-09,4.81186056475654e-08,"MAL2-AS1"
"105375730",17.6214557000629,1.35787126318631,0.480502148334198,2.82594212719708,0.00471417803746568,0.0194618212441223,"LOC105375730"
"105375791",11.4661946440147,3.47845168435259,0.868222816289338,4.00640436889117,6.16500692858708e-05,0.00051627543782765,"LOC105375791"
"105375800",13.7048443079075,1.99744829712732,0.645397568948555,3.09491140535508,0.00196871693154232,0.00945939993437606,"LOC105375800"
"105375809",27.0830725938479,-1.72747399553843,0.613221701967723,-2.81704641240723,0.00484675211923724,0.0199223182521123,"LOC105375809"
"105375858",124.079027901245,2.2268265867409,0.401429208009099,5.54724604566001,2.90204224770863e-08,5.81085969132631e-07,"LOC105375858"
"105375957",12.4485777006328,-1.66823131586203,0.525852234836129,-3.17243363315151,0.00151167105736135,0.00764151204438263,"LOC105375957"
"105376020",8.34962742383873,4.66198206946287,1.28423202960575,3.63017115442453,0.000283233346130521,0.00188736652533203,"LOC105376020"
"105376074",58.9129434645455,1.60274829105973,0.30277950948341,5.29345031899375,1.20029861220441e-07,2.06925851202811e-06,"LOC105376074"
"105376095",14.0370346772856,-2.21328092366333,0.537034676799879,-4.12129983272587,3.76740724425043e-05,0.000335271555190881,"LOC105376095"
"105376126",11.8129521868859,-4.13654321362321,0.738222518669038,-5.60338259672856,2.10208516825691e-08,4.40176206545272e-07,"LOC105376126"
"105376144",39.5383731472775,1.60697581299765,0.580970544082868,2.76601942966739,0.0056745153742442,0.0226980614969768,"LINC02957"
"105376156",55.4785821208803,0.88632319340618,0.3019340632437,2.9354859265773,0.00333025717595049,0.014563376577337,"LOC105376156"
"105376214",17.0779660249674,1.7417057251268,0.70910316476661,2.45620921139176,0.0140411387138857,0.0470338159945685,"LOC105376214"
"105376222",10.4700662793399,-2.24421714572607,0.67405466049082,-3.32942901706506,0.000870242433241535,0.00483092509326962,"LOC105376222"
"105376224",46.1360817467248,-1.1281559002762,0.362729936550734,-3.11018139556952,0.00186972482422366,0.00908341179651163,"LOC105376224"
"105376289",87.912915863747,-2.98602399425605,0.354800012416269,-8.4160763521978,3.89303628091384e-17,3.46901553274158e-15,"LOC105376289"
"105376310",45.4535417963167,1.24516813732864,0.371704810509155,3.34988437632279,0.000808452996705237,0.00454057202842581,"LINC02247"
"105376328",18.3870937788263,2.83226020824304,0.655318560997302,4.32195939015178,1.54649657656727e-05,0.000152093098576497,"LOC105376328"
"105376333",75.5847849547121,1.04012600668337,0.316738619543119,3.28386228425099,0.00102394944671816,0.00552766205382809,"LOC105376333"
"105376384",510.490920417589,-0.797095195926979,0.260985333150434,-3.05417621099622,0.00225679481265841,0.0105600964818733,"LOC105376384"
"105376486",107.935287583207,-1.90323773115549,0.297927484610663,-6.38825831608879,1.67785740268819e-10,5.55257504452311e-09,"LOC105376486"
"105376506",81.4382983875908,1.04246589558783,0.415605996446768,2.50830330770108,0.0121312486208251,0.0418344147446917,"LOC105376506"
"105376527",19.4048714630117,2.04170901301308,0.598531472012985,3.41119741982221,0.000646782432303763,0.00377723270727953,"STIM1-AS1"
"105376617",28.006544960552,-1.43532971857176,0.322214761732667,-4.4545746782471,8.40596672318045e-06,8.99783770306534e-05,"LOC105376617"
"105376717",592.339238812002,1.31340938064274,0.277371673362111,4.73519651348129,2.18842950342269e-06,2.7756719957058e-05,"LOC105376717"
"105376806",472.3661558594,-3.1677972946401,0.317582373944501,-9.97472641599965,1.96642627344322e-23,3.48938951832373e-21,"LOC105376806"
"105377022",10.2872607743006,-1.56058106627977,0.580419235286622,-2.68871355634713,0.00717279390737451,0.0272860450544071,"LOC105377022"
"105377043",10.8137997494696,-2.11228112175427,0.731354666666171,-2.88817617228445,0.00387482781853397,0.0164792264084098,"LOC105377043"
"105377105",448.642160696473,0.623208611330845,0.179665114709963,3.46872353231679,0.000522937291802298,0.00315593096550622,"FLNB-AS1"
"105377108",15.3678737198732,2.63939262830739,0.812863287259617,3.24703141312422,0.00116615517842534,0.00616122643549979,"FAM3D-AS1"
"105377123",26.557852301747,-7.14879151902757,0.966349050432511,-7.39773223332497,1.38529829594764e-13,7.64476678921885e-12,"LOC105377123"
"105377137",86.6180652850223,0.62997905459451,0.254355769021844,2.4767633815312,0.0132579764325215,0.0449665821201224,"LNCSIK1"
"105377289",17.7921534862262,-4.34045384413317,0.936806407720661,-4.63324525575557,3.59977650380033e-06,4.24872703865974e-05,"SHROOM3-AS1"
"105377291",13.2134944194635,-2.39076582813447,0.695684098882507,-3.4365681664635,0.000589134083728451,0.0034927234963901,"LOC105377291"
"105377297",20.8526469551066,3.65137480263951,0.713437159374709,5.11800479504004,3.08784754509573e-07,4.88925029755773e-06,"LOC105377297"
"105377329",10.970300501838,1.97823081585197,0.753195623248258,2.62645022726046,0.00862806098739973,0.0317086247749752,"LOC105377329"
"105377730",18.5375766070593,-1.14525173645306,0.415543410954851,-2.75603392151367,0.00585069289875673,0.0232401896233131,"LOC105377730"
"105377806",18.4558829454864,-1.30768945621232,0.387501444527971,-3.37466988750265,0.00073904284216601,0.00421397724740863,"LOC105377806"
"105377946",6.38803804526129,2.36782712026992,0.889982766423044,2.66053142780115,0.00780174459190191,0.0293049472043264,"LINC02527"
"105377979",88.8272155453655,-1.37321444198169,0.503537538213586,-2.7271342010637,0.00638870497709117,0.0248732935972091,"LOC105377979"
"105377986",6.10399184070274,-3.06447847987747,0.857680757009551,-3.57298266847246,0.00035293812884254,0.00227311590866547,"HEY2-AS1"
"105378147",29.7651015064694,-2.67474852441693,0.530326253889128,-5.04359062897934,4.56876218340847e-07,6.88620106766392e-06,"LINC02519"
"105378179",1094.2080642904,-1.9372425810136,0.444027290071149,-4.36289080498449,1.28355017462327e-05,0.000129132926659068,"LOC105378179"
"105378180",32.7717921464266,-2.4727029728131,0.424014110548438,-5.83165255895565,5.48811018442904e-09,1.33216108533358e-07,"LOC105378180"
"105378230",13.9779806745145,1.74082676888296,0.575958416419374,3.02248690053938,0.00250706933369138,0.0115629655309665,"LOC105378230"
"105378298",10.4231118433423,-1.81239308092467,0.670808673449319,-2.70180329005779,0.00689645503767272,0.0264499032039231,"LOC105378298"
"105378353",6.32677729746834,-2.28758722886709,0.71964387868695,-3.17877674863432,0.00147897955947418,0.00751616254425906,"LOC105378353"
"105378482",7.40225297657119,2.74061229847984,0.902979205896603,3.035077973649,0.00240473507817431,0.0111434189214633,"LOC105378482"
"105378516",11.5858409555198,-4.89463604804757,0.783791345751395,-6.24482022489703,4.24287829864163e-10,1.30157089268613e-08,"LINC02930"
"105378526",16.3294948556009,-1.93249155501489,0.700346636719487,-2.75933581128757,0.00579189835961541,0.0230689697821834,"LOC105378526"
"105378628",35.4396104219409,-3.26356272751827,0.480336302783789,-6.79432869971371,1.0881802731199e-11,4.41796898262327e-10,"LOC105378628"
"105378668",92.538702531075,1.34423730049458,0.362132367189112,3.71200539440484,0.000205623603841092,0.00144851343650412,"MYCL-AS1"
"105378853",44.7951713519214,-1.05582396950764,0.341060698307873,-3.09570693646606,0.00196344314086497,0.00944950049370223,"LINC02609"
"105378861",13.5371291625788,2.18397166599505,0.684678824194968,3.18977539368611,0.00142383406576885,0.00727594506833795,"LOC105378861"
"105378909",125.891025048418,1.42181511248734,0.389296874995424,3.65226438692593,0.000259938057557573,0.00176063342440444,"LINC02884"
"105378920",6.23844874527683,2.53856513841932,0.915925807949305,2.77158380775731,0.0055784310148601,0.0224051559043669,"LOC105378920"
"105378929",10.1592803490334,2.77885513310254,1.12377116990468,2.47279446876916,0.0134061218170264,0.0453196931321515,"LOC105378929"
"105379031",118.764350690388,1.20252618074582,0.337613377444984,3.56184399399809,0.00036825919642749,0.00235777520972425,"LOC105379031"
"105379052",23.2905215097573,-2.25368086745408,0.655368377168212,-3.43880014045236,0.000584298429682217,0.00346805042577242,"LOC105379052"
"105379152",71.302181898616,-1.40460430352956,0.368024803157647,-3.8166022819062,0.000135302001677366,0.00101201177417402,"PRDM6-AS1"
"105379219",39.1018076583814,2.1462694948972,0.438469181263152,4.89491527936851,9.83480877873299e-07,1.35411173178221e-05,"FAM85B"
"105379342",6.21133572240374,5.69881245903717,1.24588303224632,4.57411515490521,4.78236769352692e-06,5.44169467128569e-05,"LOC105379342"
"105379352",24.507994956575,6.95165682955841,1.91256733751186,3.63472526860262,0.00027827701636982,0.00186096624592475,"LOC105379352"
"105379407",111.72791338241,1.22148498873821,0.463157120255355,2.63730154480786,0.00835685078623279,0.0309439497362504,"LINC02747"
"105379490",8.99786699913645,-1.83601238082484,0.709373418589861,-2.5882170556582,0.00964741682177199,0.0346808291755771,"LOC105379490"
"105379566",7.95933588508963,2.09380640876384,0.709675792566744,2.95037033909667,0.00317393233276117,0.0140348492239647,"LOC105379566"
"105416157",57.2091345633282,-2.08761498906796,0.465868138636936,-4.48112849094171,7.42493906146814e-06,8.04394450743474e-05,"NKILA"
"10544",744.991389737818,0.848359253029788,0.247617506718172,3.42608753425239,0.000612343007046554,0.003608493689392,"PROCR"
"10549",2375.81724781692,-1.65173756635015,0.200976436024407,-8.21856332525251,2.05955481234756e-16,1.67564728289969e-14,"PRDX4"
"10551",92.5384962216426,2.57595120972237,0.524339725501019,4.91275233296694,8.9806690761918e-07,1.25668315611375e-05,"AGR2"
"10553",819.427578822694,0.452768574112918,0.16787549313284,2.69704985321855,0.0069956796249212,0.026736932306093,"HTATIP2"
"10555",1743.31754840763,1.29114729528214,0.378146900284937,3.41440666129815,0.000639210909423636,0.0037379310680614,"AGPAT2"
"10560",456.687044583429,0.794062653194456,0.27531360552388,2.88421144927972,0.00392395180130923,0.0166487779491409,"SLC19A2"
"10561",463.984864657902,-2.43781287721732,0.319336174619784,-7.63400162890998,2.27577035940053e-14,1.41097762282833e-12,"IFI44"
"10570",88.4689162277868,-1.15545710446058,0.289472006218134,-3.99160222626113,6.56283869937529e-05,0.000543400932373053,"DPYSL4"
"10579",4159.67440308431,0.704290219300632,0.231656943769947,3.0402292624565,0.00236398123246199,0.0109892027301259,"TACC2"
"10580",1263.95842821133,1.84343951542589,0.301505085029163,6.11412412910907,9.70887142227759e-10,2.76414120824567e-08,"SORBS1"
"10594",9101.01391356125,0.467633660665247,0.179203654876359,2.60950961624019,0.00906720975993142,0.0329928217151304,"PRPF8"
"10595",41.6455972544694,2.47283135453583,0.6568946764148,3.76442593207187,0.000166932137761526,0.00120947945219404,"ERN2"
"10609",1513.15251749682,-1.8624926532094,0.238694758847312,-7.80282173854012,6.05380363518082e-15,4.05900632008346e-13,"P3H4"
"10610",1914.92198906707,0.707687957169023,0.204087439826185,3.46757231984359,0.000525182403397327,0.00316740538866996,"ST6GALNAC2"
"10611",1506.44894032923,0.629519160584117,0.240396374921729,2.61867160346775,0.0088272880713919,0.032313871182915,"PDLIM5"
"10622",80.272260675713,-0.824666384754942,0.328122069994719,-2.51329142464636,0.0119610482846904,0.0413451032110878,"POLR3G"
"10630",592.002796208924,-1.00784323559678,0.278129255375281,-3.62365057295714,0.000290473973141432,0.00192874718165911,"PDPN"
"10631",69816.6261766552,-5.19733741592073,0.313530389941969,-16.5768218413619,1.02508557250629e-61,3.01433734635277e-58,"POSTN"
"10634",2649.62587769529,1.03844230779945,0.375614094647239,2.76465213259558,0.00569835285833828,0.0227757078128224,"GAS2L1"
"10642",4.82666482902301,-4.17707255138286,1.16452153345285,-3.5869431619677,0.000334577216270792,0.0021759675891684,"IGF2BP1"
"10647",2778.79131987814,4.23270561128619,1.10933536611403,3.81553292230574,0.000135889335789993,0.00101603562945921,"SCGB1D2"
"10650",53.3523290803986,-1.28408934216279,0.289227897712319,-4.43971467593355,9.00782215353431e-06,9.55173819351842e-05,"PRELID3A"
"10653",7740.95194288059,0.852222679559364,0.211006428816529,4.03884698840326,5.37145889227312e-05,0.000457451840457384,"SPINT2"
"10654",2230.11167361643,0.669223658664611,0.222228967609309,3.01141505476974,0.00260033146801292,0.0119183306474233,"PMVK"
"10655",78.0420174521697,-1.81690581600048,0.435286320494398,-4.17404758765872,2.99235209561983e-05,0.000272301394943583,"DMRT2"
"10656",347.449059437449,-1.50847679867999,0.273646595044025,-5.5124997935286,3.53772606191583e-08,6.922105823049e-07,"KHDRBS3"
"1066",849.08076733243,2.67814494902621,0.333841974664609,8.02219358939745,1.03873263572271e-15,7.7750082086241e-14,"CES1"
"106614088",190.020877206715,-1.34308614830159,0.386957051198521,-3.47089203864268,0.000518732513133746,0.00313493542288462,"MIR34AHG"
"10663",45.1939482447997,-1.81493218903024,0.577696256143305,-3.14167206335508,0.00167986071688614,0.00833813672447176,"CXCR6"
"106633814",323.791558648222,-1.26341959963472,0.342880888707733,-3.6847186333317,0.000228955422661684,0.00158414064540104,"SNORA86"
"106635534",428.871284732324,-1.7095515868649,0.241470412306714,-7.07975594415037,1.44408556124767e-12,6.75569481652772e-11,"SNORA104"
"10666",24.9051344148428,-1.01928055159587,0.412009640135952,-2.47392403551416,0.0133638108910072,0.0452063571701712,"CD226"
"10669",534.21478059339,-2.34812219910849,0.302472080057823,-7.76310394883258,8.28756317457177e-15,5.43284077660463e-13,"CGREF1"
"10675",40.2523840353193,1.29129293084598,0.435421806824273,2.96561382688653,0.00302079536180994,0.0134792664131574,"CSPG5"
"10677",122.136869764855,-1.10306185522094,0.302472128365827,-3.64682148130633,0.000265504245108736,0.00179126167857038,"AVIL"
"106780802",33.7504761753223,-2.05101816455211,0.390617260908646,-5.25071052871826,1.51513623817727e-07,2.56476680317772e-06,"KCNK4-TEX40"
"106821730",864.772837611466,0.878818720916361,0.229598432154538,3.82763380685826,0.000129381052116737,0.000972318209846993,"BUB1B-PAK6"
"10686",31.8281791865324,2.28511302011493,0.526935728206855,4.33660672031311,1.44699187402937e-05,0.000143472450554049,"CLDN16"
"10687",64.5886937568836,-1.33796006626966,0.368891582833874,-3.62697369235502,0.000286762498023453,0.00190841230498376,"PNMA2"
"10690",6.61642039878008,3.30344160408028,1.17374480607556,2.81444619561335,0.00488613562439025,0.0200630791327446,"FUT9"
"10699",868.563927643663,-1.72729996484157,0.307011878860059,-5.62616655503712,1.84258444763564e-08,3.898022432696e-07,"CORIN"
"10715",26.2788370663617,-2.06408230898672,0.427917888053285,-4.8235476165224,1.41027079788143e-06,1.87647149990895e-05,"CERS1"
"10717",402.961771598434,-1.03103855493954,0.26217725530136,-3.93260107080767,8.40316294210608e-05,0.000670949208690114,"AP4B1"
"10718",24.4150748259363,3.72191424548034,0.827625584049602,4.49709907138066,6.88868943677886e-06,7.52237577541941e-05,"NRG3"
"10723",1529.7368102798,0.761415689618052,0.262212435056515,2.90381228279255,0.00368649119623827,0.0158187898235081,"SLC12A7"
"107303344",384.774816002083,-0.624444314923401,0.243426466171259,-2.5652277040578,0.0103108115181973,0.0365186714216024,"SETDB2-PHF11"
"10740",30.469983823736,-3.31857413278888,0.514629476661154,-6.44847270373889,1.12982906487641e-10,3.84403330106049e-09,"RFPL1S"
"10741",926.764575107808,0.89150307098938,0.21135034876187,4.21812916899343,2.4633769580285e-05,0.000228715161497784,"RBBP9"
"10742",1000.7023264184,1.40265636050093,0.227616545858273,6.16236554865523,7.16661744037152e-10,2.10139107396877e-08,"RAI2"
"10745",158.241386907732,-1.72377554597201,0.261859472803471,-6.58282676397855,4.61586865029722e-11,1.67276479397391e-09,"PHTF1"
"10749",8924.41264584489,1.07308130915677,0.225827399877487,4.75177639975893,2.01637283950913e-06,2.59083276832161e-05,"KIF1C"
"1075",2349.30199912269,-0.741504640143612,0.213607995872065,-3.47133372567063,0.000517879944900012,0.00313254210573666,"CTSC"
"10750",142.996539660222,-1.48443445106038,0.342388292456716,-4.33552923322587,1.45409847298522e-05,0.000143930002895398,"GRAP"
"10752",858.749523307185,0.593148212053606,0.174407966538994,3.40092384438752,0.000671585346138369,0.00389735347192337,"CHL1"
"10758",1786.09049720828,0.460339504029254,0.177118778176304,2.59904403569808,0.00934837801153082,0.0338362955845526,"TRAF3IP2"
"10762",847.409644671534,-0.694563379680957,0.235053753387437,-2.95491294936318,0.00312757284273297,0.0138683177165707,"NUP50"
"10763",2050.56599048027,-0.591282180981235,0.234862493755661,-2.5175674988633,0.0118168325052691,0.0409491044256666,"NES"
"10766",2389.00101385785,0.607104939208174,0.233360387573396,2.6015766665507,0.00927963210934152,0.033646635078155,"TOB2"
"10778",386.324748229989,-0.616996824609916,0.225925260224672,-2.73097759850466,0.00631467637239537,0.0246643830074737,"ZNF271P"
"10780",167.061267220401,-1.0865120805469,0.348793943188325,-3.11505432294809,0.00183911036519649,0.0089706748239821,"ZNF234"
"10783",520.228826128528,-1.59522183112079,0.276422031283691,-5.77096486742628,7.88189081954951e-09,1.82703649357666e-07,"NEK6"
"10791",1182.66443325465,-0.764092791992816,0.310975389245731,-2.45708444596249,0.0140069756888845,0.0469499409835531,"VAMP5"
"107983950",22.2570267449977,-1.4741630428207,0.48146921627661,-3.06180123876035,0.00220009490395781,0.0103347223877379,"LOC107983950"
"107983990",28.1344843558255,-1.28212922494939,0.348664372422564,-3.6772590673403,0.000235753574585808,0.00162136704954035,"LOC107983990"
"107984005",21.2653886808142,1.40850155845398,0.416005845907732,3.38577347484289,0.000709779476447441,0.00407761672988951,"LOC107984005"
"107984011",22.5034276318328,-1.41233177111036,0.413817426138945,-3.41293450178715,0.000642673862954512,0.00375711411390391,"LOC107984011"
"107984018",98.9362735228641,-2.59557216811657,0.472518208230065,-5.49306274955823,3.95022355605411e-08,7.6348733969782e-07,"LOC107984018"
"107984192",29.9144486261471,1.86805983530789,0.404567101474448,4.61742892217319,3.88523691226818e-06,4.52852302390307e-05,"LOC107984192"
"107984262",14.2161516618625,-1.67458119140223,0.43514323750938,-3.84834474502465,0.000118918625349193,0.00090492457825796,"LOC107984262"
"107984328",34.7673707098356,1.44024340247816,0.453080692570858,3.17877902566532,0.00147896794186593,0.00751616254425906,"LOC107984328"
"107984334",174.498598122092,-1.13077131136302,0.320398389899293,-3.52926652258909,0.000416713223976425,0.00260876672820278,"LOC107984334"
"107984340",722.468839552584,1.09238345434452,0.269296434185089,4.05643490100473,4.98274419421292e-05,0.000428782635843138,"LOC107984340"
"107984343",43.4037075481489,3.97326514896471,1.31396841675951,3.02386655439063,0.00249566494283107,0.0115155272771206,"LOC107984343"
"107984345",49.9638675360224,-1.25573177130649,0.286725071308372,-4.3795673868922,1.1891514579106e-05,0.000120936233249169,"SMIM38"
"107984360",82.1769918941119,-1.20805103248568,0.310049220941366,-3.89632016754572,9.76652638741984e-05,0.000763807671575418,"LOC107984360"
"107984410",19.5479444572194,2.05369761162385,0.680265725774038,3.01896381636316,0.00253640822766277,0.0116643045036216,"LOC107984410"
"107984427",11.5078006726254,-2.0002598072854,0.623897136570492,-3.20607306884057,0.00134559815086854,0.00695400259539995,"ME3-DT"
"107984452",51.7378118874616,2.10287096216397,0.425654960920028,4.94031822774658,7.79951729347375e-07,1.1056836361492e-05,"LOC107984452"
"107984497",10.2879794252386,-1.74172403635444,0.677875136112996,-2.56938769924748,0.0101878406530839,0.0362062348071613,"SULT6B2P"
"107984500",60.6067091674879,0.796322744660042,0.291273347734525,2.7339361834981,0.00625821723946854,0.0244996469488818,"LOC107984500"
"107984590",33.0061414678404,1.22391189008026,0.490101277859757,2.49726320940237,0.0125156020753952,0.0429471300816444,"LOC107984590"
"107984591",30.9165231482408,1.55671054397236,0.40477852321875,3.84583285593707,0.000120143644564175,0.000912559697309585,"LOC107984591"
"107984638",85.9530454117723,1.56745626451916,0.437374276821693,3.5837870391225,0.000338648228693781,0.00219758358746305,"LOC107984638"
"107984659",130.601755546041,0.584459620064619,0.206285116142914,2.83326122113292,0.00460757166499234,0.0190944745625533,"LOC107984659"
"107984763",21.4513902096203,1.40252486208162,0.499860575118491,2.8058321297877,0.00501868306465389,0.0205132192618816,"LOC107984763"
"107984774",19.1358683855251,1.36925016251785,0.516263635317293,2.65223050559492,0.00799619322131566,0.0298491585072439,"LOC107984774"
"107984832",117.19899049167,-2.47668776474037,0.482320723970604,-5.13493955713029,2.82234715304762e-07,4.53265497909805e-06,"LOC107984832"
"107984837",84.8404277299869,0.921530156679644,0.300484519680179,3.06681408300326,0.00216353378114125,0.010207099493612,"LOC107984837"
"107984862",28.94123980137,-2.55432649424156,0.542263449052492,-4.71048988956343,2.4712205964576e-06,3.08662650227447e-05,"LOC107984862"
"107984947",95.4626863970846,-0.61897591123141,0.213863153759169,-2.89426158901799,0.00380051398025405,0.0162041951969727,"MED8-AS1"
"107984950",334.059358590928,0.524978541486375,0.185711746914791,2.82684617536471,0.00470089032706669,0.0194225464657448,"LOC107984950"
"107984952",64.7881809890767,-1.47165654066274,0.409365573348684,-3.5949689873145,0.000324430221329659,0.00211934994473173,"LOC107984952"
"107984957",29.4242982562179,-1.60257278950107,0.485979363420679,-3.29761489916154,0.000975097700501497,0.00530515666591735,"LINC02812"
"107985004",14.4269117525025,-4.60440597870385,0.750207197264198,-6.13751240389971,8.38236765210072e-10,2.41318399651526e-08,"LOC107985004"
"107985020",88.8540266524164,-1.27409843606806,0.29838493777685,-4.26998241117958,1.95488383367977e-05,0.00018724676050472,"LOC107985020"
"107985043",139.132203656832,-4.711345903061,0.367377867420203,-12.8242507806607,1.199403551051e-37,6.85792297078717e-35,"LOC107985043"
"107985072",139.413214758248,1.11634315324278,0.28919486117513,3.86017631401391,0.000113305240364827,0.000869278817618188,"LOC107985072"
"107985075",453.249183369215,1.27761244838053,0.359915299482787,3.54975865215096,0.000385584473895605,0.0024541962927233,"LOC107985075"
"107985077",10.0588513924813,3.0510417079581,0.820835553245768,3.71699507397505,0.000201606372675816,0.00142705143574931,"LOC107985077"
"107985115",16.9052295883079,-1.99334275783645,0.449208421853019,-4.43745633622308,9.10281793014627e-06,9.62195690459215e-05,"ZNF496-DT"
"107985155",10.4875196071864,2.39200065475626,0.679215041968507,3.52171331162476,0.000428767558211027,0.00267447012673206,"LOC107985155"
"107985177",14.5523590818619,-3.52853696297045,0.739238956546543,-4.77320213135749,1.81319645708993e-06,2.35475305190783e-05,"LOC107985177"
"107985200",239.600407029146,-1.15083689255034,0.289197353829995,-3.97941709116349,6.90844468174825e-05,0.00056699930354508,"LOC107985200"
"107985216",178.218828752198,0.632747717643573,0.225814403950095,2.8020697819764,0.00507758893032101,0.020725181547041,"LOC107985216"
"107985260",70.7081450377602,1.2079561309485,0.345177662563827,3.49951999204217,0.00046609665146433,0.00286734413441177,"LOC107985260"
"107985261",49.8939181146363,1.64207179513407,0.326618787194446,5.02748727113636,4.9694846185169e-07,7.39637537147881e-06,"LOC107985261"
"107985291",25.890637089862,1.17163742268502,0.412737602397184,2.83869803933574,0.0045298000616167,0.0188176396505183,"LOC107985291"
"107985307",14.9395122806218,-4.80623543523388,1.95828996958285,-2.45430222790636,0.0141158287748353,0.0472071843218863,"LINC01705"
"107985311",6.91517394318466,-3.28312245747623,0.996253185979174,-3.29546997056716,0.000982572042346451,0.0053336663817667,"TSHZ3-AS1"
"107985325",49.853595341236,1.53776033429675,0.383128802987625,4.0136902323849,5.97767842979893e-05,0.000502632895420674,"GP6-AS1"
"107985352",22.1979547451956,-6.881766628511,0.921854038263582,-7.46513693368811,8.3213029572495e-14,4.75793611311177e-12,"LOC107985352"
"107985401",14.7736865620836,-2.11159248834557,0.540299318972322,-3.90819017199934,9.29900994680537e-05,0.000731133769079609,"LOC107985401"
"107985410",19.0285401060611,-4.85940770386585,0.789566293213711,-6.15452780296253,7.53015136356786e-10,2.19547642588783e-08,"LOC107985410"
"107985471",129.469804214145,-2.85411835176425,0.348476696927415,-8.19027033064063,2.60640087292486e-16,2.08755469137297e-14,"PEF1-AS1"
"107985495",9.72858659854241,-1.45778054473862,0.553242541374652,-2.63497550480563,0.0084143355168659,0.0311064443748505,"LOC107985495"
"107985502",13.8774074181898,-2.39807855988177,0.66716192099648,-3.5944475912234,0.00032508057103306,0.00212225133972233,"LOC107985502"
"107985517",10.5834829699518,-4.30754312939553,0.789074668882138,-5.45898037190563,4.78876691200964e-08,9.11016433611889e-07,"LOC107985517"
"107985534",30.1917249955638,-8.30631686877916,0.970538739160864,-8.5584598879184,1.14385263604e-17,1.10023657290876e-15,"LOC107985534"
"107985553",17.9530801996244,-1.36777214795885,0.437542807017125,-3.1260304729574,0.00177183190714264,0.00870438853857376,"LOC107985553"
"107985733",22.2260462920738,-1.3632251046382,0.412863220724492,-3.30188071062861,0.000960389046022624,0.00523950387578312,"LOC107985733"
"107985769",9.19852623046607,2.68129398554314,0.862643815333874,3.10822837639586,0.00188212566483652,0.00913503293680616,"LOC107985769"
"107985770",12.4071795543721,-1.43068627577245,0.551981133067023,-2.59191155288768,0.00954443061133147,0.0344007283669492,"SMANTIS"
"107985868",150.139005634988,1.11049259813258,0.330408306867987,3.36097057806804,0.000776690986345449,0.00439359760974196,"LOC107985868"
"107985911",562.469833631191,-0.872464832138408,0.305492257643802,-2.85593107618356,0.00429108274853144,0.01796372733288,"LOC107985911"
"107985992",7.22430608272171,3.22469518957308,1.2637628850337,2.55166157177269,0.0107210601448617,0.0377299199900552,"LOC107985992"
"107986136",298.155762209717,0.707062623819132,0.279431576386254,2.53036050171284,0.0113945384945709,0.0397399492328445,"IL20RB-AS1"
"107986152",99.9964021421832,-0.811984303888006,0.327113810464144,-2.48226848856023,0.013054886884901,0.0444094846535783,"LOC107986152"
"107986163",71.5110132704985,-2.35103873546232,0.340065324378819,-6.913491517422,4.72867966400067e-12,2.05782541657061e-10,"LOC107986163"
"107986195",11.440845051834,2.70951882141946,0.731637794063706,3.70336092996248,0.000212761838981014,0.00148962234475687,"LOC107986195"
"107986196",71.3079035389583,1.26757681881958,0.381548525907959,3.32219031852675,0.000893137520316484,0.00493804531780674,"LOC107986196"
"107986217",7.27719425456912,-4.17965587663469,0.863792800163875,-4.8387250690695,1.30674660068142e-06,1.75003721720406e-05,"LOC107986217"
"107986251",69.6199228412176,1.44038733435679,0.48723505992051,2.95624730821256,0.00311407285920597,0.0138236091727185,"LINC02600"
"107986333",144.39961285405,1.47947739621262,0.365655797445,4.04609309232996,5.20795290699061e-05,0.000445925551736667,"LINC02437"
"107986363",39.9299672851939,1.07449342559528,0.364230249621628,2.95003895670799,0.00317733863703107,0.0140378490029293,"LOC107986363"
"107986380",6.27198843479765,4.2043042959859,1.36356742291752,3.08331236528831,0.00204710157508536,0.00976536241519281,"LOC107986380"
"107986453",282.805966707793,-1.17464496067085,0.259179544148677,-4.53216693674338,5.83816825407379e-06,6.4888150832535e-05,"LOC107986453"
"107986458",106.715036839609,1.04882826524824,0.353688101534461,2.96540443599301,0.00302285244544028,0.0134797215634625,"LOC107986458"
"107986463",7.1556567963004,-1.83163819927393,0.714355515070798,-2.56404291789138,0.0103460750529938,0.0366243468886479,"LOC107986463"
"107986466",16.6173156118659,-2.01642423628319,0.756178197907191,-2.66659927760926,0.00766229720270567,0.0288495931261192,"LOC107986466"
"107986473",27.223352080001,2.56043068242769,0.545267271801637,4.69573512814675,2.65649592311963e-06,3.27487235109832e-05,"LOC107986473"
"107986474",5.7583117571491,3.4262912020992,1.06484382401929,3.21764668659723,0.00129246919119024,0.00672672208127935,"LOC107986474"
"107986487",17.4579186767438,3.35519058009979,0.797988412930196,4.20456052460663,2.61589933962493e-05,0.000241677163405923,"LOC107986487"
"107986496",161.457541528209,1.11148218437239,0.31030523365615,3.58189957441718,0.000341104924074627,0.00221004210171612,"TRIM7-AS1"
"107986547",41.8976050499282,1.54951213913803,0.481791915184845,3.21614392085334,0.00129925656672741,0.00675350938624165,"LOC107986547"
"107986554",155.890796091687,1.63879272696405,0.322150883229365,5.08703471657802,3.63705276847138e-07,5.63743179113064e-06,"LOC107986554"
"107986555",23.4542271988843,-1.94455563289447,0.599220754369654,-3.24514065761963,0.00117392622274564,0.00619528930075862,"LOC107986555"
"107986589",312.376234311633,-0.851080077131412,0.2423809140758,-3.51133289671996,0.000445865676787337,0.00276353480607966,"LOC107986589"
"107986620",16.2767292234978,2.92503810370399,0.614279694539323,4.76173659931508,1.91934096691314e-06,2.475420705698e-05,"LOC107986620"
"107986633",15.3435752758151,-2.537448500915,0.607551016098261,-4.17651922831219,2.9600373163207e-05,0.000269957501635557,"LOC107986633"
"107986755",45.0154713278052,1.17363055336641,0.457176230916333,2.5671294218732,0.0102544331157103,0.036401952192773,"LOC107986755"
"107986762",339.879794138598,-0.943344869905959,0.284684316402056,-3.31365240568323,0.000920859062944613,0.0050614053275439,"LOC107986762"
"107986809",311.217730316527,-1.72585423770259,0.431206780598274,-4.00238195537665,6.27079566463006e-05,0.000523855754710816,"ELN-AS1"
"107986838",41.4486919495291,1.34567197825609,0.380237000015369,3.53903480776909,0.000401592895755815,0.00253803750882337,"LOC107986838"
"107986847",13.749695055055,3.32792494005899,0.704991847099724,4.72051549780297,2.35247682902141e-06,2.96701410053369e-05,"LOC107986847"
"107986871",23.0075840126617,-1.33340157144295,0.528700264022001,-2.52203689345513,0.0116677470322049,0.0405211582437838,"LOC107986871"
"107986924",161.389805846975,1.36861512878323,0.221459894714484,6.17996829876447,6.41144747679209e-10,1.89889546564444e-08,"LOC107986924"
"107986925",189.869545822428,1.86588005848012,0.496999914691055,3.75428647636688,0.000173835958342052,0.00125157025761203,"LOC107986925"
"107986954",35.8754142333369,-2.90040841137336,1.11998262407828,-2.58969054431565,0.00960622431445922,0.0345750168366548,"LOC107986954"
"107986962",254.260072330246,0.785237117437043,0.30090802220282,2.60955860095937,0.00906591168426388,0.0329928217151304,"GRHL2-DT"
"107986985",52.5596890217867,1.18823810611122,0.339903045398263,3.49581482778116,0.000472616553102433,0.00289447329373329,"LOC107986985"
"107987043",12.0290037679437,-2.10050375211065,0.6311940657261,-3.3278255708794,0.000875266503200897,0.0048561956069777,"LOC107987043"
"107987080",13.827735415994,2.52630123732727,1.03708645797757,2.43596010524892,0.0148523224909649,0.0491827873478156,"LOC107987080"
"107987113",93.6723942627464,1.36626651588106,0.285703163366305,4.78211896495296,1.73456968442788e-06,2.2626351320826e-05,"LOC107987113"
"107987134",50.7280174356843,-1.96750664211389,0.641440240127179,-3.06732649283711,0.00215982807650685,0.0101946225411487,"LOC107987134"
"107987206",709.879947568331,-2.0866686425763,0.434972925075806,-4.79723799409502,1.60868423541932e-06,2.11180843761935e-05,"LOC107987206"
"107987209",295.700361591635,0.579916404429613,0.234680063051406,2.47109361097532,0.0134700553235458,0.0454909956980915,"LOC107987209"
"107987228",102.539243871189,1.70143955013978,0.331979012110069,5.12514191582586,2.97313717002945e-07,4.7441128300687e-06,"LOC107987228"
"107987238",21.3487813493161,-2.03830010579551,0.475029900072556,-4.29088801669995,1.77960044225067e-05,0.0001730339891511,"LOC107987238"
"107987250",633.114943017535,0.825923823395863,0.216107796265472,3.82181410235325,0.000132473540233044,0.000992659392849279,"LOC107987250"
"107987256",8.94237493952865,-1.68420596643931,0.672914926503295,-2.50285125222447,0.0123197309766637,0.0423566631741515,"LOC107987256"
"107987269",115.42007791544,1.03362677748389,0.304494925770162,3.39456158380809,0.000687385784537831,0.00396890574724452,"LOC107987269"
"107987365",7.16899197192426,-1.65431703342213,0.642131995502705,-2.57628812301592,0.00998673901501678,0.0356674300593119,"LOC107987365"
"107987366",14.1687891143983,-1.58285177311594,0.548518251003796,-2.88568661155631,0.00390560845081345,0.0165929916102258,"LOC107987366"
"1080",168.677102905455,4.06556479403485,0.514738090589444,7.89831735471381,2.82693635507133e-15,1.9859951512897e-13,"CFTR"
"10806",781.069791912626,-0.875774332163764,0.236990515617888,-3.69539823093942,0.000219542406576166,0.00153032878325899,"SDCCAG8"
"10808",860.849077189831,-0.797415508005827,0.294232244469036,-2.71015676560135,0.00672514139604765,0.0259427118621148,"HSPH1"
"10815",56.4783249989028,-1.18416988728901,0.361642807852543,-3.2744184636788,0.00105879689769057,0.00568003006048025,"CPLX1"
"10819",13.4367209459126,1.86963911070386,0.667588945018372,2.80058428866345,0.00510101840639365,0.020783721868014,"OR7E14P"
"10825",325.09394040168,-0.594178753359192,0.231493351012276,-2.56672060238863,0.0102665297877643,0.0364167239619749,"NEU3"
"10826",1943.88140582897,0.792714001485185,0.197929080843315,4.00504058376704,6.20068345728114e-05,0.000518559416323176,"FAXDC2"
"10827",455.546718672304,-0.800917808517926,0.252045640711222,-3.1776697516287,0.00148463752186612,0.00753446221649217,"FAM114A2"
"10838",584.27821090189,-1.28261487740337,0.247145977757676,-5.18970565105034,2.10626766603281e-07,3.48236254117425e-06,"ZNF275"
"10840",142.249422212418,4.10162844930323,0.876465757579203,4.67973610358939,2.87244401211485e-06,3.51524301696623e-05,"ALDH1L1"
"10846",47.7047013461326,-1.56241022603307,0.31903209484667,-4.897344973345,9.71402159854619e-07,1.33927274336554e-05,"PDE10A"
"10848",5841.11734064237,1.11101947306857,0.271365588270326,4.09417966423143,4.23665705008363e-05,0.000371727829151413,"PPP1R13L"
"10849",700.82259727849,0.355201400455271,0.129724815896815,2.73811450800442,0.00617925564183184,0.0242597364355267,"POLR1G"
"10858",49.642927500766,-1.12659634091417,0.411239975447953,-2.73951076786005,0.00615306992110944,0.0241892267486854,"CYP46A1"
"10859",64.6036680062639,-1.86674875160303,0.33610522673547,-5.55406046414224,2.79108865589478e-08,5.64359222916878e-07,"LILRB1"
"10863",94.4019287180278,-1.7686056667019,0.256952008225367,-6.88301943587339,5.85970288821373e-12,2.48693039692766e-10,"ADAM28"
"10869",2568.69927963976,0.51821302412682,0.178923790793287,2.89627791714695,0.00377617814892105,0.0161229726233957,"USP19"
"1087",113.126934292523,3.27449901274716,0.518620004942032,6.31386946423936,2.72143513411374e-10,8.64475629638846e-09,"CEACAM7"
"10873",258.798274167897,-1.18838664221434,0.311135310918519,-3.8195171056157,0.000133713187144556,0.00100121944131813,"ME3"
"10882",19.7729427092985,-1.47909611946454,0.542228254942738,-2.72781085452794,0.00637561541864163,0.0248317252180358,"C1QL1"
"10886",35.2891316124416,-5.53656256859151,0.72295387660555,-7.6582514427989,1.88481595887666e-14,1.18283694199748e-12,"NPFFR2"
"108903150",438.681522458919,-0.589278236153291,0.193752102851165,-3.04140304792437,0.00235478386844074,0.0109538691859851,"ZNF8-ERVK3-1"
"10891",333.714231162539,3.36174925309008,0.374514322643803,8.97629022398538,2.80050019382675e-19,3.22041877037596e-17,"PPARGC1A"
"10894",774.640488971296,0.883114404129421,0.329485950854061,2.68027939230883,0.00735607339939566,0.0278340836127133,"LYVE1"
"10899",3583.07845918573,-0.687903172179908,0.2055323986663,-3.34693302196497,0.000817109504581293,0.00458418698345635,"JTB"
"10902",775.066812086308,-0.757505860038802,0.27553706311849,-2.74919769945087,0.00597413411761432,0.0236392880963039,"BRD8"
"10904",3955.40610173437,0.684229761386733,0.172779678677145,3.96012868310329,7.49093863157519e-05,0.000607539325422946,"BLCAP"
"10911",14.0905867318252,-3.6637565289502,0.715672805694888,-5.11931779410404,3.06642865458698e-07,4.86281721309849e-06,"UTS2"
"10913",132.140440293249,3.17533533302761,0.459804631494726,6.9058359040562,4.99086634238816e-12,2.15371054070687e-10,"EDAR"
"10916",5777.79942921902,-0.725495191836145,0.204610426379005,-3.54573911347163,0.000391513605719522,0.00248655231722636,"MAGED2"
"10920",1514.11916395456,-0.75282093183788,0.130680750155476,-5.76076377693133,8.37341602815918e-09,1.92794625865356e-07,"COPS8"
"109286553",518.120971494857,-0.901482896349271,0.324052648953617,-2.78190256817899,0.00540412613148998,0.0218200337957218,"ARHGAP27P1-BPTFP1-KPNA2P3"
"10929",1668.95709952668,0.4225099047398,0.1485797001581,2.84365834828188,0.00445988420724057,0.0185581213236052,"SRSF8"
"10933",5583.72467566114,-0.413136149911454,0.131722051575267,-3.13642359020945,0.00171021994912726,0.00845823340529444,"MORF4L1"
"10938",2300.24970508903,0.888812977280448,0.285659083950763,3.11144657116399,0.00186173160481867,0.00905526544271915,"EHD1"
"10942",11.8332747851092,2.86121838116665,0.830766105410133,3.4440721191365,0.000573022831700232,0.00340701963250074,"PRSS21"
"10943",729.41459183078,-0.7002481344623,0.26231128646435,-2.66953108995358,0.00759572407657359,0.0286408471134257,"MSL3"
"10947",355.663311685316,-0.748796517272918,0.2009711223721,-3.72589110532265,0.000194626419404876,0.00138515612536394,"AP3M2"
"10951",1321.46312865141,-0.428326795804153,0.152864537847318,-2.80200235997159,0.00507865021169621,0.0207254036394835,"CBX1"
"10954",1029.03200136617,-1.82921278885845,0.201260944267795,-9.08876183361502,1.00173287372835e-19,1.22009878537423e-17,"PDIA5"
"10957",2170.32085871986,0.521980906254096,0.201439989751999,2.59124768074467,0.00956286385715369,0.0344378776456816,"PNRC1"
"10962",222.795091001719,-1.95786967193911,0.311661358961885,-6.28204175987871,3.34155053438969e-10,1.04532638601637e-08,"MLLT11"
"109623486",50.1203131763423,-1.15279032119729,0.343618451235417,-3.35485570420518,0.000794063924989028,0.00447440783793434,"SNORD153"
"10964",334.310641163293,-2.36271079656906,0.337856622373882,-6.99323511840007,2.68618772266591e-12,1.21217704608417e-10,"IFI44L"
"10970",6463.03646720946,-1.40955770704293,0.218461087198458,-6.45221409963247,1.1022770122928e-10,3.76898173106892e-09,"CKAP4"
"109703458",318.367619513338,0.451940432465074,0.17673943750633,2.55710009515498,0.0105548841227203,0.037234230468222,"HTD2"
"10971",5980.00848554248,0.371110542425975,0.149601815544185,2.48065533881416,0.0131141108634447,0.0445667587936513,"YWHAQ"
"109729127",342.032526354449,4.52765475428331,0.919602810666256,4.92348946933188,8.50144537666313e-07,1.19776695163062e-05,"KRT7-AS"
"109729173",194.042319592655,1.07979822291559,0.27122747461092,3.98115354819632,6.85816267907088e-05,0.000563771647707648,"TFAP2A-AS2"
"109729180",41.2421275356411,1.80725930417096,0.516064608731467,3.50200202376475,0.000461776111155371,0.00284672041689792,"SNHG26"
"10974",2426.86610327417,1.54090809617205,0.362880513569528,4.24632362045202,2.17306697752709e-05,0.00020514384037,"ADIRF"
"10979",1162.31844359168,-0.870056801081505,0.269439616283542,-3.22913465021384,0.00124165418512225,0.00648696638158537,"FERMT2"
"10982",1907.97123891979,0.448390763616346,0.156832151646288,2.85904872763352,0.00424913509332451,0.0178098547670519,"MAPRE2"
"10983",8791.02108955348,0.479904279318588,0.157154146839497,3.05371693315046,0.00226025239376817,0.0105714690464267,"CCNI"
"10984",90.3254026838712,-1.76667514238499,0.270707808483607,-6.52613292642415,6.74894304355666e-11,2.38285151987256e-09,"KCNQ1OT1"
"10991",100.245363188917,-3.11172626378188,0.39527974067788,-7.87221287497676,3.48422640098735e-15,2.42294987290282e-13,"SLC38A3"
"10999",2592.50812546046,0.748469088691932,0.247402016033314,3.02531523668403,0.00248374105252621,0.0114656483124466,"SLC27A4"
"110006325",196.825722056542,1.04110082371564,0.343128112388247,3.03414609916205,0.00241217583058045,0.0111703548473944,"PPIP5K1P1-CATSPER2"
"11006",133.959287303885,-1.52351281668822,0.393853383542166,-3.86822325350193,0.000109631268377437,0.000845187276509797,"LILRB4"
"1101",306.966593154663,1.12485903088023,0.299436385505237,3.75658766045503,0.000172245953849883,0.00124055658294122,"CHAD"
"11010",550.320387834901,-1.14151866571989,0.187752576944754,-6.07990944409663,1.20250440570897e-09,3.36309112596651e-08,"GLIPR1"
"110117499",308.479969151205,-0.923425812779734,0.231818695004833,-3.98339664866323,6.79372240616042e-05,0.000559144270325494,"P3R3URF-PIK3R3"
"11012",5246.79104551155,0.673969326955542,0.26482285214478,2.54498175477348,0.0109283448183062,0.038361024853345,"KLK11"
"11014",7278.02992950354,-0.964778935664024,0.212537208763942,-4.53934132886619,5.64302255733337e-06,6.28549655412068e-05,"KDELR2"
"11015",1628.84445575663,-2.34488146319695,0.282950256930072,-8.2872568791357,1.15890166244259e-16,9.73666604886463e-15,"KDELR3"
"1102",411.630096711417,-1.07523389583892,0.218856459991845,-4.91296393937374,8.97097815481375e-07,1.25618104992304e-05,"RCBTB2"
"11022",159.798216272699,0.572424416730539,0.195159811800455,2.93310600911946,0.00335589285552075,0.0146564169668084,"TDRKH"
"11025",67.6934691362142,-0.715464510428059,0.281114136423176,-2.54510327915716,0.0109245421504968,0.0383542172310806,"LILRB3"
"11031",3826.3194232884,-2.51473429362471,0.231365342251505,-10.8691054120417,1.61779301337171e-27,4.3247599204212e-25,"RAB31"
"11033",140.271854285729,1.21284165906451,0.369911511460221,3.27873456621243,0.00104273664475285,0.00560995585352655,"ADAP1"
"11034",9134.5790855308,0.492644043630398,0.143473700417731,3.43368883771757,0.000595427291604012,0.00352495696588352,"DSTN"
"11035",471.651541307951,-0.786175078925336,0.238643447968615,-3.29435015131331,0.000986495273461346,0.00535213988110921,"RIPK3"
"110354863",159.533430752272,-0.724204742910039,0.245259090532825,-2.95281508765569,0.00314890525490874,0.0139481527366132,"ZNF660-ZNF197"
"11037",294.560393069814,-0.592594131031468,0.218442802646298,-2.71281142638971,0.00667150597590822,0.0257647803017063,"STON1"
"11040",315.740612452549,-0.869219773425163,0.27371905438234,-3.17559102849671,0.00149531598660279,0.00757558067148212,"PIM2"
"11041",715.701269395581,0.791536571618435,0.25009595113176,3.16493157140886,0.00155119427515275,0.00781170850267289,"B4GAT1"
"11043",944.851226899779,0.908749262540207,0.226899115643772,4.00508067191821,6.19963197136022e-05,0.000518559416323176,"MID2"
"11060",2303.49720472606,0.557469129833293,0.207867648366337,2.6818465221237,0.00732170419053967,0.0277193229829076,"WWP2"
"11069",453.334959900016,0.972175155925977,0.306792266076411,3.16883853807398,0.00153049392785103,0.00772338490092807,"RAPGEF4"
"1107",5731.62443261281,-0.737627071453861,0.208658262220135,-3.53509639927732,0.000407626421434253,0.00256592729626993,"CHD3"
"11072",2505.24230263011,0.738562371938238,0.199772985431162,3.69700823334161,0.000218155269732231,0.00152169029893875,"DUSP14"
"11076",969.065435101465,2.22550269140511,0.391976092008791,5.67764906272701,1.36558512470414e-08,2.99991507010779e-07,"TPPP"
"110806298",63.4544991048088,0.990830459763816,0.299059667343755,3.31315308601913,0.000922504714475127,0.00506774407332693,"C17orf113"
"110806301",580.593153196168,0.916582639823052,0.296855080423793,3.08764343367319,0.00201750383815813,0.00965101069129608,"LINC02560"
"11081",37.3846145081667,-3.54827814775985,0.615306270260207,-5.76668615169372,8.0845403689081e-09,1.86770122282384e-07,"KERA"
"11092",447.584055908471,0.699564553974202,0.232662488355582,3.00677844081615,0.00264032124599538,0.0120774161172375,"SPACA9"
"11093",116.184159933525,-0.985346293303596,0.285007878641129,-3.45725984138251,0.000545698396261795,0.00327387227882623,"ADAMTS13"
"11095",55.0850319228501,-1.60812088527536,0.331102776817145,-4.85686317926432,1.19259938846086e-06,1.61184936389221e-05,"ADAMTS8"
"11098",3560.59788689241,-2.04086848946681,0.300792885361015,-6.78496263971583,1.1611655594957e-11,4.68655526993324e-10,"PRSS23"
"11099",1646.32117677182,0.667961825448418,0.222365935872718,3.00388556739535,0.00266555561137471,0.0121766082344734,"PTPN21"
"111",332.146097475535,1.18799456693528,0.325726668024253,3.64721308863427,0.000265100066819821,0.00178970802735952,"ADCY5"
"11100",8507.13139762491,0.695062299693755,0.220087057172547,3.15812437415995,0.0015878779637498,0.00796997805555376,"HNRNPUL1"
"11107",106.106607381565,-1.09826490203038,0.350689014336154,-3.13173454865523,0.00173776917411896,0.00857388319272882,"PRDM5"
"11108",892.41134022933,-0.7265983033037,0.188435766530206,-3.85594686551837,0.000115282528476185,0.000882475108275862,"PRDM4"
"11112",859.746427670088,0.764080259012392,0.20077878644079,3.8055826143651,0.00014147078215679,0.00105013868731171,"HIBADH"
"11117",3237.70151327639,-2.09975364528096,0.435714223376331,-4.81910741634748,1.44201904225828e-06,1.91376659998997e-05,"EMILIN1"
"11118",1484.00216185237,-0.993262997112028,0.170174676426354,-5.83672622725322,5.32364628846729e-09,1.29990433216857e-07,"BTN3A2"
"111188157",1098.45278478071,0.945726926640274,0.290671571567368,3.25359278012878,0.0011395550595021,0.00604395808935616,"LYNX1-SLURP2"
"11119",1189.79762297314,-1.09578115046781,0.221532358275063,-4.94637062955491,7.5609937104716e-07,1.07702310201746e-05,"BTN3A1"
"11120",715.844336410007,-0.885479569543748,0.239347778790994,-3.69955206610452,0.00021598032942973,0.00150856433694658,"BTN2A1"
"111216284",13.6210445630096,-1.53249053087375,0.567667146067639,-2.69962871991037,0.0069416896570127,0.0265837655627813,"BNC2-AS1"
"11123",915.54556351571,0.901761030193293,0.167617189393795,5.37988396926714,7.45338620238238e-08,1.35172248096774e-06,"RCAN3"
"111240474",258.636985766331,-1.42574632387233,0.325851298988939,-4.37545079088585,1.21181778953253e-05,0.000122877129949446,"CRYZL2P-SEC16B"
"11143",1434.47148891852,0.688348168179393,0.160037499779093,4.30116797081655,1.69900206564789e-05,0.000166060106929232,"KAT7"
"11145",529.175335043275,1.47195324635471,0.383425998139321,3.83895002816127,0.000123561573109692,0.000934040183947818,"PLAAT3"
"11155",143.900104678089,0.979245222040688,0.314304409097012,3.11559492548652,0.00183574253282017,0.00895849319477725,"LDB3"
"1116",1756.8346875071,2.0018077364844,0.358486066931095,5.58406008250571,2.34967470665569e-08,4.87066507168184e-07,"CHI3L1"
"11160",1190.67624400158,0.512723180417444,0.201714002955752,2.54183236118672,0.0110273048825622,0.0386556613935048,"ERLIN2"
"11161",1464.97358815988,0.889271467163229,0.199436379964865,4.45892302758351,8.23724930946845e-06,8.83101769719263e-05,"ERG28"
"11166",763.894497181347,1.04134356026704,0.284525664647183,3.65992839893134,0.000252285733631957,0.00172131407648599,"SOX21"
"11167",25052.5519385124,-1.51464231683481,0.299272429395736,-5.06108203783768,4.16883777309527e-07,6.37055357991039e-06,"FSTL1"
"11170",820.090558881074,1.07293049490001,0.294894018639428,3.638359637982,0.000274380099255323,0.00184028672631853,"FAM107A"
"11173",284.03540896787,-1.3350469497447,0.281817853844243,-4.73726888319349,2.16617675122841e-06,2.75238162020282e-05,"ADAMTS7"
"11174",228.503699988777,-4.66598735981591,0.697503278433217,-6.68955616996811,2.23848453914362e-11,8.6937671233457e-10,"ADAMTS6"
"11178",570.084105908814,-0.667294195493798,0.224752774064625,-2.96901427922721,0.002987567132132,0.0133629034871371,"LZTS1"
"11180",2845.58351381082,-0.609037765654566,0.164184501832705,-3.70947171539456,0.000207692157052615,0.00146008721337808,"WDR6"
"11181",836.000038619396,-1.01700695605054,0.246875821387378,-4.11950814111818,3.79682010289385e-05,0.000337451403272742,"TREH"
"11182",91.807684912791,-1.15995929552201,0.434824884249676,-2.66764699431499,0.00763844671835905,0.0287703178866793,"SLC2A6"
"11184",213.17889516503,-1.01071443862714,0.276057277927358,-3.66124902127412,0.000250988656889943,0.00171468652951297,"MAP4K1"
"11187",9927.14738480655,1.08166026929789,0.318158459309155,3.39975329163523,0.000674466783967831,0.00390964744807379,"PKP3"
"11196",746.783290833118,-0.708844909862246,0.241297942536772,-2.93763346015361,0.00330727787195083,0.0144844697268587,"SEC23IP"
"11197",451.838966130764,5.14887661182558,0.936471932424263,5.49816436942919,3.83765133596807e-08,7.45228444335535e-07,"WIF1"
"1120",685.652544666082,-0.620347212882056,0.246501725493385,-2.51660393711404,0.0118491945142408,0.0410336170728688,"CHKB"
"11202",2821.87332055751,0.647542818515618,0.256895537213214,2.52064642905097,0.0117139489018866,0.0406336238955904,"KLK8"
"11211",392.331115699022,0.870579224054753,0.33339618696597,2.61124529340707,0.00902131609617637,0.0328663310661406,"FZD10"
"11221",262.711397735349,-0.851764003365981,0.280259544793782,-3.03919712705135,0.00237209584135217,0.0110194585417272,"DUSP10"
"112267858",27.8468918307888,-2.97264725743264,0.41509826351388,-7.16130978787687,7.99098364569995e-13,3.87939640007283e-11,"LOC112267858"
"112267861",9.88778713689069,1.9289214546349,0.708736213448724,2.72163524035089,0.00649597991776567,0.025228915212696,"LOC112267861"
"112267873",8.95459601434708,2.29234295173267,0.748180859798324,3.06388879334682,0.0021848010816126,0.0102769528025397,"LINC02814"
"112267876",895.31986647875,-2.0303063224387,0.431014606024898,-4.71052788944563,2.47075984660936e-06,3.08662650227447e-05,"LOC112267876"
"112267886",8.01035002858492,-3.09305969658108,0.690777085695989,-4.47765243032733,7.54683393726762e-06,8.15454224486702e-05,"LOC112267886"
"112267904",35.6682465621812,1.45602008255817,0.534245301871075,2.72537742018279,0.0064228020816507,0.0249918635252737,"LOC112267904"
"112267992",284.605335822071,1.06573076136196,0.328199122845836,3.24720782956683,0.00116543253322266,0.00615898928468686,"LOC112267992"
"112268027",11.369770939605,-1.79578289699795,0.654588994477856,-2.74337471626816,0.00608112481667075,0.0239658956971761,"LOC112268027"
"112268047",42.9236768711961,-2.17128366552602,0.434839374646898,-4.99330049696894,5.93560956263467e-07,8.68979994575193e-06,"LOC112268047"
"112268048",74.3312286912982,-0.768901185877093,0.273879075458145,-2.80744771973132,0.00499357846654906,0.0204308922988364,"LOC112268048"
"112268068",6.90814565318367,-2.21748213001402,0.797272198738623,-2.78133632844885,0.00541356204409627,0.0218452776153063,"LOC112268068"
"112268102",15.8515505059319,1.66637811650384,0.646280430755583,2.57841339023006,0.00992551778229422,0.0354945896509285,"LOC112268102"
"112268109",472.634577658578,0.860184704903193,0.176793300162975,4.86548248214293,1.14177924389433e-06,1.55028917917684e-05,"LOC112268109"
"112268114",33.2098472943952,1.32372238345793,0.469900170179948,2.81702895095996,0.00484701563382133,0.0199223182521123,"LOC112268114"
"112268121",6.43052830425477,2.09167458233377,0.789064832315752,2.65082727891333,0.00802948918054455,0.0299445516249124,"LOC112268121"
"112268127",74.5850892757247,1.39971721189737,0.565618701822876,2.47466571983274,0.0133360933655836,0.0451348480495187,"LOC112268127"
"112268131",57.9572587765125,1.28842767030492,0.342602455260197,3.7607076380302,0.000169433366413173,0.00122372505763114,"LOC112268131"
"112268202",42.2841504075227,-1.40497067433124,0.38117573287186,-3.6858869890428,0.000227907475022463,0.00158060898445498,"LOC112268202"
"112268235",23.3521931517271,-1.48293388806932,0.58283402804983,-2.54435022099042,0.0109481253395973,0.038410808247873,"LOC112268235"
"112268252",32.1189690094868,3.59480196965623,0.636482728736715,5.64791754332621,1.62403033262457e-08,3.48946141615284e-07,"LOC112268252"
"112268266",20.1288313935249,-3.51759661199536,0.683630938310343,-5.14546141034726,2.66864058095487e-07,4.31849824829993e-06,"LOC112268266"
"112268270",10.7905725979332,1.80563534816804,0.697393212557509,2.5891209086282,0.00962213028791969,0.0346141086764311,"LOC112268270"
"112268280",20.3638703281258,-1.39925815951177,0.432647968017985,-3.23417249807493,0.00121995747850104,0.00640112279823232,"LOC112268280"
"112268292",232.100443905762,0.852072472022735,0.278407092538397,3.06052717354972,0.00220947710216071,0.0103693289263283,"LOC112268292"
"112268296",109.318829121242,-1.90420920183657,0.410507023493983,-4.63867630236655,3.50647743947568e-06,4.15768039252116e-05,"LOC112268296"
"112268415",226.46811575949,-1.10374996331089,0.174055462411246,-6.34136928551562,2.27731932112e-10,7.35892321914192e-09,"LOC112268415"
"112268426",42.4646475248067,-1.81617382009456,0.412257591281604,-4.4054345110991,1.05572044253061e-05,0.000109586230907968,"LOC112268426"
"112268430",916.460212862814,-4.58499003070297,0.361693847970963,-12.6764390835618,7.98790862995645e-37,3.91483598188151e-34,"LOC112268430"
"112268432",46.4106179089812,2.9924950331334,0.515524170364417,5.80476184272417,6.44575566324497e-09,1.54063006042171e-07,"LOC112268432"
"112268445",55.5266509578558,1.24519167781992,0.367762985964018,3.38585373010256,0.000709571939506049,0.00407756247984157,"LOC112268445"
"112268447",4041.8668062224,-0.961165689518629,0.294363121626502,-3.26523813243899,0.00109372084268674,0.00583242223467973,"LOC112268447"
"112268463",245.043191226324,-1.4788065632127,0.388658180216444,-3.80490271011188,0.000141859938164329,0.00105264778917611,"LOC112268463"
"11227",787.452992415959,-5.04901681202424,0.273097300867969,-18.4879777133543,2.58051898725403e-76,1.32793507084093e-72,"GALNT5"
"1123",531.297862140698,-2.9744979197349,0.242046142197755,-12.28897057696,1.03819666626637e-34,4.64570438661457e-32,"CHN1"
"11230",962.267026033376,-1.03040742031796,0.250367857530434,-4.1155739018644,3.86217222449564e-05,0.000342520263115115,"PRAF2"
"11232",101.876833923919,-1.17993465568918,0.364633782180552,-3.23594442794914,0.00121240985449822,0.00636638888902843,"POLG2"
"11236",1161.29865799949,0.511266490609884,0.178060171273842,2.87131303397209,0.004087705113425,0.0172314810679378,"RNF139"
"112399",2535.42444993065,0.878435957611182,0.275482836765484,3.18871392470446,0.00142907226294766,0.00729926140459422,"EGLN3"
"11240",962.878564447172,3.5532718917119,0.6205651150602,5.72586470860065,1.0290820943303e-08,2.31757394197975e-07,"PADI2"
"11245",424.897920818525,-0.836956298731857,0.246838521870533,-3.39070373776927,0.000697134165976805,0.004018428919761,"GPR176"
"11247",541.174007782028,1.00026998320835,0.339086645476229,2.94989495031138,0.00317881992781666,0.0140413796983215,"NXPH4"
"112483",1093.19296568846,-0.704045888566103,0.235993239605009,-2.98333075025578,0.00285129684689545,0.0128671483237125,"SAT2"
"112495",481.211876821338,-0.897591107448849,0.220118906767642,-4.07775561231707,4.54725259903617e-05,0.000394772870090934,"GTF3C6"
"11252",1602.03989962215,0.681355499276344,0.159835198583228,4.26286265676052,2.01824575426879e-05,0.000192420428929453,"PACSIN2"
"11254",184.265144518104,1.26238175277907,0.357161961721005,3.53447983849179,0.000408578604679927,0.00257113482076784,"SLC6A14"
"112597",288.004256681893,-1.7862274845766,0.294178176575833,-6.07192384346074,1.26386871498662e-09,3.49200988312546e-08,"CYTOR"
"11260",1965.33480542329,-0.744919790659222,0.225816839985459,-3.29877873903111,0.000971064185817714,0.00528793259282323,"XPOT"
"11261",3012.79579378956,0.656691627025868,0.168972536161325,3.88638084001353,0.000101749836629032,0.000790943594098187,"CHP1"
"112611",221.477579863344,-0.721308895545442,0.23075120639387,-3.12591603232721,0.00177252154438107,0.00870569875197804,"RWDD2A"
"11262",55.396483567081,-1.44360768347739,0.372759320730279,-3.87276079548914,0.000107609430137738,0.000830533374561381,"SP140"
"11264",1210.52945231985,0.582499613534271,0.202051887578075,2.88292091955432,0.00394006341304618,0.0166980163257448,"PXMP4"
"11272",165.531552452096,3.51159034374464,0.846929566186366,4.14626018968373,3.37949778794261e-05,0.000303903811564048,"PRR4"
"112724",1373.57783031682,1.10746166330006,0.225783935642953,4.90496217167266,9.34453465249719e-07,1.2960994910026e-05,"RDH13"
"112752",340.408512797984,-0.5971497010371,0.233018741622121,-2.56266812222975,0.0103871284552928,0.0367431950719619,"IFT43"
"112755",182.398998777108,-0.75087003953612,0.263018680160919,-2.85481639204001,0.00430617159462234,0.0180195641601355,"STX1B"
"112770",1998.89275194292,-0.687883845002546,0.218695336629288,-3.14539786538102,0.00165861096615296,0.00825655335605623,"GLMP"
"11278",370.635879723958,-1.16882079741373,0.279159041820507,-4.18693512411916,2.82746601380255e-05,0.000259129832716436,"KLF12"
"1128",222.480572673327,3.75346017794118,0.465537758392844,8.06263318124632,7.46683260227308e-16,5.65063537813195e-14,"CHRM1"
"112817",36.240981616642,1.73923378685477,0.406187142489868,4.281853374761,1.85343099350786e-05,0.000179449781610375,"HOGA1"
"11283",111.177365344072,3.44704878891917,1.17619787186269,2.93067082621077,0.00338230972566314,0.0147534357688176,"CYP4F8"
"112849",285.129846038579,-1.2010345928702,0.311809528042626,-3.85182133595999,0.000117242552653154,0.000894816723697632,"L3HYPDH"
"11285",875.405198871078,-0.80775676202191,0.255795393918323,-3.15782371859218,0.00158951645190291,0.00797625710530704,"B4GALT7"
"112936",3808.25195975422,0.530974270125973,0.193385072705011,2.74568384570158,0.00603849237626233,0.0238514525481896,"VPS26B"
"112937",236.217441599921,0.960669741989788,0.23685838706181,4.05588230970725,4.99454049958169e-05,0.00042925938055695,"GLB1L3"
"112939",2001.55612847688,0.72709551651826,0.251480451360204,2.89126058341933,0.00383699823432868,0.0163385957086102,"NACC1"
"112950",1301.03852588093,-0.560453500330802,0.120906435157899,-4.63543151858603,3.56193635198947e-06,4.21130946980765e-05,"MED8"
"113",1166.84995455286,-0.724365121420228,0.269847475399455,-2.68435018837197,0.00726709439291332,0.0275742333998521,"ADCY7"
"113026",2280.39613121347,0.848177049509155,0.279925999642078,3.0300045390341,0.00244550063413191,0.0113094102567898,"PLCD3"
"11309",906.166765472253,-0.695015475809717,0.227644504492041,-3.05307381507211,0.00226510213563153,0.010591745197601,"SLCO2B1"
"1131",86.0178797868795,3.37066580079762,0.492404341831198,6.84532103893008,7.6304555210274e-12,3.18590864999651e-10,"CHRM3"
"113146",19882.4224536488,0.977325993318366,0.235628875476569,4.147734403696,3.35781611661328e-05,0.000302350336589535,"AHNAK2"
"11315",2970.96486448008,-0.574306882824975,0.188295374993874,-3.05003180690795,0.00228817132029583,0.0106843090676107,"PARK7"
"113157",163.160004568537,-4.75914270938626,0.362576399250662,-13.1259031730195,2.33976457730574e-39,1.45944588058368e-36,"RPLP0P2"
"11317",23.4476899961678,3.64240881657616,0.729795599941916,4.99099859860221,6.00679335700345e-07,8.77828040837867e-06,"RBPJL"
"113178",2384.57959048056,0.731361042129975,0.269721314640239,2.71154336877485,0.00669707796373236,0.0258543304502098,"SCAMP4"
"113189",811.384230928661,-0.761316264097458,0.241759983068284,-3.14905822888988,0.00163797554300798,0.00818550341764414,"CHST14"
"11320",247.852488660984,-0.560509896350622,0.203749315419083,-2.75097805947339,0.00594176228359183,0.0235338146710514,"MGAT4A"
"113201",1963.44994649692,-1.44835456954788,0.253545761962201,-5.712399049146,1.11394498616731e-08,2.48154151463938e-07,"GOLM2"
"113218482",70.0024211990893,3.95882353081861,0.620179574505091,6.38335039327567,1.73254853999353e-10,5.72436262395295e-09,"MIR9898"
"113220",68.1218353847179,2.26612289125661,0.515907142294312,4.39250149005273,1.12053861981153e-05,0.0001149236021435,"KIF12"
"113277",165.455637306039,-1.23756929852873,0.265394902201825,-4.66312385151844,3.11445184666969e-06,3.76440850333816e-05,"TMEM106A"
"11328",7770.52858003528,-0.593391729613333,0.230875582656733,-2.57017967333336,0.0101645781357274,0.0361610225277936,"FKBP9"
"11329",1831.38648730216,-0.581917200142842,0.21798268475359,-2.66955699165118,0.00759513824065687,0.0286408471134257,"STK38"
"11331",6157.44433472298,0.479008394616915,0.19717638786598,2.42933953604269,0.0151263590931064,0.0499295983919984,"PHB2"
"11335",2288.53626359186,-0.565984936515633,0.189083695885437,-2.99330375295052,0.00275974929747287,0.0125262799424877,"CBX3"
"11342",1539.87081011625,0.622801106607035,0.172402860199232,3.61247548844209,0.000303287783107963,0.00200349028481846,"RNF13"
"11343",4916.59229419657,1.52159664953278,0.280723081375401,5.42027624546484,5.95070104010689e-08,1.10649711119747e-06,"MGLL"
"113451",260.592436043372,-1.42085095658426,0.255610236907893,-5.55866217946605,2.71850285591068e-08,5.52395486535691e-07,"AZIN2"
"113452",2826.97603490879,0.778947809864445,0.284906358508687,2.73404852717843,0.00625608235122913,0.0244959480916303,"TMEM54"
"113455421",1661.93502307107,0.590320579019409,0.196754210140472,3.00029452278531,0.00269718665558599,0.0122965426619229,"DERPC"
"1135",30.3903288932711,7.26338490254231,1.28800234321523,5.63926373333358,1.70778799782542e-08,3.64280913442885e-07,"CHRNA2"
"113540",12.6112557881338,-1.48568291112109,0.566286504222015,-2.62355344873029,0.00870177905568541,0.03194379386247,"CMTM1"
"1136",47.3955955257029,-1.90624760187548,0.543717752437738,-3.50595063951634,0.000454979587451335,0.00280902814280093,"CHRNA3"
"113622",114.649728477945,0.922548246293099,0.243796921748134,3.78408488375494,0.000154275167813587,0.00113136729147582,"ADPRHL1"
"1137",5.36768211521076,4.73604323506869,1.41948386770862,3.3364544274207,0.000848543391945012,0.00473088222638032,"CHRNA4"
"113802",180.56376233825,-1.09673416518415,0.233622356800545,-4.69447436539856,2.67293125172248e-06,3.29261621097879e-05,"HENMT1"
"113828",2629.71283802411,0.626434033096663,0.21276293298302,2.94428180846077,0.00323705103299106,0.0142473606957113,"FAM83F"
"113829",4293.92069797915,0.509213124820647,0.201360436400611,2.52886383205663,0.01144324136568,0.039876025100924,"SLC35A4"
"114",155.85770091681,5.27403126746503,0.594199193448279,8.8758640631243,6.93925560543857e-19,7.63837633060683e-17,"ADCY8"
"114036",41.2970952166836,-1.65765306659398,0.527001015516199,-3.14544567807011,0.00165833988562373,0.00825655335605623,"LINC00310"
"114041",18.5876551055331,2.39472655479159,0.679718783963913,3.52311369243951,0.000426508358525843,0.00266279892383863,"B3GALT5-AS1"
"114044",345.9983113488,-0.600136351633603,0.217467554265268,-2.75965926807432,0.005786167526789,0.0230550662739886,"MCM3AP-AS1"
"114088",84.1365781469924,-0.982724629740831,0.345519158754048,-2.84419721697796,0.00445234800742732,0.0185370411377192,"TRIM9"
"114112",229.373507650463,-0.973163594276635,0.171167968205394,-5.68543054217295,1.3048350978e-08,2.87874873023744e-07,"TXNRD3"
"114134",147.020682641192,-0.826943397423205,0.308255447708577,-2.68265623063698,0.00730400273418213,0.0276777599927108,"SLC2A13"
"114548",62.8525060467662,-0.856964960923177,0.310087000718233,-2.7636274946652,0.00571627557640208,0.0228384736926748,"NLRP3"
"114569",5150.22364532634,1.42216466948301,0.220806441937199,6.44077526455271,1.18864766856038e-10,4.02419796211298e-09,"MAL2"
"114614",18.0416088059812,-3.26451975117964,0.587808228575076,-5.55371563799517,2.79660292098216e-08,5.64919278954826e-07,"MIR155HG"
"114771",1399.9824483938,0.923066038268683,0.256744963383463,3.59526444493492,0.000324062230772305,0.00211761808197369,"PGLYRP3"
"114781",789.980984060606,0.820635072301602,0.209172654545531,3.92324261545849,8.73650928272025e-05,0.000693262556189336,"BTBD9"
"114783",129.270323446722,0.779573775192377,0.250946203544676,3.10653743384323,0.00189292340421018,0.00917446087879972,"LMTK3"
"114784",272.875979804345,-4.42611716877821,0.493727587020726,-8.96469487452886,3.11141109987281e-19,3.53841359556806e-17,"CSMD2"
"114791",448.122127955448,-0.469460291760961,0.187658790117543,-2.5016696071999,0.0123609219096769,0.0424769977610665,"TUBGCP5"
"114794",39.4061468520346,1.56953214104185,0.480293877789057,3.26785789622573,0.00108364759785184,0.00578469972878169,"ELFN2"
"114801",292.469965457724,-1.57252312269928,0.2086515739385,-7.53659842107292,4.82388923024328e-14,2.85330275618757e-12,"TMEM200A"
"114818",387.068728484028,0.525051340003289,0.189639661414705,2.76867895716764,0.00562840658513465,0.0225574612827904,"KLHL29"
"114821",7.6661076690388,2.91760209692785,0.93460612072363,3.12174512046728,0.00179782513286949,0.00880057848632236,"SCAND3"
"114827",35.9881337726086,-2.56228126255625,0.556673215739543,-4.6028463200843,4.16755753628102e-06,4.81938226555104e-05,"FHAD1"
"114836",43.6252778328737,-2.04535900564824,0.381565645848428,-5.36043804756135,8.30203947569691e-08,1.48728616682111e-06,"SLAMF6"
"114876",1060.14720057124,0.782424022567886,0.160739225758169,4.8676607646788,1.12926958889908e-06,1.5343158559669e-05,"OSBPL1A"
"114881",293.152173614451,-2.00108713793583,0.237970978314109,-8.40895453770209,4.1368140808701e-17,3.65460004466224e-15,"OSBPL7"
"114899",2138.25716376442,-3.13498915824287,0.345860319286673,-9.0643215871329,1.25382045313203e-19,1.49182891371501e-17,"C1QTNF3"
"1149",371.14740038509,2.64342131477661,0.851475191740316,3.1045194744591,0.0019058838060708,0.00922424459538241,"CIDEA"
"114902",1201.97055227823,-2.63314472691511,0.373357681985027,-7.05260626462939,1.75597214227381e-12,8.086114222945e-11,"C1QTNF5"
"114904",4532.83956334534,-4.00767122940282,0.353300913515015,-11.3435065579939,7.98783248482168e-30,2.6098657756757e-27,"C1QTNF6"
"114907",817.278885377739,0.885374119214641,0.272263241157137,3.25190472078324,0.00114634442438382,0.00607370749845986,"FBXO32"
"114915",721.887672853473,0.981320329202769,0.254532683318944,3.85538044233447,0.000115549791820116,0.000883476951631124,"EPB41L4A-AS1"
"115004",54.6790753899976,-1.39754807705967,0.341412474632691,-4.09343003228931,4.25038374507972e-05,0.000372455934477313,"CGAS"
"115123",698.143557389649,1.12693302707808,0.244675765068209,4.60582202231563,4.10839667872307e-06,4.76166876322273e-05,"MARCHF3"
"1152",3118.19613867282,1.25715138042379,0.379354820957181,3.31391961027875,0.000919979531124756,0.00505927295449425,"CKB"
"115273",170.650344792707,-2.46637870442723,0.314945082999558,-7.83113894313661,4.83470009885855e-15,3.28440484603645e-13,"RAB42"
"115352",11.3649906903945,-3.9295589112378,0.900893411873385,-4.3618466507224,1.28969255107592e-05,0.000129663117903711,"FCRL3"
"115362",66.49036422037,-1.72799973923507,0.377518976897473,-4.57725265478338,4.71122326255846e-06,5.37262158650988e-05,"GBP5"
"115426",614.256531799073,-1.06050300311125,0.316432298357579,-3.35143728568709,0.000803932458166432,0.00452135128931635,"UHRF2"
"115557",1116.23563494954,-1.52172598080096,0.262431730288706,-5.79855941629803,6.68870049272737e-09,1.58984077300578e-07,"ARHGEF25"
"115572",4375.31393983725,1.30685351808167,0.324455491753251,4.02783602465739,5.62925806099452e-05,0.000476646021914896,"TENT5B"
"115701",195.761825429647,-4.07419050840289,0.483201259803813,-8.43166367169049,3.40785232063588e-17,3.0766329898232e-15,"ALPK2"
"115761",36.0126538957185,-1.01831648170864,0.374783518482203,-2.71707914433542,0.00658608565217072,0.0254922879022719,"ARL11"
"1158",23.8861858017925,4.63802360968482,1.43221785492893,3.23835064178485,0.00120222951233883,0.00631776673014614,"CKM"
"115817",1673.4828235472,1.05878266201726,0.263233752190878,4.02221467879813,5.76534728061784e-05,0.000486169227465127,"DHRS1"
"115827",30.783262943387,-1.27450545225465,0.45015024276811,-2.83128904789061,0.00463608038338182,0.0191971592459327,"RAB3C"
"1159",1556.20005538036,0.632373976098678,0.224373601904955,2.81839739938102,0.00482640332820001,0.019861392664468,"CKMT1B"
"115908",6638.6980938932,-3.46972016590595,0.303787460506637,-11.4215384667931,3.26404102200783e-30,1.0836616193066e-27,"CTHRC1"
"116",71.5642665998153,-5.45146101205369,1.52081376261395,-3.58456843702137,0.000337636026432948,0.00219195519896695,"ADCYAP1"
"116028",194.894418378695,1.01507675193301,0.277866469083774,3.65310991023885,0.000259083265414237,0.00175599932014707,"RMI2"
"116064",878.634633808932,0.394521885058886,0.156266084524128,2.52468017139042,0.0115803626881836,0.0402788417664028,"LRRC58"
"116093",16.172708941383,-2.66402173648874,0.67366108016568,-3.95454304089165,7.6681067357144e-05,0.000619710675492521,"DIRC1"
"116151",3076.37027586508,0.437559533385927,0.147486855667342,2.96676969216054,0.00300946295135935,0.0134345663393583,"FAM210B"
"116159",514.269236411667,-0.609835524958756,0.192224685533791,-3.17251409862004,0.00151125221406988,0.00764127132753976,"CYYR1"
"116285",48.6797585059236,1.02957352350198,0.335460528722088,3.06913462345051,0.00214679827451305,0.0101472408640355,"ACSM1"
"1163",459.965045465926,0.468749877049512,0.184076112126684,2.54650031247352,0.0108809114121997,0.0382140727706396,"CKS1B"
"116372",61.318113569982,-2.55206457014708,0.379641649331391,-6.72229871153934,1.78879758848777e-11,7.02683388576952e-10,"LYPD1"
"116412",62.608126799448,1.15646355757849,0.371397354336952,3.11381743589181,0.00184683725820258,0.00900196498291305,"ZNF837"
"116443",53.7662056535534,1.70659925064631,0.368588286961402,4.63009626462986,3.65495772855867e-06,4.30152372124938e-05,"GRIN3A"
"116448",14.9367790747002,6.23348420063475,1.23521729122474,5.0464677307538,4.50052862665752e-07,6.80167997438461e-06,"OLIG1"
"116534",21.2193638418769,1.56393050054688,0.602895817328217,2.59403110055991,0.00948579058240561,0.0342313312321594,"MRGPRE"
"116835",1166.6754881835,-1.12188247910013,0.307211257158416,-3.65182737597934,0.000260380894979183,0.00176305274416168,"HSPA12B"
"116931",69.6130080322432,-1.34056337123531,0.338549728645712,-3.95972366186178,7.50365399272402e-05,0.000608330893210836,"MED12L"
"116969",33.4053481118329,-1.31643018455375,0.516820950468533,-2.54716876968768,0.0108600896634913,0.0381735118909331,"ART5"
"116987",1169.86617490468,0.595596888608871,0.193111787080031,3.08420784466169,0.00204094955850845,0.00974716935600527,"AGAP1"
"117143",346.758768486221,0.504554864214613,0.184254950364451,2.73835174152237,0.00617479945556264,0.0242468660803704,"TADA1"
"117159",19702.4522967551,3.7315150770619,1.10238686873136,3.3849415145485,0.000711934218420249,0.0040858959433869,"DCD"
"117177",293.592274991039,1.21316081358086,0.278659384144548,4.35356166922251,1.33943393233176e-05,0.000134361150405054,"RAB3IP"
"117245",87.660219617793,2.71912413425761,0.452332141010196,6.01134407160405,1.8399143059504e-09,4.95717226095327e-08,"PLAAT5"
"117247",612.285990294532,0.731862016941956,0.287110909918215,2.54905679881837,0.0108014706645213,0.0379804359683133,"SLC16A10"
"117248",962.685449130414,-0.924076734812348,0.258375252493818,-3.5764908825177,0.000348237456507143,0.00224676268460342,"GALNT15"
"117854",82.7076502150545,-1.45119027639923,0.307453524550925,-4.72003135601999,2.3580829067934e-06,2.97054948307438e-05,"TRIM6"
"118430",8800.49144810137,3.6270414445033,0.960073105847569,3.77788047848844,0.000158168750765716,0.00115411044514764,"MUCL1"
"118460",902.620893415973,0.652144413675722,0.181888239947958,3.58541274500382,0.000336545514153785,0.00218600595245866,"EXOSC6"
"118663",169.341869789456,0.966484747654611,0.282462545180708,3.4216386000356,0.000622449905277785,0.00365549467909784,"BTBD16"
"1187",26.1213934378542,3.31747476407748,0.6085980875751,5.45101082603732,5.00843209928102e-08,9.50083795501071e-07,"CLCNKA"
"118738",70.550530928155,1.03285007166003,0.372566213347439,2.77225909021665,0.00556687084477592,0.0223761900935105,"ZNF488"
"119385",1918.40258188982,1.34063424579177,0.342039793123638,3.91952712153339,8.87228771222345e-05,0.000702952926360306,"AGAP11"
"119391",1033.54652129025,0.903681681061037,0.195629486734764,4.61935312587237,3.84938249640269e-06,4.49691766776123e-05,"GSTO2"
"119504",2837.61242991032,0.571371247401064,0.152650548719718,3.74300159542931,0.000181835073968183,0.00130006709363011,"ANAPC16"
"119548",464.626954448333,4.0656467214987,0.435146039579993,9.34317758107806,9.34854790338241e-21,1.3002061489407e-18,"PNLIPRP3"
"119587",956.886359892153,-0.763245757598688,0.213107892613127,-3.58149925016748,0.000341628118689954,0.00221064859953285,"CPXM2"
"1196",1226.09151984124,-0.602297831049917,0.216285737616022,-2.78473207567293,0.00535719687973442,0.0216560370330819,"CLK2"
"120071",1312.18584370776,0.90354000392264,0.318119715105201,2.84025151859527,0.00450779762449947,0.0187300174208109,"LARGE2"
"120114",62.0511819910795,-3.51216777926313,0.396036359330126,-8.86829629785449,7.42734828525453e-19,8.08912894728461e-17,"FAT3"
"120379",164.539496252508,0.492534271839451,0.181996590123789,2.70628296664482,0.00680410413903422,0.0261688489532661,"PIH1D2"
"120425",477.086115283759,-1.70409259830105,0.248975577656858,-6.84441668672282,7.67881102572657e-12,3.1996082217319e-10,"JAML"
"1209",3633.07311117584,0.769481766248187,0.270164739450115,2.84819465269363,0.0043968023083424,0.0183428817825132,"CLPTM1"
"1212",8991.55503602809,0.768428413228757,0.293942296489479,2.61421517898586,0.00894326920223463,0.0326372260776645,"CLTB"
"121214",1557.75551923571,0.745061022245499,0.238437617738016,3.12476290156587,0.00177948427456196,0.00872948148417147,"SDR9C7"
"121274",520.786997713883,-0.50171980285096,0.181566544449647,-2.76328331506082,0.0057223072795683,0.022853700629149,"ZNF641"
"1213",6643.82618381326,-0.459834234138609,0.17804503208213,-2.58268500255876,0.00980347855821238,0.035125292017797,"CLTC"
"121457",333.405595203413,-2.21691413565753,0.233362179762882,-9.49988613369192,2.10119933143348e-21,3.11158899555588e-19,"IKBIP"
"121512",381.092733117336,1.19301222745781,0.244566025036903,4.8780783319261,1.07124384485844e-06,1.46029690745471e-05,"FGD4"
"121601",45.6065829010365,-4.75729295802129,0.601573885997685,-7.90807757576032,2.61393917163956e-15,1.8489802030594e-13,"ANO4"
"121665",4649.43791911635,0.799241567808453,0.189282216580658,4.22248630772916,2.41622081461605e-05,0.000224843983942391,"SPPL3"
"121793",16.6749315665975,-3.51352037307293,0.657426397324215,-5.34435548583579,9.07393354365455e-08,1.61432885101629e-06,"TEX29"
"122060",47.3549763935615,2.28093450338039,0.391373685766386,5.82802213417563,5.60881409378134e-09,1.35985664671843e-07,"SLAIN1"
"122416",834.979398228579,0.973427076803129,0.214270411925525,4.54298411085087,5.54634335533837e-06,6.19457035411205e-05,"ANKRD9"
"122481",134.394910965467,0.960252059316314,0.304126178716554,3.15741335839185,0.00159175531144758,0.00798359925215328,"AK7"
"122509",334.046202109634,-0.471349512240731,0.180793289224053,-2.60711840723578,0.00913077796433975,0.0331946191483521,"IFI27L1"
"122664",11.205666465901,1.70118925370994,0.605336145918726,2.81032161251171,0.0049492016473143,0.0202856166284981,"TPPP2"
"1230",95.7615051713288,-0.908395581380715,0.279969411812858,-3.24462438770961,0.00117605640420946,0.00620239431828019,"CCR1"
"123036",682.848995882142,0.807787195070014,0.26335269425321,3.06732079335911,0.00215986926262871,0.0101946225411487,"TC2N"
"123041",24.9836076317095,-1.23314877622593,0.444081999432873,-2.7768492706319,0.00548886266531525,0.0221014767415589,"SLC24A4"
"123283",268.129988045846,-1.0971803936141,0.249498385189743,-4.39754506939873,1.094821556113e-05,0.000112791826381532,"TARS3"
"1233",47.2292957066538,-1.04876405475586,0.385564093821844,-2.72007708072644,0.00652667003988722,0.025319445175469,"CCR4"
"1234",115.316045684942,-1.95574379738626,0.26376166426284,-7.41481444186426,1.21795211002333e-13,6.77576384668112e-12,"CCR5"
"123591",99.9770159529256,0.865457935689324,0.313790422972553,2.75807632205851,0.00581426210296688,0.0231424255024048,"TMEM266"
"1236",74.9478358170876,-2.19366776258319,0.434674016327957,-5.04669632915921,4.49514952836815e-07,6.79854209345555e-06,"CCR7"
"123811",805.591275364431,0.467435705960472,0.156484936342784,2.98709714100879,0.0028164021580711,0.0127425446010156,"CEP20"
"123920",2488.86087445336,-1.33750477433898,0.256098521313535,-5.22261810602765,1.76410968671863e-07,2.96428030950337e-06,"CMTM3"
"124",79.3348180423404,1.69136818545734,0.403229406636721,4.19455564901577,2.73407024975498e-05,0.000251353738369614,"ADH1A"
"1240",560.005020413928,-0.741591567336526,0.263635993125029,-2.81293748454456,0.00490911941902184,0.020137368298355,"CMKLR1"
"124056",35.237952566938,1.23163620735685,0.401153893760057,3.07023370959358,0.00213891326864452,0.0101235665030533,"NOXO1"
"124220",766.324509051355,1.33485214770206,0.394527378424576,3.38342082375215,0.000715888458905222,0.00410583673393845,"ZG16B"
"124359",174.104145127545,-1.70822200278801,0.260374633197176,-6.56063143253439,5.35804045443213e-11,1.92478018698134e-09,"CDYL2"
"124401",526.956129974061,-0.845644621874195,0.220700739523096,-3.83163474531856,0.000127294625926091,0.000957460363819161,"ANKS3"
"124460",204.351061098214,-1.18127299011294,0.300529935929107,-3.93063335424793,8.47223865943753e-05,0.00067620225112781,"SNX20"
"124540",531.57073010139,0.81340387094642,0.195821815504674,4.15379598463076,3.27004752101607e-05,0.000295611147003051,"MSI2"
"124590",344.244742721374,1.45256324712499,0.319015708988471,4.55326557971316,5.28195231001766e-06,5.93146243040936e-05,"USH1G"
"124602",71.8731290663891,-2.27838865095002,0.315327455505588,-7.22546867127988,4.99376589792887e-13,2.50101404484107e-11,"KIF19"
"124842",81.0665463961124,-2.32904122631826,0.424740246076012,-5.48344840837488,4.17113960361458e-08,8.02418108418716e-07,"TMEM132E"
"124857",77.3210283098955,3.59163107188591,0.653558423031392,5.49550115998335,3.896023828332e-08,7.55138931095911e-07,"WFIKKN2"
"124872",29.4016785712039,2.1642176778641,0.705142884543831,3.06919026668499,0.00214639844214961,0.0101472408640355,"B4GALNT2"
"124975",2905.15635894292,1.57704217878558,0.257749079929661,6.11851719981288,9.44500893678377e-10,2.70397863636658e-08,"GGT6"
"125",3916.93992901202,1.80005403822917,0.384883882965224,4.67687559261041,2.91278846034846e-06,3.55826929779303e-05,"ADH1B"
"125111",393.606004953333,0.758601632603773,0.283641754311597,2.67450620746904,0.0074839390724637,0.0282815131021834,"GJD3"
"125170",515.516534482712,0.851491229399285,0.259064647368331,3.28679052911707,0.00101336182191418,0.00547768900795206,"MIEF2"
"1259",76.6831650424476,1.04028407996282,0.359425059111397,2.89430036551903,0.00380004463100488,0.0162041951969727,"CNGA1"
"125981",2376.69979411906,1.43315500550465,0.241435116507022,5.93598406991872,2.92088162451174e-09,7.59134183825123e-08,"ACER1"
"126",78.3209580650199,1.81902055291925,0.397540396154734,4.57568732766276,4.74659019515376e-06,5.40397193457107e-05,"ADH1C"
"126069",73.7456211274592,-1.40041162348639,0.361480607197845,-3.87409890212982,0.000107019946765332,0.000827224402635224,"ZNF491"
"126075",377.562296749614,-0.72403771944144,0.247740529478293,-2.92256467266847,0.00347161516374934,0.0150663560047684,"CCDC159"
"126248",36.5042193549423,1.0381902413608,0.331929683332197,3.1277414871082,0.0017615504366244,0.00866628924174872,"WDR88"
"126353",45.4766579215803,1.97554709235572,0.599692216232526,3.29426835780326,0.000986782400596699,0.00535228693909946,"MISP"
"126393",1877.46328102985,1.25251388533206,0.40923530563398,3.0606203034992,0.00220879005430485,0.0103684685240162,"HSPB6"
"1264",2495.30064806522,3.73605071055351,0.796018864820927,4.69341981159451,2.68675334519226e-06,3.30766332879411e-05,"CNN1"
"126410",2436.67394812554,1.21760603973624,0.298785863283054,4.07517954951818,4.59788575651885e-05,0.000398664197186959,"CYP4F22"
"126433",1290.60138867753,1.16615911129816,0.259027428832422,4.50206804952926,6.72954262643526e-06,7.36421613091671e-05,"FBXO27"
"1265",5329.22862257221,-0.566430932420663,0.22581998702441,-2.5083294879449,0.0121303497463258,0.0418344147446917,"CNN2"
"126526",671.680513424456,0.744669691940448,0.212151521064183,3.51008415214313,0.000447964897524873,0.00277420897633132,"C19orf47"
"1266",3602.87279073945,-1.27926811105496,0.217117710376472,-5.89204864419751,3.81436846556435e-09,9.69320499940451e-08,"CNN3"
"126695",619.717570769114,1.11405033016797,0.24907559717947,4.47273977372116,7.72237326703069e-06,8.32673291401571e-05,"KDF1"
"126731",741.165407273788,1.29435784553523,0.213859635528308,6.05237095040265,1.42729329841023e-09,3.91725403393015e-08,"CCSAP"
"126755",9.22369232303179,2.06982913812467,0.713790236294479,2.89977227605387,0.0037343385644799,0.0159823207815157,"LRRC38"
"126767",367.279160292842,4.8077919246535,1.45591756451206,3.30224185890963,0.000959153277623967,0.00523692601236385,"AADACL3"
"126823",41.067354300183,1.27545016560369,0.322266580661347,3.9577487773825,7.56594706208705e-05,0.000612657176734854,"KLHDC9"
"126917",15257.123999601,1.8030684651889,0.233743106950859,7.71388935789227,1.22040283503052e-14,7.80148197399632e-13,"IFFO2"
"1271",477.998035920516,1.31024330935776,0.354075222577733,3.70046596262496,0.000215203944559779,0.00150365172940207,"CNTFR"
"1272",1957.73300798277,-1.7379886630076,0.627262901074481,-2.77074996788506,0.00559273541604394,0.0224336858395881,"CNTN1"
"127262",3627.28865635984,0.928523210116837,0.219912599883466,4.22223742800035,2.41889108241901e-05,0.000224990754814789,"TPRG1L"
"127435",6263.13605264839,-0.804504539135406,0.273244535174473,-2.94426579701479,0.00323721851796743,0.0142473606957113,"PODN"
"127534",1418.48539239185,1.32586244270077,0.28732757745484,4.61446288743084,3.94113187746738e-06,4.58588233837132e-05,"GJB4"
"127579",225.154548032964,0.723170497887803,0.292495714034852,2.47241399852319,0.0134203999728866,0.0453530640357737,"DCST2"
"127602",27.9016027888031,-1.78213388091689,0.415224674793036,-4.2919748972172,1.77090973192032e-05,0.000172270349347107,"DNAH14"
"127687",968.408697564988,-0.696609525513212,0.262433213198472,-2.6544259281175,0.00794434791805342,0.0297266783394313,"C1orf122"
"1277",978119.33804673,-4.20531866716755,0.404159489764295,-10.4050969324513,2.35016787010536e-25,4.88645004426755e-23,"COL1A1"
"127703",851.156108482834,-0.769893815569854,0.19623432070358,-3.92333926506571,8.7330036708367e-05,0.000693251629620141,"C1orf216"
"127733",101.299919231647,0.888148934839747,0.313289985701384,2.83491006854684,0.00458385873405358,0.0190115148462138,"UBXN10"
"1278",728681.240785156,-4.15886404534793,0.346604891069542,-11.9988613908899,3.60217749753326e-33,1.4259081078697e-30,"COL1A2"
"127845",7.02175756954557,3.818920343111,1.14940187440574,3.32252837597419,0.000892055977318992,0.00493339071389955,"GOLT1A"
"1280",16.4371023991141,-2.15066648856312,0.66348510915455,-3.241469113457,0.00118915319444077,0.0062554381176511,"COL2A1"
"128077",942.012170369164,-0.533319677275218,0.198009286672013,-2.6934073963845,0.00707257895213999,0.0269646166236062,"LIX1L"
"1281",767929.79345753,-4.64935146064185,0.364943627196519,-12.7399168369043,3.54772792042193e-37,1.87247260292218e-34,"COL3A1"
"1282",4438.60919556817,-1.27837878439173,0.321534801032444,-3.97586444853518,7.0124061765936e-05,0.000574615321413227,"COL4A1"
"128218",413.541417338594,1.95195323563253,0.275151871303556,7.09409398665901,1.30201626238684e-12,6.14695017086484e-11,"TMEM125"
"128344",89.3146227054144,1.49732846773043,0.303554506253171,4.93265109522579,8.1120983508088e-07,1.14762496531305e-05,"PIFO"
"128387",280.924217132897,0.608458914258534,0.177544821224952,3.42707216161268,0.000610126909894056,0.00359955640964725,"TATDN3"
"128414",60.005629127283,-3.66097360635949,0.421821732696981,-8.67895919670259,3.99406948035832e-18,4.13135307455757e-16,"NKAIN4"
"128486",616.650882599636,0.753129224051769,0.189594503988457,3.97231569591079,7.1177302586182e-05,0.000581394284299194,"FITM2"
"128488",1101.27780399456,-1.26031455866207,0.444354589492399,-2.83628117828549,0.00456422432387636,0.0189415309440869,"WFDC12"
"1286",110.831171561004,-2.50808295037302,0.466125448159164,-5.38070375749278,7.419520596885e-08,1.34676730128996e-06,"COL4A4"
"1287",759.234714108817,0.644891665865068,0.238038048026835,2.70919574081017,0.00674465352751649,0.0260069640569132,"COL4A5"
"128853",44.7936450033324,-1.48078122406047,0.470167642534937,-3.14947497466383,0.00163564116604918,0.00817780854067437,"DUSP15"
"128876",2666.2394332971,0.815921670741849,0.218359979808478,3.73658978837372,0.000186532860304572,0.00133180450798103,"FAM83C"
"1289",50034.242006668,-3.88048091150686,0.3689291897418,-10.5182268560063,7.1200883079211e-26,1.61054832670602e-23,"COL5A1"
"128977",688.15054992347,0.383600049860345,0.143552917659522,2.67218567281346,0.00753589384918603,0.0284517312897368,"C22orf39"
"1290",33233.8464013544,-5.09623163790096,0.353648781998916,-14.4104317540576,4.44920339564975e-47,4.82012645768707e-44,"COL5A2"
"129049",181.93208879692,0.830648737228129,0.32261651373679,2.57472479510402,0.0100319872908176,0.0357882888031526,"SGSM1"
"129080",1053.83860597485,-2.35663965539816,0.451689512264948,-5.21738847462064,1.81463415971844e-07,3.04172879019906e-06,"EMID1"
"1291",79943.2255549397,-2.6272423165545,0.327903224766318,-8.0122490970524,1.12629450224851e-15,8.33944101952638e-14,"COL6A1"
"1292",72380.8466556217,-1.8220659087958,0.379701967454194,-4.79867386785561,1.59719622297547e-06,2.09806554267563e-05,"COL6A2"
"1293",53573.943276299,-3.6286171640965,0.322087132485994,-11.2659488632452,1.93258840285078e-29,5.93737308720603e-27,"COL6A3"
"1295",2746.07625065779,-4.11152523564191,0.449913124716868,-9.13848698730296,6.33321529366442e-20,7.90078203665385e-18,"COL8A1"
"129531",260.077398605863,-0.664692709280897,0.267710558016399,-2.48287820325779,0.013032563949187,0.0443555384143625,"MITD1"
"1296",1917.55809675338,-1.48859335349874,0.324310502337774,-4.59002512335646,4.43192662268185e-06,5.10216876964672e-05,"COL8A2"
"129607",119.66716183246,-1.20563484049673,0.431994727768561,-2.79085545030689,0.00525689435877313,0.0213203121110117,"CMPK2"
"129804",1175.3715677641,-1.14601705087251,0.235211880120224,-4.87227537268417,1.10320254602744e-06,1.50187309572942e-05,"FBLN7"
"130",47.7212052931983,2.92641089216067,0.522183255737675,5.60418370372026,2.09238700377699e-08,4.39038675695674e-07,"ADH6"
"1300",668.633025099997,-5.95745387542892,0.711040341513138,-8.3785033388557,5.36049625616058e-17,4.65571539817761e-15,"COL10A1"
"130026",93.6754597405791,-0.81089911150392,0.29182679866698,-2.77869995219076,0.00545769120413928,0.0219954437909989,"ICA1L"
"1301",3761.94747030341,-6.64353921557996,0.830070511036396,-8.00358418622181,1.20848993021016e-15,8.88412740123066e-14,"COL11A1"
"130132",240.0674592693,-1.70696242939251,0.295120406792725,-5.78395254988714,7.29655315642649e-09,1.71061788350664e-07,"RFTN2"
"1303",17721.5457954969,-3.09546639102832,0.388523861287141,-7.96724911765612,1.62245393663768e-15,1.16771300111014e-13,"COL12A1"
"130367",2873.4630010409,1.19436287212913,0.271320126687274,4.40204302832929,1.07236282449876e-05,0.000110922192861721,"SGPP2"
"130399",26.400838915229,2.01979672159356,0.760328656154102,2.65647849156456,0.00789614877493855,0.0295867989035292,"ACVR1C"
"1305",270.046780922949,-0.989881953380884,0.249014476102047,-3.97519842571412,7.03206011879256e-05,0.000575996520036714,"COL13A1"
"130502",141.569051029808,0.559836082748396,0.219052433926852,2.55571724409756,0.0105969189743924,0.0373517565747732,"TTC32"
"130574",82.6335831568973,-1.38036569246438,0.41719953745213,-3.30864626766939,0.000937482010574605,0.00513631346970127,"LYPD6"
"130576",1111.49023401265,0.915279370787714,0.285567937179815,3.20511952366483,0.00135006405637281,0.00697358056119896,"LYPD6B"
"1307",16037.2700929116,-2.75329132707772,0.23907694802806,-11.5163396127785,1.09149972990302e-30,3.87369490350411e-28,"COL16A1"
"1308",34823.8520407002,0.821211795972157,0.308876444293953,2.65870645412708,0.00784412744512693,0.0294400445469609,"COL17A1"
"130888",179.87389158499,0.826464853414486,0.23019171637874,3.59033272967426,0.000330256112584162,0.00215123945172866,"FBXO36"
"130916",1156.34417291179,-0.627602424595585,0.201236293790491,-3.11873376702608,0.00181629997200995,0.00887623898951872,"MTERF4"
"1311",13949.4608272887,-4.23497875672574,0.374778977496731,-11.2999367921128,1.31312477808546e-29,4.15836314340171e-27,"COMP"
"131177",76.0390752889873,3.65365434027327,0.506088279478108,7.2194012160112,5.22169835959029e-13,2.60250457708974e-11,"FAM3D"
"131408",972.384734703572,0.933056566703453,0.265603551268746,3.51296721089153,0.000443132158752507,0.00275111533430051,"FAM131A"
"131450",99.3197460652253,-0.908881373847509,0.234611609373071,-3.87398294686363,0.000107070908338034,0.000827307649110397,"CD200R1"
"1315",2580.3082578875,-0.591086533817046,0.231071167762118,-2.55802807222385,0.0105267594043409,0.0371541178976257,"COPB1"
"131566",787.022014195813,-1.16026917147748,0.203328067992167,-5.70638959458456,1.1539769873575e-08,2.56240154344842e-07,"DCBLD2"
"131578",10573.9932856054,-4.33367609331452,0.421751611369107,-10.2754227286681,9.0944857747586e-25,1.74954107651992e-22,"LRRC15"
"131583",714.915280507427,0.684022308503008,0.236312236466702,2.89456999235582,0.00379678253451342,0.0162015924400097,"FAM43A"
"1318",921.409077437446,0.917966080937212,0.209826324465132,4.37488519744698,1.21496402642311e-05,0.000123074899212073,"SLC31A2"
"131873",306.571032599783,-3.59760872763702,0.458047883680033,-7.85421973513606,4.022685053507e-15,2.778622454409e-13,"COL6A6"
"131890",6.53351954886824,-2.47947780844198,0.719796838454759,-3.44469116280763,0.000571712209223033,0.0034002092212213,"GRK7"
"132014",2068.25910738747,1.22963780135464,0.244831151697833,5.02239111660201,5.10321287856682e-07,7.56260143213963e-06,"IL17RE"
"132430",28.728226502876,-1.67670204302813,0.378950727612707,-4.42459116938743,9.66250922485126e-06,0.000101063561933099,"PABPC4L"
"1326",591.201160556167,0.918865653277453,0.23536076402533,3.90407320898466,9.45871481673635e-05,0.00074199003730069,"MAP3K8"
"132671",350.284159683043,-0.721004889218619,0.209212507593363,-3.44628004086641,0.000568361045393178,0.00338516891156631,"SPATA18"
"132720",385.723784767555,0.587737890842559,0.222292192490874,2.6439880063115,0.00819355593845322,0.0304873744463343,"FAM241A"
"132864",749.051554985248,0.750168869224308,0.238863550148558,3.14057489624411,0.00168616587166434,0.00835734127193324,"CPEB2"
"133",529.330945554455,0.773221365014761,0.306928061766376,2.51922668968377,0.0117612908878653,0.0407634974971912,"ADM"
"133022",154.279536366717,0.511021703052322,0.197964121964485,2.581385444904,0.00984046440491097,0.0352455856082542,"TRAM1L1"
"133060",10.4958795544288,2.76235269272755,0.951424012294785,2.90338761375688,0.00369149437017979,0.0158303583574543,"OTOP1"
"133383",103.74696060499,2.11233662739829,0.344128180332612,6.13822624278152,8.3447962776403e-10,2.40573230502728e-08,"SETD9"
"133584",558.440859035482,-0.992578270249578,0.211207089451033,-4.69954996695175,2.6073542389737e-06,3.22534733503814e-05,"EGFLAM"
"134",219.685533754216,3.14773167663443,0.520260061731161,6.05030427698097,1.44572510216796e-09,3.9625573239714e-08,"ADORA1"
"134111",132.619895879197,-1.03126656067445,0.393086725640799,-2.62350899535797,0.00870291469008607,0.03194379386247,"UBE2QL1"
"134121",22.6598397768443,1.73367398160315,0.510138343729081,3.39843888018709,0.000677716041709012,0.00391967041375057,"CFAP90"
"134353",191.277135306622,-0.940436958446653,0.24435912108949,-3.84858545182868,0.000118801855865695,0.000904403172514316,"LSM11"
"134549",198.820610740156,-1.47743516352255,0.246043243254965,-6.00477844454171,1.91593347258597e-09,5.15523850976597e-08,"SHROOM1"
"134728",117.071310247534,0.789120122683876,0.218317824645172,3.61454738735337,0.000300872783409362,0.00198945241686422,"IRAK1BP1"
"1351",3481.00561544238,0.663744934953759,0.236614665379873,2.8051724261814,0.0050289669476169,0.0205430360506839,"COX8A"
"135112",459.892989950675,-0.649034545791198,0.205261906745323,-3.16198244517177,0.00156699010552242,0.00787666039855273,"NCOA7"
"135114",801.843844109229,1.0327341213344,0.205842304788277,5.01711308759704,5.24536951678244e-07,7.75094659967334e-06,"HINT3"
"135154",232.973097806684,0.825746490446207,0.235102891223464,3.51227705516109,0.000444284584441932,0.0027553943616007,"SDHAF4"
"1359",1652.01018100195,-1.32695957109218,0.279151310740032,-4.75354949104269,1.99876148197877e-06,2.57301478080369e-05,"CPA3"
"135932",85.4049441328747,2.72610291439204,0.420179497730129,6.48794843422596,8.70130481457105e-11,3.04087705098694e-09,"TMEM139"
"136259",11.322526673341,1.85278588808642,0.686619575536521,2.69841693144076,0.00696701231446634,0.0266559445131924,"KLF14"
"136306",14.5573891758241,2.09495240492552,0.666820140261605,3.14170535416586,0.00167966974210912,0.00833813672447176,"SVOPL"
"1364",3564.34469963425,1.69391810175547,0.311051577298201,5.44577885271912,5.15791880436511e-08,9.75832726737604e-07,"CLDN4"
"1365",65.3051216613512,4.92622297614065,0.648907568561989,7.59156344417033,3.16068344960096e-14,1.92483751853805e-12,"CLDN3"
"1366",391.064659416558,2.11644177093845,0.366460086253682,5.77536776944744,7.67851821209689e-09,1.78952267616148e-07,"CLDN7"
"1368",1973.15638320195,1.56826551347183,0.267994476072123,5.85185760713135,4.86112735977136e-09,1.20121783401601e-07,"CPM"
"1370",27.2972135863486,-3.99500973894734,0.806792098155233,-4.95172145101831,7.35598467290016e-07,1.05149714240956e-05,"CPN2"
"137075",282.254218313078,2.08473414237026,0.348995471483579,5.9735277753263,2.32177235448718e-09,6.15075445878561e-08,"CLDN23"
"137209",25.275568269153,-1.27511171567506,0.405445818975499,-3.14496205410892,0.00166108373747798,0.00826286796816015,"ZNF572"
"137392",145.366965833508,-0.943826719923441,0.227113190889679,-4.15575474161653,3.24215474770503e-05,0.000293535962443586,"CIBAR1"
"137902",60.7278444342057,-2.97150292827387,0.517863442720086,-5.73800481583717,9.57983926925762e-09,2.1645599508057e-07,"PXDNL"
"1382",8002.55100188057,-0.756719066986773,0.235914971049774,-3.20759239491892,0.00133851057338671,0.00692084944551421,"CRABP2"
"138428",260.595731571801,0.701343761907298,0.258371590052755,2.7144770900086,0.00663804915444533,0.0256720041438221,"PTRH1"
"138429",102.222139751126,0.692393521715904,0.230814420880476,2.99978449818978,0.0027017068235481,0.0123035250566182,"PIP5KL1"
"138639",154.992410365418,-1.30192098649307,0.289894717295098,-4.4910131465686,7.088517511883e-06,7.71602561949232e-05,"PTPDC1"
"138715",23.2397932250512,1.33672099709399,0.516596262547594,2.58755452565985,0.00966598962198269,0.034718722684707,"ARID3C"
"1389",1721.10364168208,0.568760712144943,0.184004520469185,3.09101488754018,0.00199473632388346,0.00955764722784383,"CREBL2"
"1390",307.132543600593,-0.719120543271364,0.171522647490251,-4.19256905017303,2.75813091361521e-05,0.000253339432065397,"CREM"
"139065",166.685734172313,1.43742562403247,0.289466867273632,4.96576909672246,6.84293343573129e-07,9.86379144545469e-06,"SLITRK4"
"139231",603.885432016889,0.510222633841503,0.187526184205295,2.7208074221941,0.00651226874742987,0.0252826367214441,"FAM199X"
"1393",22.871223033802,1.05292782533712,0.429540433920997,2.45128919698111,0.0142345536620345,0.04754243916588,"CRHBP"
"139322",406.088102055057,0.950812166918271,0.289586621582666,3.2833428620488,0.00102583817336896,0.00553465813808073,"APOOL"
"1395",39.9418691428512,-1.60590123664752,0.507534753967759,-3.16412073083282,0.00155552254319389,0.00782857604623544,"CRHR2"
"1396",7557.23328430163,1.08011472679762,0.428337832902712,2.52164213344876,0.0116808475193711,0.0405529710471809,"CRIP1"
"139716",173.017638892114,-1.46652413885435,0.26333629834278,-5.56901630380406,2.56181516796575e-08,5.25746793792692e-07,"GAB3"
"139728",71.9657267483828,3.29610808388836,0.671087211277394,4.91159424363686,9.03388479939164e-07,1.26155688406158e-05,"PNCK"
"139735",42.9983861671396,-1.13235024422259,0.349165790173583,-3.24301600010602,0.00118271569117275,0.00623137443449354,"ZFP92"
"139818",359.842769975809,-0.718983608216609,0.251610477312819,-2.85752650642891,0.0042695697262684,0.0178882196713838,"DOCK11"
"1400",286.194533827684,-1.15887579465021,0.233959453093098,-4.95331895902946,7.2958237192402e-07,1.04434795157747e-05,"CRMP1"
"1404",35.5120532932449,-1.90543148798735,0.709832267435938,-2.68434047788523,0.00726730548941884,0.0275742333998521,"HAPLN1"
"140564",77.5534364492075,-1.16608354163838,0.332857160131661,-3.50325509349759,0.00045960908112442,0.00283421010361446,"APOBEC3D"
"140597",16.8381850735798,1.49368393848806,0.54227634532774,2.75447002502997,0.00587872746711638,0.023338037836668,"TCEAL2"
"140680",192.968305997152,-0.639897884649749,0.23416094627191,-2.73272676267157,0.0062812416605573,0.0245617550039726,"C20orf96"
"140688",478.945772900135,-0.900710245093372,0.185739560486003,-4.84931827520527,1.23886506088309e-06,1.66671885053709e-05,"NOL4L"
"140689",13.5977635232388,-2.89811302927117,0.851462803891459,-3.40368717931759,0.000664828446499894,0.00386686316551394,"CBLN4"
"140691",26.0019412927486,-1.17268260325992,0.379191364862524,-3.09258783803021,0.00198419503180209,0.00952487652393053,"TRIM69"
"140700",330.721126530181,0.575483471765526,0.229668917829366,2.50570898841908,0.0122206154574514,0.0420932310201102,"SAMD10"
"140707",766.108665449833,1.27463422097152,0.340902820257426,3.73899582294158,0.00018475679660489,0.00132003953534018,"BRI3BP"
"140733",101.382755503992,1.26176990638523,0.296237570135138,4.25931763418678,2.05051914292434e-05,0.000194731423775146,"MACROD2"
"140735",3700.41582712822,0.487392105635328,0.152752718641803,3.19072622712683,0.00141915687445835,0.00725942472759708,"DYNLL2"
"140738",453.016164686367,1.43424445084317,0.386391747334074,3.71189203894441,0.0002057157347828,0.00144866667285979,"TMEM37"
"140739",653.175344252028,-0.40447576790194,0.145749485816214,-2.77514370384794,0.00551773211612678,0.0222003514226649,"UBE2F"
"140766",1365.27737159117,-4.91798867872203,0.408750318494665,-12.0317672089746,2.41926265961341e-33,9.76433384029066e-31,"ADAMTS14"
"140775",1011.45910650951,0.513920576021806,0.20427560780131,2.51581959076423,0.0118755954289871,0.0411042973449251,"SMCR8"
"1408",4426.76998539482,1.12395348566974,0.261948038059883,4.29074977615522,1.78070872383307e-05,0.000173060001753447,"CRY2"
"140876",347.052891023042,-1.87749724687192,0.324052881776551,-5.79379895213071,6.88118272940265e-09,1.63182333297263e-07,"RIPOR3"
"140901",1349.82721043822,0.59160572384337,0.173431946899497,3.4111692477638,0.00064684926608824,0.00377723270727953,"STK35"
"140947",43.7063935314113,-1.72463721147942,0.423888739372589,-4.06860822496041,4.72947925971594e-05,0.000409384361152199,"DCANP1"
"141",250.583384068365,-0.520235741173405,0.190705797880155,-2.72794926507865,0.00637294090348014,0.0248317252180358,"ADPRH"
"1410",4558.97635467098,1.80697328163349,0.395652809354128,4.56706799222084,4.94593617946074e-06,5.60303524039735e-05,"CRYAB"
"1417",881.620895355481,1.03685404235111,0.17067634637818,6.07497209984607,1.24009280229905e-09,3.43554108243925e-08,"CRYBB3"
"1427",80.6086381874373,-1.46948017401143,0.437756147308043,-3.35684646131852,0.000788368789420986,0.00444475024964162,"CRYGS"
"1428",106.849412239501,-1.46830466633894,0.313155402254977,-4.68874129510759,2.74890646744404e-06,3.3761032652666e-05,"CRYM"
"142827",20.7581990030379,2.29790785219769,0.89308696369889,2.5729945073663,0.0100822807781854,0.0359236667350859,"ACSM6"
"143",1042.3441504696,-0.715646689920827,0.207448085948005,-3.44976280041552,0.000561079315006868,0.00334664057377612,"PARP4"
"143098",1706.05963323679,0.86765443805624,0.223443462652666,3.88310504928477,0.000103130985457979,0.000800772615868369,"MPP7"
"1431",5516.51272549709,0.754437699819629,0.17128985293061,4.40445062513571,1.06052291105148e-05,0.000109973821667928,"CS"
"143279",200.152821250888,-1.0972201386051,0.365603044637756,-3.00112418290236,0.00268984843279902,0.0122685220786029,"HECTD2"
"143425",32.4512110751717,2.62655483988353,0.639538382179879,4.10695419238306,4.00910698635179e-05,0.000354482208793236,"SYT9"
"143458",1089.53251585494,1.11979384455574,0.215864973551201,5.18747356800864,2.13166168976517e-07,3.52151879792346e-06,"LDLRAD3"
"143503",28.0457237215591,-1.3286892796587,0.350359422322958,-3.79236063026135,0.000149222000056577,0.00110013812649161,"OR51E1"
"143662",1026.21646080835,1.20288499198371,0.293693074742016,4.09572133439081,4.2085592235486e-05,0.000370051187772424,"MUC15"
"143689",57.36348490075,-1.2101812378156,0.383126348226459,-3.15870010877008,0.00158474471114451,0.00795619149614598,"PIWIL4"
"1438",192.652135212973,-0.93948463808768,0.243698246034034,-3.85511448431384,0.000115675484005465,0.000883606674685535,"CSF2RA"
"143888",1121.70611169231,-0.668755823487915,0.271149353363965,-2.46637439916828,0.0136488586837516,0.0459816869306617,"POGLUT3"
"1439",562.617673232768,-0.626697805416335,0.234889295369146,-2.66805604926113,0.0076291529667115,0.0287458328147153,"CSF2RB"
"143903",305.196095092337,-2.47909079366886,0.339411225330137,-7.30409193525496,2.79145472784738e-13,1.46612091588994e-11,"LAYN"
"144097",312.391016559713,-0.621015292214358,0.241840701900736,-2.5678692103253,0.0102325755596784,0.0363526640180222,"SPINDOC"
"1441",105.224005417387,-1.46455703843515,0.338603937105986,-4.32528059464568,1.5233782689428e-05,0.000150034537262769,"CSF3R"
"144165",799.952461711253,-1.55984451294554,0.30151103684419,-5.17342426092221,2.29842314471706e-07,3.77881325965304e-06,"PRICKLE1"
"144347",137.352837192833,-1.95976316092094,0.28420168435311,-6.89567750234021,5.36086885214591e-12,2.29413980150876e-10,"RFLNA"
"144363",393.825283874798,0.520562040963924,0.213104278068803,2.4427573471606,0.0145755336557867,0.0484454682336047,"ETFRF1"
"144404",810.975004048567,-0.451501266558468,0.172947353005504,-2.61062837165308,0.00903760453150344,0.0329081994828351,"TMEM120B"
"144501",14846.5440263447,1.32817512484864,0.2703875935239,4.91211563200379,9.00988885082852e-07,1.25962734221849e-05,"KRT80"
"144571",584.093377098283,-0.831410236978094,0.327282359151217,-2.54034540429951,0.0110743040434457,0.0388005913923891,"A2M-AS1"
"144577",226.256667151394,0.624062608357714,0.208427608863271,2.99414560173312,0.00275214574502354,0.0125000370731608,"KICS2"
"144699",183.012368410016,0.797996528180208,0.272135057284889,2.93235475113672,0.00336402239434342,0.0146861160053372,"FBXL14"
"144715",328.041841064997,0.614306339573571,0.208262950484977,2.94966693856517,0.00318116660884157,0.0140487306321379,"RAD9B"
"145173",453.629157682617,-1.14541348242633,0.232598842988821,-4.9244160792381,8.4612630584627e-07,1.19292218353011e-05,"B3GLCT"
"145258",22.9171713697208,-1.17788380930258,0.447001058847767,-2.6350805797615,0.00841173113276114,0.0311064443748505,"GSC"
"145264",11993.331805397,1.31480539419028,0.310118010162097,4.23969376529611,2.23824920362069e-05,0.000210485629260094,"SERPINA12"
"145270",281.389092865815,1.41497398803904,0.214097409476828,6.60901965837277,3.86873350535619e-11,1.41697527534256e-09,"PRIMA1"
"145282",65.114118693286,0.769857701568098,0.312898059665878,2.46041059631426,0.0138778143708491,0.046604229274637,"MIPOL1"
"145389",167.8590718588,-1.33739139462181,0.272476563032358,-4.90828047644959,9.18783945215258e-07,1.27699181149972e-05,"SLC38A6"
"1454",1449.16612682835,0.534962668097366,0.176132138979988,3.03728025558213,0.00238723390627661,0.0110797796452757,"CSNK1E"
"145407",557.737397919784,-2.66583583040167,0.256948236081394,-10.3749917534254,3.22240204351639e-25,6.63299236637413e-23,"ARMH4"
"145447",616.392178739021,1.04112012341585,0.267504040674673,3.89197905493329,9.94298305109837e-05,0.000775795031024573,"ABHD12B"
"1456",428.919220177323,-0.549769820674111,0.224341758415572,-2.45059067271691,0.0142622036524882,0.0476193349526061,"CSNK1G3"
"145773",45.1417038960011,1.12532239992799,0.379297684038533,2.96685808346161,0.00300859793781326,0.0134336182108348,"FAM81A"
"145864",581.584200808453,-1.90490241601368,0.225521674009064,-8.44664897236052,2.99783385249544e-17,2.71838819470335e-15,"HAPLN3"
"1459",1895.64421043544,0.752774845719304,0.218254202839465,3.4490737677707,0.000562513008911153,0.00335422009716894,"CSNK2A2"
"146050",287.10592416116,-0.867303591966138,0.318361024383186,-2.72427692317711,0.00644424478878642,0.0250610872345324,"ZSCAN29"
"146198",604.892014247816,-0.65366287725113,0.189394775095973,-3.4513247628922,0.000557841878325417,0.0033321582192253,"ZFP90"
"1462",9230.37596025983,-2.94745192091049,0.340999049172884,-8.64357812158051,5.44794418512561e-18,5.52416172939042e-16,"VCAN"
"146206",84.841223230578,-0.916063631397548,0.299795978758356,-3.05562347831197,0.00224593102210574,0.010516434067112,"CARMIL2"
"146212",13.6490197700295,-1.58377205598478,0.484046691844722,-3.27194066743635,0.00106811989083742,0.0057166354219962,"KCTD19"
"146330",556.873394429726,0.987464889020534,0.332856989986413,2.96663407627654,0.00301079055444575,0.013437578658437,"FBXL16"
"1464",1351.05333569826,0.710952298505236,0.285136994587276,2.49337094800452,0.0126536573145583,0.043295026955264,"CSPG4"
"146429",46.9995414039808,1.86728508042381,0.54027508050175,3.4561747298981,0.000547900030674493,0.00328325305135481,"SLC22A31"
"146433",2639.64067748935,0.952378328053069,0.36011972381335,2.64461584599761,0.00817837064741581,0.030452890992476,"IL34"
"146439",1090.49099871551,0.730057126899504,0.233205453874439,3.13053196128328,0.0017449001072916,0.00859670268274062,"BICDL2"
"1465",10812.6321302746,2.03588926515642,0.360710835298353,5.64410343668351,1.66044229467282e-08,3.56397749672006e-07,"CSRP1"
"146540",340.971195564009,-0.615505766991306,0.181798705763164,-3.38564438293169,0.000710113421377287,0.00407839694911553,"ZNF785"
"146556",62.6774431675497,1.55445916490589,0.622707540640515,2.49629089653705,0.0125499636409021,0.0430403951323441,"C16orf89"
"1466",1058.24763874503,-2.71146430371408,0.275637166545495,-9.83707798805333,7.79416754893322e-23,1.2732948002162e-20,"CSRP2"
"146691",6213.27980926085,1.07804501640108,0.208654755668855,5.16664483848135,2.3833352664656e-07,3.90593735071082e-06,"TOM1L2"
"146713",22.4555622121267,1.18705420208279,0.437554127377518,2.71293110454105,0.00666909705361283,0.0257603103305623,"RBFOX3"
"146722",17.530166575461,-3.32007195239551,0.645231177189082,-5.14555413589783,2.66732264351649e-07,4.31849824829993e-06,"CD300LF"
"146760",512.971990135504,1.08228108707441,0.353446163042132,3.06208186774234,0.00219803326951885,0.010329752698579,"RTN4RL1"
"1468",762.072420271627,0.919788742836282,0.310465427073999,2.96261246060436,0.003050403554309,0.0135731748296361,"SLC25A10"
"146850",144.940798215578,-0.871360629792672,0.236938997627516,-3.67757371525015,0.000235463040010943,0.00161991016563678,"PIK3R6"
"146894",300.64147304286,2.82900721974771,0.469619465058368,6.02404165550527,1.70114553133675e-09,4.6074183706626e-08,"CD300LG"
"146956",227.495640390211,-1.21280174739508,0.25732510056907,-4.7131109429783,2.43963282721554e-06,3.06017075657555e-05,"EME1"
"147",28.6094125191635,1.58879681292741,0.588153477255076,2.70133030640634,0.006906271275619,0.0264678249743701,"ADRA1B"
"147007",714.872379933752,0.522391582192874,0.164350281530689,3.1785256303034,0.00148026130295445,0.00751781363434847,"TMEM199"
"147081",338.527648246216,0.831579159030021,0.249193333194805,3.337084296633,0.000846622660401882,0.00472401215551974,"LINC02210"
"147111",113.194848580375,1.5968751267039,0.538635144540563,2.96466939242515,0.00303008372966539,0.0135061159574345,"NOTUM"
"147138",401.857917531135,-0.85291571771746,0.219866947700364,-3.87923572250531,0.000104785175436975,0.000812697080329574,"TMC8"
"147179",2295.70517683058,0.599413603162919,0.208525718023946,2.87453081971446,0.00404628277452632,0.0170988882428351,"WIPF2"
"147184",13893.5404435498,1.25869607893622,0.238819736105578,5.27048601368431,1.36062994257745e-07,2.32039823844359e-06,"KRT10-AS1"
"147339",545.420749681194,0.57231945030727,0.199598204710958,2.86735770562695,0.00413914889168765,0.0173984563582803,"C18orf25"
"147372",245.289869863502,0.953218944933163,0.281656574736115,3.38433053027871,0.000713520510903195,0.00409339637581699,"CCBE1"
"1474",7022.84406202578,1.46333787344017,0.340773411548083,4.29416680953025,1.75350602385469e-05,0.000170738732237583,"CST6"
"147407",5.67910374497697,-1.85919868957154,0.718489652370929,-2.58764852553744,0.00966335257083898,0.034718722684707,"SLC25A52"
"147495",11596.2995986991,0.765817957445851,0.249007519638141,3.07548124875402,0.00210163143014559,0.00997923445400621,"APCDD1"
"147645",1527.99089771704,1.63687400342853,0.249008726999553,6.57356078701398,4.91260039656677e-11,1.77405204496369e-09,"VSIG10L"
"147650",86.5828381325317,-0.876544008740311,0.286251954590122,-3.06214156684245,0.00219759491990823,0.010329752698579,"SPACA6"
"147657",182.789048245197,-1.17412263477468,0.310366179022492,-3.7830237768581,0.000154934607655578,0.00113372696906592,"ZNF480"
"147700",2184.68857131109,1.38205623258056,0.315394059813295,4.38199829571522,1.17595729367143e-05,0.000119771919509811,"KLC3"
"147727",785.778130113334,0.732273617763261,0.223778698077656,3.27231154731781,0.00106671959670065,0.00571359775656681,"ILF3-DT"
"147744",18.1340582494409,1.35602197772756,0.553617220061925,2.44938547535764,0.0143100209183504,0.0477154226937144,"TMEM190"
"147798",421.262901154028,1.79839244292707,0.404206341160924,4.44919403728773,8.61931207953041e-06,9.19702359531286e-05,"TMC4"
"147906",386.191911677978,-1.13234301567614,0.318017026537441,-3.56063644769292,0.000369957006341478,0.00236790889879757,"DACT3"
"147920",948.138563882997,0.859829297976716,0.287642482045892,2.98922917039609,0.00279682271494648,0.012669993646457,"IGFL2"
"147948",55.4665405320015,-1.05699413350442,0.302021077193529,-3.49973632081023,0.000465718587024639,0.00286587485659647,"ZNF582"
"147949",78.7099320646889,-1.54505446665236,0.344759186978862,-4.48154690290266,7.41039421424282e-06,8.03241466592807e-05,"ZNF583"
"147991",759.923314303998,-1.85202324169793,0.27500420101378,-6.73452709038844,1.6446396070045e-11,6.48529917060931e-10,"DPY19L3"
"148",75.9581498993457,4.2307372401745,0.610128009314352,6.93417967309665,4.08585091069954e-12,1.80478873703518e-10,"ADRA1A"
"148113",937.610827029452,-3.71958989428275,0.7184315087742,-5.17737578162347,2.25028673371039e-07,3.70855901734946e-06,"CILP2"
"148170",297.391107845314,-0.9780931141009,0.348054792288851,-2.8101699380975,0.00495153476213295,0.0202911390690314,"CDC42EP5"
"148229",42.5915571771174,-1.25374958793515,0.404764178754191,-3.09748158000054,0.00195172525207608,0.00940409938874861,"ATP8B3"
"148254",125.116635804919,-1.10554890780902,0.248537820473332,-4.44821196912219,8.65880597824519e-06,9.22530342940988e-05,"ZNF555"
"148268",121.615375666973,-0.686404708148577,0.266248843655216,-2.57805704890666,0.00993575929463891,0.0355250424389174,"ZNF570"
"148281",36.3642373579065,-2.53585511027418,0.510142311441858,-4.97087783819946,6.66504366321924e-07,9.65481721705778e-06,"SYT6"
"148304",271.932987285163,0.451372151026801,0.169924895250409,2.6563038356542,0.00790023989775586,0.0295885258470536,"C1orf74"
"148327",457.412917228786,0.521073841140686,0.211130687194666,2.46801565449482,0.0135864377785117,0.0458238956632615,"CREB3L4"
"148523",558.464422161532,1.89317357279326,0.442187471906903,4.28138220341041,1.85736034884977e-05,0.000179738905835087,"CIART"
"148534",120.599368982814,3.09578262279612,0.866350994716496,3.57335842132805,0.000352431832703868,0.00227056552249653,"TLCD4"
"148641",21.7165916777451,1.34722406632034,0.49871002184016,2.70141767223626,0.00690445715257712,0.026465878707329,"SLC35F3"
"148808",458.288601390247,2.86322474034714,0.280039896678764,10.2243457960976,1.54266025711867e-24,2.91322190206704e-22,"MFSD4A"
"148811",840.983684526743,4.25946065941048,1.16195977787628,3.66575568320919,0.000246609280106488,0.00168869109172054,"PM20D1"
"148867",320.385910314722,-1.03189135977105,0.246447622968247,-4.18706152383545,2.82589243801858e-05,0.000259100979706791,"SLC30A7"
"148932",609.577771790493,-0.566403231906877,0.183813729202188,-3.08139786056925,0.00206031148977306,0.00981700270960385,"MOB3C"
"148979",227.907355712035,-1.31819585725167,0.29388693737953,-4.48538430801137,7.27826301099309e-06,7.91001931458721e-05,"GLIS1"
"149069",28.9553130927341,-1.02984656633317,0.376752480140466,-2.73348317693678,0.00626683246461945,0.0245283930322791,"DCDC2B"
"149095",97.2697714911024,1.08495305638929,0.33408653741313,3.24752103089876,0.00116415060286764,0.00615695683695464,"DCST1"
"1491",56.1280708028019,-1.08594515390642,0.309913764096674,-3.50402363403152,0.000458284683364888,0.00282688999771737,"CTH"
"149111",108.569503699536,-1.47915556303159,0.288277160618702,-5.1310189119978,2.88177951169272e-07,4.6162295306368e-06,"CNIH3"
"149134",17.0683572285914,-1.22536079162773,0.501027083351747,-2.44569771244774,0.014457215713107,0.048098808507935,"LINC01341"
"149175",216.616242283387,1.18480387998106,0.295549746653822,4.00881372220841,6.10245287736294e-05,0.000512287479721202,"MANEAL"
"149281",12.4401325726792,-7.51544551598537,1.04458587436357,-7.19466508252783,6.26142684014005e-13,3.09077242391949e-11,"NTMT2"
"149297",84.5128711354066,-1.02371808519251,0.301932156132064,-3.39055666778581,0.000697508326870241,0.00401946007847062,"FAM78B"
"149345",533.043624226399,-0.765407707602659,0.237937114945014,-3.21684873660649,0.00129606911760092,0.00674034530487553,"SHISA4"
"149428",5064.1682530257,0.630134504390095,0.201072801469771,3.13386246068109,0.00172521700381396,0.00852012159465126,"BNIPL"
"149461",10.701520316295,4.00457713150437,0.918105970726879,4.36178094815557,1.29007999157986e-05,0.000129663117903711,"CLDN19"
"149466",370.348620130559,1.68228062949172,0.237699887955615,7.07733034272966,1.46957934853847e-12,6.85936991163623e-11,"C1orf210"
"149473",144.931866595372,0.889699182706605,0.323172732625835,2.75301438793317,0.0059049301055603,0.0234239894570926,"CCDC24"
"149478",59.7315578595945,-1.17021729018098,0.321702134023061,-3.63758012900558,0.00027521158653755,0.00184466144490034,"BTBD19"
"149708",5136.54846077975,0.679355928054278,0.255954027822894,2.65421073398523,0.00794941642516673,0.0297402376764144,"WFDC5"
"149837",55.9897745972778,-2.14740781640567,0.327793287565332,-6.55110369207201,5.71133824222971e-11,2.04455976309663e-09,"LINC00654"
"1500",5203.70011875498,0.565703383069973,0.21265755804444,2.66016119188087,0.00781032625614787,0.0293318291655807,"CTNND1"
"150094",2418.11642966401,1.8545752783696,0.314738775657228,5.89242705954148,3.80564097096689e-09,9.68298068558498e-08,"SIK1"
"1501",40.1012836302929,2.78946453233579,0.637371073437143,4.37651573563432,1.20591489323564e-05,0.000122378087928799,"CTNND2"
"150248",52.7101926058795,1.06735228233059,0.400161162257714,2.66730603317068,0.00764620112845211,0.0287942561339294,"C22orf15"
"1503",529.709258479938,-0.696556666719385,0.194480433855278,-3.58162851095718,0.000341459102246536,0.00221064859953285,"CTPS1"
"150353",26.1545139951812,1.6542284944628,0.497414816193486,3.32565183144712,0.000882120415587955,0.0048889517055634,"DNAJB7"
"150365",52.9546133316412,-1.57027797535334,0.438857975497501,-3.57810057701066,0.00034610027643675,0.00223416699718625,"MEI1"
"150368",1088.4148965935,-1.35364992718905,0.263321291987717,-5.14067782734482,2.73749096892044e-07,4.41256962445249e-06,"PHETA2"
"150379",108.5983735884,3.22183177190006,1.03560335632492,3.11106733308927,0.0018641242821509,0.00906446656067524,"PNPLA5"
"150383",283.094328212452,-0.831576223672025,0.201920043901483,-4.11834411088853,3.81604578735501e-05,0.000338867499943553,"CDPF1"
"150465",1171.27602762988,-0.791777209705689,0.178343285130301,-4.43962445307208,9.01159909240807e-06,9.55173819351842e-05,"TTL"
"150590",35.08322845597,1.18507902752132,0.433817433268886,2.73174597570123,0.0062999694108794,0.0246209550699718,"C2orf15"
"150696",5186.50529203007,0.953212043102233,0.222494911039239,4.28419705713685,1.8340031175644e-05,0.000177819689929089,"PROM2"
"150726",324.526741006315,0.664868850013913,0.242877765019908,2.73746281368909,0.00619151195294267,0.0242939538771201,"FBXO41"
"150759",47.6239689449551,-1.492308995538,0.590806947936125,-2.52588260979514,0.0115408037091476,0.0401616066862375,"LINC00342"
"1508",17598.0622529648,-0.527559400699482,0.204660108982653,-2.57773438762411,0.00994504093799483,0.0355397087964732,"CTSB"
"150864",335.169507576126,0.739539328992407,0.192353501164895,3.84468868262729,0.000120705580101739,0.000916313927151073,"FAM117B"
"150921",41.0308642378717,-1.12284099125994,0.455554155403425,-2.46478048315811,0.0137097214923886,0.0461565108274988,"TCF23"
"151",44.9256181876243,1.35398154372322,0.394551264544499,3.4316999219008,0.000599810846545615,0.00354886647464644,"ADRA2B"
"151011",1852.13254415676,0.775496754481561,0.225740114135363,3.43535200844516,0.000591784589437417,0.00350540834215246,"SEPTIN10"
"151176",11.624527701205,-4.46010380175694,0.859409313848145,-5.18973174934084,2.10597248642256e-07,3.48236254117425e-06,"ERFE"
"151188",393.022771052687,1.26569214849474,0.207682275717412,6.09436767833254,1.09870869473486e-09,3.10281580466472e-08,"ARL6IP6"
"151258",12.721675777323,-2.88869965576055,0.763382675347531,-3.78407808959702,0.000154279381722458,0.00113136729147582,"SLC38A11"
"151295",43.1013277063393,-1.33808063903427,0.378643381594731,-3.53388096577492,0.000409505460132881,0.00257554886989644,"SLC23A3"
"1513",22127.6435973398,-1.39965169365867,0.200151205608444,-6.99297158567613,2.69124033259067e-12,1.21217704608417e-10,"CTSK"
"151306",55.5479993084057,1.9803986465694,0.408730488679839,4.84524326278156,1.26456640110299e-06,1.69796704502961e-05,"GPBAR1"
"151313",438.195478866822,0.809439830536865,0.235499695371565,3.43711625299451,0.00058794319510221,0.00348867763850789,"FAHD2B"
"1514",1839.98195377473,-1.13892807995953,0.170644447826507,-6.67427563255663,2.48456269119074e-11,9.54146239467728e-10,"CTSL"
"151449",159.882451341374,0.748162196150831,0.308036942178596,2.42880672317886,0.0151486055072511,0.0499950129487343,"GDF7"
"1515",1611.54741033771,1.29875687743724,0.224761532097543,5.77837704395783,7.54246333388119e-09,1.7642507416433e-07,"CTSV"
"151507",79.1741945217367,-0.860512442108065,0.345081848218599,-2.49364736670518,0.012643808693487,0.0432685217201556,"MSL3P1"
"151516",27061.8924718824,0.796422559746509,0.2799278341736,2.84509956681406,0.00443975427906558,0.0184995753198959,"ASPRV1"
"151636",641.685696140723,-1.02890860559314,0.196712770483571,-5.23051250340185,1.69040742346201e-07,2.84508147216207e-06,"DTX3L"
"151651",46.3407662086659,1.22595000784652,0.379653374779181,3.22912975173622,0.00124167545391792,0.00648696638158537,"EFHB"
"151742",537.267049044626,0.665624216715398,0.171037970593156,3.89167513159227,9.95544893129282e-05,0.000776223336370195,"PPM1L"
"151877",20.6599618096079,1.26879826374439,0.515199902305445,2.46273001618731,0.013788369901923,0.0463454941314799,"MAGI1-IT1"
"151887",20345.8373906737,-1.42245508301219,0.321216733635284,-4.42833431158439,9.49636283239419e-06,9.96803327598175e-05,"CCDC80"
"151888",16.8812845016785,-2.08767075444903,0.61869286777392,-3.37432490851324,0.000739969728692049,0.0042169260507744,"BTLA"
"1519",1064.34260116417,-1.01524773678041,0.217198203357131,-4.67429159674526,2.94969988149786e-06,3.59615621085287e-05,"CTSO"
"152",164.056816717766,1.16047744982136,0.475990570515282,2.43802613267125,0.0147677063772793,0.0489340740614807,"ADRA2C"
"1520",995.420355645442,-0.531784941315738,0.205224189875495,-2.59123908170065,0.00956310282854237,0.0344378776456816,"CTSS"
"152007",1376.93588283392,-0.79300395013227,0.319655142460356,-2.48081086394729,0.0131083906985153,0.044554675386103,"GLIPR2"
"152015",68.8672607978354,2.96667018704047,0.460541870025096,6.44169483847107,1.18146650330984e-10,4.00647553610044e-09,"ROPN1B"
"1522",3986.91082858103,-0.793203451533592,0.25023307573083,-3.16985853775311,0.00152513168916194,0.00770010073331109,"CTSZ"
"152330",105.397732963904,-1.27576434016439,0.438944055175727,-2.90643949979832,0.00365567584578852,0.0157160467021117,"CNTN4"
"1524",234.509111094328,-1.48433129894962,0.335517595779618,-4.42400433724075,9.68880735173917e-06,0.000101235741384873,"CX3CR1"
"152485",211.894393681994,-1.47013809871471,0.294235678643529,-4.99646441754536,5.83909432934957e-07,8.55458488792396e-06,"ZNF827"
"152519",1013.45691230309,1.6255831548989,0.331692973643907,4.90086701879931,9.54146275120596e-07,1.31901591182554e-05,"NIPAL1"
"152789",6.93994177574314,-2.8179370360618,0.769705559030791,-3.66105844371207,0.000251175449671089,0.00171539331653274,"JAKMIP1"
"152831",106.014883218884,2.07601673435802,0.415957661800503,4.99093279198615,6.00884040779515e-07,8.77828040837867e-06,"KLB"
"152992",377.016272509633,0.622199804595382,0.183713795737139,3.38678868453426,0.000707158335277121,0.00406555260548833,"TRMT44"
"153",15.8403140754926,2.37284551806618,0.624303315424142,3.80078955123617,0.00014423576468368,0.00106835155820398,"ADRB1"
"153090",3582.24056304984,0.962242538561701,0.245101903893559,3.92588765438386,8.64104822961922e-05,0.000687808726830943,"DAB2IP"
"153241",246.720789873415,-0.743580045495756,0.226308327240503,-3.28569458562405,0.00101731249107967,0.00549615756335538,"CEP120"
"153339",2168.57090363411,-0.839932366769408,0.212621033368421,-3.95037289332523,7.80295283719346e-05,0.000629062899900894,"TMEM167A"
"153443",246.813176366984,-1.32890138362922,0.379211231163587,-3.50438297819282,0.000457666661289472,0.00282392402757269,"SRFBP1"
"153478",286.82460572553,-3.21520857194258,0.496109133556306,-6.48084938266444,9.12076870836146e-11,3.1766819474266e-09,"PLEKHG4B"
"1535",1327.43648932852,-0.820087872337724,0.318761989681816,-2.57272792517177,0.0100900493307601,0.0359393624198593,"CYBA"
"153562",235.603594426283,0.796023955406402,0.242354629905989,3.28454197765971,0.00102148280192413,0.00551579275834375,"MARVELD2"
"153579",284.914935394911,1.27691044181352,0.353833906867061,3.60878484800856,0.00030763460793563,0.00202739889107188,"BTNL9"
"1536",463.699665749745,-1.13498033933237,0.312612143474455,-3.63063419967599,0.000282725653086435,0.00188581492000362,"CYBB"
"153684",24.1853648625168,-1.48696389556517,0.439960646912838,-3.37976568131503,0.00072547651661398,0.00415157314928612,"ANXA2R-AS1"
"1537",3417.91336512283,0.758405019572847,0.223850469480809,3.38799834251795,0.000704046897837125,0.00405146808640743,"CYC1"
"153769",3264.56187232852,0.771714608648783,0.257023285672877,3.00250853391927,0.00267764465827407,0.0122182748051238,"SH3RF2"
"154",271.532894623471,1.00871591584,0.279445725021123,3.609702441373,0.000306548453344743,0.00202243377040006,"ADRB2"
"154075",36.454414796456,-1.23708498670762,0.362209789746519,-3.41538252616903,0.000636924961802766,0.00372880074338684,"SAMD3"
"154091",180.930719869417,0.797938236397885,0.250668248280859,3.18324415585273,0.00145634753398258,0.00742199991074462,"SLC2A12"
"1544",35.9179990847061,5.40192096448153,1.26439739723063,4.27232844382089,1.9344236776338e-05,0.000185632526715218,"CYP1A2"
"154467",291.600675113963,-0.824624978305743,0.281720206893993,-2.92710624984043,0.00342131976847747,0.0148951874184307,"CCDC167"
"154661",70.9153308359364,0.965633655533257,0.367363110174372,2.62855368105662,0.00857488204950292,0.031548400698432,"RUNDC3B"
"154664",32.6832765093393,1.59987926182453,0.519551226219327,3.07934844744096,0.00207453888718917,0.00987564950367757,"ABCA13"
"154881",414.274138007946,-1.32434671604646,0.281585414119208,-4.70317938941895,2.56141179455094e-06,3.18084199995197e-05,"KCTD7"
"155006",346.324626465679,5.27202402067091,0.856124471284779,6.15801112746985,7.36641812258224e-10,2.15690399196633e-08,"TMEM213"
"155038",537.198830051547,-0.758792518182351,0.19801901448147,-3.831917455853,0.000127148402837865,0.000956937010608632,"GIMAP8"
"155066",1008.88433097609,1.2754937657852,0.406283501525893,3.13941806889716,0.00169283745142385,0.00838233488094987,"ATP6V0E2"
"155465",17.6502401942623,4.39088349416659,0.873236733155091,5.02828537491991,4.94885004760804e-07,7.37633087472584e-06,"AGR3"
"1559",14.9771391529205,-1.9457933472228,0.629758791200094,-3.08974384226509,0.00200329188766159,0.00959194236232292,"CYP2C9"
"157273",6.24837718359627,2.54153180680373,1.01391434437483,2.50665336860465,0.0121880169788748,0.0420020327294759,"LOC157273"
"157285",566.524791140652,0.779236072916592,0.249538572728124,3.12270790201874,0.00179195494677565,0.00878064991454408,"PRAG1"
"1573",356.777527871407,1.02308094347816,0.280691427317034,3.64485995620598,0.000267537445109126,0.00180143630033571,"CYP2J2"
"157310",41.8833412191222,1.83606545409577,0.39786956214864,4.61474218882278,3.93583574327665e-06,4.58231012101847e-05,"PEBP4"
"157567",314.071957131254,0.621744382211514,0.227087412772392,2.73790772734147,0.00618314216453371,0.0242703658113581,"ANKRD46"
"157638",714.52307910605,1.11805967819053,0.257296996136673,4.34540509597177,1.39018867524136e-05,0.000138641684550233,"LRATD2"
"157753",21.9733624745913,1.24027836840012,0.491798179652655,2.52192549650366,0.0116714425254586,0.0405271546801686,"TMEM74"
"157869",167.962468212895,0.918046819431691,0.26370921633255,3.48128454590677,0.000499015064027704,0.00303448333174188,"SBSPON"
"1580",474.624256766756,1.52649693524266,0.459629632492957,3.32114560796089,0.000896487536679087,0.00495124750603765,"CYP4B1"
"158056",143.313351545763,-1.04283240889496,0.286175757058538,-3.64402778073771,0.000268404430428067,0.00180609244718252,"MAMDC4"
"158067",124.747330609923,0.775410624498493,0.263247167870406,2.94556112710098,0.00322369443027933,0.0141969461174304,"AK8"
"158228",39.2964096679104,1.17470467613171,0.463908965082998,2.53218791734612,0.0113353224301642,0.0395535305818783,"FAM201A"
"158314",32.7639722757283,-3.42234215634666,0.595364700106226,-5.74831217862941,9.01387000366803e-09,2.0532650026075e-07,"LINC00475"
"158405",179.39016600938,0.543670915720883,0.202674030455208,2.68248928834045,0.00730764920052162,0.027686480976171,"KIAA1958"
"158572",39.6276503715877,0.956447948777579,0.386307050964839,2.47587494556146,0.0132910122746012,0.0450326591394102,"USP27X-DT"
"158833",104.261730760845,4.54709669485211,1.36338197572547,3.33515975406126,0.000852504083287939,0.00474861038067208,"AWAT1"
"158835",566.624483561113,4.7544923972705,1.35939474329808,3.49750682846943,0.000469628689971393,0.0028821815606354,"AWAT2"
"158880",81.2922217326842,-0.883849103225326,0.238764741845854,-3.70175720415177,0.000214111458911221,0.00149754341496044,"USP51"
"1589",666.710495568723,1.17441372027558,0.438698831590387,2.67703863267211,0.00742760700402786,0.0280841040725403,"CYP21A2"
"1590",680.12699635248,1.22212464857262,0.445416825732253,2.74377746409439,0.00607366959684436,0.0239462950289009,"CYP21A1P"
"1591",79.2985543310846,-4.40273813840993,0.870520528304905,-5.05759254980813,4.24582387265465e-07,6.47857958448653e-06,"CYP24A1"
"159195",1207.08496588192,1.14411068833942,0.179708810283542,6.36646966019231,1.93428539908183e-10,6.30987807522985e-09,"USP54"
"159371",193.046593192304,0.735841172362155,0.27108851433472,2.7143945001432,0.00663970450828195,0.0256720041438221,"SLC35G1"
"1594",80.0948797187688,-1.51538150076022,0.488773919378365,-3.10037307777699,0.00193277028033374,0.00932368020866878,"CYP27B1"
"1595",943.691339002926,0.817500358731057,0.251272820609346,3.25343726690609,0.00114017897484655,0.00604570943282882,"CYP51A1"
"159963",6.87572996231863,-3.10923093642683,0.983188589077223,-3.16239526268812,0.00156477013218958,0.00786934483288306,"SLC5A12"
"16",2764.11416230487,-0.548869893960888,0.202909961516353,-2.70499235157882,0.00683059621568281,0.0262560210090784,"AARS1"
"1601",3036.58546309401,-1.7789862191289,0.228495289912229,-7.78565816307311,6.9351225530164e-15,4.59011455406076e-13,"DAB2"
"160335",347.460093771516,-1.54277499338592,0.299675125294297,-5.14815833269722,2.63056407886509e-07,4.27031001572231e-06,"TMTC2"
"160364",37.7344199167614,-2.17079342884236,0.601616922207918,-3.60826524107002,0.000308251263238442,0.00203041408080003,"CLEC12A"
"160428",772.919922301166,-2.74460907596983,0.358471387186799,-7.65642440114648,1.91181210218182e-14,1.19613192435595e-12,"ALDH1L2"
"1605",5053.97203324402,0.723281222094234,0.234621837744916,3.08275320424604,0.0020509516811754,0.00977466760947312,"DAG1"
"160518",139.773916164497,-1.24605522914714,0.237765444980761,-5.24069100641587,1.59976399984284e-07,2.69693220088165e-06,"DENND5B"
"1607",7.88235761065623,-2.18019465859828,0.69076099316006,-3.15622144299787,0.00159827468306959,0.00801044219048074,"DGKB"
"160760",582.063394741411,0.715483436766566,0.212198421715219,3.37176606208119,0.000746878593757284,0.00425058373882246,"PPTC7"
"1608",53.3346193240923,0.793497242221619,0.3253654003046,2.43878802564368,0.0147366097204853,0.0488624958902175,"DGKG"
"160897",253.114196646636,-1.23729494499815,0.315316677340091,-3.92397558998646,8.70995646393489e-05,0.000691955784846144,"GPR180"
"161253",48.7487173690565,1.30065311501966,0.4677928005738,2.78040430169995,0.00542912588839654,0.0218994958429854,"REM2"
"161342",10.7617403912752,-2.53383580095629,0.669601857254203,-3.7840931495421,0.000154270041309049,0.00113136729147582,"LINC00519"
"161424",1774.58598868299,0.459197741298435,0.175239856710764,2.62039555337201,0.00878278293166521,0.0321795663697751,"NOP9"
"161835",69.1730121095852,-1.61361700501076,0.40863985665663,-3.94875090798263,7.85600454347161e-05,0.000632412974277746,"FSIP1"
"162",4911.84761835131,0.869839434572714,0.262065175735656,3.31917215681536,0.000902847495554982,0.00497969261749833,"AP1B1"
"162073",1927.64111885953,-0.583418052536361,0.164724441586816,-3.54178194150306,0.000397433873910436,0.00251585982277521,"ITPRIPL2"
"162282",198.770306590769,1.72671687340374,0.365913731707674,4.71891794097304,2.37102431017749e-06,2.98137839955367e-05,"ANKFN1"
"162333",5.21831539528831,-2.20277638530602,0.779292702651594,-2.82663545778233,0.00470398442252077,0.0194314299324037,"MARCHF10"
"162394",861.822812431323,-1.09940581039227,0.230112853031545,-4.77768102002353,1.7732838891815e-06,2.30728669879343e-05,"SLFN5"
"162461",81.1398984222663,-4.62901514635421,0.352365903512658,-13.1369553643204,2.02199991597239e-39,1.30065144594924e-36,"TMEM92"
"162515",124.177515287662,1.50168967889467,0.467772734516729,3.21029758274841,0.00132597620755713,0.00686293544288557,"SLC16A11"
"162681",62.3944726460412,-1.11690470702089,0.322627345010262,-3.46190341362839,0.000536369607234127,0.00322825496938809,"C18orf54"
"1628",1079.75830957567,0.936591335741535,0.383228443035074,2.4439504759197,0.0145274205736157,0.0483089539721011,"DBP"
"162968",110.005096455784,-0.843929188731351,0.276991077729053,-3.04677390929128,0.00231311622760787,0.010779530094879,"ZNF497"
"163050",298.789082334795,-0.52611999066797,0.176420607246521,-2.98219124669942,0.00286193158111511,0.01291036591402,"ZNF564"
"163115",29.540481466229,-1.33160272649481,0.509237263302142,-2.6148964784314,0.00892545030398595,0.0325978475970984,"ZNF781"
"163183",38.8541528110603,1.08104788268155,0.409279387167817,2.64134455967187,0.00825776900622937,0.0306542682099595,"SYNE4"
"1632",858.956549165403,0.929503334066972,0.309849798043967,2.99985134711973,0.00270111397116239,0.0123035250566182,"ECI1"
"163259",1028.19024527627,0.754493146454466,0.215625970702909,3.49908289801516,0.000466861407634335,0.00286945937413283,"DENND2C"
"1633",487.616106249154,1.00975065098041,0.274551224953293,3.6778224214887,0.000235233631374324,0.00161887297499468,"DCK"
"163404",18.758596561182,-3.16187155240568,0.764160247575509,-4.13770745395029,3.50793235436271e-05,0.000314354721733574,"PLPPR5"
"163702",526.876722194847,1.08516998144735,0.182881650435319,5.93372806328182,2.96132163896637e-09,7.67705851592994e-08,"IFNLR1"
"163732",1058.68971957717,1.28457015688583,0.361252872472689,3.55587527399646,0.000376722781020008,0.00240523006343544,"CITED4"
"163778",1552.3806495922,4.14521183193553,1.0189697061933,4.06804226537934,4.74097833422633e-05,0.000410207221654959,"SPRR4"
"163782",266.911829401888,-2.40901264985304,0.38302003383668,-6.28952127052509,3.18446474536489e-10,1.0007484323449e-08,"KANK4"
"163859",418.149356021157,0.75607872940157,0.2729933480243,2.76958663965054,0.00561274743721753,0.022503465766982,"SDE2"
"164118",11.4549002795308,-2.58437033192463,0.803683077288757,-3.21565851634336,0.00130145595881792,0.00675982070560388,"TTC24"
"164284",178.714976614597,-1.29460230389962,0.267114452650267,-4.84662020738594,1.25582508483874e-06,1.68733051868933e-05,"APCDD1L"
"1644",8.38905613632716,5.39140781157377,1.46496716537357,3.68022433472013,0.000233028855122175,0.00160638511514898,"DDC"
"1645",1819.97021908064,1.53325642481033,0.345472611592909,4.43814176105242,9.07388521609325e-06,9.5979883498491e-05,"AKR1C1"
"1646",1830.28450105106,1.935432924531,0.334394813408791,5.78786765500749,7.12855390072752e-09,1.677618800567e-07,"AKR1C2"
"164656",77.7772632344169,1.49379336873551,0.408739695110453,3.65463248763211,0.000257550639876455,0.00174934527340942,"TMPRSS6"
"164832",69.5797911895244,1.20595803367805,0.403861729005991,2.98606663386062,0.00282591059640022,0.0127758716706133,"LONRF2"
"165",27899.6141824428,-2.0935635986707,0.316107336654496,-6.62295162405216,3.5209627750536e-11,1.29884404590866e-09,"AEBP1"
"165215",186.218134227946,-0.876433141171875,0.265381600798591,-3.30253920593778,0.000958136928444004,0.00523276480103247,"FAM171B"
"165257",19.4594236532216,2.83095669990723,0.709175167745476,3.99190049040643,6.55458782711872e-05,0.000543400932373053,"C1QL2"
"165631",39.4443448984662,-1.85707187889299,0.422603269353807,-4.39436230990971,1.11098393111531e-05,0.00011405732288318,"PARP15"
"165679",1332.60586003523,1.05992987371636,0.186375349042323,5.68707116666845,1.29236609890982e-08,2.85429868883688e-07,"SPTSSB"
"166",12649.9851501473,0.741808968349758,0.267673885957082,2.77131616966437,0.00558301870571487,0.0224116352632247,"TLE5"
"166336",731.031806453454,-1.13488565242622,0.252092080392859,-4.5018695179064,6.73583319142238e-06,7.36718333752594e-05,"PRICKLE2"
"166348",10.1307306092948,1.93514790531362,0.689414311953383,2.8069447816228,0.00500138140543363,0.0204556207752923,"KBTBD12"
"166614",282.414438985467,-1.30084288005862,0.250496565842902,-5.19305674184147,2.06869101105065e-07,3.42849724407943e-06,"DCLK2"
"166824",92.1862549159318,0.820712599598099,0.31667657531367,2.59164290502125,0.00955188613759406,0.0344155477430835,"RASSF6"
"167127",498.778335340975,1.80556477825354,0.404897290418938,4.4593155374919,8.22218010170489e-06,8.81945571722217e-05,"UGT3A2"
"1672",1374.96697173928,0.901395836493679,0.267343317580954,3.37167895068381,0.000747114844882416,0.00425058373882246,"DEFB1"
"167227",535.838659814128,-0.852287387591212,0.249947704230226,-3.40986283597217,0.000649955587297605,0.00379321967931213,"DCP2"
"167359",34.1540990004452,-1.23100308761482,0.394069052606096,-3.12382583578648,0.00178516088782693,0.00875107209217185,"NIM1K"
"1674",8024.55636505639,5.3882852946478,1.16926616079453,4.60826240877986,4.06048009548771e-06,4.7114386857677e-05,"DES"
"167465",164.694366055029,-0.721236648175069,0.275452018375894,-2.61837488949105,0.00883496826922233,0.032330486551764,"ZNF366"
"1675",5816.25922988255,2.28320370202828,0.617247130345055,3.69901063898331,0.000216441529199472,0.00151127287552304,"CFD"
"167555",21.2389445664858,-1.42174518109748,0.444832758417948,-3.19613417445678,0.00139282325285967,0.00714246981486385,"FAM151B"
"1677",121.395521801369,-1.05772095144648,0.240993165534321,-4.38900808286966,1.13868837622236e-05,0.000116610753911249,"DFFB"
"167838",54.5058211638008,-1.35266110730726,0.370812373897076,-3.64783163272407,0.000264462841756363,0.0017883387433354,"TXLNB"
"168455",362.403095406243,-0.872782467636291,0.249242634454337,-3.50173825415969,0.000462233481176673,0.00284826084101126,"CCDC71L"
"168537",288.711617926876,-0.859847208037689,0.277166891355016,-3.10227243894125,0.00192041131921856,0.00927492881154267,"GIMAP7"
"168620",6.94913220352405,3.3435834630539,1.23771481966794,2.70141668332849,0.00690447768452957,0.026465878707329,"BHLHA15"
"1690",267.875087157969,3.05076177155403,0.852437725886862,3.57886761567253,0.000345086206443577,0.00222941515559247,"COCH"
"169611",3027.54467592237,0.729794856706437,0.193552247380383,3.77053155715724,0.000162900200922029,0.0011840687722521,"OLFML2A"
"169792",194.87269951037,-3.76326089392682,0.34671772899261,-10.8539615348225,1.90965039495638e-27,5.03951842689513e-25,"GLIS3"
"170371",444.848405082856,-0.869374500920258,0.244961103778258,-3.54903079513891,0.000386651859254414,0.00245946905775428,"TMEM273"
"170680",2902.33524621419,1.82963153506689,0.199968391320508,9.14960370979015,5.71427816301612e-20,7.17211595777584e-18,"PSORS1C2"
"170690",294.266692851624,-4.82977842472982,0.698959713538408,-6.90995250681844,4.84815987778022e-12,2.10093732472059e-10,"ADAMTS16"
"170692",73.9980973848686,-4.15254530106855,0.536526589022286,-7.73968221898516,9.96656038478281e-15,6.47166179685708e-13,"ADAMTS18"
"170954",2423.38985417475,-0.731531570067822,0.188352346457456,-3.88384633282526,0.000102816902947043,0.000798635143495068,"PPP1R18"
"171220",109.654955980081,-0.819135923077668,0.225401882042475,-3.63411305910617,0.000278938534457167,0.00186478427842362,"DSTNP2"
"171423",898.541894370001,-0.613155876216166,0.172024657130333,-3.56434877676641,0.000364760672762431,0.00233682965706252,"PDIA3P1"
"1717",3219.22362335015,2.30288238449775,0.369642256334662,6.23003010351932,4.66345555285258e-10,1.42024430518278e-08,"DHCR7"
"1718",22578.9196028126,1.14353360017122,0.28238585013786,4.04954284930689,5.13177813239754e-05,0.000439952191075681,"DHCR24"
"172",529.17441319557,-0.714002692883853,0.284527554458115,-2.50943250204248,0.0120925323660533,0.0417498635060115,"AFG3L1P"
"1725",1169.89476091396,0.465472740209698,0.172738254096267,2.6946708628321,0.00704581917200604,0.0268874938517932,"DHPS"
"1727",12935.9312159638,0.931219208999601,0.267733461061421,3.47815773683204,0.000504872733715875,0.00306406777783985,"CYB5R3"
"1728",339.821421451319,1.82795054164981,0.397549063185133,4.59805018028317,4.26463292370787e-06,4.92236911554057e-05,"NQO1"
"1729",4338.21851471525,0.684162791645836,0.172804104463432,3.95918137344137,7.52071072352661e-05,0.000609473659579023,"DIAPH1"
"1730",513.858860580573,0.516294103436265,0.173840908713438,2.96992294424399,0.00297874455952632,0.0133292343507152,"DIAPH2"
"1734",1331.62628378154,-1.44584080279142,0.21158804567724,-6.83328208908799,8.29935277046397e-12,3.42352459774009e-10,"DIO2"
"1735",105.013329323275,1.46912570975138,0.388332655870277,3.78316293400302,0.000154847975582774,0.00113349599196153,"DIO3"
"1737",591.890361715157,0.866835123071908,0.262346061335665,3.30416671269486,0.000952591666383922,0.00520662423283236,"DLAT"
"1741",1042.52589433252,0.788714385668185,0.154485881742013,5.10541401437133,3.30071051278998e-07,5.17061074545426e-06,"DLG3"
"1742",528.0368878699,-1.37921383207012,0.227100984903386,-6.07313012163673,1.25440727666219e-09,3.4705267987654e-08,"DLG4"
"1747",2740.06113509019,1.78322707830121,0.3272983853804,5.44832225868963,5.0847169058301e-08,9.62868562921866e-07,"DLX3"
"1748",84.4804823046883,2.01737794975779,0.312040365466593,6.46511853279372,1.01219435416891e-10,3.49580680976727e-09,"DLX4"
"1756",480.94083824686,1.08788471394665,0.230900557458809,4.71148587045193,2.45917150247827e-06,3.08092429744448e-05,"DMD"
"1759",2457.50470308587,-0.986250426569432,0.249907267523836,-3.94646556837473,7.93133213756328e-05,0.000637977884797196,"DNM1"
"176",755.78238298925,-5.47461849288052,0.63362418024659,-8.6401666217188,5.61310985737489e-18,5.5816547489954e-16,"ACAN"
"1769",24.3225335142348,2.85070619940452,0.897934781720186,3.17473635885157,0.0014997269437111,0.00759232154681487,"DNAH8"
"177",400.944904625531,-0.729007322413244,0.260647636763322,-2.79690747042994,0.00515943069528274,0.0209719039162125,"AGER"
"1775",764.337152318727,1.41252824893413,0.320419229404297,4.40837540106505,1.0414890915049e-05,0.000108272785149176,"DNASE1L2"
"1776",245.034442270204,-1.39850996253557,0.414162331027943,-3.37671936282688,0.000733558525709378,0.00418966944872415,"DNASE1L3"
"1780",112.245586501107,1.0578368757827,0.368939243689592,2.86723869546585,0.00414070582497189,0.0174014472644388,"DYNC1I1"
"1785",5359.28528468155,0.766756757295754,0.223748769112792,3.42686469443428,0.000610593233950738,0.00360127539473983,"DNM2"
"1788",750.060944302894,-0.755808699653707,0.205072114662516,-3.68557519825418,0.000228186692102397,0.00158108178362018,"DNMT3A"
"1789",275.726702660292,-0.737655096082283,0.279942424643151,-2.63502431624142,0.00841312558867805,0.0311064443748505,"DNMT3B"
"1794",309.353326194883,-0.926297545633657,0.255529974857702,-3.6250054270521,0.000288955383710148,0.00191990239454154,"DOCK2"
"1795",182.511335067165,0.846904845444481,0.319224578442391,2.6530063868416,0.00797783612969825,0.0298140484556479,"DOCK3"
"1797",513.102285650093,-0.552018027898524,0.209156581383258,-2.6392572695908,0.00830878999859887,0.0308093175034634,"DXO"
"1800",110.903103058891,1.10174319649865,0.383607862086574,2.87205582937194,0.00407810913868264,0.0172085850383757,"DPEP1"
"1801",1426.92925882423,0.597896869030648,0.191592591208128,3.12066800318572,0.00180441338074497,0.00882862967179805,"DPH1"
"1803",1246.77551101379,-1.58087128962768,0.28149249170827,-5.61603359305957,1.95390689677644e-08,4.12082167656212e-07,"DPP4"
"1804",122.345887650108,1.31849108455121,0.444992399795314,2.96295191818486,0.00304704161317363,0.013567013749852,"DPP6"
"1805",6377.93930153572,-1.84218315273032,0.274878212932304,-6.70181580809392,2.05845406603753e-11,8.00968213522051e-10,"DPT"
"1809",6345.81156611565,-0.824696666291113,0.284433611272031,-2.89943464347601,0.00373836272702982,0.0159946909942178,"DPYSL3"
"1815",32.841201320127,-2.16389590227224,0.47771705585614,-4.52966013196706,5.90786436616316e-06,6.56273503038869e-05,"DRD4"
"1823",7821.63837652788,1.09834783623851,0.371718242922797,2.95478593571914,0.00312886064301177,0.0138683177165707,"DSC1"
"1825",20570.7563375168,0.757597549674855,0.254622507977233,2.97537541238339,0.00292630189645235,0.0131488754063687,"DSC3"
"1828",35787.6027269339,0.948463842322472,0.252015650781177,3.76351166835275,0.000167543905613216,0.00121220518563882,"DSG1"
"1831",4378.03715275292,1.43681980721163,0.285317514935165,5.03586261620893,4.75701664113458e-07,7.13171380488815e-06,"TSC22D3"
"1832",81318.9894913514,1.2028928538744,0.230349199799754,5.2220405146625,1.76962238555171e-07,2.97111804112532e-06,"DSP"
"1838",345.736735138855,1.02393719101102,0.264011498455462,3.87838104401258,0.000105153923067939,0.000815249850256296,"DTNB"
"1842",1256.34656979742,-0.996913077960358,0.324773779624425,-3.06956146248385,0.00214373290850415,0.0101440455606091,"ECM2"
"1843",3728.77618989795,0.968514813766925,0.304731257031815,3.1782588474861,0.00148162412144024,0.00752287886426392,"DUSP1"
"1844",286.940110333017,0.858441283881753,0.241335140280078,3.55705051028003,0.00037504206540355,0.00239672954804926,"DUSP2"
"1846",437.00544512134,1.16040628518262,0.429187348751302,2.70372900915826,0.00685661820503494,0.0263314606590372,"DUSP4"
"1849",2728.89666999857,0.573890515267822,0.221190794299494,2.59454972837057,0.00947149109297658,0.0342097162059712,"DUSP7"
"185",560.168408113599,1.56950439668491,0.21567069608417,7.27731873259398,3.40520084681949e-13,1.75670812608853e-11,"AGTR1"
"1850",301.952362654744,1.45132019315013,0.387688662987126,3.74351981811325,0.000181460282886892,0.00129783824285747,"DUSP8"
"1855",2022.5218101416,0.744160965655584,0.271017426262003,2.74580485808383,0.00603626562096701,0.0238484628679433,"DVL1"
"1869",314.276058968598,0.651087610697204,0.195729110432121,3.32647304869349,0.000879525248406874,0.00487719496584243,"E2F1"
"187",2054.0314817618,-1.12360701640062,0.272410772140782,-4.12467909242568,3.71252020001125e-05,0.000330529912616919,"APLNR"
"1870",375.769638174336,0.867172662197385,0.202388672485796,4.28468970889784,1.82994404702992e-05,0.000177593438302988,"E2F2"
"1871",237.077200359069,-1.0855190868575,0.314569173359812,-3.45081202733066,0.000558902688010813,0.00333752623441096,"E2F3"
"1890",1025.98034153978,-1.04899482493536,0.312747713823067,-3.35412467804261,0.000796164804146825,0.00448286510971236,"TYMP"
"1896",380.894529691816,1.42521967520075,0.245532512460282,5.80460673382836,6.45172518501512e-09,1.54063006042171e-07,"EDA"
"19",686.399532586048,-0.834856692999676,0.253901037591193,-3.28811847686847,0.00100859385114662,0.00545908383697135,"ABCA1"
"1902",1563.01543581841,-0.750540525729996,0.232163215543885,-3.23281413884502,0.00122577283828539,0.00642181422837021,"LPAR1"
"1906",338.683198555509,0.699399431974126,0.281862476220504,2.48134991699633,0.0130885815724268,0.04449469249989,"EDN1"
"1909",902.573007895031,-1.80464518651818,0.338442986718096,-5.33219850119496,9.70307866950152e-08,1.70271245808201e-06,"EDNRA"
"1910",446.490393220819,0.67522196282715,0.226607005086934,2.9797047208144,0.00288526360952033,0.0129876403847928,"EDNRB"
"1917",490.672330773652,1.74626162056232,0.376919998326355,4.63297683411939,3.60444886252284e-06,4.249984372334e-05,"EEF1A2"
"192111",1069.35269705061,0.646247838358959,0.180695667624771,3.5764434579635,0.000348300608558566,0.00224676268460342,"PGAM5"
"192683",539.239320636506,-1.55851200088179,0.354151660805657,-4.40069092810787,1.07906732472484e-05,0.000111559627383908,"SCAMP5"
"1937",72757.6749566862,0.609243065413532,0.205171270059454,2.96943653581218,0.00298346432216966,0.0133474526423691,"EEF1G"
"1938",87227.7106811788,0.721095115695989,0.276972285060629,2.60349195421536,0.00922794335613759,0.0335064360632803,"EEF2"
"1939",1776.24327069246,0.653250842111787,0.142526106170972,4.58337675575139,4.57526594543268e-06,5.24080546582005e-05,"EIF2D"
"1944",4320.62183464157,1.67272291950015,0.252169292956645,6.63333310684953,3.28190014561951e-11,1.22381580792449e-09,"EFNA3"
"1945",739.86859704784,0.568352675348369,0.206870180513245,2.74738811528218,0.00600720009717331,0.0237381852179335,"EFNA4"
"1946",1117.35507576076,0.750308992122279,0.154414595359118,4.85905487351961,1.17947442985259e-06,1.59620655253686e-05,"EFNA5"
"1947",3129.68081207693,0.61222127698649,0.231289070564562,2.64699613990448,0.00812102799959022,0.0302612672598778,"EFNB1"
"1948",1159.04341139666,0.985086574434036,0.243503899855959,4.04546528830442,5.22193031781368e-05,0.000446936439342523,"EFNB2"
"1950",58.0381950058575,1.76926637867272,0.385338966333979,4.59145462371764,4.40167349399512e-06,5.07301496082842e-05,"EGF"
"1952",5586.62975925845,1.00659940259893,0.253721669086383,3.9673371463445,7.268014289835e-05,0.000591791163536248,"CELSR2"
"1955",1847.86695585865,1.01177228694781,0.209739118631437,4.82395603428532,1.40738453130813e-06,1.87384237984777e-05,"MEGF9"
"1956",5627.55490381553,0.785330339019495,0.21074448050355,3.7264574481051,0.000194189837391646,0.00138263701586636,"EGFR"
"1958",2341.98213347013,-0.628540478714751,0.242727699563363,-2.5894880553205,0.0096118757400279,0.0345832634561675,"EGR1"
"195814",2282.49392443992,0.733999260738347,0.27364065508749,2.68234725758739,0.00731075281800722,0.0276931424375894,"SDR16C5"
"195828",98.4739179566624,1.36377560424991,0.334063666995622,4.08238230908176,4.45763874957063e-05,0.000388303157093364,"ZNF367"
"1959",387.854481176459,1.29690324478671,0.46673586128928,2.7786663771758,0.00545825528976011,0.0219954437909989,"EGR2"
"1960",1306.73137404151,1.49189625244279,0.362588963137409,4.11456609030157,3.87908408973667e-05,0.000343871950487251,"EGR3"
"196051",465.484377356718,-4.94433323144355,0.328168525026026,-15.0664456045912,2.69211963484025e-51,3.46341191022198e-48,"PLPP4"
"196264",1426.46810435522,0.79995699643526,0.218945566610027,3.6536798110194,0.000258508604951924,0.00175324183910857,"MPZL3"
"196374",4559.65852224809,1.26601585307796,0.326251501199564,3.88049050632123,0.000104246014272056,0.000808820187627593,"KRT78"
"196394",127.318473555283,0.578985057652858,0.214135451125612,2.70382626795049,0.00685461173439651,0.0263286672776297,"AMN1"
"196403",1068.67069152923,-1.21833104805941,0.201571490949383,-6.04416349911979,1.50187152340517e-09,4.10006942145519e-08,"DTX3"
"196500",48.2702696191253,-1.47639910460423,0.400050704510919,-3.69052994522082,0.000223787341099001,0.00155570369104419,"PIANP"
"196513",366.166774509609,-0.378379781589522,0.153865255419218,-2.45916325006966,0.0139261276614356,0.0467245984976348,"DCP1B"
"196740",1542.22837298614,-1.07744962421167,0.254767524358587,-4.22914822807301,2.34577757474449e-05,0.000218964228111458,"VSTM4"
"196883",974.827432921696,-0.743564232026864,0.243917437158354,-3.04842589644025,0.00230043641486763,0.0107301570731102,"ADCY4"
"1969",1401.67050368717,0.530848687173495,0.181349905384528,2.92720686039456,0.00342021311224527,0.0148951874184307,"EPHA2"
"197021",50.9962400392692,-2.21060686147593,0.381458247109214,-5.79514764257545,6.82611022179799e-09,1.62063036684533e-07,"LCTL"
"197187",55.5737989871168,-0.938604643283609,0.291971543217931,-3.21471275227334,0.00130575113598557,0.00677870904996896,"SNAI3-AS1"
"197257",225.266340579215,1.46803444036962,0.414662662401099,3.54031016891896,0.00039965703233621,0.00252841038431743,"LDHD"
"197258",1108.89549161591,0.489321965215553,0.192880429336539,2.53691868531556,0.011183292666343,0.0391158702198817,"FCSK"
"197259",229.400421881737,-1.72065155851591,0.330046386541284,-5.21336281408033,1.85447686925174e-07,3.10345950216892e-06,"MLKL"
"197342",90.9050574733224,1.0898957339393,0.364326486040531,2.99153582212535,0.00277577969407038,0.0125879377005386,"EME2"
"197358",84.7214341836765,-1.01344081745845,0.33543013540841,-3.02131714022806,0.00251677604317045,0.0115921499379325,"NLRC3"
"1978",650.512010705793,-1.2231019392927,0.276227705140456,-4.42787568564411,9.5165721159929e-06,9.98415496613648e-05,"EIF4EBP1"
"199",448.864490911709,-1.11784472269162,0.314789861528394,-3.55108235463545,0.000383650349682779,0.00244415314078314,"AIF1"
"1991",180.065245355018,2.08332381286852,0.756974386867707,2.75217213291606,0.00592013940205142,0.0234707529760837,"ELANE"
"1992",999.348319561824,-0.341192706461811,0.126712517837885,-2.69265193592263,0.00708862290245767,0.0270007797602126,"SERPINB1"
"199223",106.219389919853,-0.891530760661752,0.304684408750171,-2.92607936296724,0.00343263356942905,0.0149318109452932,"TTC21A"
"199731",1295.69038291062,1.57393020223639,0.20344201146599,7.73650531124203,1.02186716602154e-14,6.61450117779476e-13,"CADM4"
"199786",35.88159591138,-2.14575531491399,0.522663560302478,-4.10542359921207,4.03574654798394e-05,0.000356531360273397,"NIBAN3"
"1999",361.859111540764,2.02424227794168,0.400738164903614,5.05128399344883,4.3885002181372e-07,6.67648843238256e-06,"ELF3"
"199953",476.808684847239,0.634892324025875,0.23630815543046,2.68671355361965,0.00721588048097204,0.0274043697085477,"TMEM201"
"199964",53.5063888915484,1.78777828702603,0.41096477764388,4.35019832423504,1.36014459816759e-05,0.000136239495905993,"TMEM61"
"2",13369.8262279472,-0.628207857150141,0.22477678013964,-2.7948076165157,0.00519306085431822,0.0210908600402827,"A2M"
"200010",113.091554218337,0.877482402462566,0.326546101263064,2.68716239167612,0.00720619088226638,0.0273786716555072,"SLC5A9"
"200081",3590.53237084659,-0.340948180274244,0.132402064469744,-2.57509716060475,0.0100211931733297,0.0357683787549536,"TXLNA"
"200132",37.2066003773406,-2.28090089836914,0.38720874465653,-5.89062341655632,3.84741407710213e-09,9.75309992156038e-08,"DYNLT5"
"200150",8.97985107908083,2.85269283692188,0.751470707526064,3.79614642108047,0.000146962718611964,0.00108581500355659,"PLD5"
"200186",2328.86624178199,0.495990188635507,0.19302342497263,2.56958547236345,0.0101820270618415,0.0361930957877059,"CRTC2"
"200205",435.479175062454,0.442068021960325,0.152505237825657,2.89870714123074,0.00374704705376708,0.0160185288794894,"IBA57"
"200312",290.330864329227,-0.93447945839597,0.2297450390327,-4.06746305526521,4.75277407483628e-05,0.000411036054513261,"RNF215"
"2004",1446.16584275031,-1.36673850203206,0.165306990069215,-8.26788087702644,1.36361038465289e-16,1.13637879180951e-14,"ELK3"
"200424",2016.79193259629,1.29175018420143,0.253519123938998,5.09527709046617,3.48231544123859e-07,5.42619084348638e-06,"TET3"
"2006",16519.5250597383,-1.96113449667282,0.399049726511931,-4.91451156680392,8.90040708227821e-07,1.24969972293052e-05,"ELN"
"200734",751.052412217699,0.779262015339676,0.224017176260528,3.47858154605703,0.000504075043962959,0.00306073177136683,"SPRED2"
"200879",294.913192533169,1.80639920006274,0.251649042507169,7.17824785687902,7.06104664655142e-13,3.4605853374432e-11,"LIPH"
"2009",1009.88863484591,-0.589350503193343,0.215420149027763,-2.73581884449161,0.0062225271311265,0.024387756753067,"EML1"
"200916",776.89102220652,-0.89268636942837,0.273826719472302,-3.26004113531611,0.00111396056394267,0.00592194324591838,"RPL22L1"
"2011",2878.01846247302,0.820232916052035,0.206383395431679,3.97431641405262,7.05816797614868e-05,0.00057767526688288,"MARK2"
"201134",140.971988493382,-1.32861748122156,0.386105453954886,-3.4410741097089,0.000579409812768094,0.00344201200173693,"CEP112"
"201163",1084.16420381333,-0.414300900348263,0.148880219975673,-2.78278001211953,0.00538953359200325,0.0217739272733651,"FLCN"
"201164",193.793075129104,0.761996964247629,0.284447397114891,2.6788677694943,0.00738715596674365,0.0279465573275962,"PLD6"
"201176",1883.46920584749,0.485252256159726,0.159007318440999,3.05176051591477,0.00227503532547975,0.0106299828685566,"ARHGAP27"
"2012",13678.2513997454,0.873462290159692,0.17365067007849,5.02999665803124,4.90488385330585e-07,7.32671474865368e-06,"EMP1"
"2013",10509.0955212479,0.887191170463787,0.217016803506493,4.08812200773773,4.34879430384163e-05,0.000380270101742889,"EMP2"
"201501",2748.18777597598,1.25269647086233,0.234462948177619,5.34283340117921,9.15048568865357e-08,1.62654229201421e-06,"ZBTB7C"
"201562",1158.48937722385,0.721869168988531,0.220577153405489,3.27263797652476,0.00106548853587455,0.00570848933431591,"HACD2"
"201625",144.664303840726,-7.48375370255028,0.546780835474562,-13.6869349051983,1.21528498174907e-42,1.04230941934679e-39,"DNAH12"
"2017",6500.16417596377,-0.421611324946309,0.162363799928534,-2.59670767210354,0.00941219895850513,0.0340313900161373,"CTTN"
"201725",187.436293582496,-0.712559367162743,0.244996729122055,-2.90844440950782,0.0036323174883143,0.0156352202382814,"C4orf46"
"201799",2660.4649303875,0.647804139738816,0.259136978076716,2.4998521806758,0.0124245136522256,0.0426670318681035,"TMEM154"
"2018",430.833735562826,0.710247911606443,0.215177637126751,3.30075151437819,0.000964262422152542,0.00525536943701775,"EMX2"
"2019",515.77556643663,0.989096643733915,0.331151761968847,2.98683793150695,0.00281879111720045,0.0127492850706337,"EN1"
"201931",581.939859763549,0.738906274194037,0.191714026899163,3.85421080629997,0.00011610352777727,0.000886452157183726,"TMEM192"
"202051",60.4833158044645,-1.06910607198143,0.4091719536012,-2.61285276904252,0.00897899737781147,0.0327527347199843,"SPATA24"
"202181",44.5351113909234,-0.816792203861961,0.305711333023338,-2.67177600445584,0.00754509948456562,0.0284812631194386,"LOC202181"
"2022",4073.35763693294,-0.755586246874981,0.28629287210321,-2.63920733102496,0.00831001412646855,0.0308093175034634,"ENG"
"202299",120.216715282418,1.19739701988194,0.426376283460807,2.80831056118534,0.00498021737073879,0.0203883839218949,"LINC01554"
"202309",48.2725309331801,-2.26198271043174,0.396165262945741,-5.70969472086587,1.13179000335831e-08,2.51856923558135e-07,"GAPT"
"202500",38.7849402747616,1.22343020478104,0.412982173494276,2.96242860661393,0.00305222583093833,0.0135783480665733,"TCTE1"
"2026",1016.94785338041,-1.06197873179864,0.31984045420292,-3.32033899353107,0.000899082026709361,0.00496424475262486,"ENO2"
"2027",88.9861708496554,-1.05762337659176,0.306869505741038,-3.446492260734,0.000567914831666473,0.00338349027352321,"ENO3"
"202781",298.585590436136,0.934450059673573,0.257343224849156,3.63114303950029,0.000282168733280909,0.00188271027742438,"PAXIP1-DT"
"2028",144.545972801576,-1.52783628537038,0.26145063023731,-5.84368943377038,5.10571764339433e-09,1.25263518440559e-07,"ENPEP"
"202915",1885.86269971118,0.749960307222749,0.224129304578491,3.34610553775269,0.000819551958702855,0.00459538477742837,"TMEM184A"
"203",1832.35774950308,-0.793565052236781,0.278467449170443,-2.84975875852211,0.00437524004277877,0.0182640318476086,"AK1"
"2030",3806.85414126068,0.9944589231238,0.211219502648005,4.70817756247184,2.49941338636843e-06,3.11805606939441e-05,"SLC29A1"
"203062",1364.26781666944,0.705487354086147,0.191048045869746,3.69272216773752,0.000221866369956371,0.0015433921457188,"TSNARE1"
"203102",17.7669233083049,-2.25603191095294,0.519713446485653,-4.34091502963493,1.41890589482011e-05,0.000141095453811484,"ADAM32"
"203190",510.280773327569,1.46902970121621,0.322208562873494,4.55925096501231,5.13363934163322e-06,5.79971636707894e-05,"LGI3"
"203274",140.50949447329,0.818704809874612,0.289802771613133,2.82504133869198,0.00472745164427962,0.0195048836732515,"LINC00537"
"203447",38.9079222512506,-3.4165167723169,0.493419908070662,-6.92415672013709,4.38580167858714e-12,1.92489001603492e-10,"NRK"
"203523",157.014346767298,-1.65141710062928,0.38988094108434,-4.2356958922802,2.27844969216304e-05,0.00021366564220266,"ZNF449"
"203547",1040.20033665934,0.365612061449984,0.140931870908456,2.59424684489907,0.0094798397908504,0.0342227515339379,"VMA21"
"2037",1334.21482787549,-0.805261480647353,0.258175645628825,-3.11904509306452,0.00181438191296171,0.00887240615926658,"EPB41L2"
"203859",9.60198805001734,1.96111297397844,0.776340482224455,2.52609907493069,0.0115336949814115,0.0401436553089912,"ANO5"
"2039",1665.2151657849,1.73570922767019,0.299216928116094,5.80083900532773,6.59839292535831e-09,1.57044311356844e-07,"DMTN"
"2042",244.102770742403,-2.78881608143659,0.507965763646182,-5.49016544228975,4.01557429045448e-08,7.74663366398455e-07,"EPHA3"
"204219",2078.34904298071,0.788785867387461,0.217195590811868,3.63168453115928,0.000281577205471198,0.00187998222426829,"CERS3"
"2048",595.88709795357,-2.89367976644721,0.365562212055791,-7.91569716731439,2.45871413319356e-15,1.75121701445177e-13,"EPHB2"
"205",1614.13220172664,0.689279793366474,0.237054591005817,2.90768379739821,0.00364116303319271,0.0156667432849579,"AK4"
"2051",11799.5177589255,1.06453403158878,0.29009227515813,3.66963936219433,0.000242892892625176,0.00166601376267798,"EPHB6"
"2053",1674.47485120661,1.18080826654435,0.240766179796668,4.90437763120039,9.37240273249089e-07,1.29826068536738e-05,"EPHX2"
"2054",380.092047825472,-0.888255957280827,0.321788738960628,-2.7603699251561,0.00577359444064375,0.0230183358447048,"STX2"
"205564",463.272606853385,-0.599335884589539,0.226893335171367,-2.64148739378738,0.00825428788861137,0.0306468726369366,"SENP5"
"2058",2242.82824905223,-0.606911971712006,0.171619794524449,-3.53637512149301,0.000405658235374648,0.00255510070898156,"EPRS1"
"206338",59.9397437614994,2.26010495821053,0.40784385441716,5.5415937588183,2.99731017114704e-08,5.97835586849717e-07,"LVRN"
"206358",682.672293378812,-1.66783410232249,0.243534780215569,-6.84844317040129,7.46579810445052e-12,3.12349569475629e-10,"SLC36A1"
"2064",9019.70015005712,0.910414310479296,0.23251348457722,3.91553338136369,9.02045621957715e-05,0.000712498353122702,"ERBB2"
"2065",3008.5715007105,0.984380288149021,0.210292860555832,4.68099718434175,2.85482860853073e-06,3.49576395466963e-05,"ERBB3"
"2066",30.4284526495089,1.40900596944754,0.449013270625413,3.13800518074886,0.00170101870405455,0.00841677139525455,"ERBB4"
"2069",387.606263731696,1.66935962660728,0.32279917301673,5.17151147261693,2.32208012761618e-07,3.81161860820187e-06,"EREG"
"2070",115.814456155236,-5.10930790136989,0.545584382300111,-9.36483533459981,7.61689681731412e-21,1.08128416612134e-18,"EYA4"
"207107",9.61254260072099,-4.61143014933651,0.855974900176753,-5.38734272276474,7.15070012027606e-08,1.30603381788609e-06,"SFTA1P"
"2078",609.754501836578,-0.725132571011735,0.15951951779199,-4.5457294571144,5.47453195110029e-06,6.12100845635243e-05,"ERG"
"2086",533.495246597559,1.70829689162021,0.505314045818024,3.38066377880858,0.000723109662212217,0.00414033081696141,"ERV3-1"
"21",855.717988844279,1.58926328147623,0.328128191247788,4.84342194260319,1.27621871454279e-06,1.71138019675236e-05,"ABCA3"
"210",2834.57425907422,0.607547344103735,0.152922530102124,3.97290931361132,7.10000856523066e-05,0.000580576404749421,"ALAD"
"2101",1391.20025740978,0.595988278544559,0.232307845340989,2.56551076727413,0.0103024023777705,0.036512508702484,"ESRRA"
"2104",54.5875523856531,3.62305724155487,0.619577313369127,5.84762734751127,4.98634071137226e-09,1.22627045642636e-07,"ESRRG"
"2113",1736.00431800918,-0.623700238730173,0.225095666439639,-2.77082295094928,0.00559148208196426,0.0224336858395881,"ETS1"
"2115",139.685058716639,1.35861588830731,0.356355212776672,3.8125326629044,0.000137550044903201,0.00102584424793025,"ETV1"
"2118",205.851474657792,1.07198537441228,0.359260964831608,2.98386264957769,0.00284634511034398,0.012851248397325,"ETV4"
"2119",580.616645440504,0.568209296922529,0.216037460439762,2.63014245661791,0.00853490951635051,0.0314505151243392,"ETV5"
"2121",2074.49284588548,-1.15202252268072,0.22904895339896,-5.02959086075421,4.91527537521122e-07,7.33388696738749e-06,"EVC"
"2122",150.840425608363,-1.14852902087836,0.244587517943667,-4.69577936983228,2.65592095270169e-06,3.27487235109832e-05,"MECOM"
"2123",220.698614982432,-2.14596271637885,0.252686883896559,-8.49257659632755,2.02105520028997e-17,1.89097273830767e-15,"EVI2A"
"2124",257.367693231594,-0.657813910732472,0.245188569559928,-2.68288979340733,0.00729890383836846,0.0276635309535954,"EVI2B"
"2125",12942.3025940293,1.10820237293379,0.300350661837145,3.68969512554187,0.000224522961906679,0.0015602905630949,"EVPL"
"2132",2611.38422523644,-0.540472578073415,0.186451288576525,-2.89873340216465,0.00374673325348099,0.0160185288794894,"EXT2"
"2134",178.883154490671,1.57333201476265,0.452236985029881,3.47899899133347,0.000503290481177453,0.00305777191988096,"EXTL1"
"2135",400.465531515404,-1.14148328541171,0.267728274242003,-4.26358885195634,2.01169453527752e-05,0.000191973668586706,"EXTL2"
"2138",17.3577111984072,-2.46624655034491,0.666756185554443,-3.69887314700215,0.000216558795095167,0.00151157892107118,"EYA1"
"2139",414.619826263909,-1.58797593519958,0.312372310855681,-5.08360017842056,3.70347104124383e-07,5.73174796338068e-06,"EYA2"
"2150",1524.67437190642,0.786884150045744,0.230338118628388,3.41621332470484,0.000634984824878591,0.00372061703253655,"F2RL1"
"2151",681.327427629196,-3.38625318056947,0.357031453431261,-9.4844673992327,2.43623984431652e-21,3.55656460676676e-19,"F2RL2"
"2152",1641.34039959599,1.63169210079662,0.228768934514637,7.13248983852841,9.85693562534693e-13,4.71849216074747e-11,"F3"
"2153",127.320678756045,2.88363239037576,0.466804047017228,6.17739372398659,6.5168413715843e-10,1.91975960122082e-08,"F5"
"2155",56.8864507924255,-1.43902183514103,0.343997384532171,-4.1832348147009,2.87390279653051e-05,0.000262917400727929,"F7"
"2159",1247.51249625139,1.91887111328013,0.299916058633602,6.3980272414301,1.57397211512074e-10,5.25099546477234e-09,"F10"
"2167",1962.77656398297,3.38980060586132,0.72056677895176,4.70435316320385,2.54672078307826e-06,3.16747435642797e-05,"FABP4"
"217",9836.41374869178,0.867630981432906,0.217640148983072,3.98653918170396,6.7044060377298e-05,0.000553341996313673,"ALDH2"
"2171",7185.11475340254,-0.81245498236459,0.284656195669238,-2.85416230078701,0.00431504803779094,0.0180493698048951,"FABP5"
"2173",767.368086041909,2.88814605396454,0.829116712191081,3.48340108394646,0.000495086036225896,0.00301237096354533,"FABP7"
"2176",299.834479074235,0.543363105382012,0.171266690992893,3.17261402221264,0.001510732235088,0.00764127132753976,"FANCC"
"2178",509.188828375218,0.968067234032933,0.236458340053221,4.09402871480467,4.23941773594564e-05,0.000371811566581615,"FANCE"
"2180",6482.43574310075,1.17255077737392,0.25362665219546,4.62313706869528,3.7797977929135e-06,4.42567450337494e-05,"ACSL1"
"2184",539.303699546716,0.912210591216162,0.347596460877514,2.62433797200717,0.00868175890109813,0.0318790100351199,"FAH"
"2185",2026.13623051878,0.973897979284272,0.198389220108364,4.90902670393235,9.15295155399728e-07,1.27301620944118e-05,"PTK2B"
"2188",285.843365305927,0.484470106272671,0.179935891257803,2.69245953592743,0.00709271417875597,0.0270081130209487,"FANCF"
"2191",2532.89696042038,-4.71112070806632,0.245230534908508,-19.2109873667403,2.99515097246312e-82,3.08260938085905e-78,"FAP"
"219285",268.422357618123,-1.6575060313269,0.341355364192931,-4.85566129961294,1.19985638325485e-06,1.61846944907718e-05,"SAMD9L"
"219347",289.113555583189,0.739684573632416,0.278840375723794,2.65271688761857,0.00798468116659096,0.0298287980277874,"TMEM254-AS1"
"2194",9923.07791833941,2.29884765993389,0.466474953236957,4.92812667428712,8.30217862926942e-07,1.17129571559206e-05,"FASN"
"2195",2463.17230005241,-0.504972141849805,0.204640825611337,-2.46760215290018,0.0136021404312442,0.0458663428568247,"FAT1"
"219539",98.3154426651045,-1.08975753472652,0.294136872751822,-3.70493343636657,0.000211446252128373,0.00148107925356531,"YPEL4"
"219623",35.5043521992666,-4.61501100257712,0.533499837647087,-8.65044499906667,5.12990001138757e-18,5.22741890269316e-16,"TMEM26"
"219654",2982.53386654819,-1.10167867814267,0.257800190858054,-4.27338193379873,1.92530251188634e-05,0.000185238591444894,"ZCCHC24"
"219699",1825.52470182304,-0.649266388365174,0.261751203765414,-2.48047145161196,0.0131208770240955,0.0445823923182537,"UNC5B"
"219738",74.0804305384224,1.21083815453676,0.342931076716163,3.53084989010472,0.000414226755126389,0.00259556880594265,"FAM241B"
"219743",1257.44142909796,0.803226239921026,0.214646267637264,3.74209274059411,0.000182494137611721,0.00130432615576377,"TYSND1"
"219749",359.019406795833,-0.738557966713502,0.29164039759079,-2.53242682706048,0.0113276009655497,0.0395332889581002,"ZNF25"
"219844",105.580246276611,-0.89508035892678,0.253791521037488,-3.52683318681307,0.000420561641092964,0.00262886146986261,"HYLS1"
"219899",409.671304808778,-0.771000774985088,0.204991356565416,-3.76113797139076,0.000169142095437511,0.00122205015531264,"TBCEL"
"219902",120.409344262328,-1.38455354752605,0.298567561212279,-4.63732075214173,3.52954467068829e-06,4.17781181721954e-05,"TLCD5"
"219972",1193.2573007181,-1.18249051167821,0.217951429980501,-5.42547718904159,5.77999115634347e-08,1.07865220273956e-06,"MPEG1"
"220",277.97184116855,-1.02357222025355,0.280730100161579,-3.64610784402677,0.000266242276781472,0.00179447643263583,"ALDH1A3"
"2200",12689.4527904993,-2.27389037619283,0.380808492669543,-5.97121760665684,2.35489393180069e-09,6.23048029462539e-08,"FBN1"
"220001",97.6372370298469,-1.1913215887846,0.378731982359687,-3.14555317288517,0.00165773057802576,0.00825655335605623,"VWCE"
"220002",2361.07471750818,0.533432520435755,0.183334678871218,2.90961057515181,0.00361879350010239,0.0155900471758283,"CYB561A3"
"2201",238.910728837696,-5.32907623866627,0.700511418442645,-7.60740809980471,2.79647229652027e-14,1.718286141838e-12,"FBN2"
"220108",117.296440382242,-0.879076664511889,0.247578804470816,-3.55069435928031,0.000384216326605967,0.00244624462321597,"FAM124A"
"220164",91.7034512435573,-1.21158815616004,0.310701126084505,-3.89952933685382,9.63798593786622e-05,0.000754615072442138,"DOK6"
"220213",874.160986617776,1.03295752695029,0.185457109442819,5.56979201311655,2.55043603339551e-08,5.23933885343446e-07,"OTUD1"
"220296",29.3348672138173,3.537718488875,0.84848049566347,4.16947532318781,3.05301668582627e-05,0.000277576393379187,"HEPACAM"
"2203",167.560053436972,1.26709867864577,0.44991138675894,2.81632942827623,0.00485758295342217,0.0199577819387708,"FBP1"
"220323",2292.66188912763,-0.846847312001837,0.314437308334254,-2.69321511651416,0.00707665936373169,0.026970182622302,"OAF"
"220441",921.369358721062,1.09621923605545,0.286060242465937,3.83212720022072,0.000127040021503411,0.000956471032416317,"RNF152"
"2206",303.536137821842,-0.943109609795079,0.298053161322117,-3.16423286910158,0.00155492328702196,0.00782747393985326,"MS4A2"
"2207",687.700620548478,-0.895974602838682,0.285908095162332,-3.13378535969738,0.00172567034899202,0.00852031625417409,"FCER1G"
"2209",44.7911799363224,-3.28525273132705,0.431430444395899,-7.61479115347817,2.64118175704572e-14,1.62772710440207e-12,"FCGR1A"
"220929",260.178419946458,-0.61157464573821,0.174050947034547,-3.51376798666209,0.000441798516174082,0.00274576710656018,"ZNF438"
"220963",93.4471242208316,-2.03990803206747,0.44827547015538,-4.55056804995465,5.35012801637876e-06,6.00147330186052e-05,"SLC16A9"
"220979",98.7841710356708,-0.984591127196427,0.266680280754335,-3.69202823850117,0.000222472756018781,0.00154708757090898,"ZNF22-AS1"
"2210",22.2409527673957,-3.74141298126723,0.614070588204064,-6.09280602773945,1.10948469132274e-09,3.11989520303105e-08,"FCGR1BP"
"221091",648.465948815842,1.64952199535734,0.348173686642497,4.73764117921715,2.16220219435231e-06,2.74902841065768e-05,"LRRN4CL"
"221143",188.500680717602,-0.635628690876206,0.215524768592024,-2.94921412062581,0.00318583166157901,0.0140632980746177,"EEF1AKMT1"
"2212",347.88377686468,-1.36103729230686,0.226000608251485,-6.02227269579889,1.71984807501216e-09,4.64584682100398e-08,"FCGR2A"
"221294",718.404944217618,0.636595994179368,0.180449879023525,3.52782721509265,0.000418985553448774,0.00262219478023398,"NT5DC1"
"221336",165.403264727301,-3.08876565237749,0.37989425857979,-8.13059313906098,4.27194921179401e-16,3.38206932982954e-14,"BEND6"
"221393",1502.39484406295,0.820872447285016,0.228052367479785,3.59949101321116,0.000318840651320012,0.00209079833283566,"ADGRF4"
"2214",147.416504236982,-2.70834613276987,0.318532650071741,-8.50256993171623,1.85438879558968e-17,1.75902022895935e-15,"FCGR3A"
"221458",22.5568148719972,1.55423417707767,0.48593850384162,3.19841742276145,0.00138184101983367,0.00709853145801256,"KIF6"
"2215",56.3918477643881,-1.6620973742172,0.546453413575793,-3.04160854873435,0.00235317701179494,0.0109488688089482,"FCGR3B"
"221527",83.6333387523135,-0.856695979442767,0.290399250546926,-2.95006263903678,0.00317709509410352,0.0140378490029293,"ZBTB12"
"221662",26.9282932133022,1.19249076426612,0.392518721346094,3.0380481220784,0.00238115926540021,0.011054078105322,"RBM24"
"221687",25.4662488542934,1.62368095382496,0.475459441945895,3.41497257301229,0.000637884342582006,0.00373270745618394,"RNF182"
"221785",746.33944932973,0.651853677398917,0.155215728215811,4.19966252706418,2.67313096188362e-05,0.00024630137743694,"ZSCAN25"
"221833",76.5956729474468,2.92216385305433,0.600223001720876,4.86846362881181,1.12469217008908e-06,1.53011656504386e-05,"SP8"
"221937",2299.34049911317,0.662059320743594,0.240930998903984,2.74792087259571,0.00599744809988069,0.0237087520045984,"FOXK1"
"221981",134.642301177576,-1.48343394127879,0.332000951078579,-4.46816172200569,7.88946523341115e-06,8.49355399396105e-05,"THSD7A"
"222008",11.8333546377806,5.16851905235712,1.27439368802892,4.05566906122329,4.9990998434941e-05,0.00042947191643774,"VSTM2A"
"222166",2297.19299320492,0.630073234806119,0.167200797383236,3.76836261947931,0.000164321879595655,0.0011939292515344,"MTURN"
"2222",3714.73485598527,0.797816660204769,0.2076317615808,3.8424596224133,0.000121807457788746,0.000923493447927645,"FDFT1"
"222235",38.0608190286151,-1.47519373616575,0.324300542838135,-4.54884756977433,5.39404953984521e-06,6.04086592645124e-05,"FBXL13"
"2224",2742.14703427125,0.581158486346534,0.212619167367429,2.73333064719526,0.00626973565883216,0.0245283930322791,"FDPS"
"222487",1081.39327038845,0.739693791825329,0.191689218360763,3.85881792492477,0.000113936780042393,0.000873472879103396,"ADGRG3"
"222584",1414.29771203585,0.740144953581988,0.213707269272131,3.46335880900477,0.000533476487566179,0.00321366111210484,"FAM83B"
"222611",151.168140655136,0.747887183810865,0.260344960312245,2.87267778455894,0.0040700899979878,0.0171865620336951,"ADGRF2"
"222699",13.5050448624665,-1.39855391781996,0.550822464647788,-2.53902846666618,0.0111160778088913,0.038940324305347,"TOB2P1"
"222865",153.447700044079,-3.4993648934249,0.49689092137534,-7.04252129167309,1.88791974369427e-12,8.6357644453784e-11,"TMEM130"
"222950",61.1623042334973,1.39664439092386,0.325097371447471,4.29608023191761,1.73844685232762e-05,0.000169463691024666,"NYAP1"
"2230",430.267946836213,0.667214232426165,0.169298226749649,3.94105859958482,8.11228033545615e-05,0.000649992909400659,"FDX1"
"223075",114.582273305227,4.55372290092348,0.581255269168703,7.83429096038321,4.71495792124743e-15,3.21366535930322e-13,"ITPRID1"
"224",7676.4282622064,0.755390444962182,0.213862427830394,3.53213256122414,0.000412222656714264,0.00258773747051126,"ALDH3A2"
"2246",78.29276710508,1.50839537520017,0.399257565767085,3.77800073068652,0.000158092415310165,0.00115406736723076,"FGF1"
"2247",188.999869803181,0.751896137491203,0.243507164405563,3.08777829731085,0.00201658854087246,0.00964887459909781,"FGF2"
"2254",14.055211651404,2.88352082371127,0.707105886576151,4.07791941553965,4.54405095224087e-05,0.000394661370468042,"FGF9"
"2256",968.282509609762,-0.478907838287044,0.157784318162092,-3.03520555062424,0.00240371804899866,0.0111412142131476,"FGF11"
"225689",164.805529145623,1.18377529843841,0.359459864041192,3.29320577026301,0.000990519536345394,0.00537114176399726,"MAPK15"
"2257",21.3663118232526,1.96675023758637,0.49855567476673,3.94489590055634,7.9834653069716e-05,0.000641920507338685,"FGF12"
"2259",768.534889540983,-1.70750742239241,0.252614034150323,-6.75935297156262,1.38609338154861e-11,5.52933065228615e-10,"FGF14"
"2264",68.7483500945985,1.24065986975894,0.391332148898482,3.17034997827584,0.00152255432004741,0.00769086088928979,"FGFR4"
"2268",296.7683832976,-0.508944925880457,0.187997033001349,-2.70719658579295,0.00678540640097828,0.0261352860395716,"FGR"
"2273",7546.40970525728,1.23784968116413,0.214247613874372,5.77765912431569,7.57470730405082e-09,1.76978178372965e-07,"FHL1"
"22794",3326.65665193391,0.462011606696192,0.140106741542924,3.29756870803141,0.000975258104539023,0.00530515666591735,"CASC3"
"22795",1029.25368802309,-3.73115550712913,0.362320526096599,-10.2979412933794,7.19853406304781e-25,1.39787382220543e-22,"NID2"
"22797",28.1608802129679,-1.56818960244313,0.487614146839591,-3.21604615577123,0.00129969926912783,0.00675410496231439,"TFEC"
"22801",2331.85254795395,-2.0796009126081,0.369310412329365,-5.63103785645078,1.79128400074695e-08,3.80906920158836e-07,"ITGA11"
"22806",144.831759042774,-1.69234528692184,0.304807445454268,-5.55217830850443,2.82131591304163e-08,5.68403335364303e-07,"IKZF3"
"22809",694.407111573428,0.711226901863604,0.271406021009,2.62052735314969,0.00877938867946108,0.0321728567879699,"ATF5"
"22820",4917.88630930813,-0.65905730311179,0.181031515568909,-3.64056667724755,0.000272038644814061,0.00182636773152402,"COPG1"
"22821",1317.68094769745,-0.880012603663536,0.213581632815851,-4.12026348924056,3.78439363903999e-05,0.000336492262056151,"RASA3"
"22822",647.348326417658,0.668015310763327,0.253606382406159,2.63406348225684,0.00843697118926615,0.0311621415682495,"PHLDA1"
"22824",543.521888831108,0.789718969441419,0.321939888193817,2.45300131609037,0.0141669820329057,0.0473551734597808,"HSPA4L"
"22829",48.7850628752155,4.66054285126417,1.46469840529765,3.18191296884567,0.00146305775895482,0.00744882040819344,"NLGN4Y"
"22836",938.581200332806,-0.899804737093567,0.275994713902969,-3.26022453245213,0.00111324046772682,0.00591964396478659,"RHOBTB3"
"22838",1837.14468688569,0.907118494610771,0.170766414406816,5.31204275595871,1.08403160548877e-07,1.88460359521797e-06,"RNF44"
"22839",4762.32440721352,0.603883013312851,0.228966970095405,2.63742413615914,0.00835383088613161,0.0309409302570803,"DLGAP4"
"22844",345.488424919488,0.80664611655198,0.287987842363412,2.80097281167194,0.00509488113135529,0.0207669372688747,"FRMPD1"
"22846",1208.58341777132,-1.29893890027137,0.220504580403931,-5.89075699875218,3.84430501639612e-09,9.75309992156038e-08,"VASH1"
"22848",720.98226197433,-0.823810798026819,0.184421797953483,-4.46699255277084,7.93268902119457e-06,8.53116357430873e-05,"AAK1"
"22849",150.671234309317,1.04714605699168,0.311921966977965,3.35707698671204,0.000787711759890914,0.00444226270290262,"CPEB3"
"22853",946.689744037017,0.841680571152561,0.162030386742231,5.19458472003503,2.05177322746088e-07,3.40869250315212e-06,"LMTK2"
"22856",1549.79558982298,-0.626124373097857,0.253289998123489,-2.47196643269189,0.0134372132704488,0.0454024290805839,"CHSY1"
"22862",707.190126835834,-0.892924590774637,0.287639214013925,-3.10432148076795,0.00190715980657222,0.00922825046038611,"FNDC3A"
"22866",59.3416190044701,1.40961272871344,0.304169042577649,4.6343070181233,3.58135148125159e-06,4.23183346096916e-05,"CNKSR2"
"22872",5530.87904998518,-1.04543798256641,0.211136010406716,-4.95149065549053,7.36471567346566e-07,1.05201462472323e-05,"SEC31A"
"22873",378.964730694475,-1.02862021350514,0.230439383105732,-4.46373445216688,8.05433759755511e-06,8.64843427793815e-05,"DZIP1"
"22874",404.175323779568,2.18001837094109,0.287478520996486,7.58323913516912,3.37032813760178e-14,2.02258992374329e-12,"PLEKHA6"
"22876",758.117609988741,-0.738339422062385,0.251249549129391,-2.93866963988918,0.00329624214823682,0.0144453583945724,"INPP5F"
"2288",3010.19915581404,0.887329732742976,0.177323606777852,5.00401355954038,5.6148804902746e-07,8.25547857227231e-06,"FKBP4"
"22880",1021.61370680594,-0.458759108883537,0.174911622105306,-2.62280518219275,0.00872091241116517,0.0319927394531142,"MORC2"
"22881",204.071982982434,-0.478642736932704,0.178116679009074,-2.68724265237575,0.00720445943083621,0.0273786716555072,"ANKRD6"
"22883",10202.2115363188,0.572982235733813,0.222672690701197,2.57320389819466,0.010076182591869,0.0359148298651135,"CLSTN1"
"22888",600.784950252556,0.600880210742588,0.228220805591507,2.63288971040662,0.0084661834100713,0.0312476097028703,"UBOX5"
"2289",1702.45178192065,1.56105265130709,0.292612273439693,5.33488439482296,9.56054490044786e-08,1.68632610309185e-06,"FKBP5"
"22900",486.713940461723,-0.93561676832243,0.287381903359968,-3.25565652319624,0.00113130519996761,0.0060079427853801,"CARD8"
"22901",740.257125992946,-0.521018178767677,0.154235792272706,-3.37806271222998,0.00072998431043467,0.00417157052914693,"ARSG"
"22902",1323.01078039308,-0.642413107313013,0.252250305953921,-2.54672875374179,0.0108737917162928,0.0382018682795571,"RUFY3"
"22905",2609.2588900254,0.955006758917767,0.205934670663069,4.63742581976523,3.52775155876447e-06,4.17781181721954e-05,"EPN2"
"22914",55.529072263511,-1.06830328124005,0.304634937864391,-3.50683112294757,0.000453476845185096,0.00280118573728505,"KLRK1"
"22915",732.300203002691,-1.11385795409448,0.196482563307914,-5.66899136158419,1.43640607783953e-08,3.13209562566196e-07,"MMRN1"
"22918",2169.80036521095,-0.799760548175924,0.237961703611549,-3.36087923408659,0.000776947886681925,0.00439359760974196,"CD93"
"22920",965.315217293151,-1.05902175466428,0.222941541420465,-4.75022173039962,2.0319372699661e-06,2.60919505707937e-05,"KIFAP3"
"22921",518.557054865906,-0.729003634960623,0.247407441177132,-2.94657117624321,0.00321318460717995,0.014162782003039,"MSRB2"
"22924",1357.94351048889,1.00685442549302,0.216188838370202,4.65729143596621,3.20396738065096e-06,3.85224676187613e-05,"MAPRE3"
"22927",576.569773252508,-0.518680938081904,0.21200083074027,-2.44659861129205,0.0144211341729405,0.0480199050961126,"HABP4"
"22937",3672.24529178851,0.68017988419906,0.216729039400438,3.13838831234023,0.00169879661492609,0.00840779743246901,"SCAP"
"22941",125.056318199191,2.23863044648046,0.432921287072083,5.1709872286962,2.32860483733288e-07,3.81928302563028e-06,"SHANK2"
"22943",50.7493424304554,2.18263605737835,0.497692122946587,4.38551457165135,1.15711911258187e-05,0.000118262859053551,"DKK1"
"2295",135.101317344869,-2.26398820329948,0.375797821603582,-6.02448463814591,1.69649316096942e-09,4.60087157119824e-08,"FOXF2"
"2296",617.931641258258,2.20517782763976,0.38813137737717,5.68152423682268,1.3349959162167e-08,2.94213661021462e-07,"FOXC1"
"22981",245.029860377359,-1.09626939408054,0.268630513260741,-4.08095633207708,4.48507816266559e-05,0.000390216489700503,"NINL"
"22982",851.012869430889,-0.927187404396957,0.195269210989822,-4.74825191179415,2.05182372719681e-06,2.63308850377925e-05,"DIP2C"
"22983",144.555390648646,1.40686909450747,0.330200407528211,4.26065220524379,2.03831214287931e-05,0.000193884552444675,"MAST1"
"22985",4389.82252921081,-0.581074180880267,0.172135975677142,-3.37566960418623,0.000736362898977748,0.0042021884980754,"ACIN1"
"22986",24.1056903817587,-2.34491793163022,0.643401843161794,-3.64456203623363,0.000267847524929708,0.00180293441895131,"SORCS3"
"2299",131.758106615503,3.34760343387082,1.04018790462299,3.21826798695965,0.00128967260703593,0.00671386467962257,"FOXI1"
"22990",772.212030253104,-0.86519265888806,0.247456673003853,-3.49633997897721,0.000471687308813113,0.00289309045429354,"PCNX1"
"22993",2290.68647172946,-0.627813601459368,0.198324762822359,-3.16558352333292,0.00154772220167477,0.00780458446821986,"HMGXB3"
"230",2884.97740711247,1.03129756881688,0.31601397420508,3.2634555842382,0.00110062434533524,0.00586164334395356,"ALDOC"
"2300",38.6287260602494,-1.83045511427846,0.334029297895035,-5.4799238444457,4.25508946677204e-08,8.16279231910863e-07,"FOXL1"
"23005",2483.36400396154,0.608156036096142,0.23135559950704,2.62866356981187,0.00857211194364415,0.031548400698432,"MAPKBP1"
"23007",15.6315771722236,2.37531565932643,0.605563689515761,3.92248693316776,8.76396477399615e-05,0.000694905434930419,"PLCH1"
"23011",1412.70536793095,0.47517171069373,0.150206261804936,3.16346139624198,0.00155905026751371,0.00784249528506898,"RAB21"
"23013",1830.00746594854,0.491617962085834,0.17590701448726,2.79476042225388,0.00519381896347615,0.0210908600402827,"SPEN"
"23014",1332.04196899636,0.507480867911481,0.174321209221906,2.91118258172173,0.00360063545993611,0.0155280704603656,"FBXO21"
"2302",53.067312236954,1.35292517989278,0.402592450529478,3.36053291141811,0.000777922618361226,0.00439790144914789,"FOXJ1"
"23022",4701.56737357092,-1.6586376710832,0.301320647532232,-5.50456029039889,3.70090796441815e-08,7.21396681246052e-07,"PALLD"
"23024",1038.40071887195,-0.891435289764165,0.300889104807899,-2.96267055044515,0.00304982800070132,0.0135731748296361,"PDZRN3"
"23026",15.4782393065599,1.40127406845643,0.572848304399372,2.44615207498198,0.0144390082820547,0.0480693104444144,"MYO16"
"23028",2148.10197114672,-0.632251082607271,0.14596304601581,-4.33158323195576,1.48040964305561e-05,0.000146152288214181,"KDM1A"
"23030",1844.94662280881,0.575564822094023,0.211749457385655,2.71814071780953,0.00656499110509922,0.0254438364270638,"KDM4B"
"23037",1281.32231451755,0.896563307078323,0.242124433548871,3.70290306491252,0.000213146339535912,0.00149129988205547,"PDZD2"
"23038",4137.74774125045,1.02259086017529,0.245712921254847,4.1617300993084,3.15845524338246e-05,0.000286656273059014,"WDTC1"
"23042",2678.31614889441,-0.501066384592659,0.174216693229672,-2.87611006329972,0.00402609298818687,0.0170311577989644,"PDXDC1"
"23043",148.696741468184,-2.1768158770181,0.327691059663584,-6.64289065210651,3.07590042097169e-11,1.16173090395012e-09,"TNIK"
"23046",160.367985433308,-0.848227509442489,0.271319403661444,-3.12630611005219,0.00177017188704674,0.0087003863712918,"KIF21B"
"23047",403.235720182688,-0.603874236942471,0.214302619347098,-2.81785747081513,0.00483452653056915,0.0198868693255866,"PDS5B"
"23059",281.284203643748,-0.769062616001176,0.196018104919056,-3.92342644226029,8.72984277621296e-05,0.000693251629620141,"CLUAP1"
"2306",14.5891561286824,1.66984800523184,0.600803646075095,2.77935730939809,0.00544665770227496,0.0219659095108989,"FOXD2"
"23062",2540.55800193547,-0.353639266783488,0.142486923180547,-2.48190682267304,0.0130681442059582,0.0444325537389236,"GGA2"
"23067",1322.47901268752,0.566562770891135,0.176884656952579,3.20300686702874,0.00136000738060367,0.0070073571770578,"SETD1B"
"23074",370.806361611175,-0.745939174931445,0.249869417637562,-2.98531601819891,0.00283285493153062,0.0128016434490947,"BLTP3B"
"23082",1440.17762616252,-0.466228931258934,0.182112950328622,-2.56010860522344,0.0104639456758155,0.0369577655784121,"PPRC1"
"23086",1484.89027894713,0.875313790780838,0.240891607412704,3.63364170376106,0.000279448857470882,0.00186698321395022,"EXPH5"
"23087",1384.57908637339,1.40185199293325,0.266799909967838,5.25431958767243,1.48572700816152e-07,2.51705388773635e-06,"TRIM35"
"23089",222.572572126525,-2.19619606468729,0.369803839664241,-5.93881357933249,2.8709209166439e-09,7.48038432255671e-08,"PEG10"
"23094",1318.51365011419,1.03729676046124,0.245602941844975,4.22347042209286,2.40568954920455e-05,0.000224066577741296,"SIPA1L3"
"23102",2399.66232790553,-0.57310734425905,0.201991415470726,-2.83728564861762,0.00454988860100532,0.0188934651932809,"TBC1D2B"
"23105",252.783943558447,1.73643199529585,0.321379508900322,5.40305759143597,6.55144132731284e-08,1.21054639390851e-06,"FSTL4"
"23108",476.444592468102,1.0217947955969,0.193334814655678,5.28510499992815,1.2563267648195e-07,2.15681652435734e-06,"RAP1GAP2"
"23129",4746.51327417281,-0.815494792914094,0.256252493563312,-3.18238773630747,0.00146066129708206,0.00744214161859828,"PLXND1"
"2313",679.102635178894,-0.635132297632829,0.174147794463365,-3.64708780602123,0.000265229308330686,0.00178999346973077,"FLI1"
"23130",1746.76907595468,0.987063476151042,0.289506793682707,3.40946567641808,0.000650902679949438,0.00379767028460295,"ATG2A"
"23136",619.006648431433,-0.767421043540143,0.226913568392037,-3.38199715855808,0.000719608889517742,0.00412487590694325,"EPB41L3"
"23138",970.25304377632,1.43005514128247,0.276013706458632,5.18110190841846,2.20578932161766e-07,3.63813841315527e-06,"N4BP3"
"23139",1636.86435174383,-0.673568867263619,0.26093312981614,-2.58138499982058,0.00984047709340443,0.0352455856082542,"MAST2"
"23142",515.376883918156,-0.58647718850959,0.227034846133983,-2.58320340906385,0.00978875913366836,0.0350846405271885,"DCUN1D4"
"23149",819.061536323799,1.17518584251151,0.315253417982748,3.72774972601827,0.000193197090227657,0.00137604460389138,"FCHO1"
"23154",902.491781382564,-0.530095307717795,0.204818062830015,-2.58812772854774,0.00964991908475085,0.0346837671451915,"NCDN"
"23157",871.925154264268,-1.00770771487904,0.206513840097878,-4.87961346513838,1.06293957391347e-06,1.44993692441583e-05,"SEPTIN6"
"23166",2726.26120761562,-1.081181794481,0.319769318787229,-3.38113049301146,0.000721882513810421,0.00413675658804947,"STAB1"
"23168",1418.74519716169,0.403303193075243,0.165941078976729,2.43039996824295,0.0150821687090092,0.0498158489054647,"RTF1"
"2317",7307.15422070402,0.720533928939531,0.156296969614234,4.61003134429236,4.02608264870017e-06,4.67416160410854e-05,"FLNB"
"23170",2812.06842380426,0.757865750077204,0.245169191855817,3.09119487787398,0.00199352750094342,0.00955407918030717,"TTLL12"
"23171",888.313957527574,0.855833549917091,0.186875902759095,4.57968918025969,4.65667427177832e-06,5.32220895115407e-05,"GPD1L"
"23189",1717.82362136405,1.08414520426631,0.184796666299085,5.8666924354126,4.44574232343989e-09,1.10387406496606e-07,"KANK1"
"23194",664.113666895981,-1.5292478285534,0.26071347601894,-5.86562632628284,4.47440451306409e-09,1.10965231923989e-07,"FBXL7"
"23198",862.637102233962,-0.779619040434136,0.228905187368576,-3.40586008292953,0.00065955972036213,0.00384055934481869,"PSME4"
"23201",2114.04134217362,-0.904507855322974,0.245248673711241,-3.68812536938712,0.000225912339824402,0.00156835737030202,"FAM168A"
"23204",2670.85343094558,0.595096635026512,0.171769918574435,3.46449855693814,0.000531220989798399,0.00320194812708939,"ARL6IP1"
"23205",1341.25514357372,1.36803336169734,0.418848656410405,3.26617583883779,0.00109010536193153,0.00581615572058023,"ACSBG1"
"23208",495.796808798031,-1.30199416202713,0.268889625999469,-4.84211377507626,1.28465167475518e-06,1.72156706205472e-05,"SYT11"
"23209",48.6972625529029,1.86072603958299,0.375233376686028,4.95885002559334,7.09116818365285e-07,1.01717495395338e-05,"MLC1"
"2321",478.882438629963,-0.798855997869395,0.231257547054428,-3.45439968573817,0.000551519349432155,0.00329917881101757,"FLT1"
"23210",419.885717563859,-0.572724800712677,0.178220223182594,-3.21357919143607,0.00131091642534069,0.00680209319365082,"JMJD6"
"23212",377.14152127046,0.622170841171911,0.207807798818917,2.99397252994373,0.00275370735962732,0.0125043706795872,"RRS1"
"23213",2874.03125722004,-5.20926624090896,0.274983319904368,-18.943935372955,4.95511897532623e-80,3.39987229960384e-76,"SULF1"
"23216",1068.04557161245,-0.804692506562887,0.247251768884032,-3.25454701575992,0.00113573359321192,0.00602679563874042,"TBC1D1"
"23218",4994.29982858911,0.809831723605475,0.182331600548874,4.44153246704156,8.93204665380403e-06,9.48206541113472e-05,"NBEAL2"
"2322",67.8214959379197,-1.17043994938267,0.334819335227185,-3.49573583792134,0.000472756471702843,0.00289447329373329,"FLT3"
"23224",3180.64509151116,0.717224152326141,0.196706058279789,3.64617215452502,0.000266175689181805,0.00179447643263583,"SYNE2"
"23225",467.253652839599,-0.764845169475227,0.201771372174357,-3.79065256499471,0.000150252007181194,0.00110614710866155,"NUP210"
"23228",200.973476674749,-1.13191253718603,0.202953264814793,-5.57720782771822,2.44409806254241e-08,5.05113599592098e-07,"PLCL2"
"23235",1289.25800644423,0.894396364584241,0.184403079034108,4.85022467774961,1.23321703249152e-06,1.66020532353208e-05,"SIK2"
"23237",54.1328141513451,1.75370495306779,0.372725640175062,4.70508267755368,2.53763093606009e-06,3.15807709721045e-05,"ARC"
"23239",940.029652012966,0.962971930683727,0.172063607508878,5.59660432921029,2.18590801957197e-08,4.55873664385709e-07,"PHLPP1"
"23242",1623.21884109485,1.61028145791491,0.217086718287242,7.41768759793144,1.19182809686418e-13,6.66646455050336e-12,"COBL"
"23251",75.6758635672488,-3.18850341503001,0.362711713535031,-8.79073737088464,1.48581529423123e-18,1.58466435318423e-16,"MINAR1"
"23254",1260.5722475784,0.61205790594473,0.173055300707454,3.53677641449077,0.000405042404882611,0.00255356596082808,"KAZN"
"23255",388.859305802688,-2.3290845935707,0.331105140883649,-7.03427493561371,2.00299826635389e-12,9.14184397220141e-11,"MTCL1"
"23258",1542.78548033548,-0.622434378974797,0.246358099611725,-2.52654319040369,0.0115191223667121,0.0401064977666444,"DENND5A"
"2326",430.485519461706,-1.54171917641294,0.360798582960858,-4.2730743667588,1.92796119935647e-05,0.000185238591444894,"FMO1"
"23262",508.873447339984,-0.79539036503488,0.319706411936065,-2.48787742547354,0.0128508015707797,0.0438456654289624,"PPIP5K2"
"23263",996.774308844075,0.462546283730832,0.15073992955293,3.06850537281441,0.00215132459946194,0.0101627526376073,"MCF2L"
"23264",3428.47083036754,0.664048303690631,0.215328378513549,3.08388661204193,0.00204315449909447,0.00975331451979607,"ZC3H7B"
"23266",992.299698244296,-1.00884230651318,0.266408976311941,-3.78681799869955,0.000152588780203648,0.00112214628499889,"ADGRL2"
"23275",1042.70694328301,-1.13747467681956,0.209950158187092,-5.41783195898299,6.03260734937993e-08,1.12071470829997e-06,"POFUT2"
"23277",3270.71690815039,0.965577064267608,0.264471463001524,3.65096881648075,0.000261252961982621,0.00176837585315695,"CLUH"
"2328",169.593270856027,-1.35520201291125,0.460748468657594,-2.94130551721567,0.0032683200413705,0.0143658124560261,"FMO3"
"23281",10.0307416945915,1.66231369840527,0.593305386686677,2.80178426777563,0.00508208454727599,0.0207353078931871,"MTUS2"
"23284",224.53037444152,1.25523566345574,0.437538123333444,2.86886009816141,0.00411953968608143,0.0173337295376738,"ADGRL3"
"23286",1250.87508687425,1.50631485141308,0.253481121731303,5.94251296161541,2.80685452938322e-09,7.34133337138809e-08,"WWC1"
"23294",1694.1811401062,0.410058150700436,0.149452000919445,2.74374480219545,0.00607427389068905,0.0239462950289009,"ANKS1A"
"23299",3914.66890282145,0.484119890309485,0.192651072409096,2.51293638937785,0.0119730921454905,0.0413791351112787,"BICD2"
"2330",462.911390660798,0.904142739518086,0.276918503799744,3.26501381132669,0.00109458739172654,0.00583553143519791,"FMO5"
"23303",2074.63989669715,0.612466239167982,0.209307999216769,2.92614826695507,0.00343187335012195,0.0149318109452932,"KIF13B"
"23308",533.696914136861,0.721890189551219,0.247123128363954,2.92117615348429,0.00348712600198486,0.0151145507738169,"ICOSLG"
"2331",6958.67386167902,-1.54870097130883,0.315402536554654,-4.91023625943626,9.09667274872433e-07,1.26774483317361e-05,"FMOD"
"23314",283.097086787767,-1.5639522225294,0.271016006629008,-5.77070056482047,7.89426434148117e-09,1.8278463127677e-07,"SATB2"
"23317",985.029106343006,-0.738085691605773,0.22428288970896,-3.29086936842818,0.000998782824197489,0.00541024885612661,"DNAJC13"
"23322",237.959347631269,-1.60808061567572,0.242401833402133,-6.6339457631411,3.26829962508089e-11,1.22095607046579e-09,"RPGRIP1L"
"23329",72.8284378162013,-0.940866965339317,0.223245939190126,-4.21448635864339,2.50347282524595e-05,0.000231810547165374,"TBC1D30"
"23331",869.926719624001,-0.64748597375865,0.229770078728553,-2.81797341647596,0.00483278109075283,0.0198836629966133,"TTC28"
"23333",423.941672989749,-1.12012283743137,0.259471785178662,-4.31693502497814,1.58210704701024e-05,0.00015537257373883,"DPY19L1"
"23336",1054.01695973708,2.48897820412187,0.386500208046132,6.43978490129245,1.19642936203419e-10,4.04389195207089e-09,"SYNM"
"23338",1379.68781017558,0.589100628537201,0.213121820593691,2.76414975667977,0.00570713395321916,0.0228063764886552,"JADE2"
"23348",2129.76771165823,0.739838141713968,0.229144165750881,3.22870163108712,0.0012435356194779,0.00649503608001348,"DOCK9"
"23349",140.927279191102,1.40851058053735,0.263670672776175,5.34193115111064,9.19615847216873e-08,1.63043691637486e-06,"PHF24"
"2335",84276.0219198919,-4.57151315734819,0.308714008578034,-14.8082465658265,1.29576514444024e-49,1.56894292547987e-46,"FN1"
"23352",7558.74805237546,0.574680515385488,0.207534333805221,2.76908646800027,0.00562137142487291,0.0225336532443202,"UBR4"
"23353",3528.27936702569,0.60777031947487,0.199972795334499,3.03926500831395,0.00237156137903485,0.0110194585417272,"SUN1"
"23355",867.863784511352,-0.505139027967672,0.176104448980852,-2.86840582898958,0.00412545989111001,0.0173515460561112,"VPS8"
"23359",123.727043613958,-2.69713835327106,0.31785036849827,-8.48555993820009,2.1468243442852e-17,1.99955802274962e-15,"ENTREP2"
"23362",653.743586155942,-0.854070828592258,0.272801723981706,-3.13073838437154,0.00174367417910625,0.00859334241909183,"PSD3"
"23366",95.6885176817287,1.33205710318792,0.369729637781406,3.60278692068355,0.000314823592681895,0.00206765202625488,"MATCAP2"
"23368",2042.40918119174,0.523760270074388,0.175937114659472,2.97697430748556,0.00291108404472559,0.0130919278952658,"PPP1R13B"
"23382",1025.43990723709,0.722114625656292,0.1812163065716,3.98482145077258,6.75308837815446e-05,0.000556690313079421,"AHCYL2"
"23384",1144.96711127824,-0.44882830931859,0.14336278108664,-3.13071709349266,0.00174380058708446,0.00859334241909183,"SPECC1L"
"23386",3409.33698847738,0.461570274271874,0.17415723309286,2.65030780562393,0.00804184676450275,0.0299770687795227,"NUDCD3"
"23401",671.710231433771,0.769702276899127,0.206261390199957,3.73168374436413,0.000190204198141297,0.00135660541044368,"FRAT2"
"23406",1968.91915426958,-0.949567356540333,0.292804798540657,-3.24300476383239,0.0011827623355794,0.00623137443449354,"COTL1"
"23409",44.8272745781542,-0.908397677637402,0.282847659526215,-3.21161461671282,0.00131991307085559,0.00683671128598176,"SIRT4"
"23414",135.645158028338,-1.19819605423364,0.336140576679894,-3.56456833051335,0.000364455499825322,0.00233622313157129,"ZFPM2"
"23432",395.907842130113,-1.25973788071692,0.251042332519787,-5.01802970069848,5.22041077872858e-07,7.7196074331429e-06,"GPR161"
"23446",3673.12029449478,-0.634592339497427,0.20087766139379,-3.15909860307167,0.00158257936693977,0.00794919806956765,"SLC44A1"
"23452",9159.91385160832,-2.24200504697578,0.341448636404839,-6.56615610061345,5.16306913180639e-11,1.86123669017693e-09,"ANGPTL2"
"23457",153.458197162884,0.560872950181219,0.230409098233523,2.43424827613693,0.0149227554113846,0.0493885195321656,"ABCB9"
"23462",214.64595245739,-1.54642853164188,0.226627298260237,-6.82366397831785,8.87473323729171e-12,3.65355017912825e-10,"HEY1"
"23475",481.937992602955,-1.06469520271629,0.342024438114202,-3.11292142920145,0.00185245327246457,0.00902079445479315,"QPRT"
"2348",49.9748896371387,3.64714028893246,0.637323267628776,5.72259083290966,1.04911720568469e-08,2.35239962546989e-07,"FOLR1"
"23480",1204.81367303629,-1.00890096661325,0.197061420327746,-5.1197284833088,3.05975860463954e-07,4.85859096818996e-06,"SEC61G"
"23491",56.7129635829179,1.29985758311524,0.357485836237534,3.63610932616515,0.00027678689900365,0.00185280700133045,"CES3"
"23492",2492.42712330904,1.11480462866189,0.203779925659335,5.47063026475697,4.48437957954473e-08,8.55768107999343e-07,"CBX7"
"23493",343.357759910783,-2.91649309112491,0.254691735952276,-11.4510707629375,2.3225864155004e-30,8.10307097909495e-28,"HEY2"
"23500",1183.30266304778,0.537339411151826,0.213601350637594,2.51561804055959,0.0118823879800616,0.0411070712910233,"DAAM2"
"23504",176.481900998539,-1.53499383463882,0.333144660137681,-4.60758948981636,4.07363899689242e-06,4.72404423166386e-05,"RIMBP2"
"23508",767.216846971135,0.980564476931288,0.197626452475286,4.96170661695155,6.98764859129937e-07,1.00442568857057e-05,"TTC9"
"23516",1128.62372353536,-1.07280172627036,0.236261616232041,-4.54073642337535,5.60580776004007e-06,6.25080969299376e-05,"SLC39A14"
"23518",519.225430144662,-0.587695861287136,0.186294045234793,-3.1546679903077,0.00160680843522822,0.00804733450869531,"R3HDM1"
"2352",22.2342214095894,-1.89418973428204,0.670941860927209,-2.82318013615123,0.00475498469178554,0.0195988395866467,"FOLR3"
"23528",248.076754763654,-1.52597618445971,0.307055918812476,-4.96970125298789,6.70561382791058e-07,9.70663537508519e-06,"ZNF281"
"23529",113.075365245258,-1.02405407981681,0.331213977496807,-3.09182024127192,0.00198933275738059,0.00954063967332758,"CLCF1"
"23533",190.809213286524,-0.750186609314641,0.299227462528028,-2.50707807023018,0.0121733820994065,0.0419586230968156,"PIK3R5"
"23539",25.5001752992339,1.20015906395094,0.396754916456501,3.02493810201472,0.00248684016369163,0.0114773807016656,"SLC16A8"
"23542",227.430292129021,2.07042177836102,0.464407255538327,4.45820291063508,8.2649646504708e-06,8.85611829074914e-05,"MAPK8IP2"
"23547",36.9876467036273,-3.24642454093912,0.630619615732183,-5.14799168936388,2.63290154311802e-07,4.27073643526724e-06,"LILRA4"
"23550",2774.09108763645,0.916410328133683,0.172173497238556,5.32259809338683,1.02295589146766e-07,1.78748082088033e-06,"PSD4"
"23551",98.5993393286897,1.36183623750457,0.394075686228676,3.45577330724818,0.000548716590886205,0.0032865673870493,"RASD2"
"23553",25.0012400817403,3.03123103026663,0.60663363768582,4.9968067082962,5.82874391878972e-07,8.54550319261877e-06,"HYAL4"
"23564",3053.70860707893,0.848147983700501,0.270455716740971,3.13599577010537,0.00171271673917369,0.00846854704759819,"DDAH2"
"23566",174.538328302248,0.82086381796664,0.248603281754604,3.30190258219083,0.000960314164514801,0.00523950387578312,"LPAR3"
"2357",40.2052966595561,-2.05599069804779,0.421140913333004,-4.88195431257491,1.05039595921362e-06,1.43472796446272e-05,"FPR1"
"23580",2675.53132503222,1.67349376033697,0.271879719084705,6.15527250789748,7.49485092921803e-10,2.18828385144715e-08,"CDC42EP4"
"23582",1399.60699083556,0.76609871279697,0.152641262329256,5.01894901225626,5.19549360574991e-07,7.69381585473065e-06,"CCNDBP1"
"23586",478.245020703025,-0.981768700718265,0.308730409590796,-3.18001942866445,0.00147265178385566,0.00749395904051541,"RIGI"
"2359",219.200177477564,-1.29267100640654,0.308865451573604,-4.18522369472096,2.84885411277558e-05,0.000260741721019886,"FPR3"
"23593",2738.10146098069,0.832432222172235,0.167694344667532,4.96398506355479,6.90612569728946e-07,9.94791402050428e-06,"HEBP2"
"23600",202.855182223326,-0.494122777889737,0.185516154829122,-2.66350269250067,0.00773317930136334,0.029079240544257,"AMACR"
"23601",89.0181939354378,-1.06262575188411,0.290734356221678,-3.65497138244604,0.000257210667227844,0.00174791164549948,"CLEC5A"
"23608",3180.82733791575,0.443750874012606,0.146234329129098,3.03451916287629,0.00240919449715745,0.011161570904679,"MKRN1"
"23621",1718.26609812166,-0.830502879572043,0.202351010488268,-4.10426850633491,4.0559617559116e-05,0.000357703156742435,"BACE1"
"23627",65.2526347993637,-3.3052716843938,0.56174058252002,-5.88398237059187,4.0051051894909e-09,1.00660665714873e-07,"PRND"
"23633",2024.90684831623,0.394355203054832,0.143696966080613,2.74435302157736,0.00606302980611189,0.0239139915143931,"KPNA6"
"23635",962.451231252407,0.624319627475835,0.164948625404462,3.78493379950862,0.000153749500357915,0.0011290687532527,"SSBP2"
"23643",181.978927055737,-1.63150852142245,0.238750168358457,-6.83353872644362,8.28451182820817e-12,3.42352459774009e-10,"LY96"
"23648",2195.78659286875,0.845973924999132,0.182599531763734,4.63294684727746,3.60497119806411e-06,4.249984372334e-05,"SSBP3"
"23650",61692.5220397481,1.25578584785601,0.266762579757076,4.7075037623327,2.50768654200715e-06,3.12648211875682e-05,"TRIM29"
"23660",305.023515958861,-1.0228213553773,0.175681215630566,-5.82203027060194,5.81370160338016e-09,1.39936723971208e-07,"ZKSCAN5"
"23670",716.722879920762,-2.10162566510078,0.288859189429378,-7.27560604615834,3.4486865362781e-13,1.77469409156871e-11,"CEMIP2"
"23677",1527.17673592562,0.695072159856927,0.251813164691052,2.76026934775117,0.00577537237822775,0.0230209653434237,"SH3BP4"
"23682",1241.53373457363,0.433273898199768,0.172702264373081,2.50879106752061,0.0121145115291453,0.0418047117042627,"RAB38"
"23683",933.954173790615,-0.72678771327685,0.237122518766818,-3.06503033561127,0.00217647920001824,0.0102565585744449,"PRKD3"
"23704",266.156630330411,-2.0758031473325,0.352562681567697,-5.88775629372424,3.91473805625141e-09,9.87511864581851e-08,"KCNE4"
"23705",998.622975530092,-0.888747536128608,0.257261599272848,-3.45464514968678,0.0005510175244217,0.00329713509380706,"CADM1"
"23710",1704.36401518801,0.708538729697605,0.20529246977083,3.45136249024894,0.000557763897498581,0.0033321582192253,"GABARAPL1"
"23729",770.155036031312,0.765635097591139,0.186602803008493,4.10302034721468,4.07791370894088e-05,0.000359485121134214,"SHPK"
"23731",1297.86882693217,0.548982671995906,0.18494414664646,2.96837008334924,0.00299383630851112,0.0133851274053851,"TMEM245"
"23764",747.263884895122,1.50116122719447,0.239945853605945,6.25624991903287,3.94344635393201e-10,1.22016273892993e-08,"MAFF"
"23765",1141.86706648252,0.669442764497143,0.216622598835862,3.09036438531692,0.00199911073670897,0.00957414969856154,"IL17RA"
"23768",1118.90541203547,-1.57458944682025,0.291575290079074,-5.40028425040142,6.65353867995482e-08,1.22610958091486e-06,"FLRT2"
"23774",1664.48539252485,0.762198240153994,0.204733850286834,3.72287357017976,0.000196968166402402,0.00139806646111277,"BRD1"
"23780",861.010419596807,-1.67108818827963,0.194547343804736,-8.58962222561558,8.72557399146489e-18,8.51219028627077e-16,"APOL2"
"23786",1918.55262482617,0.740353331082874,0.166991761569025,4.43347219124252,9.27274726410261e-06,9.75819170165072e-05,"BCL2L13"
"23788",1877.0365461422,0.489710428912106,0.156823127250252,3.12269266337639,0.00179204772109404,0.00878064991454408,"MTCH2"
"239",796.370372932178,0.884497684440816,0.199352017270966,4.43686347672408,9.12791441073224e-06,9.64027656390521e-05,"ALOX12"
"24",75.0054729608911,1.61632478580406,0.623069291327401,2.59413328228808,0.00948297172868938,0.0342271594009017,"ABCA4"
"24139",1913.2118491037,1.02097856988027,0.211360603564466,4.83050555620157,1.36186813823694e-06,1.81794382344159e-05,"EML2"
"24140",1232.68862448136,-0.452759826788081,0.17399539873245,-2.60213678112421,0.00926448937439522,0.0336035681555156,"FTSJ1"
"24141",1079.37698049135,-5.3530240524691,0.377718796167342,-14.1719821909459,1.36589901965448e-45,1.33884121050323e-42,"LAMP5"
"24145",679.860682371123,-0.479170247277284,0.17565719405261,-2.72787146499546,0.00637444411475491,0.0248317252180358,"PANX1"
"24147",367.300177154175,0.890402474293915,0.283009644561037,3.14619127441743,0.00165411789691485,0.00824615228629093,"FJX1"
"242",2869.60237913358,1.08545999252473,0.301785427926789,3.59679392070598,0.000322163516058493,0.00210721760869019,"ALOX12B"
"245806",11.3111682971999,3.13919634877762,0.827292824842462,3.79454076538788,0.000147916978786861,0.00109208798222709,"VGLL2"
"245812",661.238149741028,-1.0833048202309,0.241323066645839,-4.48902309790692,7.15505397330901e-06,7.78179052828202e-05,"CNPY4"
"246126",114.862982788578,5.86854792885627,1.45986879518045,4.01991463084247,5.8219233984555e-05,0.000490337443673519,"TXLNGY"
"246175",1150.94804230202,0.435785892108676,0.178674338026799,2.43899541994281,0.0147281549228598,0.0488580726723846,"CNOT6L"
"246329",99.222874702241,-0.716112166645257,0.261249289992902,-2.74110665205909,0.00612326282041235,0.0240963087479879,"STAC3"
"247",2031.7760074156,2.70999261698197,0.869339098640603,3.11730212205987,0.00182514425118526,0.00891311251871823,"ALOX15B"
"2487",767.117351199347,1.37603335631848,0.300317808097448,4.58192394595523,4.60717463321442e-06,5.27176519312513e-05,"FRZB"
"249",615.373146968737,-2.7088987597826,0.480123382351851,-5.64208880332644,1.67999404708376e-08,3.59096546886523e-07,"ALPL"
"2512",68472.1134561438,-0.77700771357101,0.301592223213003,-2.57635195395021,0.0099848953893306,0.0356674300593119,"FTL"
"2519",1683.07185037175,-0.618984629953189,0.239804558531372,-2.58120460154727,0.00984562111027781,0.0352517420306068,"FUCA2"
"2526",142.445900759137,-1.17992207383776,0.266611397367291,-4.42562503137205,9.61634383070911e-06,0.000100631835999652,"FUT4"
"2530",780.719755507664,-1.84699319143911,0.217305429947782,-8.49952618249318,1.90366117933553e-17,1.79747530804782e-15,"FUT8"
"2531",2444.57198082527,0.530243347523518,0.144132621217775,3.67885731240783,0.000234281289858944,0.00161447809523151,"KDSR"
"253190",347.697758303692,1.35861915418054,0.373002321267394,3.64238793357691,0.000270120585901334,0.00181467432773925,"SERHL2"
"253264",22.3854870109475,1.7740022769635,0.54077698325622,3.28046927271492,0.00103634552805168,0.0055828674036681,"ZNF503-AS1"
"2533",136.508579945657,-1.50475225080657,0.285595923261142,-5.26881558260432,1.37306822947052e-07,2.33967189034944e-06,"FYB1"
"253430",242.686879418532,0.686182346409688,0.261686031384596,2.62215886258451,0.0087374692113015,0.0320420570542366,"IPMK"
"2535",206.616466572656,-2.72826102165756,0.294844737490657,-9.25321253781583,2.17844687272281e-20,2.8929774469759e-18,"FZD2"
"2537",1049.41326227027,-1.7592762649604,0.277914189904663,-6.33028585393179,2.44707424351639e-10,7.82151804791015e-09,"IFI6"
"253769",344.622992311148,-0.738781486626776,0.281782603075761,-2.6218136909898,0.00874632298989876,0.0320688123306156,"WDR27"
"2539",1552.76954843602,0.761581310779612,0.260231999473317,2.92654751268473,0.00342747147857268,0.0149188143190823,"G6PD"
"253935",234.590299290157,3.27936359990248,0.356926975513557,9.18777179893461,4.01062636024504e-20,5.12762316765738e-18,"ANGPTL5"
"253962",33.9485639987154,-3.45398407195334,0.684832515117992,-5.04354567825717,4.5698361146662e-07,6.88620106766392e-06,"CACNA1G-AS1"
"253982",34.0444541047915,-1.35882813345202,0.437547752230123,-3.10555391160452,0.00189922995805025,0.00919420260030722,"ASPHD1"
"254240",1364.58503115429,0.773996735912777,0.205074423548489,3.7742236331571,0.000160506731433009,0.00116909786263874,"BPIFC"
"254427",128.443810570811,0.801864698931951,0.289235214714668,2.77236193290985,0.00556511217725087,0.0223734900501039,"PROSER2"
"254910",2904.70007627009,2.28024886463372,0.403530185673342,5.65075165524192,1.59747746736452e-08,3.43599542196775e-07,"LCE5A"
"255027",137.354612997019,1.58388930783046,0.270833175205569,5.84821008958098,4.96890731540587e-09,1.22350417836435e-07,"MPV17L"
"255057",169.634357269155,0.797795790630958,0.312515442447295,2.5528203802777,0.0106854585811497,0.0376293448920636,"CBARP"
"255167",35.3164368076203,2.0937185676762,0.802783057093945,2.60807518192451,0.00910529535390583,0.0331195263411906,"LINC01018"
"255231",114.403096673958,-1.11694814684069,0.359999152934838,-3.10264104161064,0.00191802128168385,0.00926773475638035,"MCOLN2"
"255252",626.549861691521,0.481326642502948,0.171821297997192,2.80132118726524,0.00508938371837405,0.0207486382370789,"LRRC57"
"255349",27.2833165508322,2.24277720089439,0.559668158509479,4.00733392956892,6.14080115286522e-05,0.000514876785867933,"LHFPL7"
"255480",54.5927911332658,-2.50788522918997,0.655805882838184,-3.82412737491221,0.000131236059628791,0.000984781688798463,"TBX5-AS1"
"255488",1345.21580601384,0.328358226362164,0.133676297233829,2.45636835517514,0.0140349213907455,0.0470206415864431,"RNF144B"
"255520",542.749156350702,-0.73192600073061,0.225138810460402,-3.2509987915182,0.00115000346483958,0.00608995917680932,"ELMOD2"
"255631",88.461597308929,-2.41713870007651,0.473089192617221,-5.10926636625206,3.23412135689725e-07,5.0778912288614e-06,"COL24A1"
"2557",10.1055457479425,2.34501066638601,0.785030670220009,2.9871580249582,0.00281584129998228,0.0127425446010156,"GABRA4"
"2558",32.7783654823916,-7.45660238120158,0.909489634005509,-8.19866670537161,2.43067814822192e-16,1.96208152952941e-14,"GABRA5"
"255877",797.585201548908,-1.82335678539362,0.27975838752902,-6.51761257811968,7.14352048570196e-11,2.51354231927674e-09,"BCL6B"
"255928",11.6800382167457,-3.48147614470729,0.733921268784759,-4.74366433128717,2.0988652933314e-06,2.68341883216979e-05,"SYT14"
"256076",376.71626440287,-2.61820589767199,0.328661865782903,-7.96626006925136,1.63548565430984e-15,1.17299082607365e-13,"COL6A5"
"2561",31.4974059216591,-2.50915061191689,0.506978769021502,-4.94922226577593,7.45106189078558e-07,1.06361066546415e-05,"GABRB2"
"2562",34.6420450252431,-1.18742979578964,0.424255549837028,-2.79885506800271,0.00512841504868064,0.0208870786232771,"GABRB3"
"256302",1042.45519296836,0.568777247921486,0.216652986752025,2.62529151547074,0.00865748097228779,0.0317997124078465,"NATD1"
"256309",26.4855649255822,-1.96832659329964,0.565722254266315,-3.47931618113975,0.000502695103729572,0.00305505639656614,"CCDC110"
"256536",13.084538335756,2.45174953763357,0.816162665370231,3.00399619054052,0.00266458661306783,0.0121748836500307,"TCERG1L"
"256691",636.340409449845,1.31048048299767,0.211162427083001,6.20603059502894,5.43396038217487e-10,1.63620428100758e-08,"MAMDC2"
"2567",19.791277522746,2.41877914597389,0.546362258264212,4.42706118401797,9.55256432484912e-06,0.000100168101916808,"GABRG3"
"256714",38.0054959990598,1.16755440010472,0.401642839993045,2.90694687878649,0.00364975171298258,0.0157004157283246,"MAP7D2"
"256764",149.026482219124,3.80117786897388,0.427167263078182,8.89857017970541,5.65707142792643e-19,6.29433287959122e-17,"WDR72"
"2568",429.572152984024,2.46762630901512,0.42404990987564,5.81918838218546,5.91340580812045e-09,1.41866602743999e-07,"GABRP"
"256815",37.2313204978099,1.554328329499,0.539128335925937,2.88303957689311,0.00393857953208128,0.0166951649687729,"C10orf67"
"2570",12.7932935580678,-2.63432196588075,0.722389501886148,-3.64667808571771,0.000265652388269698,0.00179167390568266,"GABRR2"
"257000",4405.55203634495,1.13850229304899,0.214931018379308,5.29705903612186,1.17682656427402e-07,2.03049438382366e-06,"TINCR"
"2571",20.6445636316979,-2.86406050328509,0.714527962129699,-4.00832529317476,6.11508519498708e-05,0.000513138661449711,"GAD1"
"257144",253.582919086293,0.765237551509656,0.294118090986283,2.60180374809159,0.0092734902847897,0.0336302896444875,"GCSAM"
"257160",503.033575663695,-0.632269740020635,0.191774645400994,-3.29694125466159,0.000977439430564604,0.00531421374504538,"RNF214"
"257177",27.6832226145074,1.28730053965784,0.486753235173083,2.64466766040106,0.00817711856034454,0.030452890992476,"CFAP126"
"257194",419.03228318261,1.19131332913501,0.203953160081538,5.84111238413141,5.18534077560022e-09,1.26914452467247e-07,"NEGR1"
"257407",93.4689786044555,3.09290758482463,0.54609889276832,5.66364009482947,1.48195071359262e-08,3.22116932297683e-07,"C2orf72"
"25758",177.731453876066,-1.76136121421759,0.25968079862947,-6.78279342759886,1.17874125360917e-11,4.73890819615063e-10,"KIAA1549L"
"25759",780.280790734013,-0.958402095293588,0.36700643788779,-2.611404041873,0.00901712894175352,0.0328568918635253,"SHC2"
"25766",613.970333822689,-0.623166140733535,0.136779108993053,-4.5560038029286,5.21359927018972e-06,5.86750833119657e-05,"PRPF40B"
"25769",104.07143894783,-9.61040336716667,0.904249783542146,-10.6280405503893,2.20700650226258e-26,5.2217266485716e-24,"SLC24A2"
"25777",6954.69805185055,1.3356348578208,0.26889852372509,4.96705909470257,6.79758788298046e-07,9.80529425250664e-06,"SUN2"
"25780",164.038207461689,-0.876490315380359,0.298196610503993,-2.93930341427748,0.00328950874357724,0.0144250634805697,"RASGRP3"
"25789",35.4707258808044,-2.57699734537335,0.424104926810877,-6.07632022752361,1.22971721392714e-09,3.42677897190448e-08,"TMEM59L"
"25791",1120.81632997093,1.24830969017987,0.287103261216513,4.34794674532967,1.37417959025288e-05,0.000137389692837085,"NGEF"
"25797",1756.43121729877,0.876517422975839,0.206262039302473,4.2495333893721,2.14216277790143e-05,0.000202360158881703,"QPCT"
"25799",532.047854087502,0.601275757997771,0.19003685902467,3.16399545374361,0.00155619226346824,0.00783003215625281,"ZNF324"
"258010",427.496083177712,1.19236396325068,0.234517262425062,5.08433345554547,3.68919312567355e-07,5.71394667410568e-06,"SVIP"
"25802",1780.09193727275,1.92571172266671,0.376820514463906,5.11042166960143,3.21440564845888e-07,5.05464674315337e-06,"LMOD1"
"25803",327.576615078864,4.70526922944802,0.994737731678936,4.73016060374666,2.24342288476525e-06,2.84001332472374e-05,"SPDEF"
"25805",132.560980126543,2.18438129587648,0.403911683545605,5.4080666265992,6.37087262086124e-08,1.18142380205232e-06,"BAMBI"
"25818",10862.7631967202,1.12140800765611,0.283011878791334,3.96240614508951,7.41981787825019e-05,0.000602388464236833,"KLK5"
"25823",89.9486777046333,1.6372927513874,0.386529886874894,4.23587620772345,2.27662183395145e-05,0.000213591539790595,"TPSG1"
"25825",2168.11812088822,-0.683236419796858,0.234732839766146,-2.91069805348726,0.00360622332704298,0.0155423996992991,"BACE2"
"25829",2006.30064159368,-0.562033076742241,0.230982863382004,-2.4332241297604,0.0149650342905545,0.0494923306293016,"TMEM184B"
"2583",425.845814476918,-2.65107001694209,0.207670406757635,-12.765757328323,2.54661678864187e-37,1.37946210466853e-34,"B4GALNT1"
"25830",17.8560285435002,-2.22657488537322,0.79746066015573,-2.79208116039029,0.00523702185537191,0.0212453405342876,"SULT4A1"
"25833",2271.23654771106,0.82451338524353,0.188110846337018,4.38312516954145,1.16988850710221e-05,0.000119330946631278,"POU2F3"
"25840",2424.94607564462,1.26776753651503,0.237034793413136,5.34844491924609,8.87131654736667e-08,1.58101454381814e-06,"METTL7A"
"25841",507.360728300129,2.15655570573899,0.261615687158445,8.24322015687421,1.67636712357829e-16,1.38579682215806e-14,"ABTB2"
"25842",458.374694684384,0.502475348863492,0.176165631967027,2.85228931008257,0.00434055758244397,0.0181469372830451,"ASF1A"
"25843",510.080215015234,0.555229317432414,0.163174487544886,3.40267235268432,0.000667302519829911,0.00387906101897173,"MOB4"
"25858",24.1167178852941,-1.687779286374,0.466677529060175,-3.61658571770739,0.000298514494571858,0.00197576281551998,"CATSPERZ"
"25859",94.4262233647014,0.884456491837979,0.318950259219136,2.7730232732945,0.00555381485989964,0.022336796615118,"PART1"
"2587",22.3516481948397,-3.25812537429309,0.636780695595038,-5.11655801884594,3.11161601153936e-07,4.92309792325336e-06,"GALR1"
"25878",11864.782432029,-2.72609669547243,0.28338688037762,-9.61969972583007,6.60236163739147e-22,1.03742757209211e-19,"MXRA5"
"2588",1372.52000765792,-1.73452033518403,0.193711676532022,-8.95413413500296,3.42412319222356e-19,3.87264570267745e-17,"GALNS"
"25884",11.0253068075076,-3.37834741115084,0.790596161147602,-4.27316445130084,1.92718212385542e-05,0.000185238591444894,"CHRDL2"
"25888",167.576616861374,-0.818391569183567,0.264609640509832,-3.09282597416612,0.00198260360149854,0.00951945708729788,"ZNF473"
"25890",1619.82992807126,-0.949265615880165,0.286044389315246,-3.31859547447369,0.000904713884420222,0.00498731403237971,"ABI3BP"
"25891",1066.47684112251,1.45168213671885,0.260855102848211,5.5650900475716,2.62017071880516e-08,5.35055496784578e-07,"PAMR1"
"25894",1132.8046758724,-1.38520424674748,0.16857534096008,-8.21712261626394,2.08443917720653e-16,1.68921637888265e-14,"PLEKHG4"
"2590",2605.95568056677,-0.686491324793911,0.250450426458395,-2.74102677524469,0.00612475162113644,0.0240963087479879,"GALNT2"
"25900",703.862326001888,-1.21765793137278,0.245133941851142,-4.96731673377244,6.78856620046255e-07,9.79914773284159e-06,"IFFO1"
"25902",405.244377222119,-1.11762949186948,0.243463595309592,-4.59054048901349,4.4209968261063e-06,5.0924341728356e-05,"MTHFD1L"
"25903",5868.21238547718,-3.65599504050343,0.274379789249248,-13.3245784994109,1.66570879010535e-40,1.14289832451762e-37,"OLFML2B"
"2591",250.559975685897,0.914660551170098,0.338899563288692,2.69891333672491,0.00695662895309222,0.0266261157252604,"GALNT3"
"25912",4544.60151723873,0.388606310655319,0.154079158968733,2.52212118274981,0.0116649515009049,0.0405182858073957,"C1orf43"
"25921",5240.33830177984,0.593931127858988,0.21430602097904,2.77141596463627,0.00558130768258813,0.0224116352632247,"ZDHHC5"
"259230",1120.59840171206,0.809205786653739,0.246714194636322,3.27993201950369,0.00103832102530012,0.00559204604520611,"SGMS1"
"259232",66.264783256775,-1.36233707372362,0.439062466166249,-3.10283200843631,0.00191678411799248,0.00926393150616513,"NALCN"
"25925",937.845396398954,-1.85459755057268,0.248903733450443,-7.45106360946544,9.25907036771678e-14,5.25611121325129e-12,"ZNF521"
"25927",725.395063736825,-0.990067897008019,0.178322252086045,-5.55212759723495,2.82213471017449e-08,5.68403335364303e-07,"CNRIP1"
"25928",657.043618721233,1.42917215022072,0.299749515892082,4.76788810139484,1.86167129892295e-06,2.40858843601698e-05,"SOSTDC1"
"25930",3038.32315363078,0.604701495780004,0.237729113714966,2.54365772172538,0.0109698519507645,0.038473919331153,"PTPN23"
"25934",725.929990439894,0.7031329027913,0.153629916617523,4.57679674813479,4.7214978603041e-06,5.38135725119045e-05,"NIPSNAP3A"
"25937",1709.85891942561,-0.792470787992711,0.206367452187933,-3.84009580770048,0.000122986304508653,0.000930716945590484,"WWTR1"
"25940",1080.30250006023,-0.749066944528967,0.195033660051718,-3.84070598034377,0.000122680982628422,0.000929089531428787,"FAM98A"
"25943",555.997758526819,-0.748873911656868,0.267585089438907,-2.79863841900595,0.00513185685184963,0.0208928286072929,"DNAAF9"
"25946",7532.50228746748,0.810238457900282,0.265040005132786,3.05704211518691,0.00223532866858334,0.0104739370166445,"ZNF385A"
"25976",1458.0335276449,1.41774478050031,0.392864870922359,3.60873390683102,0.000307695012422685,0.00202739889107188,"TIPARP"
"25984",3326.14531752041,0.983507365906854,0.22978217862755,4.28017251721251,1.86748495536757e-05,0.000180386252094256,"KRT23"
"25992",1235.4838451114,-0.663825322916881,0.223392667504255,-2.97156272107381,0.00296288347702615,0.0132784658156121,"SNED1"
"25994",2782.1377580487,0.494292805994364,0.157870810085192,3.1309955635727,0.00174214792293485,0.00858931086124334,"HIGD1A"
"25998",915.779818146979,-1.20918380941777,0.257438807716679,-4.69697564303718,2.64041923742208e-06,3.26232830630829e-05,"IBTK"
"25999",595.594479452621,-1.05609999771915,0.264563071744099,-3.99186474044524,6.55557625915797e-05,0.000543400932373053,"CLIP3"
"26",168.987523692012,1.62651977934064,0.419802037505982,3.8744923416849,0.000106847203205556,0.000826199410512086,"AOC1"
"26001",4370.10967769015,0.621215441942872,0.182711438287035,3.39998112743746,0.00067390504311264,0.00390861127287421,"RNF167"
"26002",923.004560100353,-1.54412955552909,0.292370459133769,-5.28141440863765,1.28190366754402e-07,2.19706120672158e-06,"MOXD1"
"26010",2304.18306400375,-1.24783172933352,0.179286006676856,-6.96000626296844,3.40257611500951e-12,1.52257884242078e-10,"SPATS2L"
"26011",732.057693662386,-0.788913652504752,0.224572286207278,-3.51296086364188,0.000443142744699401,0.00275111533430051,"TENM4"
"26015",910.232784021505,0.647824280367181,0.165781911010646,3.90768978604415,9.31828402806541e-05,0.000732089917685872,"RPAP1"
"26020",10006.2636045925,0.70317174699132,0.252346825466818,2.78652899908893,0.00532758510493262,0.0215575018281763,"LRP10"
"26022",1833.29997708302,-0.601066022428604,0.207718373532916,-2.89365842898514,0.00380782139132423,0.0162311442366987,"TMEM98"
"260293",179.839049525867,1.56596508403836,0.272107264624286,5.75495507700089,8.66648379786015e-09,1.98432594544108e-07,"CYP4X1"
"26032",100.553589713423,0.787362331708815,0.309479970197144,2.5441463342757,0.0109545181470784,0.0384266873789132,"SUSD5"
"26036",597.797939258656,-0.499304996302541,0.171321162457639,-2.9144385266823,0.00356328978472524,0.0153895839128796,"ZNF451"
"260434",194.989036180863,0.948071727744271,0.312453049795011,3.03428540181082,0.00241106220059234,0.0111677102468481,"PYDC1"
"26052",553.22121631906,-2.65850727187,0.227270073379798,-11.6975685902441,1.31157779197537e-31,4.73640653860016e-29,"DNM3"
"26061",486.207830170825,0.573589129191098,0.235917818654905,2.43130905694805,0.0150443756802794,0.0497147903359884,"HACL1"
"26064",1351.28628874524,-1.21198694216704,0.264092502271333,-4.5892516135192,4.44837970176195e-06,5.11824750033918e-05,"RAI14"
"26084",531.117945906998,0.955007312747918,0.253268516039347,3.77073047879173,0.000162770394307556,0.00118391017541581,"ARHGEF26"
"26095",103.672375995176,1.4320589560834,0.401424856205459,3.56743966883416,0.000360486342056412,0.00231593347842984,"PTPN20"
"26098",292.233213874036,-0.785689591667885,0.29627404709925,-2.65190150592125,0.00800398865692392,0.0298684014710156,"EDRF1"
"26108",143.18028017404,-1.46602527379713,0.333003457275106,-4.4024325927223,1.07043853029477e-05,0.000110778817031612,"PYGO1"
"26112",1507.80319425099,0.728499859728069,0.290967849017678,2.50371256545189,0.0122897831461269,0.042274882399712,"CCDC69"
"26115",1238.90832248234,-1.00178286031161,0.234345584447654,-4.27481005316478,1.91300317008201e-05,0.000184350455304158,"TANC2"
"26140",813.701379758591,-0.707914889345744,0.237172417138738,-2.98481120986189,0.00283753393506862,0.0128199733361397,"TTLL3"
"2615",2918.65479652064,-1.56595386514842,0.28839737481605,-5.42984784846687,5.64021171930077e-08,1.05543743663716e-06,"LRRC32"
"26151",885.762758421493,-0.985591338599151,0.189341890484797,-5.20535279369827,1.93628389365005e-07,3.23247912951278e-06,"NAT9"
"26152",461.948653345621,-0.757050085662337,0.254847966890631,-2.9705949586297,0.00297223501542761,0.0133112560703966,"ZNF337"
"26166",44.4734845981288,1.69578544365796,0.387048540950261,4.38132498702763,1.17959773058572e-05,0.000120083282326294,"RGS22"
"26168",1029.17023972197,0.485313075189861,0.187537340881052,2.58782103291993,0.0096585147564643,0.0347086012128249,"SENP3"
"2617",3005.99651288608,-0.911078228560449,0.154290026453403,-5.90497162715573,3.52707447305972e-09,9.04125790204997e-08,"GARS1"
"26173",2518.10063111574,0.736229432280987,0.290984665806233,2.53013137390285,0.0114019825544028,0.0397577868800838,"INTS1"
"261734",617.312221927029,0.688983789672364,0.221955520193022,3.10415253053041,0.0019082492524338,0.00923135196524025,"NPHP4"
"26207",256.543903163749,-0.634493603737738,0.233760883855431,-2.71428475659829,0.00664190467926167,0.0256745475902201,"PITPNC1"
"26224",1263.07574965555,0.604940196333453,0.218324876979234,2.77082577443061,0.00559143359956938,0.0224336858395881,"FBXL3"
"26226",39.637985779091,1.62732332320833,0.410696552512219,3.96234960642849,7.42157571562674e-05,0.000602388464236833,"FBXW4P1"
"26230",107.229050880151,-2.13167183112861,0.42859011181465,-4.97368411535,6.56923225378491e-07,9.54951106722519e-06,"TIAM2"
"26232",428.273380027736,1.93772535298171,0.349091940387149,5.55075935248674,2.84431398092501e-08,5.7071865804974e-07,"FBXO2"
"26239",13425.9691062311,1.23620882717087,0.342813973471966,3.60606312120459,0.000310877547739599,0.00204444199446387,"LCE2B"
"26249",240.589388407199,-1.49280529290288,0.348721615895458,-4.28079369003153,1.862279429926e-05,0.000179967886317356,"KLHL3"
"2625",4274.77353413142,0.771313920295427,0.240153463725257,3.21175430214837,0.00131927151361709,0.00683659054721885,"GATA3"
"26258",880.608855890065,-0.650151519403111,0.202101888571615,-3.21694925266732,0.00129561513363347,0.006739687114155,"BLOC1S6"
"26267",443.534399446337,-1.70411556933445,0.255579046728915,-6.66766540976248,2.59904466553808e-11,9.94400286160519e-10,"FBXO10"
"26269",592.46455880585,0.498602677340225,0.187115285891322,2.66468169591348,0.00770612245195567,0.0289880892819911,"FBXO8"
"26273",1152.35710793896,0.557230298354693,0.194473549279412,2.86532693221989,0.0041657891283899,0.0174925751568294,"FBXO3"
"26278",258.950692904174,-1.29067368511561,0.344629847835727,-3.74510128249492,0.000180321015085907,0.00129103574766202,"SACS"
"26279",18.8394391180693,-4.05051425171868,0.974826546993052,-4.15511278823181,3.25127119262716e-05,0.000294172159248516,"PLA2G2D"
"2628",2837.26527828969,0.90874909095417,0.237387951431916,3.82811800461071,0.000129126847254146,0.000970762243929634,"GATM"
"26286",1060.44077713724,-0.656319597596908,0.200316726511248,-3.27640935945534,0.00105136053336588,0.00564749614269396,"ARFGAP3"
"26289",222.721617068536,-2.7291749959345,0.379827918677557,-7.18529329133215,6.70630669722566e-13,3.29457319941988e-11,"AK5"
"2633",532.267099858591,-1.40232517852353,0.335951707470054,-4.17418678739274,2.99052329283617e-05,0.00027225533595639,"GBP1"
"2634",1595.69668446023,-0.942321838146349,0.275852947818703,-3.41602961142059,0.000635413370544359,0.00372100962141823,"GBP2"
"2635",333.872595233732,-1.49956970532226,0.346433960772412,-4.32858748021935,1.50068723337853e-05,0.000147941312317355,"GBP3"
"26353",2090.01830128248,1.66756588989734,0.247260360197371,6.74416994526026,1.53904315745382e-11,6.0805497798521e-10,"HSPB8"
"26354",1317.08941122064,-0.817245002062475,0.262490335930159,-3.11342891602653,0.00184927050954221,0.00900955838305726,"GNL3"
"2644",219.089478089483,1.40970761663806,0.375175732846023,3.75745948690296,0.000171647145467182,0.00123797646891957,"GCHFR"
"2646",11.3701661796057,-3.43488943210635,0.613714840744132,-5.59688181557013,2.18241369717631e-08,4.55606526802e-07,"GCKR"
"26470",249.804261623972,-1.69105285392267,0.495526593419838,-3.41263794189531,0.000643373567565364,0.00376013671628775,"SEZ6L2"
"2650",252.478662996841,-1.10921731111938,0.232926607043322,-4.76208933448758,1.91598823992048e-06,2.47334640620703e-05,"GCNT1"
"26505",858.749663321966,0.571839867851626,0.140012460140875,4.08420698612297,4.42275951323637e-05,0.00038591810860728,"CNNM3"
"26507",73.2903541155241,1.5218948197362,0.313526826944655,4.85411355247394,1.20926434112681e-06,1.63009149952549e-05,"CNNM1"
"26508",537.209034055791,-1.4086598943814,0.209936315086424,-6.70993912511752,1.94705623777991e-11,7.61943072214101e-10,"HEYL"
"26509",4673.06664931401,-0.491926974131721,0.192796000533319,-2.55154138452528,0.010724758634464,0.0377364840567191,"MYOF"
"2651",133.971439354457,1.31682166228288,0.308763829069026,4.26481840911651,2.00064848453098e-05,0.000191274261057063,"GCNT2"
"26511",572.102998898541,0.432557646175879,0.172808855283227,2.50309884564036,0.0123111155485584,0.0423411867086928,"CHIC2"
"26525",3054.73593604708,0.740870544747125,0.279281267301957,2.65277564766312,0.00798329139504614,0.0298287980277874,"IL36RN"
"2653",263.279178816319,0.642898740901562,0.207574783471929,3.09719095040513,0.00195363985891621,0.00941112166064386,"GCSH"
"2657",10.0111188732524,-1.7167458372688,0.58157899490084,-2.95187042916072,0.00315855439241632,0.0139818674437629,"GDF1"
"26575",19.1452383757814,-1.9408204854797,0.485748270128165,-3.99552732317011,6.45504114791834e-05,0.000537008071241267,"RGS17"
"26577",887.354437269607,3.95704353236576,0.395699855889573,10.0001136555128,1.52222253130983e-23,2.74854636705979e-21,"PCOLCE2"
"26579",240.995235733938,1.89609426718166,0.340514828616914,5.56831629002213,2.57212618135615e-08,5.27337104751345e-07,"MYEOV"
"26585",1896.01994008157,-2.12977990324279,0.452490561310159,-4.70679409770701,2.51642847512606e-06,3.13358522274621e-05,"GREM1"
"26608",928.231330231683,-0.476632280188243,0.172213982336363,-2.76767469006843,0.00564577790849449,0.0226050753683039,"TBL2"
"26659",18.8709810602418,1.81850957459753,0.589122297732555,3.08681165455239,0.00202315741754567,0.00967355918298726,"OR7A5"
"266722",14.4900664591271,4.86784223144297,1.03201517804739,4.71683201467359,2.39545313868479e-06,3.01025686243514e-05,"HS6ST3"
"2668",39.7811789172143,-2.03724871126262,0.377357502483693,-5.39872322096115,6.71168237546458e-08,1.23571797868124e-06,"GDNF"
"2669",514.881124248113,-1.34226830278153,0.271451030296628,-4.94478986252058,7.62260437307578e-07,1.0843378605072e-05,"GEM"
"2673",909.050495850883,-0.553570332593016,0.226026128050866,-2.44914310290905,0.0143196543206676,0.047733727050465,"GFPT1"
"2674",1872.29746970927,0.951889399664371,0.280649566304302,3.39173657810773,0.000694511765973096,0.00400667886513178,"GFRA1"
"26750",559.347637158832,-0.853645245943113,0.204376683743169,-4.17682306175321,2.95608790067722e-05,0.000269716814483776,"RPS6KC1"
"26751",1398.94973898778,0.648633124327401,0.237373203298213,2.73254569308955,0.00628469533827256,0.0245705923728399,"SH3YL1"
"2676",252.195243575608,-1.39223365651914,0.364073335103086,-3.82404730663656,0.000131278709388991,0.000984781688798463,"GFRA3"
"2677",1597.06222385036,-0.498638059816484,0.133894774436491,-3.72410396085322,0.000196010147543994,0.00139174642188533,"GGCX"
"26778",348.781698400518,-0.805419539051699,0.294929403570319,-2.73088925451838,0.00631636928095161,0.0246663147939875,"SNORA70"
"2678",154.506040573081,0.849553330169372,0.345923014642456,2.45590288650631,0.0140531128531757,0.0470593077012851,"GGT1"
"26788",14.5407816039022,-1.64074579649004,0.627149325936216,-2.61619638040862,0.00889154024706079,0.032497063999556,"SNORD60"
"2679",15.3623514887396,2.11899083488726,0.754330160523936,2.80910262611729,0.00496798071719932,0.0203463818310447,"GGT3P"
"26813",40.1786349619811,-1.65978360066804,0.549436070845184,-3.02088575676299,0.00252036434525624,0.0116034846080864,"SNORD36C"
"2683",4299.97431365671,-0.869092621416406,0.254350041138756,-3.41691559209259,0.000633349131591609,0.00371208955714171,"B4GALT1"
"26872",275.262672862629,-1.28506203072604,0.278213174499513,-4.61898338580759,3.85624729420535e-06,4.50238197980277e-05,"STEAP1"
"26873",556.197368673679,1.03033057279857,0.277822761174341,3.70858949224831,0.000208417000251667,0.00146424724668754,"OPLAH"
"269",16.2853356085281,-1.35978683888099,0.465628249740881,-2.92032719156903,0.00349664060743869,0.0151494107058552,"AMHR2"
"26958",968.81839000052,0.462406387125574,0.187341079691877,2.46825943293431,0.0135771878393859,0.0458002023084103,"COPG2"
"2696",159.014812132287,0.7451845786641,0.223031466072126,3.34116343217291,0.000834280982759777,0.00466381957077483,"GIPR"
"26984",517.390135267233,-0.38377049413382,0.150514667393403,-2.54972157052808,0.0107808980699554,0.0379210536349901,"SEC22A"
"26994",2430.59779719015,0.731577507392582,0.249818733801489,2.92843333348214,0.00340674881164396,0.0148505966833713,"RNF11"
"26996",73.2592335968233,1.23509129136517,0.333111998923609,3.70773582265468,0.000209120644847104,0.00146762337317859,"GPR160"
"27",600.278617606466,-0.642444963390751,0.224100418229395,-2.86677271049592,0.00414680712118436,0.0174213676246937,"ABL2"
"27006",255.990178477498,0.818004106093807,0.291156013684767,2.80950441566168,0.00496178384929557,0.0203250465181891,"FGF22"
"2701",482.058624787818,-0.750103514095538,0.303270704558756,-2.47337940269207,0.0133841968044248,0.0452678782488136,"GJA4"
"27010",93.3167258606616,-0.626501717424519,0.23368640399424,-2.68095065316663,0.00734133408850618,0.0277834199076689,"TPK1"
"27013",3428.20893668862,0.752636865589002,0.218399222807192,3.44615175784507,0.000568630931717294,0.00338579667297332,"CNPPD1"
"27018",1425.83760335913,-0.592912918001458,0.189258318852465,-3.13282354824074,0.00173133490789011,0.00854418550563654,"BEX3"
"2702",205.799765903164,-1.78003209649353,0.271105015342136,-6.5658397881246,5.1740423289695e-11,1.86193159614525e-09,"GJA5"
"27020",2521.79901675156,0.690993383197835,0.155280982058032,4.44995500440354,8.58882820570515e-06,9.17449090743304e-05,"NPTN"
"27030",286.912089827386,-1.21702119931254,0.328052298608643,-3.70983896309901,0.000207391121252649,0.00145846902626051,"MLH3"
"27031",311.601967190426,-1.35279831448757,0.374037579282667,-3.61674438456687,0.000298331649777681,0.00197518773850878,"NPHP3"
"27040",412.765749875522,-0.918087113544034,0.285877023592163,-3.21147569681498,0.00132055139759266,0.00683829684730748,"LAT"
"2705",43.9803755769412,1.25225495261588,0.474135928413006,2.64113069179832,0.00826298379702621,0.0306680956505567,"GJB1"
"27065",3571.23748141648,0.602164276798876,0.220127760481993,2.73552175100666,0.00622814700676685,0.0244051357295429,"NSG1"
"27069",4290.5178373347,0.598026511310317,0.147993757776393,4.04089010439136,5.32487084888352e-05,0.000454235978257018,"GHITM"
"2707",5018.39011144277,1.22792077460355,0.262811624034333,4.67224681981013,2.97922640598942e-06,3.62651663754502e-05,"GJB3"
"27075",1646.99541492671,-1.9318379436388,0.316743590763491,-6.09905930213844,1.06694484902353e-09,3.02506787497249e-08,"TSPAN13"
"27076",25350.3118975196,1.04483939346375,0.269449675740293,3.87767916436762,0.000105457661652851,0.000816681906494461,"LYPD3"
"27077",1481.24730295753,0.457262672702789,0.186660524277773,2.44970206995845,0.0142974460730372,0.0476905898504938,"B9D1"
"27086",1479.52457267242,-0.929096160755784,0.174720782125877,-5.31760532119425,1.05141826175997e-07,1.83410114407349e-06,"FOXP1"
"2709",2537.94294654083,1.31087536432308,0.226662612410937,5.78337711005677,7.32156788742082e-09,1.71452961768681e-07,"GJB5"
"27094",55.7861101329835,-1.00193359903517,0.298373681755328,-3.35798249075055,0.000785135863046991,0.00443016354302611,"KCNMB3"
"27098",10.5746325170369,2.05082293981491,0.650490905523267,3.15273114873941,0.00161750704094344,0.00809500727711642,"CLUL1"
"271",1844.93618500565,-1.05242912067988,0.242068690863459,-4.34764659950804,1.3760609210117e-05,0.000137499213583034,"AMPD2"
"27109",482.454613216835,0.538115935231893,0.215712000265097,2.49460361301449,0.0126097905711588,0.0431821183951481,"DMAC2L"
"27111",658.24328161836,0.789183150994298,0.245486873991942,3.21476720185129,0.00130550349935667,0.00677870904996896,"SDCBP2"
"27115",165.223645938953,-1.9070257709505,0.235509878585884,-8.09743430891819,5.61303959253153e-16,4.37646996108595e-14,"PDE7B"
"27122",3545.89658234308,-0.957462675378122,0.210075285280257,-4.55771212734897,5.17138504008438e-06,5.8327555980875e-05,"DKK3"
"27124",369.411893616256,0.774633807970487,0.312867923452106,2.47591315665528,0.0132895899268404,0.0450326591394102,"INPP5J"
"27129",1101.94131110471,3.42295324883505,0.677930397074849,5.04912195057854,4.43845346922172e-07,6.7325811503655e-06,"HSPB7"
"27130",203.724733600833,-0.716648212025997,0.238623386618862,-3.00326058640118,0.0026710361555809,0.0121908222231657,"INVS"
"27134",285.585757830771,1.99820204156849,0.318985385654881,6.26424322689941,3.74640328198337e-10,1.16842371449008e-08,"TJP3"
"27141",1069.31724433217,0.456114856986738,0.183190103321634,2.48984442235899,0.0127799024260477,0.043625457966462,"CIDEB"
"27143",639.63021773378,-0.367737578912711,0.1397086999031,-2.63217379567464,0.00848404509887901,0.0313032696396727,"PALD1"
"27145",71.0565801897315,-1.4601175972875,0.386702968690602,-3.77581170951839,0.000159487438119353,0.00116208475265443,"FILIP1"
"27148",502.158849084136,-0.777824419304947,0.264647735983685,-2.93909341946118,0.0032917384007527,0.0144286931944407,"STK36"
"27151",130.940056116107,1.58378556241579,0.348264002395597,4.54765795925342,5.42462032200381e-06,6.07179905971324e-05,"CPAMD8"
"27153",609.071276090505,0.767573648505423,0.290747424756341,2.64000153792826,0.00829056509972826,0.0307482868491543,"ZNF777"
"27165",102.22352839523,0.841541119559681,0.251259365309794,3.34929254685528,0.000810182018647343,0.00454860560724764,"GLS2"
"27175",952.988439094342,-0.655871543281978,0.172530996472794,-3.80147078896285,0.000143839698934286,0.00106580142651668,"TUBG2"
"27177",123.738153726249,1.4347479912595,0.28361634437436,5.05876343066359,4.21983990431031e-07,6.44370805566197e-06,"IL36B"
"27178",1396.24624051401,1.24761756528994,0.247381052120085,5.04330285039098,4.57564180046295e-07,6.88990569281122e-06,"IL37"
"27180",37.3140016248171,-1.37474957915859,0.389385630789599,-3.53056063309491,0.000414679957943139,0.00259761784975702,"SIGLEC9"
"27185",71.4542128449968,-0.950167054626983,0.243420091828339,-3.90340438823368,9.48490296319986e-05,0.000743760924169546,"DISC1"
"2719",676.157469328948,2.20945182598205,0.365547106600455,6.04423283918095,1.50122582562631e-09,4.10006942145519e-08,"GPC3"
"27190",22.6920387359169,1.32509581073172,0.512106365307471,2.58754020746476,0.00966639135765914,0.034718722684707,"IL17B"
"27199",86.5841940774839,3.7907399895119,0.524196129324074,7.23152991304968,4.77582868826082e-13,2.40945239507747e-11,"OXGR1"
"27235",386.179596816828,0.630304119396843,0.212883553100294,2.9607929321806,0.00306848164827522,0.0136447669578952,"COQ2"
"27237",440.697212552812,0.957274588221289,0.301631231721969,3.17365871815179,0.00150530574244794,0.00761869028830792,"ARHGEF16"
"27239",146.185593881978,-2.0322323427611,0.345680078168596,-5.87893972232305,4.12902683173252e-09,1.03145495515027e-07,"GPR162"
"27245",2087.45200797887,0.797859926496067,0.276336128105397,2.88728054477103,0.00388587578036454,0.0165193860105377,"AHDC1"
"27248",1382.1536504602,-0.849180145593543,0.1826968608881,-4.64802811315767,3.35123247942879e-06,4.0012627236985e-05,"ERLEC1"
"27249",2012.47917661649,0.542456638643938,0.146078475025661,3.71346044342705,0.000204444432683554,0.00144170302970327,"MMADHC"
"27250",3825.96679969836,0.625001088644213,0.216613229675739,2.88533202510213,0.00391001053833571,0.0166014143814155,"PDCD4"
"27253",97.6566099784004,-2.53627282261818,0.287167349801876,-8.83203757101222,1.02785905764373e-18,1.10595165645966e-16,"PCDH17"
"27254",42.5964012329487,2.50246220617946,0.49325027661468,5.07341267673397,3.90743827841795e-07,6.01126379095329e-06,"CSDC2"
"27255",39.5493377923037,-2.6966941562252,0.394273006385339,-6.83966214412765,7.93801666754156e-12,3.29870110441929e-10,"CNTN6"
"27286",828.051249016703,-2.2782159243507,0.309710487859053,-7.3559534263738,1.89569108094031e-13,1.02686592658093e-11,"SRPX2"
"2729",791.715464135089,0.565652947335033,0.222513341535257,2.54210800769179,0.0110186118511165,0.0386317673894366,"GCLC"
"27291",277.938368455076,-0.838267959206255,0.305314859534632,-2.7455851984537,0.00604030813700138,0.0238514525481896,"R3HCC1L"
"27297",875.961878857299,0.518583151451737,0.177340570306164,2.92422174213405,0.00345318660573802,0.0150021935611041,"CRCP"
"27299",62.8289051640479,-4.87819374463827,0.465621689897101,-10.4767321851272,1.10495944457688e-25,2.3941563375969e-23,"ADAMDEC1"
"273",300.948991028641,-2.99668678729526,0.34839614311419,-8.60137761718293,7.87648629434613e-18,7.72045685156289e-16,"AMPH"
"27304",268.110861613926,0.597203694763596,0.194328246174241,3.07316978628069,0.00211797946247886,0.0100406469957773,"MOCS3"
"27315",1911.8619248932,0.689744636739715,0.170524715125949,4.04483676298931,5.23595939309602e-05,0.000447445944733173,"PGAP2"
"27319",77.5069939965719,-1.45681577773576,0.347198322827398,-4.1959182460106,2.71768270946741e-05,0.000249958806486493,"BHLHE22"
"27324",14.9596675808317,2.69035494047081,0.579114286811692,4.64563731501521,3.39028175147321e-06,4.04085463649824e-05,"TOX3"
"27333",643.466686224501,-1.16144621834943,0.317052360887045,-3.66326311243969,0.000249022512753016,0.00170294996761066,"GOLIM4"
"27334",41.9351501623573,-1.46609084841649,0.305996053109644,-4.7912083620607,1.65779855110815e-06,2.17212764965055e-05,"P2RY10"
"2734",6346.2238639414,-0.792088396289693,0.173313136139051,-4.57027328646452,4.87088607868312e-06,5.52713996932819e-05,"GLG1"
"27344",73.6268190866057,2.46835269684162,0.475303000872982,5.19321925657534,2.0668852600427e-07,3.42849724407943e-06,"PCSK1N"
"27345",415.854220596958,-0.503327646411618,0.190480960104181,-2.64240397642016,0.00823198039675727,0.0305861163333667,"KCNMB4"
"2735",294.606649869895,-0.572475177311338,0.209702894944477,-2.72993454602957,0.00633469014214463,0.0247191017793185,"GLI1"
"2740",29.9387331367916,2.30361701204783,0.706432689537849,3.26091508244736,0.00111053293042041,0.00590677256841697,"GLP1R"
"2743",94.3167975292797,1.61794403598198,0.340075403506243,4.75760381168606,1.95904514935726e-06,2.52346591704442e-05,"GLRB"
"27434",853.87161219093,-0.469181161618029,0.176824418496162,-2.65337313482082,0.00796917213727881,0.0297924880627946,"POLM"
"27439",35.2439515763523,1.64457209222571,0.383953889252638,4.28325415696884,1.84179581717811e-05,0.000178491172790933,"TMEM121B"
"27440",1043.58905375503,0.692335253498399,0.186009893623877,3.72203456499117,0.000197623961934506,0.00140223772232329,"HDHD5"
"27445",75.6184371301369,1.69349022779406,0.317538745079697,5.33317667224836,9.65093299089262e-08,1.69645435255793e-06,"PCLO"
"2746",5238.11547985957,0.737970742415057,0.150291796762944,4.91025297660831,9.09589726293989e-07,1.26774483317361e-05,"GLUD1"
"2747",108.643605990787,1.03301746761244,0.315358673256686,3.27569068243642,0.00105403933363898,0.0056604084642903,"GLUD2"
"275",449.120378296736,-0.835740614019856,0.30310401216071,-2.75727334673727,0.00582856050176645,0.0231701601715644,"AMT"
"2752",8247.28429063306,0.744011113069948,0.174696219119636,4.25888503379934,2.05449095045914e-05,0.000194972990890968,"GLUL"
"2767",3049.07821209144,1.01799836361042,0.283559939716068,3.59006411353363,0.000330596636371379,0.0021521192799078,"GNA11"
"2770",1943.05240327212,1.00685146034105,0.206946591411617,4.86527201764062,1.14299495974412e-06,1.55091682606282e-05,"GNAI1"
"2775",195.612516736224,2.13515874865679,0.352162836369342,6.06298714160023,1.33616351352637e-09,3.67695050299823e-08,"GNAO1"
"2781",111.227241565986,1.40027715435331,0.357640415793103,3.91532134657672,9.02838773002123e-05,0.00071285129664272,"GNAZ"
"2783",7739.68030665819,0.767107810556482,0.293825043153271,2.61076388290132,0.00903402441204874,0.0329009834567607,"GNB2"
"2784",205.810003162384,-2.18536222378173,0.29082631297332,-7.51432083788859,5.72071327761229e-14,3.35484792325845e-12,"GNB3"
"2786",24.6140633539853,-1.81604615109278,0.671485723989091,-2.70451937578688,0.00684032803415923,0.0262836125172921,"GNG4"
"2788",352.817526628576,1.28764674148557,0.385692305144673,3.33853365574035,0.000842218269846133,0.0047032612226025,"GNG7"
"2802",3084.38132691253,-0.763466542378572,0.164368117856202,-4.64485784917544,3.40310693578282e-06,4.05156534454135e-05,"GOLGA3"
"2805",826.593349007649,0.654301234969156,0.206478196325175,3.16886357307539,0.0015303621087781,0.00772338490092807,"GOT1"
"2806",2418.21068080767,0.772060442947493,0.177624219810691,4.34659442147214,1.38267545208841e-05,0.000138026146972783,"GOT2"
"2811",104.385296411931,1.72931386955878,0.335472639702848,5.15485814607877,2.53823001179218e-07,4.13019182314073e-06,"GP1BA"
"2819",2255.78817062758,4.62242595570432,0.959922336269744,4.81541660304213,1.46893103504695e-06,1.94571920369411e-05,"GPD1"
"2820",698.358410816744,0.652738915516896,0.246247389371933,2.65074451015193,0.00803145700074376,0.0299445516249124,"GPD2"
"2822",469.278534862686,0.712232878022446,0.249913124054307,2.84992187072046,0.00437299695801921,0.0182583710717784,"GPLD1"
"28231",825.222243659688,1.8846316439714,0.21662389637076,8.70001729054757,3.3183360998672e-18,3.44972880200335e-16,"SLCO4A1"
"28232",1338.31437706422,0.594945729741965,0.166103445783473,3.58177837272272,0.000341263246682206,0.0022103721427648,"SLCO3A1"
"2825",328.396769634738,-0.796056949857677,0.279878175215407,-2.84429805662766,0.00445093902470695,0.0185351551071705,"CMKLR2"
"2828",113.250647488054,-0.961211676206889,0.288589761142272,-3.33071995486707,0.000866216988021424,0.00481247246462429,"GPR4"
"282890",55.8918454618401,-1.17346827146094,0.382428794803775,-3.06846212263659,0.00215163602772506,0.0101627526376073,"ZNF311"
"282997",74.8400337823948,-0.976849486034576,0.23360088080951,-4.1817029227349,2.89333858934593e-05,0.00026434301608121,"PDCD4-AS1"
"283",518.620560630223,0.660990003116891,0.19929245599835,3.31668351321017,0.000910927413968413,0.00501753542657902,"ANG"
"283078",58.1671187862861,-1.41306653930229,0.513185946959609,-2.7535176044357,0.00589585992298118,0.02339986306404,"MKX"
"2831",22.8630673209403,2.54987635452455,0.517117376492132,4.93094309037078,8.183357397975e-07,1.15691091126317e-05,"NPBWR1"
"283120",2906.88275224794,-1.82297293110107,0.428585800207371,-4.25346087112317,2.10491733469919e-05,0.000199207440999762,"H19"
"283130",347.696568010731,-1.40606815332573,0.247573190187001,-5.67940394621757,1.3516492805478e-08,2.97247316140982e-07,"SLC25A45"
"283208",1160.00227964021,-6.61394860007997,0.413476977722308,-15.9959295352157,1.36407022889305e-57,3.11978017683717e-54,"P4HA3"
"283209",151.592585079497,-1.47907815439787,0.279606744438933,-5.28985149255191,1.22415714730718e-07,2.1086234912277e-06,"PGM2L1"
"283219",309.314317007325,-1.09934416691936,0.228820623392805,-4.80439284981831,1.5522179849283e-06,2.04289354231229e-05,"KCTD21"
"283229",461.877781383446,2.14845106016381,0.43132926106555,4.98100002503031,6.32565317245997e-07,9.21811024140934e-06,"CRACR2B"
"283234",358.889722350788,-0.837422396027724,0.256144216519369,-3.26933946589577,0.00107798887480469,0.00576046806827094,"CCDC88B"
"283248",75.4350838028828,-1.13348558497173,0.414998630600847,-2.73129957882183,0.00630850981886462,0.0246449736404459,"RCOR2"
"2833",60.9540622168997,-1.40125255477662,0.437339869877642,-3.20403569692528,0.00135515673327192,0.00699462041064925,"CXCR3"
"283316",209.765884710029,-1.23078596322185,0.244110165921302,-5.04192833828413,4.60863887944728e-07,6.92945381260357e-06,"CD163L1"
"283335",181.357688754371,1.02656886890595,0.231059442082663,4.4428778138341,8.87635784646219e-06,9.44242635201952e-05,"TNS2-AS1"
"283358",1935.55872628064,1.03941676793222,0.229755969134394,4.52400332338795,6.06807706928497e-06,6.71173016626339e-05,"B4GALNT3"
"283377",539.668074477095,0.676495038580449,0.161343173869483,4.19289531968483,2.75416553601966e-05,0.000253088140149235,"SPRYD4"
"283383",433.278101392326,0.952492274648253,0.268122297887182,3.55245454090892,0.00038165495758312,0.00243219369872785,"ADGRD1"
"283392",22.0999473523294,4.25002640465518,0.802214483328265,5.2978679554905,1.17162640499003e-07,2.02321794633513e-06,"TRHDE-AS1"
"283446",42.9923823139634,-1.83423284807845,0.394260102904352,-4.65234203148229,3.28186132011676e-06,3.93441079867696e-05,"MYO1H"
"283464",296.54256097056,-0.551434019418175,0.206700426480801,-2.66779333166685,0.00763512076018837,0.0287630537569029,"GXYLT1"
"283481",62.2454964417036,1.36937634096027,0.354840867449997,3.85912803900255,0.000113792310606789,0.000872690358245209,"FGF14-AS2"
"283487",96.3159993445521,-1.26587974307694,0.343788224796973,-3.68214979970451,0.000231275442003184,0.00159670850235543,"PRECSIT"
"2835",379.861258147413,4.00193427910564,0.406497553980291,9.84491601467219,7.20994194206619e-23,1.18727555948392e-20,"GPR12"
"283554",13.9244508793571,-1.30967116295411,0.507566203726649,-2.58029623197575,0.00987155949216894,0.0353323214374553,"GPR137C"
"283571",159.144407450304,-0.86119785650527,0.316270037147965,-2.7229827531919,0.00646954351831257,0.0251452197471574,"PROX2"
"283635",859.760350423397,0.452098480629732,0.135631715709218,3.33327996527737,0.000858285297900186,0.00477872452582565,"FAM177A1"
"283638",4395.86836280271,0.951559063821331,0.26471950618554,3.59459367967538,0.00032489822851033,0.00212173386283522,"CEP170B"
"283643",381.772891579378,1.10058717136329,0.355241492317224,3.09813801362058,0.00194740714292551,0.00938549019667027,"TEDC1"
"283651",9.84565443175896,-1.43830973246569,0.520777402744018,-2.76185127251513,0.00574746531247525,0.0229319298298102,"HMGN2P46"
"283659",24.1001851488171,-2.30379946564523,0.492780421609616,-4.67510348345438,2.9380543008678e-06,3.58487905922126e-05,"PRTG"
"283663",71.7780510620197,-1.45660046961044,0.329833042792194,-4.41617509658713,1.00462716609969e-05,0.00010459911778956,"LINC00926"
"283755",98.6852657496277,-1.54641698615368,0.51827147091748,-2.98379724320171,0.00284695358976885,0.012851248397325,"HERC2P3"
"283848",1647.53540258259,0.972483053228083,0.298762846510461,3.25503343065127,0.00113379018937837,0.00601958660257013,"CES4A"
"283869",9.40990111431514,2.67879033654276,0.763749978162865,3.50741788953809,0.000452477969784345,0.00279609922847222,"NPW"
"28388",41.0386105661852,-3.20685225024834,1.2219736394604,-2.62432195482091,0.00868216722973583,0.0318790100351199,"IGHV5-51"
"283888",23.5749592644058,-2.1331076297659,0.46999929020398,-4.53853372595548,5.66467369520721e-06,6.30620028892078e-05,"IL21R-AS1"
"28391",25.8163213195272,-3.72553994296998,1.21300640456846,-3.07132751231877,0.00213109253841712,0.010094112952801,"IGHV4-61"
"28392",63.8803582828289,-3.33552071789034,1.2611210902516,-2.64488536721314,0.0081718595833817,0.0304451688080233,"IGHV4-59"
"283927",157.567042293457,0.918139608241387,0.19352109862543,4.74439022288983,2.09135354911253e-06,2.67547678402314e-05,"NUDT7"
"28394",52.9178518634558,-3.11052598854346,1.25621807700278,-2.47610350900609,0.0132825063650732,0.0450275215775143,"IGHV4-39"
"28395",10.6047549530047,-3.54189845104514,0.795757899806443,-4.45097491574592,8.54813274546144e-06,9.13692577297937e-05,"IGHV4-34"
"283985",345.637481623649,0.645646484479475,0.260866290157883,2.47500926274803,0.013323272032797,0.0451062880794562,"FADS6"
"283987",755.201514735414,1.22361938992196,0.330134761753907,3.70642395675402,0.000210206311973616,0.00147423738523507,"HID1"
"28401",14.133008964666,-4.96770824688037,1.68491328724113,-2.94834653183516,0.00319478721685923,0.0140998070479911,"IGHV4-4"
"284021",83.5733655418918,-1.0649197866578,0.268109156741732,-3.97196350769784,7.12826415337485e-05,0.000582023757767028,"MILR1"
"284023",2903.25519554781,1.57694725799936,0.282870901869128,5.57479488904428,2.47821679213879e-08,5.10626771265114e-07,"RNF227"
"28408",21.1111165729284,-3.01956146423597,0.754533503222953,-4.00189183295116,6.28380262115531e-05,0.000524516598353045,"IGHV3-74"
"284098",365.730080733177,0.663744064962276,0.192915993968016,3.44058598413732,0.000580455972164464,0.00344723189008463,"PIGW"
"284110",2918.1861629408,1.25654436138929,0.269790471192075,4.65748236339563,3.20099836342915e-06,3.85092637713768e-05,"GSDMA"
"284116",114.126223051971,2.58442885870671,0.90161177570176,2.86645419720162,0.00415098221381684,0.0174339559047553,"KRT42P"
"284194",43.0103589157719,-2.75457578131969,0.398122249652325,-6.91891946186183,4.5510148736113e-12,1.98891911164363e-10,"LGALS9B"
"284207",2910.81332763791,0.763447946373231,0.279865405133864,2.72791110429694,0.0063736781856721,0.0248317252180358,"METRNL"
"284217",77.0435841578952,-2.01599218031126,0.405319764495081,-4.97383142127956,6.56423980039883e-07,9.54899731812081e-06,"LAMA1"
"284233",18.6887104555543,-1.46603156681031,0.531634051766043,-2.75759530816411,0.00582282360525464,0.0231562985105412,"CYP4F35P"
"28424",76.4774451368662,-4.01137950260574,1.2070837183783,-3.3231990801723,0.000889913794409549,0.0049241896623995,"IGHV3-48"
"284252",1886.79026157486,0.894638098133898,0.211075679350517,4.23847077449526,2.25047471981947e-05,0.000211524071382483,"KCTD1"
"284266",19.5770689379303,1.50863887053216,0.565803606701635,2.66636488821061,0.00766764202951299,0.0288644373693298,"SIGLEC15"
"284297",5067.32489872634,-2.26815775125299,0.418211044525027,-5.4234764503386,5.84509191562631e-08,1.08882689584843e-06,"SSC5D"
"284306",109.552110219699,-1.05726260121676,0.296337933341204,-3.5677599195491,0.000360046161937678,0.00231382772317364,"ZNF547"
"284323",189.843535494229,-1.0552947881645,0.342944171398083,-3.07716204612072,0.00208981659701254,0.00993688723328852,"ZNF780A"
"284340",26.9538078827461,-3.30572375224892,0.810217989623979,-4.08004240165428,4.5027486573424e-05,0.000391404469437229,"CXCL17"
"284348",2418.02503374,0.856676055781648,0.258585502118743,3.31293150142756,0.000923235882834165,0.00507040752728347,"LYPD5"
"284353",1357.37804801457,0.757303413012216,0.273798528188592,2.76591484264877,0.00567633556442431,0.0227009308836429,"NKPD1"
"284367",91.1690011651035,-1.20112447164074,0.367945878778895,-3.26440528598096,0.00109694131435974,0.00584354037649606,"SIGLEC17P"
"284371",350.511966713874,-1.02277265117073,0.321857812552672,-3.17771578405713,0.0014844018490719,0.00753446221649217,"ZNF841"
"284390",66.977277034877,-1.20906240679936,0.367388837486278,-3.29096119270232,0.000998456862812097,0.0054099068344628,"ZNF763"
"284402",58.7656519442848,2.13216443693075,0.495917560832293,4.29943322303886,1.71235459355804e-05,0.000167206389723902,"SCGB2B2"
"284406",105.737208665216,-1.5045995669159,0.222972091068969,-6.74792777742977,1.49971560004706e-11,5.93656652141705e-10,"ZFP82"
"284417",14.406595163654,-1.85003801648801,0.644222777175417,-2.87173642726429,0.00408223290057237,0.0172189922183159,"TMEM150B"
"28442",37.5772105549866,-1.79495467419097,0.698489920956033,-2.56976460266483,0.0101767640301005,0.0361918643392516,"IGHV3-23"
"284434",19.7931591174166,3.07694674680402,0.771289512607741,3.98935379842106,6.62535398561607e-05,0.000547695929477595,"NWD1"
"284498",243.968453274385,0.753391697895666,0.257471021653501,2.92612229934584,0.00343215983336366,0.0149318109452932,"C1orf167"
"28450",30.643984212997,-3.19418255152439,1.22800906236975,-2.60110666069551,0.00929235578683776,0.0336755639439304,"IGHV3-11"
"28452",81.7201341961752,-4.90518050733321,1.21867755216582,-4.02500275697684,5.69746479833728e-05,0.000481826686150266,"IGHV3-7"
"284565",521.65945260668,-0.75363493079533,0.298430721338976,-2.52532623790868,0.0115590928373324,0.0402116557315616,"NBPF15"
"284578",132.236508885778,3.94963445382544,0.375816522125335,10.5094752925957,7.81270086720475e-26,1.72921112527465e-23,"MFSD4A-AS1"
"2846",33.5357640885351,-2.01419144078759,0.701171293162176,-2.87260967531042,0.00407096746199761,0.0171865620336951,"LPAR4"
"284600",13.5593353760661,-1.26078546781088,0.501061714345541,-2.51622790509477,0.0118618451621523,0.0410705165378878,"LOC284600"
"284612",64.0554821252618,1.4456613002223,0.51455095511918,2.80955906473336,0.00496094152772397,0.0203250465181891,"SYPL2"
"284613",1742.90173430637,0.703612945960358,0.223629906391539,3.14632759684856,0.00165334703241514,0.00824430603566697,"CYB561D1"
"284654",357.187668800711,1.1978038468611,0.254256209782392,4.71101117996782,2.46490712201133e-06,3.08435551364627e-05,"RSPO1"
"2847",49.048248600023,-1.83985076446216,0.396247037890573,-4.64319121287728,3.43068572762359e-06,4.07956297038729e-05,"MCHR1"
"284759",70.2223605131005,-1.09382232089793,0.296830642958766,-3.68500472186722,0.000228698400450661,0.00158342679948752,"SIRPB2"
"28476",159.404348317006,-3.68770701954608,1.21893105278369,-3.02536145184291,0.00248336152173221,0.0114656483124466,"IGHJ5"
"28477",181.875813566428,-3.75129600850422,1.07436891498249,-3.49162746258844,0.000480087338224702,0.00293122208454985,"IGHJ4"
"28479",124.882790184173,-4.90150657060126,1.64988201027082,-2.97082248311605,0.00297003401636419,0.0133068432075013,"IGHJ3"
"284836",20.1570615148952,1.20429110348538,0.447124447428377,2.69341368026692,0.00707244563620396,0.0269646166236062,"LINC00319"
"284904",46.853397921577,2.99553023537212,0.668088304425558,4.48373398475784,7.3348091647506e-06,7.95886725604778e-05,"SEC14L4"
"284942",176.226363647198,-0.611918729221919,0.225702371646601,-2.71117545091659,0.00670451396663707,0.0258679879080145,"RPL23AP82"
"285",200.03071488591,-1.18437320354675,0.254444424123714,-4.65474221974262,3.24386291523476e-06,3.89339208438439e-05,"ANGPT2"
"285016",41.2637193632745,2.06876446669192,0.332525098843877,6.22137839785508,4.92806028057622e-10,1.49394982055053e-08,"ALKAL2"
"285084",81.6100528078263,-2.65845824411738,0.456496274635569,-5.8236143246507,5.75883880003348e-09,1.38968274161652e-07,"LINC01305"
"28514",610.192823272014,1.04805459912521,0.222088404286759,4.71908743948634,2.36904981074904e-06,2.98137839955367e-05,"DLL1"
"285190",115.405206790778,-0.826286329569376,0.304017102929515,-2.71789422899983,0.00656988366550281,0.0254535075043685,"RGPD4"
"285203",446.328540715914,-0.711362008736631,0.259776414976308,-2.73836255997878,0.00617459631105495,0.0242468660803704,"EOGT"
"285268",471.846598373349,-1.07532301462918,0.322844229513408,-3.33077972695969,0.000866031023567062,0.00481247246462429,"ZNF621"
"285313",854.317491161946,-1.75364736040709,0.320545474544476,-5.4708223939183,4.47952035565029e-08,8.55768107999343e-07,"IGSF10"
"285343",333.44085911371,0.552777068723376,0.220359575323485,2.50852302611269,0.0121237066228577,0.0418294296220086,"TCAIM"
"285349",46.0247345162661,-1.75501458633169,0.439116026333992,-3.99669900682883,6.42318862810894e-05,0.000535066429465781,"ZNF660"
"285368",144.369882398895,0.812878149674711,0.287779442561298,2.82465676644559,0.00473312882225386,0.0195243935224997,"PRRT3"
"285381",408.343627402838,-0.543222021482101,0.200819152796482,-2.70503093911875,0.0068298027983528,0.0262560210090784,"DPH3"
"285386",1034.09935887284,0.805573596420487,0.229323558123945,3.5128252980668,0.000443368897416037,0.0027513733447126,"TPRG1"
"285419",51.6961405053537,1.02888137687213,0.389638466177811,2.64060524353518,0.00827580844109302,0.0307046216567157,"LINC01091"
"285489",78.823391009107,2.73054205573211,0.623684964447581,4.3780790164641,1.19729944833453e-05,0.000121584666228505,"DOK7"
"285505",128.494121332392,-1.83477563024439,0.418403522311138,-4.38518208477219,1.15888797977101e-05,0.000118384864395069,"GASK1B-AS1"
"285513",114.223780340342,-0.871367736041161,0.296828448376515,-2.93559374381752,0.00332910003858978,0.0145614524424845,"GPRIN3"
"285533",35.2534646914595,-1.33103203172643,0.339327884884486,-3.92255423446717,8.76151627663327e-05,0.000694905434930419,"RNF175"
"285590",4618.65210834213,-1.8327916373538,0.310637972869283,-5.90008884111872,3.63305893355698e-09,9.26677634304051e-08,"SH3PXD2B"
"285596",48.9435471880225,1.80269156529959,0.532489670198678,3.38540194521893,0.000710740972556057,0.0040808625325227,"FAM153A"
"285598",325.312353947702,-0.906981548306633,0.333201258606986,-2.72202317631827,0.00648835919008448,0.0252040735173993,"ARL10"
"285605",225.842408994201,0.647855944515299,0.23790748675186,2.72314231620218,0.00646641952290087,0.0251378242605083,"DTWD2"
"285676",36.2988265173552,-1.70524568520969,0.418437974575688,-4.07526512606528,4.59619517671378e-05,0.000398664197186959,"ZNF454"
"285696",5.77770521017643,-2.23853252969208,0.86557769258877,-2.5861716964968,0.0097048573977472,0.0348319297281541,"BASP1-AS1"
"2857",112.224054651581,-0.935858105023553,0.316444069005761,-2.95742027323797,0.00310224963098188,0.0137740954279834,"GPR34"
"285758",10.4785137742217,-2.10530218996693,0.724597181880937,-2.90547940650543,0.00366690978206183,0.0157544710820206,"MROCKI"
"285761",312.530253183871,-1.35329144669229,0.275382974217496,-4.91421610409169,8.91383862390194e-07,1.25073247603543e-05,"DCBLD1"
"285848",1247.93911051125,0.776052381171939,0.247576384954211,3.13459775784136,0.00172089903817502,0.00850336728681307,"PNPLA1"
"285972",12.2172574766047,-3.66313619113668,0.925948546653489,-3.95609043761209,7.6186328829411e-05,0.000616438440497089,"LINC00996"
"286077",4366.05564023343,1.43521271089566,0.255399660331322,5.61947775902991,1.91535532567128e-08,4.0436588742172e-07,"FAM83H"
"2861",181.201036243202,1.15443329845136,0.300700588528808,3.83914545727857,0.000123463273711494,0.000933639980190078,"GPR37"
"286102",36.9490928346406,-0.872261710028533,0.355293943097255,-2.45504244295481,0.0140867955349972,0.0471330623037033,"TMED10P1"
"286122",17.3152265480498,-2.46064128163398,0.531718562564695,-4.62771370960853,3.69724629687957e-06,4.34136439104217e-05,"LINC02904"
"286133",4854.6388635234,3.17253557570321,0.465539850141335,6.81474545034125,9.44308185731473e-12,3.86434188769317e-10,"SCARA5"
"286183",12.7367507509735,-3.83654613225783,0.753789223487379,-5.08968026168932,3.58667763227827e-07,5.56773547381718e-06,"NKAIN3"
"286189",25.3459843511035,1.53881199941858,0.599702081406587,2.56596074472401,0.0102890471729938,0.0364777380311583,"C8orf34-AS1"
"286190",32.1439460130685,1.18897208447718,0.400279576656024,2.97035410702182,0.00297456655824091,0.013316328411229,"LACTB2-AS1"
"286207",185.208989169922,1.15674948426768,0.285887592823572,4.04616889051754,5.20626773906336e-05,0.000445925551736667,"CFAP157"
"286257",735.687373082146,-0.687208344688933,0.276520609625984,-2.48519756129004,0.0129479555602152,0.0441259465648128,"PAXX"
"286262",944.699727542723,0.912475913401585,0.310393316912029,2.93974085034891,0.00328486860562094,0.0144139278145601,"TPRN"
"2863",61.0980299063899,-1.26807269866441,0.358184187084498,-3.54028107434364,0.000399701097481972,0.00252841038431743,"GPR39"
"286333",135.909797508956,-2.98458186404099,0.381558366697239,-7.82208470456425,5.19556279141989e-15,3.49494982021526e-13,"FAM225A"
"286336",231.44549874359,-0.871705271037927,0.311342485424939,-2.79982755918509,0.00511299121383429,0.020828381386417,"FAM78A"
"28638",399.072896018258,-1.03164596424912,0.370827020853649,-2.78201400176895,0.00540227093334162,0.0218168226195613,"TRBC2"
"28639",246.484814344327,-1.02114629514407,0.369717791603645,-2.76196146989536,0.00574552583542968,0.0229286358659334,"TRBC1"
"286410",295.131043483888,-0.969567490684109,0.223327763592941,-4.3414552453556,1.41542112011931e-05,0.000140885049983249,"ATP11C"
"286499",12.2914118724467,-2.31974668302224,0.643037360798729,-3.60748352186075,0.000309181166968505,0.00203588776099799,"FAM133A"
"286530",91.2890268409938,-1.4104561229938,0.277482294308373,-5.08304908790444,3.71423661838744e-07,5.74409065010421e-06,"P2RY8"
"286676",58.3739325572954,1.88608833435436,0.401888867775058,4.69305941415134,2.69149280156337e-06,3.31151750313092e-05,"ILDR1"
"286753",416.165595429805,5.35916837619977,1.3309805444457,4.02648137763101,5.66177212053618e-05,0.000479005003407796,"TRARG1"
"2868",42.2376196800911,-1.02482894861592,0.293146678172526,-3.49595961654657,0.000472360181980154,0.00289447329373329,"GRK4"
"286827",198.626225503246,-1.48873529825448,0.351345922887561,-4.23723516134528,2.26289093913113e-05,0.00021259400771828,"TRIM59"
"28716",12.9972426793693,2.36317379009414,0.611480852755818,3.86467340627888,0.000111237939597631,0.000855650877682225,"TRAJ39"
"2872",6141.99261356713,0.950107421240946,0.271333783338515,3.50161859518833,0.000462441106231036,0.00284826084101126,"MKNK2"
"28774",19.0924603509412,-3.58714191365146,0.997309599651478,-3.59681879619431,0.000322132721473863,0.00210721760869019,"IGLV8-61"
"28778",77.1434852246904,-3.4090627368143,1.38611854098089,-2.45943087551651,0.0139157492683455,0.0466973888065902,"IGLV6-57"
"2878",7156.17576443977,2.08880655873235,0.392467959487051,5.32223461365452,1.02500256291234e-07,1.78953797752227e-06,"GPX3"
"28797",112.383497841989,-3.60790779811595,1.29504078944943,-2.78594143714176,0.00533725132250065,0.0215923705232613,"IGLV3-19"
"288",888.50205787441,0.73925968781935,0.274593200382714,2.69219954022536,0.00709824620741587,0.0270224338696964,"ANK3"
"28804",9.57014779623223,-3.65282008722413,0.882789660568474,-4.13781475971511,3.50629263070401e-05,0.000314344632013987,"IGLV3-9"
"2882",758.245826088309,-2.55905930461171,0.258149739930127,-9.91308108737342,3.65206543391496e-23,6.2645095743088e-21,"GPX7"
"28822",67.6202589741482,-3.3236200633296,1.1912391629495,-2.79005271712219,0.00526994600428325,0.0213578595298615,"IGLV1-47"
"28823",137.572261224833,-3.67190756061623,1.14827227020186,-3.19776733785511,0.00138495971392227,0.00711088281371871,"IGLV1-44"
"28825",106.913468905783,-3.32033675687249,1.23050772534658,-2.69834694124924,0.00696847742578148,0.0266565953042717,"IGLV1-40"
"28832",239.800354266542,-3.17373505107081,1.2819391770169,-2.47572982242119,0.0132964154809997,0.0450375870101856,"IGLJ2"
"2887",874.223197210129,-1.52193612694261,0.184335493707331,-8.25633792132831,1.50209967764824e-16,1.24674273244804e-14,"GRB10"
"28875",94.0533673460811,-4.45284871546108,1.12926997406108,-3.94312150127195,8.04278822098276e-05,0.000645178303743995,"IGKV3D-15"
"28876",57.3906520256759,-2.93707052624444,1.1936105019733,-2.46066076110156,0.0138681426079647,0.0465831996479023,"IGKV3D-11"
"2888",50.1896151300965,3.22981923227848,0.414539764603066,7.79133754604006,6.63035224563105e-15,4.43114190337888e-13,"GRB14"
"28881",21.5356808783489,-4.44810820061713,0.952946787084543,-4.66774038267732,3.0453035919998e-06,3.69187217448798e-05,"IGKV2D-30"
"28883",82.4375555293509,-2.91406716791992,1.0654973485369,-2.73493610464765,0.00623923858630936,0.0244392934463543,"IGKV2D-28"
"28893",123.719511497185,-3.56518070394891,1.04622904817186,-3.40764836359551,0.000655252758258886,0.00382088463909374,"IGKV1D-39"
"28896",78.0118790351915,-4.97240263246441,1.00572882208894,-4.94407888414345,7.65047228438212e-07,1.08755056285719e-05,"IGKV1D-33"
"28908",279.777147979306,-3.64468790882887,1.0176208257061,-3.5815775549797,0.000341525720982459,0.00221064859953285,"IGKV4-1"
"2891",10.5513298884158,3.66042752988444,0.913969727972073,4.00497677095525,6.20235757378381e-05,0.000518559416323176,"GRIA2"
"28913",245.660396335591,-4.72510144401338,1.17198031303872,-4.03172424608574,5.53691305956169e-05,0.000469793150939892,"IGKV3-15"
"28919",40.684635470701,-3.98791379892154,0.745581327840724,-5.34873078228893,8.85731803544597e-08,1.5798876468078e-06,"IGKV2-30"
"2892",122.989401777758,-2.33447093367719,0.318342779177707,-7.33319894896698,2.2472294906382e-13,1.20147978792979e-11,"GRIA3"
"28921",83.6974745209643,-2.85880665396099,1.01029559067653,-2.82967349391936,0.00465955290608787,0.0192749672465661,"IGKV2-28"
"28923",21.5942052673739,-3.70985541918537,1.37566136223574,-2.69677954257294,0.00700136050440549,0.0267475880888423,"IGKV2-24"
"28930",116.713132450463,-3.19031164563682,1.05041806017647,-3.0371827813974,0.00238800604471021,0.0110808648386643,"IGKV1-39"
"28933",126.787583594658,-4.76202900876155,1.07493138080568,-4.43007720659558,9.41993573862535e-06,9.89285496142164e-05,"IGKV1-33"
"28937",36.8000743262127,-4.53334588379755,1.50938805875245,-3.00343298564617,0.00266952333524993,0.0121866197233942,"IGKV1-17"
"2894",328.815130863718,-1.00910261200609,0.294652278669054,-3.42472359814833,0.000615425189163428,0.00362354464923913,"GRID1"
"28941",95.5989760759131,-4.08375379119842,1.2751893653208,-3.20246851350667,0.00136255194595839,0.00701344567532068,"IGKV1-9"
"28946",68.4906602437427,-4.07488220147775,1.6101577533704,-2.53073476368894,0.0113823884961324,0.0397043017801032,"IGKJ5"
"28947",220.63304622418,-4.36487254097722,0.972352818344151,-4.48898019178912,7.1564950787203e-06,7.78179052828202e-05,"IGKJ4"
"28948",117.135317506438,-4.86562582073153,1.19227910035831,-4.08094532502438,4.48529058798771e-05,0.000390216489700503,"IGKJ3"
"28949",214.787377094086,-4.477654109953,1.08936512532278,-4.11033362999047,3.95087856457365e-05,0.00034972103948897,"IGKJ2"
"28950",185.468734612758,-3.80598332386294,1.11465899571911,-3.41448222145066,0.00063903363879003,0.0037379310680614,"IGKJ1"
"28951",835.415340770243,-0.803674058280555,0.22265572650092,-3.60949197629208,0.000306797262882844,0.00202342674116644,"TRIB2"
"28959",2087.20300291256,-2.21265894919014,0.303669268386684,-7.28641051149308,3.18322059206421e-13,1.65046379513979e-11,"TMEM176B"
"28960",936.68175982481,0.662975136962365,0.197334767429478,3.35964688634655,0.000780421522190286,0.00440718699938679,"DCPS"
"28964",3370.86907203014,0.642368260109447,0.259399365718688,2.47636789060648,0.0132726734979996,0.0450015996183205,"GIT1"
"28970",563.992144049481,0.521185471587855,0.20911707544832,2.49231427166098,0.0126913686410707,0.0433968958007062,"C11orf54"
"28976",2014.85402571364,0.659498460115489,0.181358561598268,3.63643411319264,0.000276438308588347,0.0018516778860991,"ACAD9"
"2898",54.6795086905512,-1.47835334841776,0.337172787288983,-4.38455712960813,1.16221979844619e-05,0.000118666331008017,"GRIK2"
"28983",84.1097752567196,3.60240170648566,0.645638247797534,5.57959773723835,2.41075454873672e-08,4.9872333297685e-07,"TMPRSS11E"
"28985",834.607940791402,-0.574439798617933,0.197946513818075,-2.90199502652458,0.00370794427040044,0.0158909691571773,"MCTS1"
"28986",796.044158914774,-0.848792958593349,0.223795177649356,-3.79272228967884,0.000149004764654064,0.0010989301596701,"MAGEH1"
"2899",72.2551796895589,0.80491032331695,0.321900784478614,2.50049195941126,0.0124020948287946,0.0426042590046574,"GRIK3"
"28992",480.097389673062,0.893158807408619,0.359773752370716,2.48255688894251,0.0130443237297428,0.044388222789391,"MACROD1"
"28999",117.095697879342,2.87926516247661,0.388545269941801,7.41037244619626,1.25945205802921e-13,6.98775233489844e-12,"KLF15"
"2900",31.8149546441312,-1.17536972544693,0.431710011167083,-2.72259084812382,0.00647722217287525,0.0251655608166221,"GRIK4"
"2901",63.6155728566122,1.31396782799842,0.315494441911274,4.1647891482283,3.11640441062172e-05,0.00028308944566742,"GRIK5"
"2902",54.9856893043166,1.93489438319372,0.470461129829961,4.11276141749064,3.90954367830541e-05,0.000346422931873606,"GRIN1"
"2905",56.5265919628228,1.05017031148039,0.406057871628328,2.58625773530535,0.00970243500975454,0.0348299480712918,"GRIN2C"
"29057",894.302463388099,-0.892452653873473,0.218162888253876,-4.09076292038693,4.29956478568975e-05,0.00037628504059795,"FAM156A"
"2906",361.482821277423,-2.87342717157357,0.331598798659889,-8.66537268285089,4.50038378422392e-18,4.60875123455051e-16,"GRIN2D"
"29062",892.717018728135,-0.567730557871373,0.157997262269979,-3.59329364138766,0.000326524260954179,0.00212998367149647,"WDR91"
"29070",235.904720722717,0.562736622849993,0.191021004543212,2.94594107174582,0.00321973733795392,0.0141825536838099,"CCDC113"
"2908",1944.61214802951,0.48611351733559,0.163942749758159,2.96514190504114,0.00302543338929911,0.0134883086171394,"NR3C1"
"29094",5033.6907458377,1.23836682200386,0.215675262205344,5.74181206199168,9.36687477271726e-09,2.12577453496816e-07,"LGALSL"
"291",545.859052521183,1.32991228063033,0.287521896533254,4.62542956437587,3.73822829753043e-06,4.38448383341119e-05,"SLC25A4"
"29100",1150.77906013322,-0.785644733872508,0.214913638801359,-3.65562994630912,0.00025655121193832,0.00174400599291228,"TMEM208"
"29103",862.576444323397,-0.487957852284692,0.181613623854222,-2.68679101231066,0.00721420745405831,0.0274030718277055,"DNAJC15"
"29108",1109.85415089309,0.763240940024164,0.244174797840627,3.12579736637002,0.00177323690468868,0.00870713464840455,"PYCARD"
"29109",1065.18478358414,-1.26387619220104,0.232237063571975,-5.44218124687638,5.26320833856283e-08,9.91197442277925e-07,"FHOD1"
"29113",216.329877022391,3.17118718411051,0.303358220061752,10.4536055870349,1.41058374770634e-25,2.99334596523582e-23,"C6orf15"
"2912",130.495916183077,1.78394211342018,0.383628141783673,4.65018573748466,3.31636225244224e-06,3.96653112168919e-05,"GRM2"
"29121",201.4968597601,-1.05342852671664,0.399419981270749,-2.63739566399552,0.00835453217882104,0.0309409302570803,"CLEC2D"
"29125",83.6879477507033,-1.21319670889823,0.303899647437098,-3.99209646713835,6.54917187406517e-05,0.000543400932373053,"C11orf21"
"2913",7.13451347619642,2.10198025670174,0.780137492107861,2.6943715408708,0.00705215047592183,0.0269056914545479,"GRM3"
"2919",9.65480575938544,-2.86891469980271,0.962976101962512,-2.97921692340647,0.00288986112250687,0.0130021642285642,"CXCL1"
"292",7542.50348194178,0.770617410695659,0.199323717188904,3.86616014172225,0.00011056235403865,0.000851408715125919,"SLC25A5"
"2923",7846.29306853616,-0.619932572666579,0.13765659629845,-4.50347160496774,6.68523036834698e-06,7.3274111768932e-05,"PDIA3"
"2931",2599.62650202181,0.616076293633985,0.209684321754637,2.93811329563729,0.00330216325744519,0.0144682265839191,"GSK3A"
"2934",49323.6675115374,1.85118141550608,0.27690594382753,6.68523539046559,2.30553753875743e-11,8.92052343943289e-10,"GSN"
"2947",2432.02066687494,0.514312710435116,0.205481359723434,2.50296528661943,0.0123157622954136,0.0423500920629458,"GSTM3"
"2949",791.177262111994,1.70736419355243,0.327468903274597,5.21382084368705,1.84990138200713e-07,3.09832140335516e-06,"GSTM5"
"2954",802.793636192172,0.639308707412646,0.236597880755843,2.70208974556446,0.00689051607549324,0.0264369772409978,"GSTZ1"
"2956",720.966569241957,-0.593069767672908,0.219887624008045,-2.69714937504263,0.00699358910574827,0.026736932306093,"MSH6"
"2961",549.007470287362,-0.531394185914359,0.164152027941441,-3.23720756044467,0.00120705583698349,0.00633989215321973,"GTF2E2"
"2977",220.944145633502,-1.09334728652974,0.30556836854166,-3.57807744220316,0.000346130905267536,0.00223416699718625,"GUCY1A2"
"29774",69.3606891041558,-1.12896707391069,0.341894548781509,-3.30209147216373,0.000959667688272796,0.00523834518573514,"POM121L9P"
"2978",13.6212458082527,-5.14546162972637,0.846876042511733,-6.07581437121016,1.23360047521435e-09,3.42677897190448e-08,"GUCA1A"
"29789",1475.12980793034,0.385826167511484,0.157226574188032,2.45395010038229,0.0141296586961034,0.0472380858535964,"OLA1"
"29798",180.864377691954,-1.60754560345739,0.214481258994734,-7.49503994424457,6.62781757325028e-14,3.84301399796574e-12,"C2orf27A"
"2982",1312.83254000231,-2.86660089691822,0.225290412073823,-12.7240252726729,4.34867642706993e-37,2.23782888937019e-34,"GUCY1A1"
"2983",467.645378657593,-2.10041011387743,0.28046680505813,-7.48897935868774,6.94112547999177e-14,4.00213240560646e-12,"GUCY1B1"
"29841",2568.72069341171,0.70642162460222,0.272085610839297,2.59632114474241,0.00942279486560726,0.0340637178633052,"GRHL1"
"29842",2202.86927827934,2.36420315452975,0.280684575187037,8.42298923250179,3.66998213584837e-17,3.2988171303189e-15,"TFCP2L1"
"29851",18.4079682854906,-2.28111124066743,0.524643295196363,-4.34792793799767,1.37429740357345e-05,0.000137389692837085,"ICOS"
"29880",605.892231420019,-0.585425921290411,0.170774992600651,-3.42805414525416,0.000607924198301113,0.00358939793757786,"ALG5"
"29881",9.31349519965469,1.83855085972462,0.670690527802532,2.74128049153832,0.00612002380338621,0.0240961304454671,"NPC1L1"
"29902",71.4143558608454,-0.84097785236375,0.335651648381878,-2.505507887174,0.0122275671163571,0.0421090422687044,"FAM216A"
"29904",6232.21829870547,1.11221518632057,0.245916444203327,4.5227361265885,6.10453251644706e-06,6.74842627919153e-05,"EEF2K"
"29906",8.47689930721018,-1.90930013394018,0.66428514387989,-2.87421772341397,0.00405029644343572,0.017112336205189,"ST8SIA5"
"29907",490.159633626876,0.748553114255571,0.197613441403081,3.78796659245822,0.000151885265966376,0.00111737180652319,"SNX15"
"29914",891.965667864639,1.09577099829325,0.314157463324104,3.48796742467578,0.000486707372669363,0.00296489628855465,"UBIAD1"
"29926",1497.08532341226,-1.06158473837974,0.206577721258338,-5.13891203714152,2.76333707424489e-07,4.44379143252006e-06,"GMPPA"
"29927",10405.5272091491,-0.795200956859071,0.225427216993923,-3.52752860751729,0.000419458431956257,0.0026243563414552,"SEC61A1"
"29934",2552.94518376704,0.650405802255263,0.177542736391482,3.66337601568288,0.000248912725984591,0.00170276488922128,"SNX12"
"29940",1314.910939205,-0.763779097347439,0.26539507954754,-2.87789471699916,0.00400338724477775,0.016948935221412,"DSE"
"29948",98.9174953027787,1.46563814597673,0.390101277224567,3.7570708724776,0.00017191382051058,0.00123942168200117,"OSGIN1"
"29954",664.326181862809,-0.600195276870083,0.18735451122287,-3.20352722201662,0.00135755205318553,0.00700274561534556,"POMT2"
"29968",1980.88367209301,1.53403070485297,0.255863823535626,5.99549668122337,2.02864438893055e-09,5.42306702620083e-08,"PSAT1"
"2998",9.57990616222449,2.74513190664889,0.770131306728258,3.56449852468796,0.000364552501875582,0.00233622313157129,"GYS2"
"29980",239.896635954113,-0.787610138138202,0.323213356938756,-2.43681184960262,0.0148173868720328,0.0490828920781983,"DONSON"
"29982",596.241938991892,-0.543650173526688,0.197806531997702,-2.74839343289737,0.00598880993465969,0.0236882520551566,"NRBF2"
"29984",1205.94006218857,1.08055667124871,0.272427513496645,3.96640066702373,7.29661645301578e-05,0.000593885144598168,"RHOD"
"29989",79.8252248409037,3.13551684977118,0.864699671378876,3.62613396715093,0.000287696139628095,0.00191277045804416,"OBP2B"
"29991",59.1894663280829,3.06076229608976,0.543551386656398,5.63104495955338,1.79121021929319e-08,3.80906920158836e-07,"OBP2A"
"29997",12639.7826784735,0.84807496638096,0.325105741212684,2.60861270310864,0.00909100695664499,0.0330733982318099,"NOP53"
"30008",3726.52851239868,-1.26936283939782,0.317915796703728,-3.99276428714477,6.53074799426226e-05,0.000542708585845354,"EFEMP2"
"3001",97.1294782778081,-1.48355082193555,0.429040881965975,-3.45783090678339,0.000544543047184396,0.00326789331872991,"GZMA"
"3002",55.6843158849184,-3.32292296824079,0.513369957313327,-6.47276475941637,9.62257047902503e-11,3.32892421412187e-09,"GZMB"
"3003",80.1192746357413,-1.75866468272798,0.368545221198158,-4.77191015260076,1.8248691201672e-06,2.36692539190433e-05,"GZMK"
"3005",9406.76603615487,0.857105817713135,0.163666106646724,5.23691700911059,1.63281067660467e-07,2.75039075018253e-06,"H1-0"
"30061",1616.49363188759,-0.81426270620991,0.328354801666441,-2.4798257923363,0.0131446586216802,0.0446484576020899,"SLC40A1"
"30062",10.5582658809418,-1.79233421286255,0.65780512431377,-2.72471914038727,0.00643562064985269,0.0250370091583005,"RAX"
"3020",8402.81333896693,0.510276837749721,0.154090407226312,3.31154188592857,0.000927833489419571,0.00509293987898999,"H3-3A"
"3033",1150.12796937589,0.737335234815513,0.205417278940143,3.58945089049868,0.000331375248772398,0.00215650588704743,"HADH"
"3036",32.3644366869173,2.57193922853575,0.607624670353715,4.23277617585632,2.30824196996367e-05,0.000216164025067025,"HAS1"
"3055",346.894932762041,-0.965666684681854,0.255104354441001,-3.78537907280289,0.00015347445180134,0.00112745114770835,"HCK"
"3059",883.967773350413,-1.18636153293245,0.253877699945829,-4.67296471169225,2.96882791156951e-06,3.61599726223354e-05,"HCLS1"
"306",256.056535355118,2.36723586335038,0.294216754236162,8.04589075661631,8.56203445041267e-16,6.43885138515066e-14,"ANXA3"
"3067",326.403226913274,-1.2961934540961,0.420692513749203,-3.08109465163629,0.0020624107637299,0.0098247311179394,"HDC"
"3068",9225.13650296796,0.659542423055598,0.155679159663801,4.23654922392902,2.26981178386314e-05,0.000213049729863378,"HDGF"
"3069",18823.3139858477,-0.730281037810253,0.214650149043192,-3.40219208356247,0.00066847636269517,0.00388259521718888,"HDLBP"
"3071",543.851813227026,-0.861737739037508,0.224902658824929,-3.83160316351933,0.000127310970451469,0.000957460363819161,"NCKAP1L"
"3073",3188.50297110651,-1.08402507378956,0.206610124788164,-5.2467180633137,1.54832561954085e-07,2.61664487295804e-06,"HEXA"
"3074",2549.17609089186,-0.575951733669526,0.132671787370783,-4.3411771642142,1.4172139201176e-05,0.00014099531818125,"HEXB"
"3075",5886.89303069028,-0.540427281948516,0.220964572077835,-2.4457643904931,0.014454542491862,0.0480976887572725,"CFH"
"3078",276.52167182947,-0.747853367312954,0.293453925682027,-2.54845242085224,0.0108202045412448,0.0380398104657527,"CFHR1"
"308",9974.88603019807,-0.829123111883802,0.212998223299181,-3.89262923906741,9.91636421997622e-05,0.000774055521820214,"ANXA5"
"3081",19.2521256909499,2.36812375506001,0.809992012835775,2.92363840325935,0.00345966383928264,0.0150239916598721,"HGD"
"30812",174.525937217061,2.2610416202205,0.450019787563055,5.02431600277953,5.05229905934249e-07,7.49254494506526e-06,"SOX8"
"30818",341.900926408841,0.773119183467771,0.24855975420633,3.11039567099831,0.00186836884546904,0.0090789670243472,"KCNIP3"
"3084",573.524659050349,-2.77201514260977,0.279236412938657,-9.92712631363993,3.17267270414741e-23,5.48792394472019e-21,"NRG1"
"30845",567.073118638685,-1.12105449410191,0.265008062577985,-4.23026561228495,2.33415539749936e-05,0.000218193708910658,"EHD3"
"3094",4245.03621012652,0.519260931134338,0.195647940829943,2.65405773723772,0.00795302174701833,0.0297483190333682,"HINT1"
"3098",6498.78378042459,0.671772104720526,0.225283853483639,2.98189193025906,0.0028647310340056,0.0129201629281269,"HK1"
"3109",1297.1289914576,-0.836925446337122,0.243069248622438,-3.44315643003088,0.000574966634564008,0.00341758972158982,"HLA-DMB"
"3113",7062.93285553482,-0.716423896431823,0.243095692750531,-2.94708593281013,0.00320784045148346,0.0141452844587266,"HLA-DPA1"
"3115",6080.75796932887,-0.743796172939608,0.297029179392686,-2.50411819626743,0.0122757017290431,0.0422405624190275,"HLA-DPB1"
"3117",2240.40508817202,-0.894360455121418,0.317869428551306,-2.81360953520279,0.00489886930757122,0.0201113533759565,"HLA-DQA1"
"3127",1958.38123541455,1.50698633014154,0.42611115956529,3.53660376245236,0.0004053072522744,0.00255367140520852,"HLA-DRB5"
"313",124.964979620408,-1.57492028106327,0.322033447068986,-4.89054877807737,1.00555235494405e-06,1.38172828265476e-05,"AOAH"
"3131",1386.58676945995,1.23796714118795,0.301806155602802,4.10186180170958,4.0983904356013e-05,0.000360987685810167,"HLF"
"3142",196.434087251956,-0.84184780267154,0.312383237534595,-2.69491989812132,0.0070405554298914,0.026877257107162,"HLX"
"3151",4070.60682121626,-0.392612237144357,0.143640395858037,-2.73329960418923,0.00627032666808457,0.0245283930322791,"HMGN2"
"3158",557.081210273901,3.18922400619102,0.678763556998848,4.6985787220106,2.6197820972914e-06,3.23877445589466e-05,"HMGCS2"
"3159",6657.30998981582,1.24023672395975,0.242429596888712,5.11586349140813,3.12308876486981e-07,4.93745461874656e-06,"HMGA1"
"316",979.676314602166,1.0308515924996,0.328378327503403,3.13921932770948,0.00169398605983344,0.00838600506387962,"AOX1"
"3164",1046.80927195952,2.25446940359902,0.407973191884756,5.52602339674284,3.27570466753506e-08,6.44002911905842e-07,"NR4A1"
"3169",88.5969799209549,4.09690453285429,0.911066949158013,4.49682049891126,6.8977173258592e-06,7.52824037303742e-05,"FOXA1"
"317",201.157358091996,-0.929243601387401,0.326704473728247,-2.8442940826098,0.00445099454405089,0.0185351551071705,"APAF1"
"317649",965.530705604164,0.577905434805484,0.171831981221417,3.36320067252682,0.000770443369237468,0.00436280778882642,"EIF4E3"
"3177",266.591109875112,0.6060497879532,0.211258983053326,2.86875274695525,0.00412093803090149,0.0173360695745097,"SLC29A2"
"317762",2855.72184231603,0.609602475056312,0.229483493980243,2.65641098835978,0.0078977297383184,0.0295867989035292,"CCDC85C"
"317781",1140.75347059958,0.53274772909994,0.164464860339558,3.23927997749802,0.00119831881100224,0.00630043279838316,"DDX51"
"32",1227.98385280598,0.660554239390674,0.248747248508741,2.65552380318073,0.00791853448513064,0.0296408644920766,"ACACB"
"320",543.806576496325,0.819978239950615,0.17444379609044,4.70052967389853,2.5948754402019e-06,3.21184101389753e-05,"APBA1"
"3204",252.010600044569,1.07670294042665,0.26182255837345,4.11233832224227,3.91671753255999e-05,0.000346909267169599,"HOXA7"
"3205",275.729086235815,0.895404486501816,0.2327414721182,3.84720642330163,0.000119472305116653,0.000908130697385965,"HOXA9"
"3206",300.739322788945,0.882486130512698,0.187638278994143,4.7031241985557,2.56210456467177e-06,3.18084199995197e-05,"HOXA10"
"3207",103.767404224262,-0.806185843722251,0.241377033299238,-3.33994428841461,0.000837951979746293,0.00468197707684519,"HOXA11"
"321",144.666749119565,-1.32336349633305,0.247139947704645,-5.35471302241512,8.56923117080471e-08,1.53115498628337e-06,"APBA2"
"3212",255.299113066912,-0.75034403937078,0.251913598454425,-2.97857695644218,0.00289590298212944,0.0130265006521312,"HOXB2"
"3213",576.489325752724,-0.927237336574499,0.216579162350907,-4.28128600420093,1.85816358150537e-05,0.000179738905835087,"HOXB3"
"3214",127.673960745163,-0.996613314554398,0.246393166419954,-4.04480907094543,5.23657831744177e-05,0.000447445944733173,"HOXB4"
"3216",86.3059962694196,-1.22324024052225,0.334441185050972,-3.65756460388039,0.000254623093963537,0.00173204288372289,"HOXB6"
"3217",231.548582787485,-0.758344911952055,0.274503061779767,-2.76261003077799,0.00573412309902736,0.0228920073449145,"HOXB7"
"3218",71.829433058492,-2.56495408361774,0.280073958165274,-9.15813130367564,5.28037410877486e-20,6.66817304632035e-18,"HOXB8"
"3219",63.7791592484883,-3.08424159843524,0.468559334312034,-6.58239282110066,4.62936510168465e-11,1.67470740339327e-09,"HOXB9"
"3221",307.899505769994,-0.960528739111745,0.200918990639519,-4.78067670982424,1.74706115941492e-06,2.2774861878022e-05,"HOXC4"
"3222",104.795169534263,-0.949956535028343,0.243647110917968,-3.8989033420067,9.66293352661154e-05,0.00075599324861943,"HOXC5"
"3223",446.4999463198,-0.810787264586826,0.219050881101379,-3.70136500026943,0.000214442740429939,0.00149922847004084,"HOXC6"
"3224",201.614765561587,-0.832770993527134,0.231476084755984,-3.59765456723107,0.000321099679503557,0.00210293216764277,"HOXC8"
"3226",821.116860251525,0.517984005239317,0.200352130239738,2.58536809476148,0.0097275085249348,0.0348773794595468,"HOXC10"
"3227",221.196443490484,1.43729619831191,0.262379807788619,5.47792229297555,4.3034903399162e-08,8.24431228088189e-07,"HOXC11"
"3228",185.232519367512,2.18057014268859,0.327660479816667,6.65496841092543,2.83360906206996e-11,1.07813325200828e-09,"HOXC12"
"3229",324.619462620548,1.27018308804819,0.273143406289139,4.65024254220374,3.31544892648056e-06,3.96653112168919e-05,"HOXC13"
"323",926.832537002537,-1.27647666449503,0.207360376758524,-6.15583692723281,7.46820396249451e-10,2.18360099948845e-08,"APBB2"
"3231",53.4093386246571,-1.84355359191456,0.393776401312556,-4.68172695410271,2.84468221761631e-06,3.48748890812473e-05,"HOXD1"
"3232",83.7667367212519,-1.82148316661215,0.294753197113022,-6.17968926021084,6.42278947514566e-10,1.89952153098273e-08,"HOXD3"
"3233",339.118701961322,-1.68658602356756,0.339383998324888,-4.96955080938438,6.71081844369762e-07,9.70734271574643e-06,"HOXD4"
"3234",216.188987817001,-1.02855337877763,0.211779420046943,-4.8567201598231,1.19346072658428e-06,1.61195509160177e-05,"HOXD8"
"3235",363.704535969599,-1.53911651253306,0.261193967827535,-5.8926189043896,3.8012238298831e-09,9.68298068558498e-08,"HOXD9"
"3236",59.3854078327524,-1.16705988231723,0.369384403465849,-3.15947254774966,0.00158054989852761,0.00794094193587805,"HOXD10"
"3237",8.59419321148121,-2.34021046116647,0.665624663372463,-3.51581092159284,0.000438413086230007,0.0027304977207136,"HOXD11"
"3242",9.10401859535866,3.15731672296277,0.842773229103974,3.74634197424566,0.000179431946955224,0.00128646018673854,"HPD"
"3248",1630.94607036266,1.20857034415218,0.246573071577888,4.90146931462635,9.51225093185287e-07,1.31586137890631e-05,"HPGD"
"3268",1981.9849682311,1.04451710796257,0.235693833397956,4.43166922487513,9.35063850299235e-06,9.82509152351172e-05,"AGFG2"
"3269",404.542791624315,-1.15270029172833,0.230579357066981,-4.9991478265484,5.75842435202388e-07,8.44842529309049e-06,"HRH1"
"3283",43.1523938136174,3.37062044463357,1.19338122746659,2.82442891429507,0.00473649535881723,0.0195343659518922,"HSD3B1"
"3290",516.077315029004,2.05940109025513,0.33407681636821,6.16445377037272,7.07268556089288e-10,2.07680684144678e-08,"HSD11B1"
"3291",1076.10416917625,1.63611770510327,0.298230571109097,5.48608313030643,4.10943567026332e-08,7.9128740726567e-07,"HSD11B2"
"3299",771.784839973067,-0.981215779668999,0.255439173552674,-3.84128936068086,0.000122389735565108,0.000927566390600949,"HSF4"
"33",65.6129488454303,2.45303821014183,0.356097561838934,6.88866892958779,5.63168311117437e-12,2.39509432149614e-10,"ACADL"
"330",178.456729968199,-1.12394938716052,0.261156403496176,-4.30374048697978,1.67938367907817e-05,0.000164376764860414,"BIRC3"
"3300",5866.83169743615,0.640897571371637,0.221682598026066,2.89105945653109,0.00383945474403255,0.0163456745503963,"DNAJB2"
"3303",7204.89121873597,0.873859201817163,0.291615411488156,2.99661529326496,0.00272994985368879,0.0124184061410674,"HSPA1A"
"3304",7443.26267508668,0.897885508886619,0.280658495382064,3.19921015633009,0.00137804675282662,0.00708434424580001,"HSPA1B"
"3306",1950.97714104718,1.07113720744414,0.210388690010457,5.09122998670176,3.55748204406009e-07,5.53075607212485e-06,"HSPA2"
"3309",8050.92773387899,-0.729825722247302,0.159284064327918,-4.58191298248651,4.60741623709294e-06,5.27176519312513e-05,"HSPA5"
"3310",213.868676596281,-0.718136281958252,0.273839498957432,-2.62247150134424,0.0087294568251263,0.0320183783478973,"HSPA6"
"3311",282.325120021233,-1.37496658628729,0.255285426241219,-5.38599718179011,7.2044091458385e-08,1.31467693136471e-06,"HSPA7"
"3316",570.302205238807,0.969461607920503,0.303845932397436,3.19063546538589,0.00141960272315071,0.00725990123064203,"HSPB2"
"332",241.598882061093,0.484072448560414,0.196418053295717,2.46450079530938,0.0137204259053093,0.0461849953940943,"BIRC5"
"3321",2326.71134116927,0.605490175837863,0.215570543974272,2.80877973713388,0.00497296575983366,0.0203627466083978,"IGSF3"
"3356",31.3859619734179,-3.07424537299488,0.415591597296616,-7.39727509649509,1.39007386224839e-13,7.65060972741197e-12,"HTR2A"
"3357",22.9364064776837,-2.11465662366473,0.561568083464003,-3.76562822199685,0.000166130839240845,0.00120452173121999,"HTR2B"
"3362",11.0442235223496,-2.97135123905911,0.769731357240108,-3.8602445010334,0.000113273626178614,0.000869278817618188,"HTR6"
"3363",62.1853948840887,-1.65207393859732,0.388439046955267,-4.25310985480708,2.10822087079394e-05,0.000199428393402676,"HTR7"
"3371",7119.7302093207,-2.40505258130354,0.368271059300883,-6.53065865634198,6.54810812758156e-11,2.3239009947955e-09,"TNC"
"3376",2099.72444735746,-0.552896631163932,0.212584058834315,-2.60083768367059,0.00929964435059553,0.0336954549045341,"IARS1"
"337876",235.046299012878,-2.82433025713743,0.277079548401004,-10.19321084301,2.12623353606069e-24,3.97876282784302e-22,"CHSY3"
"338324",318.021376451378,-4.88848072396277,0.899456903995289,-5.4349248999576,5.48195162741993e-08,1.02769118669228e-06,"S100A7A"
"338376",7.59460081331499,-3.61508748624803,1.18253823018377,-3.0570576020077,0.00223521317945506,0.0104739370166445,"IFNE"
"338557",60.172710336776,0.730662418677864,0.291628301759756,2.50545785257764,0.0122292972542905,0.0421090422687044,"FFAR4"
"338645",48.7975022431217,-3.30805955316775,0.502479736115897,-6.58346857674027,4.59597759584136e-11,1.66849387712167e-09,"LUZP2"
"338773",3651.13064034615,-1.87206290596044,0.266668818407181,-7.02017925133623,2.21583782261919e-12,1.00908862258393e-10,"TMEM119"
"338785",2153.03944320007,3.43818677113689,1.0582630679576,3.24889611594632,0.00115853779675643,0.00613199845935573,"KRT79"
"338811",43.6874592250644,-1.1073301873382,0.372571326673891,-2.972129383181,0.00295742026189354,0.0132597557549154,"TAFA2"
"339005",75.9583005169596,-1.18079433461863,0.473106679826982,-2.49583103550863,0.0125662442187143,0.0430675276386971,"WHAMMP3"
"339105",621.698668551632,-1.85736784605265,0.299931790006245,-6.19263415196495,5.91669533556284e-10,1.76762346570719e-08,"PRSS53"
"339145",4.01207705489399,-3.88239604352253,1.10444130100572,-3.51525793175894,0.000439327069746042,0.00273536249354281,"CIBAR2"
"339241",2166.8025938206,0.852584678646874,0.324437932681554,2.62788223189584,0.00859182551508532,0.031598023298645,"KRT17P2"
"339263",426.814233623638,-1.01109941823963,0.252792328473623,-3.99972350563292,6.3416531212347e-05,0.000528488209908887,"LINC02693"
"339327",56.4677145930876,-1.09576210569007,0.394419740119729,-2.77816243516981,0.00546672822171368,0.0220252757321891,"ZNF546"
"339398",23.4626709185169,2.02277560685318,0.473384252784302,4.27300991732578,1.92851875955308e-05,0.000185238591444894,"LINGO4"
"3394",436.686913327415,-0.965499535398823,0.357325106418682,-2.70201986385904,0.00689196447977451,0.0264376065694518,"IRF8"
"339479",5.61876843642104,3.47897060097891,1.21505422077561,2.86322251426622,0.00419355949027895,0.0175948284851003,"BRINP3"
"339483",335.316624490289,-2.03754085207905,0.27704419658249,-7.35456969398154,1.91543148027581e-13,1.03483573727027e-11,"MTMR9LP"
"339524",209.268570584904,1.33035811243514,0.37580982406595,3.53997694376844,0.00040016198978663,0.00253054820207926,"LINC01140"
"339535",79.3247225233076,2.02294771786058,0.516529830751227,3.91641991890084,8.98736505854909e-05,0.000710702736708316,"LINC01139"
"339541",32.5107637115395,-0.942342980672448,0.372987248872307,-2.52647505651074,0.0115213569600417,0.0401074939397089,"ARMH1"
"339559",86.237196414988,-0.941334910224934,0.342020914171677,-2.75227294946189,0.00591831701596421,0.0234680480555976,"ZFP69"
"339761",203.21502892669,-0.617434430433182,0.253848063709481,-2.43229915332272,0.015003309885478,0.0495950105480455,"CYP27C1"
"339766",14.1618667370147,3.23088501897738,0.824231953336329,3.91987353305025,8.85954472624765e-05,0.000702213587389609,"MROH2A"
"339778",5.15431938664514,3.92494569334061,1.18731585493555,3.3057300439685,0.00094729306963383,0.00518041459759372,"FAM166C"
"3398",1604.01677108397,0.694613952125562,0.184885658892291,3.75699205815753,0.000171967951991612,0.00123942168200117,"ID2"
"339803",115.411510918104,-1.04786272545114,0.243913650977651,-4.29603968966522,1.73876464945634e-05,0.000169463691024666,"C2orf74-DT"
"339804",124.693846775371,-1.8512110117685,0.392495557652017,-4.71651455838836,2.39919207324603e-06,3.01311590211691e-05,"C2orf74"
"339834",44.2713272398896,-1.32696898181098,0.544772396445619,-2.43582272242284,0.0148579642536028,0.0491935557658291,"IHO1"
"339855",384.243810541135,1.31758375334255,0.355280010863237,3.70857834118269,0.000208426177263627,0.00146424724668754,"KY"
"3399",1695.49550877447,-0.702530699688359,0.196682080767154,-3.57191004360007,0.000354387147882046,0.00228102096685554,"ID3"
"339983",215.558610979298,2.49056018836841,0.545204970251593,4.56811717475559,4.92124908946892e-06,5.57813828511169e-05,"NAT8L"
"3400",3069.94832706726,1.54056070313823,0.187250034065648,8.22729197794495,1.91493286918399e-16,1.56416580076521e-14,"ID4"
"340037",21.8647096536362,1.29103807843393,0.466357991346372,2.76834127942509,0.00563424218203886,0.0225764533920748,"PRR7-AS1"
"340075",318.018107609081,-2.0785898226195,0.249560322797293,-8.32900758951113,8.15228412951247e-17,6.96293014613629e-15,"ARSI"
"340277",65.8940436539512,1.00350666867175,0.384093522641982,2.61266230622465,0.00898400226400838,0.03276518472756,"FAM221A"
"340348",762.501490640097,0.866185684886306,0.330924090252512,2.61747545857227,0.00885828578870397,0.0324042926381167,"TSPAN33"
"340527",622.47323513453,-1.56989609395924,0.203075722562059,-7.73059464791261,1.07045367854743e-14,6.90727853267091e-13,"NHSL2"
"340562",64.2386251484732,0.766293142408663,0.239541635427443,3.19899770677141,0.00137906265826416,0.00708779669356042,"SATL1"
"340591",160.607944923878,-0.692394592939865,0.24822852281893,-2.7893434045246,0.00528150307557757,0.0213962722510704,"CA5BP1"
"340654",685.391973532602,0.86182469015105,0.266982863278291,3.22801501028447,0.0012465243307676,0.00650761162873541,"LIPM"
"340706",367.819966169206,1.5315797409171,0.270948630834402,5.65265724429206,1.57986153654951e-08,3.40522197574189e-07,"VWA2"
"340719",105.644603551657,1.22148387434915,0.33579319123076,3.6376076294821,0.000275182212164071,0.00184466144490034,"NANOS1"
"341346",45.2353644766215,-2.83144591558982,0.677966968425256,-4.17637738630032,2.9618827835036e-05,0.000270006178988654,"SMCO2"
"342035",302.983266115562,1.78196868701945,0.23856455253451,7.46954511090527,8.04725185593865e-14,4.61405660731591e-12,"GLDN"
"342184",424.561612604153,1.22020697430966,0.278341306108206,4.38385157909442,1.16599228244279e-05,0.000118992489547855,"FMN1"
"342357",121.720100554443,-0.6924385056498,0.265130913545568,-2.611685285544,0.0090097151104447,0.0328415044861685,"ZKSCAN2"
"342371",1831.82111639103,0.683842197264262,0.243099501359689,2.81301357443943,0.00490795792345927,0.0201366166825763,"ATXN1L"
"3425",426.051098587012,-0.705784276023809,0.268383524723093,-2.62976006724708,0.00854451492411014,0.0314746412308309,"IDUA"
"342510",49.3133561245891,-1.70168854328374,0.478049185993888,-3.55965158636521,0.000371347136324034,0.0023760675953043,"CD300E"
"3426",393.306701219902,-2.26188565344781,0.243152255163068,-9.30234289593941,1.37384391229829e-20,1.88528020604986e-18,"CFI"
"342667",3085.27395997767,2.75948161962536,0.430125463323419,6.41552722385668,1.40336332605425e-10,4.72007037638901e-09,"STAC2"
"3428",3107.76272095007,-1.56702030004221,0.248796861580414,-6.29839255241462,3.00748085770885e-10,9.46574709099067e-09,"IFI16"
"342897",8533.14419781594,0.853176976048895,0.253630348350143,3.36385997022353,0.000768605299628553,0.00435450170960993,"NCCRP1"
"3429",3158.9876351352,-1.83063364617573,0.362674552544392,-5.0475933128825,4.47410265251059e-07,6.77168595582926e-06,"IFI27"
"3430",691.863016638927,-0.795592208693617,0.308609413590614,-2.57799073410317,0.00993766626962272,0.0355256899086339,"IFI35"
"3431",438.493948463396,-0.925745976653131,0.205325090448966,-4.50868412929411,6.52309421389647e-06,7.17644956166996e-05,"SP110"
"3433",300.346664728912,-1.40985537572415,0.366706229219675,-3.84464528656691,0.000120726941820526,0.000916313927151073,"IFIT2"
"3434",472.83168259084,-1.42393905197902,0.323628167968698,-4.39992309976164,1.08289246284564e-05,0.000111898887827382,"IFIT1"
"343450",24.7176462401312,-1.31055532713651,0.478583067270773,-2.7384072207365,0.00617375775348617,0.0242468660803704,"KCNT2"
"343578",518.373148983033,1.20469020534028,0.277107522129266,4.34737460781853,1.37776790177862e-05,0.000137602981514853,"ARHGAP40"
"3437",488.886868291491,-1.21330557327056,0.304963249947183,-3.97853044089966,6.93425343782863e-05,0.000568664034917388,"IFIT3"
"344167",8.47707084583412,4.67899909079905,1.39314210754036,3.35859426362468,0.000783399974369377,0.00442158077115965,"FOXI3"
"344558",457.243473131728,-1.45166185722313,0.208684834624646,-6.95624030291506,3.49473561719492e-12,1.55845855294113e-10,"SH3RF3"
"344595",139.518519753999,-0.80479153226698,0.273389480059534,-2.94375457348149,0.00324257023624567,0.0142648142216031,"DUBR"
"344752",1587.60058238338,1.06927879299698,0.249077605433277,4.29295436310678,1.76311256352342e-05,0.000171592950390383,"AADACL2"
"344787",63.9904927829856,1.24225611220845,0.429330404216078,2.89347341816313,0.00381006539382378,0.0162373470116912,"ZNF860"
"344905",100.455002896237,1.76689518901077,0.375670504216555,4.70331093119901,2.55976137266646e-06,3.18084199995197e-05,"ATP13A5"
"345079",102.781710975315,2.08803876382757,0.4140918357029,5.04245334922682,4.59600825782592e-07,6.91551417975795e-06,"SOWAHB"
"3455",542.548812495416,-1.00478149298328,0.208135117534281,-4.82754426493062,1.38226971072183e-06,1.84278754698822e-05,"IFNAR2"
"345757",564.702413823416,0.964176661639299,0.241032156182494,4.00019929668341,6.32891610831758e-05,0.000527640377373873,"FAM174A"
"3460",2412.28219023511,-0.363916551443404,0.12775807414969,-2.84848181898088,0.00439283632129182,0.0183300512543018,"IFNGR2"
"346157",90.7711182332608,-1.30035814092178,0.323106104241543,-4.02455454679272,5.70832624640974e-05,0.000482546971072272,"ZNF391"
"346389",238.43369102524,1.60609994509536,0.309802536686389,5.1842698328878,2.16862774551946e-07,3.57971399468907e-06,"MACC1"
"346653",95.2485304034382,-0.854142541497796,0.270541060529622,-3.15716416512042,0.00159311628636486,0.00798847884008144,"GARIN1A"
"346689",126.170702262721,2.49953014298879,0.402136758932015,6.21562214214633,5.11216891583717e-10,1.54748360240577e-08,"KLRG2"
"347",9649.26741311052,1.39660072522912,0.415946782135093,3.35764281685325,0.000786101219194928,0.00443439503861562,"APOD"
"347344",174.149362877123,-0.805649063647143,0.323306781342862,-2.49190276894553,0.0127060814999432,0.0434166636113597,"ZNF81"
"347516",221.77755605996,4.382379587741,1.36423176082258,3.21234244326534,0.00131657341226885,0.00682628390885189,"DGAT2L6"
"347735",2422.36095418317,1.47889037883397,0.316927920673137,4.66633036209903,3.0662656835482e-06,3.71270663706801e-05,"SERINC2"
"347741",96.2754563733548,4.81973273373508,0.505224533788277,9.5397836237202,1.43130633356241e-21,2.13492822971367e-19,"OTOP3"
"3479",738.68279781887,-1.93850856714043,0.332970228673748,-5.82186754311846,5.81936629029118e-09,1.39936723971208e-07,"IGF1"
"347902",190.769974028863,0.693210545867987,0.270420898674679,2.56345034450141,0.0103637524190019,0.0366731098148074,"AMIGO2"
"348013",454.28741104027,-0.764641036514898,0.295729842986008,-2.58560660903971,0.00972078060910114,0.034871479271129,"TMEM255B"
"348093",182.368900242054,1.08228700864713,0.40093484080315,2.6994087280594,0.00694628065989951,0.026596399014764,"RBPMS2"
"3481",3391.22528397466,-3.76522155804116,0.35316878787659,-10.6612523169994,1.54502841554804e-26,3.74151351831068e-24,"IGF2"
"3483",21.6591803815487,1.67992181322789,0.56830875639645,2.95600198715922,0.0031165508299452,0.0138286445965923,"IGFALS"
"3485",669.548573827269,0.874783737463376,0.350949833861157,2.49261761385947,0.0126805326081139,0.0433725628456989,"IGFBP2"
"3486",4783.70189616547,-1.78122798952077,0.295752607996497,-6.02269579831352,1.715356624442e-09,4.63980299047493e-08,"IGFBP3"
"3487",20110.498549414,-0.961118848169484,0.290546196298109,-3.3079725717123,0.000939740129502923,0.00514594594990374,"IGFBP4"
"348801",44.3489945207011,-0.81519672977247,0.323179764525385,-2.52242503787219,0.0116548788002076,0.0404901308394047,"LNP1"
"348938",2549.55979811828,0.907046992186855,0.253728336856821,3.5748746215079,0.000350395769944454,0.00225815483047484,"NIPAL4"
"349149",38.5758263542497,1.50700888232778,0.368243183845275,4.0924284506539,4.26878981079698e-05,0.000373909657299766,"GJC3"
"349565",652.694161413524,0.968187091418614,0.235160168291602,4.1171389629984,3.83604793570291e-05,0.000340350046157365,"NMNAT3"
"3500",29653.6311520416,-5.6185218369276,1.24156525629349,-4.52535362796868,6.02946004538507e-06,6.67659674152315e-05,"IGHG1"
"3501",8645.50629969557,-6.04663176822585,1.04487352909121,-5.78695086044045,7.16755347792764e-09,1.68421142453953e-07,"IGHG2"
"3502",3401.82477045236,-4.8444747236832,1.28370031939715,-3.77383619095635,0.000160756336465604,0.00117050174383021,"IGHG3"
"3503",2507.61183679814,-5.93088747367422,0.958717155139962,-6.1862744834355,6.16027068392751e-10,1.83445079826795e-08,"IGHG4"
"3508",705.664789678256,0.48329557732418,0.198573721941152,2.43383451042633,0.0149398238289113,0.049432781497237,"IGHMBP2"
"3514",18289.0182349319,-4.26069324083921,1.0002331487524,-4.25970009707598,2.04701374979546e-05,0.000194622314206881,"IGKC"
"353131",9305.26153679172,1.17870872045758,0.398285260585216,2.95945855170653,0.00308180155174328,0.0136980788471353,"LCE1A"
"353132",8552.75768321246,1.17009686086442,0.354999511993056,3.29605202636816,0.000980538549703987,0.00532532687829692,"LCE1B"
"353133",11291.6773976287,1.17256661288952,0.371647911142069,3.15504696175001,0.00160472273069037,0.00803884465527634,"LCE1C"
"353137",6220.32325261043,1.15683488122134,0.383210044270302,3.01880104271314,0.0025377713033488,0.0116679661621916,"LCE1F"
"353139",3490.87640192118,1.30303291902584,0.328284094698391,3.96922342589579,7.21072472562281e-05,0.000587591281679414,"LCE2A"
"353140",8218.58906344895,1.18867452511286,0.384091801595222,3.09476672028932,0.0019696774843321,0.00946116005535285,"LCE2C"
"353141",4011.92247821713,1.1226871198258,0.38238554648491,2.93600825173999,0.00332465478445588,0.0145481917693962,"LCE2D"
"353142",11.4678084043442,-1.74696406596873,0.625969453791753,-2.79081360182458,0.00525757405147179,0.0213203121110117,"LCE3A"
"353145",505.799442569622,-1.07687359433114,0.284731204319154,-3.78207087244319,0.000155529063772134,0.00113686443490256,"LCE3E"
"353274",699.41934780629,-0.680930625751778,0.219910906550152,-3.0963931550002,0.00195890443457703,0.00942986175896481,"ZNF445"
"353345",76.0829823066216,-2.49197652604493,0.408900050129852,-6.09434145398996,1.09888880761785e-09,3.10281580466472e-08,"GPR141"
"353376",146.134499006419,-1.91305826443061,0.310030862486999,-6.17054137476662,6.80565629803991e-10,2.00125184626934e-08,"TICAM2"
"3538",4161.90961350455,-3.3762134941896,1.08800863001269,-3.10311278886661,0.00191496643465395,0.00925949473594479,"IGLC2"
"3541",88.8780615724514,-3.9789204225078,1.40607625792796,-2.82980414474196,0.00465765067767522,0.0192748455064871,"IGLC5"
"355",656.347023028595,-1.38783944507917,0.280827238817356,-4.94196877384031,7.73376045929546e-07,1.09787396754578e-05,"FAS"
"3554",3523.69182115127,-1.56485924614073,0.208384476617964,-7.50948089578488,5.9362280575118e-14,3.47134427090406e-12,"IL1R1"
"3557",3404.87977733959,0.563683721580768,0.211057336048751,2.67076109332948,0.00756794894281236,0.0285465752316015,"IL1RN"
"3559",37.8621038976215,-1.55408438107536,0.50681214334975,-3.06639136703338,0.00216659521400008,0.0102169979117933,"IL2RA"
"356",16.4735491240369,-1.91405881390065,0.49066215354728,-3.90097096354959,9.58076431484512e-05,0.00075070594844603,"FASLG"
"3561",453.369807227593,-1.24489615453209,0.219275553293044,-5.67731393598807,1.36826225371628e-08,3.00234514350302e-07,"IL2RG"
"3566",2402.33459622758,-0.83744859610283,0.221324513320051,-3.7838040781855,0.000154449420864565,0.00113218905950007,"IL4R"
"3569",16.6692019753235,-3.03067878578377,0.602340110247755,-5.03150750584614,4.86638053930886e-07,7.28506014699153e-06,"IL6"
"3575",169.686362884572,-1.35882859869946,0.393557023047486,-3.45268542834644,0.000555035852843058,0.0033182857957948,"IL7R"
"3587",519.66158848568,-0.8474828669777,0.280924804367443,-3.0167605487382,0.0025549154496254,0.0117381613355617,"IL10RA"
"359",9.79401655764994,3.57010882079748,1.22444277074601,2.91570084457467,0.00354890604452008,0.0153429374566574,"AQP2"
"3594",51.5773157676539,-1.17012467374118,0.37561995074939,-3.11518243747887,0.00183831172757204,0.00896890462202959,"IL12RB1"
"3597",2517.58300445186,-0.493387561559687,0.182258112149113,-2.70708148867484,0.00678775938435434,0.0261352860395716,"IL13RA1"
"359948",4431.32080861503,0.684082089621661,0.152154276617394,4.49597674695566,6.92513047429375e-06,7.55015284337196e-05,"IRF2BP2"
"36",549.218332933645,0.693257663246036,0.213846270981014,3.24185060635257,0.00118756257804795,0.00624866771639543,"ACADSB"
"360",22422.01547599,0.951804369066237,0.286355590427075,3.32385467888614,0.000887824466890766,0.00491527133579331,"AQP3"
"360023",237.571317695367,-0.670420929975445,0.273697769293063,-2.44949358450046,0.0143057258264904,0.0477104764116134,"ZBTB41"
"360132",878.578731675759,-0.679168390158883,0.223667186598094,-3.03651331466549,0.002393315383153,0.0111029983878344,"FKBP9P1"
"3604",178.808697235434,-6.19370359627092,0.444509975670677,-13.9337786220115,3.94898045106529e-44,3.53416580890121e-41,"TNFRSF9"
"361",8.7300678448607,4.12967914246534,1.45991107233255,2.82871965336027,0.00467346180459086,0.0193174224094518,"AQP4"
"3613",4118.32839145308,0.624871295607049,0.24242726064156,2.57756200335469,0.00995000289218895,0.0355512687958371,"IMPA2"
"3619",544.60903833308,0.54681518226981,0.197617711727161,2.76703528995804,0.00565686312472734,0.0226362501087457,"INCENP"
"362",4596.89001479914,4.32659240994366,0.879057238121498,4.92185516746256,8.5727649798137e-07,1.20616400782287e-05,"AQP5"
"3620",26.5710819057118,-3.05332463977802,0.448991926145556,-6.8003998779884,1.04329157024396e-11,4.24409361302404e-10,"IDO1"
"3624",457.986572895096,-2.88810749689508,0.335352694484383,-8.61214937108423,7.17033324575542e-18,7.09587209281873e-16,"INHBA"
"3625",682.165107455139,1.17587328223883,0.318324060765171,3.6939503706139,0.000220796913700635,0.00153803169936172,"INHBB"
"3627",28.2169414964601,-3.27953978880724,0.536661163636392,-6.11100636868377,9.90048146433806e-10,2.81479986825876e-08,"CXCL10"
"3628",1186.75967291243,-0.828890618758877,0.18974427719015,-4.36846175828646,1.25124721174731e-05,0.000126253297091209,"INPP1"
"3632",940.537246547366,1.01960778771659,0.195397362456102,5.21812462000685,1.80743844584935e-07,3.03213634632136e-06,"INPP5A"
"3635",636.308661940577,-0.474277539491915,0.191560287353048,-2.47586567156175,0.0132913575049213,0.0450326591394102,"INPP5D"
"3636",2835.23847717932,-0.678885915542657,0.173341719193899,-3.91646003454749,8.98587040530298e-05,0.000710702736708316,"INPPL1"
"364",271.725111873056,2.08724614216626,0.482618883855216,4.32483313850692,1.5264736129536e-05,0.000150267493300033,"AQP7"
"3642",13.4663192802842,3.48901214502516,0.780414297770329,4.47071786741144,7.79574831286787e-06,8.40144938597237e-05,"INSM1"
"3645",16.8268588970444,-4.29761512411286,0.690756801409115,-6.22160377624355,4.92098498357798e-10,1.49394982055053e-08,"INSRR"
"3659",649.724997978367,-0.722206692071675,0.269873119263989,-2.67609717500325,0.00744850452187825,0.0281579462035522,"IRF1"
"366",999.652703640011,1.21916160629142,0.313330005209406,3.89098262541638,9.98390826132985e-05,0.000777558712263389,"AQP9"
"3664",5592.14456306912,0.980865761814964,0.182016315583037,5.38888922497437,7.08944845404916e-08,1.29714850647243e-06,"IRF6"
"3665",575.748487377519,-1.29655674890873,0.29043158458955,-4.46424155534281,8.03528727247458e-06,8.6324819006585e-05,"IRF7"
"3672",598.678324539336,-0.837290082732843,0.239822485206927,-3.49129099387991,0.000480692396854238,0.00293299619695286,"ITGA1"
"3673",765.032018948468,0.790902425307892,0.268941902082379,2.94079285966242,0.00327373373527298,0.014377179994764,"ITGA2"
"3676",159.35011514857,-2.20229181937346,0.343620713389176,-6.40907760667852,1.464026617037e-10,4.90806577933054e-09,"ITGA4"
"3678",4039.5349591645,-1.0435222638733,0.306330005959589,-3.40652970186328,0.000657943911268603,0.00383331940830821,"ITGA5"
"368",45.8475209341194,1.57604589420544,0.562062532876651,2.80404012368374,0.00504666242837523,0.020603034396207,"ABCC6"
"3681",11.2189840406705,-1.99726345451462,0.684615229674534,-2.91735177358546,0.00353017391717981,0.0152818296343279,"ITGAD"
"3682",366.473997700631,-0.60976237728945,0.223687851522099,-2.72595213884117,0.0064116294730518,0.024957825467719,"ITGAE"
"3683",340.104285086025,-1.35582136415681,0.280495180937367,-4.83367079472054,1.34038176607253e-06,1.79158560213227e-05,"ITGAL"
"3685",2455.00841867933,-1.21100514258402,0.206167928865905,-5.87387742237869,4.25718207269932e-09,1.06053335533802e-07,"ITGAV"
"3687",264.063645755451,-1.33140158086518,0.378872782483008,-3.51411250008409,0.000441225903792455,0.00274303654595708,"ITGAX"
"3688",9726.37970761792,-1.6143476766807,0.284359037962956,-5.67714565447013,1.36960847733644e-08,3.00234514350302e-07,"ITGB1"
"3691",8432.27960767714,1.04817186928751,0.324750068441559,3.2276263229676,0.00124821914101545,0.00651288790840611,"ITGB4"
"3693",12963.781226099,-0.726538107061992,0.22820314245024,-3.18373401549637,0.00145388540536398,0.00741312290909392,"ITGB5"
"3696",310.00978935544,1.47508009041316,0.356466482099066,4.13806112071772,3.50253077781344e-05,0.00031414419839003,"ITGB8"
"3702",63.064581722819,-1.11846506251297,0.379128093695341,-2.95009808323977,0.00317673062689973,0.0140378490029293,"ITK"
"3703",2857.09343106637,-0.811582641548321,0.171645910620464,-4.72823755960523,2.26477113843897e-06,2.86351653032111e-05,"STT3A"
"3705",1700.05511213491,0.739202528748617,0.297523002520467,2.4845222805849,0.0129725389940868,0.044187778033143,"ITPK1"
"3707",2440.37091467975,0.890213967567491,0.209437663863183,4.25049607194354,2.13297576707627e-05,0.000201584817215326,"ITPKB"
"3709",1378.28047349966,0.689690276622996,0.232158490740726,2.97077343336644,0.00297050838216422,0.0133068432075013,"ITPR2"
"3710",6029.98983568932,0.871351689816039,0.182680894992181,4.76980195358323,1.84407129475402e-06,2.38882086414203e-05,"ITPR3"
"3713",3894.66157526657,-0.614402601048933,0.190335187256802,-3.22800323946395,0.00124657562437348,0.00650761162873541,"IVL"
"3718",290.501101214145,-1.79566223322393,0.294698449455685,-6.09321914160241,1.10662406230783e-09,3.11610802989662e-08,"JAK3"
"3728",61631.369188186,1.219281510043,0.285148134656395,4.27595821909283,1.90316916653397e-05,0.000183660731945313,"JUP"
"3730",569.709363806113,-2.63761410947702,0.34134566481948,-7.72710592610548,1.10019096756637e-14,7.07697839887064e-13,"ANOS1"
"3732",3514.02570604127,1.12426571458297,0.205579053517898,5.46877561378152,4.53154990226323e-08,8.63679844335058e-07,"CD82"
"3736",64.1113133701027,-3.10969416347637,0.451014036969395,-6.89489441253775,5.39048260378384e-12,2.30202684473624e-10,"KCNA1"
"373861",33.975959736735,-2.0341578338038,0.418302215226052,-4.86289041693104,1.15683899323541e-06,1.56866757817903e-05,"H1-9P"
"373863",149.844304326212,-0.84582609492109,0.219737819988328,-3.8492513258119,0.00011847939614289,0.000902583231016009,"DND1"
"3742",224.668286253921,1.51619053382171,0.356041345237255,4.25846760243917,2.05833043103399e-05,0.000195247343743796,"KCNA6"
"374443",61.293256606603,-0.866775756136581,0.284443479202092,-3.04726885836167,0.00230931055043632,0.0107642319678853,"LOC374443"
"374454",8612.95472149651,3.14652593822427,0.328972575057304,9.56470592624987,1.12520905411895e-21,1.71565208666551e-19,"KRT77"
"3745",123.29690918711,1.06127140654879,0.319484696155191,3.32182235744173,0.000894316115061251,0.00494190682212639,"KCNB1"
"374569",403.27608792339,0.706123638570451,0.244735489044042,2.88525232416693,0.00391100062232925,0.0166021084554407,"ASPG"
"3746",15.0781699375857,-4.09934837756626,0.667712869022036,-6.1393880030654,8.28400042733311e-10,2.39155490597791e-08,"KCNC1"
"374654",252.527004979664,-1.48139155421116,0.210334447246036,-7.04302872690332,1.88105427597704e-12,8.62352365628315e-11,"KIF7"
"374819",136.650092420058,-0.758654254710955,0.218392248377291,-3.47381493779172,0.000513114801087408,0.00310828577562778,"LRRC37A3"
"374897",74085.7446744614,0.805549605355166,0.284787134720188,2.82860251445924,0.00467517251256791,0.0193201668337077,"SBSN"
"374918",47.4611218644984,-1.90519518080734,0.596123605356909,-3.19597339156981,0.00139359963043741,0.00714467118130105,"IGFL1"
"374946",44.5415980368596,-1.77063479793981,0.422376413577879,-4.19207782683949,2.76411132866771e-05,0.000253775502182409,"DRAXIN"
"3750",144.089901827565,-1.61902324458714,0.22308183001361,-7.25753076567629,3.94220340222283e-13,2.0135561992892e-11,"KCND1"
"375035",2883.88502227216,0.484820799250185,0.158577939343103,3.05730293418187,0.00223338440475883,0.0104695933927478,"SFT2D2"
"375056",1286.65160784647,-0.55016535354336,0.178311203496886,-3.08542224354943,0.00203263363864741,0.00970984702202791,"MIA3"
"375057",559.252859530962,2.05808085364626,0.242562144911571,8.4847569862831,2.16170020220134e-17,2.00434400730236e-15,"STUM"
"375061",814.205058844856,0.649855844154022,0.245874628195028,2.64303742490484,0.00821659527266671,0.0305454934247014,"FAM89A"
"375133",434.365959198899,-0.46742815208236,0.173607768333244,-2.69243799727395,0.00709317231788032,0.0270081130209487,"PI4KAP2"
"375189",17.7017148469318,-1.65631545946799,0.569386369326897,-2.90894820932579,0.00362646930763048,0.015613311907188,"PFN4"
"375190",172.327745669503,-0.910214748404561,0.283578119261013,-3.20974957721182,0.001328506584958,0.00687257590971987,"FAM228B"
"375295",267.100543634766,-2.44108951402684,0.32189763247581,-7.58343419692683,3.36526258375673e-14,2.02258992374329e-12,"LINC01116"
"375298",48.8650574218201,-1.96378194879262,0.352782404988649,-5.56655298286719,2.59827803761346e-08,5.31111768880193e-07,"CERKL"
"375341",187.983852650772,-0.761738485114969,0.254067208907955,-2.99817709018457,0.00271599803596373,0.0123597470479889,"C3orf62"
"375704",267.107568463079,3.19803148544608,0.374716268995357,8.53454133181953,1.40712526962074e-17,1.34093826619784e-15,"ENHO"
"375757",447.565567797799,-0.883906594309025,0.206979149739957,-4.27051031671326,1.95026198679743e-05,0.000186978075157141,"SWI5"
"375791",782.317745858933,0.723016093851903,0.295118977018697,2.44991393354585,0.014289036492081,0.0476730396014068,"CYSRT1"
"3759",142.647418235154,-0.870701406948261,0.294865038408263,-2.95288112706909,0.00314823170661991,0.0139481527366132,"KCNJ2"
"3761",6.26499113971611,3.52704883789732,1.24099351745149,2.84211705242464,0.00448150343120561,0.0186395770111005,"KCNJ4"
"3762",112.209341426816,-0.780406636825628,0.278134791048997,-2.80585767024073,0.00501828530628268,0.0205132192618816,"KCNJ5"
"376267",863.376282211386,-1.61740911946856,0.281374420161162,-5.74824505561722,9.017448320818e-09,2.0532650026075e-07,"RAB15"
"3764",424.44535642175,-0.959659825486602,0.267903921465094,-3.58210443594286,0.000340837475038003,0.00220900459262666,"KCNJ8"
"3767",50.1544050828557,2.28815519701744,0.443639074306246,5.15769536440317,2.50007939210309e-07,4.07455536081155e-06,"KCNJ11"
"377",8640.02173046613,0.634282454399289,0.186585041706835,3.39942821030575,0.000675269042352475,0.00391211313475467,"ARF3"
"377007",43.1805003119573,1.60407144333875,0.494390451835561,3.24454373538807,0.00117638950617711,0.00620256188400349,"KLHL30"
"377677",274.945300794216,1.05114275354479,0.268577125243002,3.9137463869782,9.08750821712634e-05,0.000716694517782868,"CA13"
"3778",639.85334732039,-2.650934411,0.348621760148421,-7.60404172668798,2.87022642712446e-14,1.75313770848457e-12,"KCNMA1"
"3779",272.12528590031,2.18686234318023,0.427772741476316,5.11220592418535,3.18418443851215e-07,5.01862576434411e-06,"KCNMB1"
"378",5013.21547131964,-1.08243635590581,0.224012682336437,-4.83203158239108,1.35146808969434e-06,1.80523161312578e-05,"ARF4"
"3782",78.3358803912692,-0.995688950918291,0.330364373270641,-3.01391140049657,0.00257903110500801,0.0118305710425277,"KCNN3"
"3783",770.718061385626,2.22954265572754,0.357234706729637,6.24111435346875,4.34464464411138e-10,1.33080603205936e-08,"KCNN4"
"378706",1071.86934619538,-1.98330415355082,0.457213564680061,-4.33780689542458,1.43911507815241e-05,0.00014282904902936,"RN7SL2"
"378707",122.794959953447,-2.70671482282734,0.56651647918188,-4.77782186801728,1.77204255002186e-06,2.30712990826376e-05,"RN7SL3"
"3788",17.8839005953932,-2.8711378245786,0.588023659041967,-4.88269099453647,1.04647795081172e-06,1.43032550727147e-05,"KCNS2"
"378884",198.09013338865,0.642003664015655,0.260726555525534,2.46236392269901,0.0138024537500884,0.046385258447644,"NHLRC1"
"3796",286.402205125825,-0.867437064283756,0.276128761654621,-3.14142235341908,0.00168129383021014,0.0083412273321392,"KIF2A"
"3797",357.746217921344,-0.665029734835189,0.217322092377801,-3.06011104328535,0.00221254941464968,0.0103813807046157,"KIF3C"
"3800",106.507788660735,-1.68397910456261,0.474013179939413,-3.55259975002773,0.000381444367338019,0.00243160447732604,"KIF5C"
"3816",731.226440330508,1.21324859897819,0.225889170249948,5.37099055096673,7.83053128085329e-08,1.41265254938724e-06,"KLK1"
"382",4183.96321611018,0.59586713071722,0.146811868332477,4.05871226546748,4.93440684200901e-05,0.000424978370024743,"ARF6"
"3824",52.2433995344347,-2.82658949435767,0.58207011884993,-4.85609792157434,1.19721514338863e-06,1.61596567288601e-05,"KLRD1"
"383",1828.46383298563,0.931013190014666,0.296072444186421,3.1445452229538,0.00166345198970038,0.00827264937327677,"ARG1"
"3833",256.019739850038,0.56052725786328,0.222105971214754,2.52369287866334,0.0116129335030231,0.0403784836530789,"KIFC1"
"3848",536159.420039971,1.07612346174939,0.226467642045705,4.75177580350403,2.0163787868496e-06,2.59083276832161e-05,"KRT1"
"3849",386914.059231228,1.14927862429095,0.374016519501425,3.0728017730954,0.00212059300518872,0.0100484084757838,"KRT2"
"3851",182.383115180155,6.68810679085655,1.04780846474488,6.38294785343708,1.73711072771054e-10,5.73023833640927e-09,"KRT4"
"3852",249576.382158301,0.853653599993639,0.266958603002287,3.19770028159132,0.00138528177628313,0.00711088281371871,"KRT5"
"3855",1987.61904680214,4.41568194066658,0.999872496381685,4.416245027887,1.00430237188736e-05,0.00010459911778956,"KRT7"
"3856",1469.36388594506,4.14003705772066,0.715589712638024,5.78548990378635,7.23013034544668e-09,1.69697836979104e-07,"KRT8"
"3857",207.970884033839,1.48774933665732,0.524667622251906,2.83560348220423,0.0045739194496494,0.0189741148632776,"KRT9"
"3858",579284.918805131,1.34030022506891,0.233622355191707,5.73703755348704,9.63469000164571e-09,2.17456643633635e-07,"KRT10"
"386597",48.9607456756307,-4.1188099479448,0.387588783563691,-10.6267521729456,2.23769953629994e-26,5.23418264263614e-24,"GRASLND"
"3868",18646.1236617994,-1.51511247165549,0.468997206831634,-3.23053623685951,0.00123558240932467,0.00646005291174473,"KRT16"
"387032",221.014475202275,-0.643090364262603,0.192452948301147,-3.34154592038937,0.000833132340019966,0.00465884164275224,"ZKSCAN4"
"3872",13450.6646803963,2.73330089927429,0.964652378617674,2.83345685954877,0.00460475229043767,0.0190866333359583,"KRT17"
"3875",851.196692405191,2.95711644241236,0.435570500326539,6.78906500829479,1.12862580831223e-11,4.57315622801162e-10,"KRT18"
"387590",210.731327746069,1.3756773934196,0.300763593283611,4.57394918846571,4.78615958282967e-06,5.44300048911413e-05,"TPTEP1"
"387597",11.8491762425471,-2.35955036241505,0.678395962601533,-3.4781314932456,0.000504922167821258,0.00306406777783985,"ILDR2"
"387628",37.346748772679,1.04747900150174,0.416384866294967,2.51565099092652,0.0118812772666343,0.0411070712910233,"FGF7P6"
"387695",515.559237659609,-1.40486346352052,0.310179434282306,-4.52919603380895,5.92085463855672e-06,6.57361768500818e-05,"GPR15LG"
"387700",12.2798166068053,1.84379398543443,0.610104111853235,3.02209729390903,0.00251029849203421,0.011572913334627,"SLC16A12"
"387755",85.4720176615683,-3.59361925872455,0.39926597333359,-9.00056478322046,2.2455945867242e-19,2.59681567264781e-17,"INSC"
"387758",1530.53170632188,-1.887550008345,0.295937345606877,-6.37820821320881,1.7917181580048e-10,5.89148986651291e-09,"FIBIN"
"387787",63.979002375708,0.79242737264848,0.245732410504992,3.22475725127183,0.00126079525068358,0.0065718433628946,"LIPT2"
"387849",24.7036200386907,-2.11325860246363,0.427786495845052,-4.93998436834497,7.81288339353528e-07,1.10681618563338e-05,"REP15"
"387882",561.388744366202,-0.848364949043319,0.213208973703171,-3.97903021766997,6.91969466038165e-05,0.000567696272974475,"C12orf75"
"387893",1549.8582772485,0.364370827940633,0.140083325110755,2.60110064957801,0.00929251861647517,0.0336755639439304,"KMT5A"
"387921",420.28383652689,-0.997435254029513,0.270077245528167,-3.69314805502742,0.000221494979524242,0.00154185074688096,"NHLRC3"
"387923",59.1415911106045,1.09379185673832,0.370174439894886,2.95480113929236,0.00312870646744728,0.0138683177165707,"SERP2"
"388",5832.11234305017,1.3449256874871,0.24801041743493,5.42285965806243,5.86530420876206e-08,1.09160417570668e-06,"RHOB"
"3880",3279.3996166367,2.46179212972301,0.436314076382163,5.64224778200086,1.67844308925598e-08,3.59096546886523e-07,"KRT19"
"388077",12.0225659311091,-2.13148736233366,0.809262635562856,-2.63386355512531,0.00844194049284929,0.0311749018846089,"IGHV1OR15-1"
"3881",1856.41030272316,2.17078396180247,0.844797201702602,2.56959179957921,0.0101818411204846,0.0361930957877059,"KRT31"
"388121",1073.75535579933,1.1954641596105,0.180609516398234,6.61905409776178,3.61504549637833e-11,1.32878743745449e-09,"TNFAIP8L3"
"388125",24.3641942479036,-2.12089845476167,0.58932409702999,-3.59886599826876,0.000319607812344591,0.00209516153162454,"C2CD4B"
"388135",818.226914569859,1.19975603668267,0.257915886851932,4.65173375446794,3.29155880304239e-06,3.94373960429713e-05,"INSYN1"
"388228",139.526132089791,2.19658836882038,0.273853110261242,8.02104590568625,1.04848532020706e-15,7.81957312722538e-14,"SBK1"
"388282",23.0589550628539,1.43901460917168,0.538222691593711,2.673641657342,0.00750325794419775,0.0283337115251085,"LOC388282"
"388323",72.4540208297326,1.57316425655135,0.423415760056876,3.71541261558151,0.00020287236889599,0.00143343075947313,"GLTPD2"
"388325",35.1102059476996,-1.11425231453301,0.315488921683885,-3.53182707204367,0.000412699142370628,0.00258993876419421,"SCIMP"
"388336",37.0589573584809,2.19404715377422,0.542552837056002,4.04393268991008,5.25620151438203e-05,0.00044893631523668,"SHISA6"
"388531",11.6950390902384,1.8332517513128,0.694235747640644,2.64067610684569,0.00827407783813535,0.0307037350315807,"RGS9BP"
"388533",37550.5995076092,0.672507447848776,0.223094746141006,3.01444771551778,0.00257447580562467,0.0118129759213059,"KRTDAP"
"388564",112.010249477296,1.2344839388447,0.369994127561168,3.33649603300963,0.000848416394755839,0.00473088222638032,"TMEM238"
"388581",93.2299120830213,1.7821798175038,0.520431356249917,3.42442820960229,0.000616094598341484,0.00362644873098688,"C1QTNF12"
"388588",16.4874397220965,1.79790655490279,0.728199900962041,2.46897390747723,0.0135501098285292,0.0457238460181058,"SMIM1"
"388591",141.978476651051,-1.33102884524366,0.296045967521436,-4.49602085915015,6.92369470963187e-06,7.55015284337196e-05,"RNF207"
"388610",258.697001784929,0.823371130240079,0.247894002850879,3.32146450003221,0.000895463729947488,0.0049469204018355,"TRNP1"
"388630",187.816794789445,1.00831357599357,0.206429248120459,4.8845480239563,1.03666374549786e-06,1.41973962324204e-05,"TRABD2B"
"388650",504.492453744115,-1.00401575964093,0.187489024188347,-5.35506419102334,8.55260488819897e-08,1.52951189416757e-06,"DIPK1A"
"388662",379.78981686636,1.31552217404834,0.250587766897557,5.24974618807366,1.52308921052475e-07,2.57611078960077e-06,"SLC6A17"
"388685",86.1013147682114,-0.719525500769113,0.257844726199444,-2.7905379775445,0.00526205265650536,0.0213342706089238,"LINC01138"
"388697",95.9877545236335,-3.50658130577457,1.17967961254008,-2.97248614666165,0.00295398540588037,0.0132501276083333,"HRNR"
"388698",35446.4275501116,1.16549558914903,0.326956587001637,3.5646799467698,0.00036430044821768,0.00233622313157129,"FLG2"
"388699",1675.11991883223,1.26364717717499,0.344230233925459,3.67093605568833,0.00024166379971607,0.00165813588445186,"LINC00302"
"388815",211.844138390588,-1.4073409522365,0.240094222378163,-5.86161940215228,4.58374690467412e-09,1.134726833668e-07,"MIR99AHG"
"388963",126.304389113716,-0.822005973761294,0.317853243939475,-2.58611793157542,0.00970637140112185,0.0348319297281541,"C2orf81"
"389015",21.5423342661072,3.81452091641259,0.667073435759586,5.71829233773797,1.07599909634274e-08,2.40481709002376e-07,"SLC9A4"
"389058",169.986204484765,1.59401793745963,0.423469606362806,3.76418499346554,0.000167093154496772,0.00121022008872679,"SP5"
"389084",151.84212368468,2.13334864940416,0.446093664575767,4.78228860621225,1.73310606358188e-06,2.26215949351741e-05,"SNORC"
"389125",162.352607326363,1.04954151116134,0.430331743036455,2.43891260206762,0.0147315306280134,0.0488613964626212,"MUSTN1"
"389136",666.752074130573,-1.25515035892594,0.354949179435013,-3.53614103552462,0.000406017871151341,0.00255658362183518,"VGLL3"
"389208",111.453402035296,0.99849721628318,0.393822525521924,2.53539894641601,0.0112319329574674,0.0392581219224141,"TMPRSS11F"
"389289",85.9949568533296,-1.43308256288191,0.30238315331434,-4.7392936649224,2.14464496957258e-06,2.73345956988743e-05,"ANXA2R"
"389333",119.592701737584,-1.48704455246065,0.264818773775615,-5.61532904657526,1.96188539907655e-08,4.13341341398074e-07,"PROB1"
"389336",1703.56608353178,0.951891250545524,0.311821310846796,3.05268183229852,0.00226806274493035,0.0106007728296199,"C5orf46"
"389337",3419.59047713661,0.924796236380164,0.17420572031838,5.30864448475055,1.10443516838068e-07,1.91683756373928e-06,"ARHGEF37"
"389493",9.44409502297665,1.55855785958679,0.625349111112648,2.49230043169604,0.0126918632297052,0.0433968958007062,"NUPR2"
"389677",235.276824865943,-0.740422925387092,0.245031772153698,-3.02174252293558,0.00251324223285216,0.0115810562169306,"RBM12B"
"389692",17.262462163752,3.40884780769158,0.817029332813124,4.17224654095898,3.01611025719036e-05,0.000274342083667725,"MAFA"
"3898",12940.143238564,0.640529632114468,0.217867798796821,2.93999221386457,0.00328220494535921,0.0144053105746853,"LAD1"
"389816",22.0343278567741,4.75577998835996,1.0414958390491,4.56629763658206,4.96413798383064e-06,5.62056195044939e-05,"LRRC26"
"389831",119.411811342988,-1.77186876229578,0.398001004970942,-4.45192032222417,8.51057473642105e-06,9.10507642279059e-05,"LOC389831"
"389834",88.4399504007091,1.45483899200416,0.58559555617879,2.48437505485438,0.0129779041908538,0.0441914276037279,"LOC389834"
"39",899.855643933561,0.788156716543633,0.272716307287903,2.89002415873719,0.0038521222153346,0.016396212506296,"ACAT2"
"390205",24.3745426811948,1.48640291001034,0.605336000464098,2.45550059614949,0.0140688519406861,0.0470883330645664,"LRRC10B"
"390732",13.4529595993849,2.53498503965181,0.643896387855543,3.93694558233883,8.25253116932931e-05,0.000660202493546344,"CES1P2"
"3908",1822.13639077648,-1.06841997225986,0.248532594204396,-4.29891288778478,1.71637912251058e-05,0.000167440511174207,"LAMA2"
"3909",1131.95644453945,0.628448550152403,0.20422775224065,3.07719466750962,0.00208958789525608,0.00993688723328852,"LAMA3"
"390916",412.00708884864,0.732285338845974,0.150697825535236,4.85929598682068,1.17803903782411e-06,1.59531286543233e-05,"NUDT19"
"390928",445.306453721442,1.09073921938892,0.442472147031038,2.46510255325159,0.0136974041338758,0.0461225857503188,"ACP7"
"390980",339.323722396088,-0.637280201229551,0.221606402556611,-2.8757300956896,0.00403094229879332,0.0170445596299017,"ZNF805"
"3910",3367.80274115608,-1.49225256375616,0.217380689365812,-6.86469698899965,6.66325349303244e-12,2.80483455829407e-10,"LAMA4"
"391123",511.233556677989,2.59869699798459,0.3220208148636,8.06996590914576,7.03177994010077e-16,5.34103905118207e-14,"VSIG8"
"3912",3501.45142838936,-2.45091327115701,0.303525695860667,-8.07481311988197,6.75800670748579e-16,5.1905526144361e-14,"LAMB1"
"3914",3020.30844406917,1.68000050782123,0.297103349470347,5.65459969002775,1.5620991216146e-08,3.37754709236502e-07,"LAMB3"
"3915",5453.85989181135,-0.74530144737333,0.210262674445057,-3.54462079082933,0.000393178304183826,0.00249558501798331,"LAMC1"
"3916",11786.3327293634,0.632268637650956,0.217204093814555,2.91094254508286,0.00360340271980863,0.0155359492888757,"LAMP1"
"391712",10.2734742076359,-2.75701444233813,0.678862372720936,-4.06122736083868,4.8815402570382e-05,0.000421394174241663,"TRIM61"
"391723",10.8982209682248,2.58275085058339,0.88198721739349,2.92833138581771,0.00340786615807509,0.0148523220406135,"HELT"
"3918",1150.75391021304,1.12917439745154,0.26700336716028,4.22906426035335,2.34665316368965e-05,0.000218964228111458,"LAMC2"
"392",7457.43144144491,-0.557763023015756,0.216825231507788,-2.57240829001823,0.0100993709424076,0.0359539002903006,"ARHGAP1"
"392255",50.893341784046,-4.55053526409966,0.584451566556487,-7.78599207272353,6.91682871823895e-15,4.59011455406076e-13,"GDF6"
"392617",111.432852733123,-2.34759711503267,0.32038419895253,-7.3274434966142,2.34584520907609e-13,1.25095538299539e-11,"ELFN1"
"392862",39.357459043988,1.03479548407274,0.404817821762013,2.55620041521069,0.0105822150151442,0.037311461780015,"GRID2IP"
"393",519.177796902681,-1.01554082795195,0.335586552341318,-3.02616663530387,0.00247675765730325,0.0114385415342001,"ARHGAP4"
"3931",983.33522480558,-0.618271583500479,0.252181746451377,-2.45169046610472,0.014218691447807,0.0475048766047166,"LCAT"
"3932",188.087794506603,-1.18598595659021,0.301811840726566,-3.92955410143991,8.51035280225705e-05,0.000678981015820384,"LCK"
"3937",313.295559608245,-0.843851135465175,0.210312915306906,-4.01236003140253,6.0114723164119e-05,0.000505268052923734,"LCP2"
"3948",5.38215448307373,3.43306589049989,1.30454850738957,2.63161229425615,0.00849807782982413,0.0313484648833513,"LDHC"
"3952",762.479171113363,6.26545050473239,1.07395795086122,5.83398120914142,5.41202189841429e-09,1.31563911186887e-07,"LEP"
"3953",546.173501022273,1.42830919142395,0.367946103416196,3.88184350415131,0.000103667586108322,0.000804635592931257,"LEPR"
"3954",1550.19796565837,0.496577233262815,0.173082722918464,2.86901676198348,0.00411749977331396,0.0173286884755458,"LETM1"
"3956",17305.007502258,-1.54307795685327,0.321054562376787,-4.8062794854238,1.53764907531526e-06,2.0263924801881e-05,"LGALS1"
"3957",124.105566252887,-1.07683968573133,0.43353778680866,-2.48384274334682,0.0129973190567439,0.0442502175759208,"LGALS2"
"3958",16937.605810299,0.665697633354033,0.257486155469086,2.58537253057848,0.00972738336330842,0.0348773794595468,"LGALS3"
"3965",1011.45405138214,-0.854928882973885,0.273402054687725,-3.12700240658531,0.00176598481781409,0.00868602902984114,"LGALS9"
"3977",664.709512850854,1.03551940710753,0.290482128204021,3.56483000696082,0.000364092089457635,0.00233618191065959,"LIFR"
"3978",990.569355762219,0.560351389785027,0.209429336143761,2.67561078167378,0.00745932163110038,0.0281936607518491,"LIG1"
"3983",8237.08804945322,1.01817324213881,0.183953881671248,5.53493752286472,3.11339313789301e-08,6.17399656554814e-07,"ABLIM1"
"3984",1512.20004600662,-0.912001693895289,0.290857025525372,-3.13556701010728,0.00171522237761564,0.00847889947666675,"LIMK1"
"3985",4410.25283694479,0.547260093024197,0.177791976298957,3.07809218625244,0.0020833045758813,0.00991050182342055,"LIMK2"
"3987",1173.82997339505,-0.489855380739903,0.176713146708045,-2.77203699818222,0.00557067045366347,0.0223807069924593,"LIMS1"
"399",70.2646623349994,-1.27070393926423,0.286641732497772,-4.43307374746663,9.2899071739128e-06,9.77125443371595e-05,"RHOH"
"3991",1239.15643079307,4.36062188100887,0.852637507130026,5.11427405496939,3.14949822230746e-07,4.97156989324976e-06,"LIPE"
"3993",2625.18277018445,1.26459336360411,0.252587721907625,5.00655120547226,5.5413925187109e-07,8.16492652864317e-06,"LLGL2"
"399664",445.507750120186,0.834227955022746,0.213264665447043,3.91170264081979,9.16477116547125e-05,0.000721958092881975,"MEX3D"
"399668",199.685135671915,1.13733010507686,0.285223540312338,3.98750434074063,6.67719830996646e-05,0.000551317489018651,"SMIM10L2A"
"399726",99.6191953345445,-1.02451172239356,0.292091971932063,-3.50749702436823,0.000452343412753349,0.00279609922847222,"MIR1915HG"
"3998",2102.4716961604,-1.44490259101139,0.244471352426532,-5.91031454880017,3.41455075721923e-09,8.77467075987522e-08,"LMAN1"
"399823",20.8867128004043,1.42592544031323,0.457804849696809,3.11470147434562,0.00184131159368309,0.00897928401904115,"FOXI2"
"399844",188.226274059012,1.1818993985055,0.28166506296581,4.19611643013378,2.71530700354584e-05,0.000249851941712059,"LINC01002"
"399886",4.62652058825384,-5.58111071688583,1.22945099142656,-4.53951459294032,5.63838782839668e-06,6.28373443745086e-05,"LINC02687"
"399888",571.823805978519,1.76608115909313,0.378240243364968,4.66920479793848,3.02367840016305e-06,3.674108393681e-05,"FAM180B"
"399947",20.1661578970783,-3.51693769637693,0.636719135034036,-5.52353071058391,3.32254184116948e-08,6.52587798269395e-07,"C11orf87"
"399972",31.8198169331955,-1.73822552900235,0.401266321116902,-4.33185003955502,1.47861640639667e-05,0.000146045298029122,"GSEC"
"399979",1566.30177419196,-0.537283916114028,0.187180565918859,-2.8704043791968,0.00409947164597029,0.0172704716251847,"SNX19"
"40",22.6466222320996,2.15658836890421,0.518005334478389,4.16325513534685,3.13742458404754e-05,0.000284873169995741,"ASIC2"
"400027",429.966067521032,0.679731671577281,0.195952433317716,3.46886058044081,0.000522670615144733,0.00315593096550622,"LINC00938"
"400043",430.414251276445,-0.638872281470964,0.240786463878111,-2.65327324128307,0.00797153117001182,0.0297958956970262,"LINC02381"
"400110",39.5330838440802,3.40519574298968,0.789949025943666,4.3106524992823,1.62773528781674e-05,0.000159701159029646,"ANKRD20A19P"
"400120",36.524733191852,3.97719317100452,0.739157680454386,5.38071006521856,7.419260602209e-08,1.34676730128996e-06,"SERTM1"
"400128",16.9167201565074,4.70643161872341,1.07475302078825,4.37908201018277,1.19180278927134e-05,0.000121086222183422,"TUSC8"
"400224",96.8392564270405,3.08048055058581,0.412957115337228,7.45956525793298,8.68084265941136e-14,4.94976358175411e-12,"PLEKHD1"
"400258",76.0722771155028,4.45548432603682,1.5520087134531,2.87078563890515,0.00409453082438419,0.0172567204113686,"C14orf180"
"400322",507.419670457076,-1.2711701774978,0.371840564760118,-3.41858930404178,0.000629466577691398,0.00369248789831853,"HERC2P2"
"400451",536.702267802248,0.746262291219289,0.227374495206395,3.28208443318096,0.00103042745790725,0.00555534803393476,"FAM174B"
"400499",244.369975341969,0.982192616062483,0.348592474648731,2.81759558077729,0.00483847110862893,0.0198991187412623,"LOC400499"
"400566",145.948791553719,0.74898247401942,0.255606902766691,2.93021223571206,0.0033873056506766,0.0147720973545608,"C17orf97"
"400618",27.1626984179256,2.71407932387976,0.614532047543287,4.41649761754465,1.00313006053138e-05,0.000104549008435331,"SOX9-AS1"
"400720",125.679749547966,0.840156051267889,0.26701888047032,3.14642938277645,0.00165277167755918,0.00824343402250501,"ZNF772"
"400761",14.2561963950502,1.31895002798584,0.532591416875508,2.47647631222368,0.0132686429476595,0.0449953453763794,"LRRC8C-DT"
"400793",287.649429734928,1.2969317409038,0.305625832583273,4.24352787832629,2.20033023557293e-05,0.000207189375887617,"C1orf226"
"400916",605.301706996731,1.06997196950669,0.330256880706846,3.23981734223567,0.00119606291309391,0.00629017859047649,"CHCHD10"
"400932",7.38114588155639,2.59717931955636,0.792370877739831,3.27773192140099,0.00104644726503385,0.00562550809701145,"LINC00898"
"400952",9.93472929199361,-2.51001772635146,0.70856692892764,-3.54238622193414,0.000396524439698453,0.00251148058363978,"LINC01121"
"400954",2806.99946006161,0.531272758815769,0.175503595545987,3.02713318871327,0.00246885150935713,0.0114045869543553,"EML6"
"400961",665.746502106521,1.4027167881358,0.245512900306845,5.71341378144556,1.107319884438e-08,2.46945530891352e-07,"PAIP2B"
"400966",69.5234137223515,-1.61384887328618,0.507713454041092,-3.17866083800009,0.00147957105661376,0.00751616254425906,"RGPD1"
"4010",332.882266388991,2.48807567898918,0.335981875451155,7.40538660202489,1.30768942018807e-13,7.235881458374e-12,"LMX1B"
"401021",16.6887821460569,-1.24310087713479,0.429461694149734,-2.89455589187279,0.00379695306697468,0.0162015924400097,"LOC401021"
"401022",217.7003055775,-2.10352091747811,0.258090556183322,-8.15032114535792,3.62959087030237e-16,2.89579451450791e-14,"HAGLR"
"401089",25.4537084848964,-3.84633582151124,0.653997759409243,-5.88126758260707,4.07136346406938e-09,1.01828609409969e-07,"FOXL2NB"
"401093",187.808127747202,0.866568110601388,0.246536762050624,3.51496508428811,0.00043981180913593,0.0027375525489126,"MBNL1-AS1"
"401097",43.3126786672238,-2.10165055572236,0.311202423084676,-6.75332323858713,1.44496521336519e-11,5.75302977793213e-10,"C3orf80"
"401109",78.7654647391988,1.16024104659653,0.331337697661348,3.50168741675263,0.000462321680560743,0.00284826084101126,"LINC00885"
"401152",4964.66832839726,0.581828658243139,0.152537082712547,3.81434237430373,0.00013654605666641,0.00101983455385391,"C4orf3"
"401237",105.84897377419,-4.05144839545772,0.478293053224035,-8.47064026572846,2.44047842911649e-17,2.24262535647026e-15,"CASC15"
"401251",241.786448981327,2.06115113529622,0.307355347154904,6.70608516941605,1.99915069161539e-11,7.79365868110059e-10,"SAPCD1"
"401261",62.5152201662384,-1.21129671816977,0.472199838009919,-2.56522052882265,0.010311024756872,0.0365186714216024,"LOC401261"
"401262",25.5126668747646,-1.41872314041938,0.491606527213047,-2.88589158582214,0.00390306580871189,0.0165885836210164,"CRIP3"
"401288",21.6883143471729,-1.87179894834334,0.44686652545937,-4.18872043820953,2.80531728937183e-05,0.000257443830068791,"LINC00242"
"401398",7.43867125523012,-3.40072113347305,0.820135140251283,-4.14653752359775,3.3754088331232e-05,0.000303801554092733,"POT1-AS1"
"401399",63.0281838484078,1.84864805947559,0.616601211145527,2.99812589735456,0.00271645431622143,0.0123597470479889,"PRRT4"
"4014",32045.3404679399,1.45210949395329,0.288332903701469,5.0362254023452,4.74801422477594e-07,7.12340559787085e-06,"LORICRIN"
"401463",10.4088726219287,-1.65482565366802,0.572891787417812,-2.88854839607108,0.00387024467282773,0.0164631362565584,"BHLHE22-AS1"
"401472",72.6862089225004,-1.4607152126968,0.28895612789938,-5.05514530290718,4.300632123631e-07,6.55249530960921e-06,"GASAL1"
"401492",82.0575046404044,-1.63574578359449,0.48468927768327,-3.37483385523417,0.000738602673277527,0.00421263436595861,"LINC01235"
"401498",12.4087159753396,-4.36597041868194,0.814243728915648,-5.36199452772725,8.23080341801531e-08,1.47644908655557e-06,"TMEM215"
"4015",4836.24106350962,-1.76803079503061,0.327610045174436,-5.3967539184863,6.78573548339645e-08,1.24823573896544e-06,"LOX"
"401541",1450.4718727809,-0.533098516313392,0.177730226184335,-2.99948144870126,0.00270439592151984,0.0123130470357364,"CENPP"
"401546",141.307436859499,3.37452811715673,0.486734774821537,6.93299162443039,4.12032609406208e-12,1.81223915214047e-10,"C9orf152"
"401562",42.5850432310971,-1.01379439094925,0.375507040726766,-2.69980128465003,0.00693809031671939,0.0265798717810072,"LCNL1"
"401563",42.8057688945813,-1.07662869734813,0.331555050987375,-3.24720945780172,0.00116542586549931,0.00615898928468686,"LINC02908"
"401565",1046.68425264648,1.01675956393377,0.274206873986315,3.70800173297084,0.000208901227058762,0.00146658351220244,"FAM166A"
"4016",1688.36183865595,-1.88838502268111,0.359210987683001,-5.25703580188806,1.46395821267185e-07,2.48426346658181e-06,"LOXL1"
"401629",5.90571037615033,5.62741366256242,1.62224180705562,3.46891174798177,0.0005225710826986,0.00315593096550622,"FAM224B"
"401630",6.18102365733233,5.69307003512256,1.61861656555518,3.51724439022397,0.000436052101842376,0.00271661515264027,"FAM224A"
"4017",2944.44359872699,-3.23278167201061,0.275756132581047,-11.7233355492483,9.67846997450377e-32,3.62221138100338e-29,"LOXL2"
"401720",50.2486774843178,-1.03537500881043,0.300226139978057,-3.44865043692101,0.000563395539218729,0.00335850963778694,"FIGNL2"
"401934",112.236843060154,1.48267987898554,0.493537357564205,3.00418976651155,0.00266289176788579,0.0121707080443489,"RNF223"
"4023",1017.70402522914,2.28116049480382,0.75489636946498,3.02181940074841,0.00251260406511937,0.0115807080332327,"LPL"
"402415",596.621965177828,0.971784028267192,0.275117751006726,3.53224764563968,0.00041204328749183,0.00258740055818543,"XKRX"
"402635",10.7793644165315,2.20690860755305,0.744655502657983,2.96366386829303,0.00304000153120909,0.0135444570386164,"GRIFIN"
"4033",131.495202448612,-0.885711296105294,0.311687291017479,-2.8416663804737,0.00448784276787402,0.0186546356086266,"IRAG2"
"404093",1321.06825716583,-0.674788083509883,0.265197606176345,-2.54447275463406,0.0109442849286618,0.0384104281281456,"CUEDC1"
"4041",1522.2350952923,1.1625245655083,0.280204424184147,4.14884443346372,3.34157787218724e-05,0.000301115588436545,"LRP5"
"404216",20.4333172071306,-4.25307145226418,0.593649780744753,-7.16427696971194,7.81981634550283e-13,3.80527422354208e-11,"LINC01561"
"404266",92.0379800606176,-1.39705196445887,0.348414043132582,-4.00974642668823,6.0783988021227e-05,0.000510684738542423,"HOXB-AS3"
"4045",464.800805957883,-1.54476100750496,0.243698966035695,-6.33880821340331,2.31549251654007e-10,7.45885727080765e-09,"LSAMP"
"404550",93.8037787257815,1.2672507469085,0.296930938106718,4.26782993711841,1.97383708294726e-05,0.000188974244257611,"C16orf74"
"404665",171.336281009155,0.74884692058338,0.306754568714382,2.4411923959986,0.0146388534771107,0.0486166763428278,"CACTIN-AS1"
"4047",3594.23455396744,0.789888783244392,0.25419802574998,3.10737575917013,0.00188756307443795,0.00915538866188436,"LSS"
"4048",2070.03501976875,0.523810155107562,0.175002915038554,2.99315102832524,0.00276113075623381,0.0125297873647083,"LTA4H"
"4049",20.2992489991306,-1.02752101292499,0.400399840786592,-2.56623731644451,0.0102808462498858,0.0364549421546337,"LTA"
"4050",161.236275541573,-1.27199662771178,0.321560533314345,-3.95569883717143,7.6311246497477e-05,0.000617206561062501,"LTB"
"4051",132.738791083397,1.15545982247187,0.43697390888643,2.64423069426823,0.00818768315899891,0.0304765407133514,"CYP4F3"
"4053",3305.2675241559,-1.57341356627229,0.304072172526456,-5.17447405068083,2.2855387036774e-07,3.76364229411965e-06,"LTBP2"
"4058",44.4095950236815,-0.956742479775141,0.354146493071306,-2.7015444130983,0.00690182618077316,0.0264655719271674,"LTK"
"4059",3507.92614804402,1.0643805639705,0.285322133281768,3.73045214448674,0.00019113644724395,0.00136278234501887,"BCAM"
"4060",27290.648317202,-3.45548519914154,0.310431718204681,-11.1312246671366,8.84123710363457e-29,2.56321161325653e-26,"LUM"
"4063",59.2357517016198,-1.04839241541477,0.333719219799889,-3.1415404124564,0.00168061613604155,0.00833987525175486,"LY9"
"4064",49.9539535693128,-2.24330067564589,0.480614976922849,-4.66756298359381,3.04793331821384e-06,3.69268154338514e-05,"CD180"
"4067",557.180295385836,-0.818238890746856,0.187326355927971,-4.3679859499401,1.25397558164434e-05,0.000126426281145986,"LYN"
"4068",24.54416321611,-1.46097158004686,0.476459802484497,-3.06630606071831,0.00216721350869518,0.0102175728041644,"SH2D1A"
"406934",14.2809650279821,-1.19367595644893,0.488507436316216,-2.44351644971942,0.0145449065108161,0.0483592885832076,"MIR142"
"406975",491.564089184634,-1.48130766302789,0.330778200356143,-4.47825056618905,7.52572371646073e-06,8.1360029926275e-05,"MIR198"
"406977",11.1965302826161,-4.84681795170649,0.802765112582241,-6.03765394850781,1.56370954846939e-09,4.2575922414939e-08,"MIR199A2"
"406988",386.057108745031,-0.812952175957823,0.264453868121618,-3.07407935354517,0.00211153259795024,0.01001931466026,"MIR205"
"406996",71.6240384906955,-3.72219759854259,0.408169935794328,-9.11923508354168,7.5656411418167e-20,9.38139501585271e-18,"MIR214"
"4070",11794.6208805921,1.16923508162769,0.216289167018232,5.40588831954367,6.44879711014011e-08,1.19479783721984e-06,"TACSTD2"
"4072",268.8278162844,2.51511103234062,0.364594160680067,6.89838539281389,5.2596897226087e-12,2.26023910751936e-10,"EPCAM"
"408029",43.1306540328171,-2.03801998050971,0.423868805781071,-4.8081386332599,1.52342108534088e-06,2.01142396540453e-05,"CDRT15P3"
"4081",21.1513658515355,-2.85607730749564,0.841341972715892,-3.39466875553122,0.000687116790209975,0.00396846577151575,"MAB21L1"
"4082",5900.60172491279,-1.82005752495209,0.189934953291841,-9.58253072121754,9.469563953361e-22,1.45463809265659e-19,"MARCKS"
"4084",642.419052801845,0.42294565918508,0.15939593023031,2.65342821848694,0.00796787157810689,0.0297924880627946,"MXD1"
"4093",162.394941712005,-0.832419666861584,0.232095583003627,-3.58653816711616,0.000335097037033408,0.00217793861523664,"SMAD9"
"410",1193.60720423024,-0.585563374637932,0.229254365003921,-2.55420818106524,0.0106429601523635,0.0374999472400292,"ARSA"
"411",511.477757096804,-1.63999015997911,0.301704962387655,-5.43574141770964,5.45690447149207e-08,1.02392818269091e-06,"ARSB"
"4118",253.105398353098,1.8534360763239,0.375905494901389,4.93059053794921,8.19814098790574e-07,1.15759755838574e-05,"MAL"
"4124",970.796558952386,-0.971527364489916,0.264146430917723,-3.67798785361038,0.00023508115162286,0.00161886085813239,"MAN2A1"
"4126",580.251611230673,-1.04483746626356,0.19862864342263,-5.26025576301409,1.43855165372682e-07,2.44316396372218e-06,"MANBA"
"4128",998.959657256593,1.51389812137643,0.269729045739044,5.61266257858299,1.99236868977416e-08,4.19334530780279e-07,"MAOA"
"4129",676.426611589357,1.62853132381587,0.247015546384593,6.59282926784012,4.31522734411495e-11,1.57211751595154e-09,"MAOB"
"4130",1643.59939455802,-0.922540152385066,0.23345886449439,-3.95161757675402,7.76247176120695e-05,0.000626353268258267,"MAP1A"
"4131",2142.2558801783,-0.661602863133887,0.227234693813492,-2.9115398358884,0.00359652043817243,0.0155168259692604,"MAP1B"
"4133",763.033333785587,0.739983315580418,0.196614343784657,3.76362833624635,0.000167465721557548,0.00121206554590034,"MAP2"
"4135",233.77762277291,1.40751516254767,0.32362947778871,4.34915623930464,1.36662324808435e-05,0.000136821852814048,"MAP6"
"4137",737.692939526675,0.965097066809122,0.313980698293541,3.07374648204282,0.00211388984612236,0.0100258775558946,"MAPT"
"4140",1281.51050939241,-0.640960378773103,0.151691077506908,-4.22543230167187,2.38482513283028e-05,0.000222223814097684,"MARK3"
"414062",8.98302311692807,-3.17061625588969,0.845700130619789,-3.74910224214585,0.000177468728279311,0.00127549451916947,"CCL3L3"
"414189",211.62772945889,-0.830608403663081,0.282494366340909,-2.94026537386136,0.00327931254219524,0.0143956855125926,"AGAP6"
"414236",249.242450974196,-1.68245446653759,0.290449239088591,-5.79259381713999,6.93075868080572e-09,1.64027109669005e-07,"C10orf55"
"414241",118.484914885343,-0.8116207122846,0.261765885415013,-3.10055953623532,0.00193155378813527,0.00931999605601882,"SHLD2P1"
"414332",73.3857706478939,-1.53651656945192,0.497859461207725,-3.0862455957442,0.00202701321272702,0.00968749476916018,"LCN10"
"414777",547.305581323979,-0.702992477121819,0.191399858131016,-3.6728996770761,0.000239813651156431,0.00164708848695495,"HCG18"
"4148",115.687134512317,-2.16122287803599,0.492039649343483,-4.39237545372544,1.12118860295991e-05,0.000114932999020552,"MATN3"
"414919",444.284840839199,0.845132171953016,0.319909411278098,2.64178589987883,0.00824701701157428,0.0306309271321265,"C8orf82"
"415",43.6970281547546,-2.11186991608672,0.460297112080551,-4.58805814909642,4.47388035178449e-06,5.1389706005096e-05,"ARSL"
"4151",79.6318500743967,3.40671149197733,0.592156484275295,5.75305950782013,8.76426168841977e-09,2.00003949661234e-07,"MB"
"415116",2233.19198130851,0.899074680923436,0.294504899282123,3.05283437767927,0.0022669101627931,0.0105977921396623,"PIM3"
"4155",1809.2721334667,0.605543398768499,0.161564601566618,3.74799549466171,0.000178253455432228,0.00128068730422931,"MBP"
"416",132.54383731437,-0.767433406792882,0.303018707137258,-2.53262715705951,0.0113211299816009,0.039524107791939,"ARSF"
"4163",1735.11737642582,0.659157065637966,0.220024304924028,2.99583750924956,0.0027369223366382,0.0124418748624913,"MCC"
"4166",476.961041500227,-5.54690877823792,0.352073473054835,-15.7549750343559,6.34844304586379e-56,1.08896959713384e-52,"CHST6"
"4171",567.72829479951,0.800786801525849,0.220071681684511,3.63875440672934,0.000273959905659707,0.00183806737226186,"MCM2"
"4173",1603.16742117195,0.747102740574496,0.146482477652301,5.10028743743576,3.39138056566419e-07,5.29652333563215e-06,"MCM4"
"4174",1248.16885740016,0.694684162603756,0.253073102371601,2.74499405939914,0.00605119930783585,0.0238845420043131,"MCM5"
"4175",709.034229753026,-0.523952127595806,0.20337747719731,-2.57625443493669,0.00998771214836153,0.0356674300593119,"MCM6"
"4188",922.486763447881,-1.68088100727357,0.284008425775402,-5.91841950704251,3.2505001729827e-09,8.37400445064779e-08,"MDFI"
"419",15.1874286735106,1.28685636250466,0.495815415229819,2.59543435515853,0.00944714472124755,0.034133759336872,"ART3"
"4191",5306.59471952836,0.631465337645443,0.206761722026406,3.05407273385349,0.00225757339638071,0.0105613388161592,"MDH2"
"4192",4571.88743130747,-4.29510852965499,0.367027884496187,-11.7024038529138,1.23893344567282e-31,4.5539653653088e-29,"MDK"
"4199",743.960774449915,0.930350406728289,0.301756317625541,3.08311823940929,0.00204843747768766,0.00976947104743348,"ME1"
"4208",596.155547010824,-0.70811909117242,0.208464716590857,-3.39682946233156,0.000681714379076751,0.00393947467122848,"MEF2C"
"4209",2841.91573417877,0.753450319213054,0.208997259534057,3.60507272149316,0.000312065531713227,0.00205094409475896,"MEF2D"
"4212",348.354518629964,-0.595424422379411,0.207118689579299,-2.87479813429122,0.0040428588517777,0.017091436969602,"MEIS2"
"4216",725.905923052928,-0.64192687022471,0.231267137868965,-2.77569427347011,0.00550839789936875,0.0221757994055557,"MAP3K4"
"4234",378.113865285538,-0.95048899459613,0.212868733721751,-4.46514139478346,8.00158902172446e-06,8.60076806387343e-05,"METTL1"
"4237",3167.48071803041,-3.13621910284274,0.358954696327851,-8.73708892772995,2.39194192002361e-18,2.51202716743704e-16,"MFAP2"
"4238",752.471976957088,-0.643083642887765,0.207557916803472,-3.09833348104314,0.00194612302760195,0.00938149798598563,"MFAP3"
"4240",6358.06641711808,0.773548361863792,0.297722398272546,2.59822024258873,0.00937083683872073,0.0339056610104109,"MFGE8"
"4241",1118.88278124966,2.07065837801403,0.454454410079461,4.55636106084211,5.20474391109777e-06,5.86074664475036e-05,"MELTF"
"4246",102.597824116195,6.51062813699615,1.07153805299588,6.0759654020623,1.23243982031181e-09,3.42677897190448e-08,"SCGB2A1"
"4247",657.696877599176,-0.672479325838239,0.217757214660418,-3.08820686785022,0.00201368243219679,0.00963720976152956,"MGAT2"
"4249",1438.23055200111,-0.695437106051191,0.189863048288836,-3.66283546123853,0.000249438771433384,0.00170523004688966,"MGAT5"
"4250",7758.45499629571,4.209768005663,1.14764539758619,3.66817835414779,0.000244284759011025,0.00167407695126287,"SCGB2A2"
"4253",578.502619890105,-0.875473583103004,0.229569442340181,-3.8135458019962,0.000136987123951417,0.00102238685983175,"MIA2"
"4256",10064.4859784291,-0.722027364601771,0.247098149407389,-2.92202659685391,0.00347761842173418,0.0150860479648001,"MGP"
"4257",1111.51194004357,3.55144177755681,0.690309597631221,5.14470867816917,2.67936270265354e-07,4.33244319492699e-06,"MGST1"
"4261",1388.85290817464,-0.630656790152894,0.195874340069614,-3.21970090583972,0.00128324406458571,0.00668208849618826,"CIITA"
"427",3634.47949185411,0.601410046643116,0.204088285661585,2.94681316320311,0.00321067131094012,0.0141547351176679,"ASAH1"
"4281",425.821389912713,-1.03317644810432,0.2783234902355,-3.71214246857176,0.000205512247020702,0.00144822461234992,"MID1"
"4283",90.0378120616725,-2.45537054213611,0.582289594129062,-4.2167515389119,2.47846795834861e-05,0.000229908897947939,"CXCL9"
"4293",554.149204434687,1.03214725595684,0.251379989480945,4.10592449338563,4.02701018332498e-05,0.000355912312638735,"MAP3K9"
"43",57.6469682808877,1.20823248679339,0.376248759555325,3.21125972141769,0.00132154435439668,0.00684171755304356,"ACHE"
"4301",1701.01247908358,0.807661927996509,0.244865766345241,3.29838645904374,0.000972421979334007,0.00529392595149728,"AFDN"
"4302",6197.08608234773,0.617276674523725,0.181763762092342,3.39603817294521,0.000683688239701485,0.00394977230592629,"MLLT6"
"4303",1339.8267340482,0.991055700949083,0.246261122239696,4.02440991064943,5.71183538809704e-05,0.000482645400774177,"FOXO4"
"4306",255.840503160902,1.52960125437806,0.274357859067477,5.57520480578566,2.47238819267174e-08,5.09936258095742e-07,"NR3C2"
"4311",579.879150867603,-2.29151423509203,0.445811017405964,-5.14010229811198,2.74588931166563e-07,4.42264362999416e-06,"MME"
"4312",11.6276364685722,-2.32364078826845,0.823836291565795,-2.82051277912521,0.00479469637291768,0.0197388060280275,"MMP1"
"4313",61168.9954965851,-1.76363479638844,0.316788501023123,-5.56723110432505,2.58819033027167e-08,5.29575643720797e-07,"MMP2"
"431705",52.9557077874717,1.0512904702527,0.391748497872203,2.68358519806157,0.00728374140385213,0.0276162337551837,"ASTL"
"4320",1678.88132861326,-3.31009683265487,0.858012022350309,-3.85786765969512,0.000114380547655751,0.000876222252678074,"MMP11"
"4323",26427.2163925784,-2.4582102546136,0.238599174471961,-10.3026771155173,6.85271881381908e-25,1.34339394346335e-22,"MMP14"
"432355",1062.09514054964,0.906041867160554,0.291709005583042,3.10597838880441,0.0018965057566632,0.00918533517533065,"SLURP2"
"4324",856.78540046431,-0.88664703643537,0.284271040510099,-3.11901991439002,0.00181453696789048,0.00887240615926658,"MMP15"
"4325",523.893404547655,-4.03914331535588,0.373891466270837,-10.8029834316412,3.33197722667702e-27,8.68169863720505e-25,"MMP16"
"4327",1508.13983352341,-2.03179107269273,0.245516064937742,-8.27559318046237,1.27817696222715e-16,1.06951197522291e-14,"MMP19"
"4329",465.122075965724,0.917874098706162,0.274968176141143,3.33811029184342,0.00084350260861407,0.00470915587081964,"ALDH6A1"
"4330",814.208975168887,-2.33060768988788,0.307807714100501,-7.57163509270248,3.68555525293429e-14,2.20533341065115e-12,"MN1"
"4332",158.822946495216,-1.34686307759976,0.266803410892208,-5.0481478969694,4.46113745113853e-07,6.76200686997316e-06,"MNDA"
"434",35.4765205076975,1.97342382012028,0.432947657245414,4.55811178809925,5.16155641147473e-06,5.82486168715986e-05,"ASIP"
"4345",199.45227661944,-0.908735367113548,0.316466554330254,-2.87150523389976,0.00408522017079811,0.0172245333870767,"CD200"
"4354",623.956969735169,-0.565864914761593,0.214068615271232,-2.64338102082186,0.00820826082301042,0.0305310518216203,"MPP1"
"4356",149.53697135505,-0.813673828119895,0.323412295203323,-2.5159025806621,0.0118727995430302,0.0411015314150242,"MPP3"
"4357",1613.59176370767,0.721510379449259,0.281776898870408,2.56057321356599,0.010449964236487,0.0369210545561017,"MPST"
"4359",518.03742214875,1.1493024708477,0.301534153734767,3.81151672741734,0.000138116707182618,0.00102895197272783,"MPZ"
"43847",216.671272874574,2.1456269960846,0.424809483315653,5.05079825275535,4.39967562977794e-07,6.68361056556082e-06,"KLK14"
"440073",74.8243892993356,-2.40794736790242,0.362647180336254,-6.63991752443717,3.13858722113032e-11,1.17891750656472e-09,"IQSEC3"
"440087",21.7897681465957,-3.47847314843608,0.616963222907844,-5.6380559152967,1.71980670554413e-08,3.66464816013669e-07,"SMCO3"
"440093",784.474644811694,0.565574771774057,0.221298871262053,2.55570563260725,0.0105972725610511,0.0373517565747732,"H3-5"
"440248",393.792099201976,-1.40287185948093,0.439061741931079,-3.19515850620649,0.0013975406343075,0.00716309173719762,"HERC2P9"
"440288",81.3094879405558,0.80073481578717,0.264242173794201,3.03030664745744,0.00244305556550834,0.0113006417439155,"UBL7-DT"
"440311",695.105002624521,0.878768555381787,0.262914668658628,3.34240976308094,0.000830543547137583,0.00464941756167528,"LOC440311"
"440335",59.011910638761,2.11040152637043,0.49902226410439,4.22907288547141,2.34656320934443e-05,0.000218964228111458,"SMIM22"
"440348",369.467067979457,-1.35279094873876,0.418511490918752,-3.2323866323694,0.00122760835407951,0.00642652348941317,"NPIPB15"
"440354",181.051285112059,-0.731827421637528,0.20065214363386,-3.64724447187034,0.000265067701129977,0.00178970802735952,"SMG1P2"
"440359",139.890019891881,0.999932795158948,0.282326825786187,3.54175623366453,0.000397472607057179,0.00251585982277521,"YBX3P1"
"440503",104.523893995216,2.0806306572046,0.589434298697554,3.52987714118788,0.000415752681710039,0.00260354523891678,"PLIN5"
"440686",63.4098382682499,-1.50824922192304,0.386224413443851,-3.90511104275987,9.41821284939013e-05,0.00073937640462184,"H3-7"
"440823",220.275450333848,-3.07564175317572,0.432219910627625,-7.1159187199627,1.11169798371424e-12,5.26050374638481e-11,"MIAT"
"440829",1237.17846844407,0.470008393593702,0.166516997485834,2.82258508554772,0.00476381793359155,0.0196234597448566,"SHISA8"
"440926",3245.28708449516,0.454689637972155,0.156858015423688,2.89873384375032,0.00374672797703704,0.0160185288794894,"H3P6"
"440934",23.3004049896325,-1.41161051644963,0.404356350851709,-3.49100617184894,0.000481205137053557,0.00293398298018674,"CT75"
"441024",195.313475330194,0.976428178615945,0.236045623671942,4.13660784481644,3.52477733959443e-05,0.000315589459583349,"MTHFD2L"
"441094",96.7717911199813,-2.19209400847713,0.470770088224402,-4.65640036040741,3.2178590172718e-06,3.86669060195696e-05,"NR2F1-AS1"
"441168",47.2642073657153,-1.24530013956067,0.42270931077128,-2.94599647518642,0.00321916068557814,0.0141825536838099,"CALHM6"
"441172",94.7902856703948,-0.992044552119046,0.348160695894686,-2.84938697508557,0.00438035662894191,0.0182816830596391,"NHSL1-AS1"
"441191",464.369352796588,-0.500613812050143,0.188654609362304,-2.65359968538448,0.00796382435602954,0.0297833140524186,"RNF216P1"
"441282",56.2702484441093,-2.87628311163074,0.486447050486229,-5.91283904128055,3.36260742073406e-09,8.65198889354875e-08,"AKR1B15"
"441376",71.0007996360132,2.6753721575443,0.481476343986908,5.55660146330479,2.75077848803093e-08,5.57852457119493e-07,"AARD"
"442247",6.96299287811261,-3.659258046862,0.983323422985186,-3.72131687431301,0.000198186561310479,0.00140574506478804,"RFPL4B"
"442578",150.349532917911,0.775549109631499,0.257930815592419,3.00681059705956,0.00264004198022367,0.0120774161172375,"STAG3L3"
"442582",308.43140171119,0.68655161461901,0.224240179122691,3.06167974582008,0.00220098799869755,0.0103365587417728,"STAG3L2"
"4430",1456.36890613452,-1.15685099517941,0.19404752425695,-5.96168902236317,2.4964391099488e-09,6.58803879989564e-08,"MYO1B"
"445328",458.576633786723,0.709406131050283,0.275718206852296,2.57293901316541,0.0100838975124041,0.0359236667350859,"ARHGEF35"
"445347",42.0719621495069,-1.45729589063184,0.428804094078458,-3.39851207289359,0.00067753472560767,0.00391967041375057,"TARP"
"4477",173.837467856631,1.53002801629198,0.360447628871873,4.2447997815401,2.18788688582147e-05,0.000206206335429254,"MSMB"
"4481",163.700213965464,-1.26005433524128,0.345626185990203,-3.64571431887108,0.000266650076102271,0.00179604881102394,"MSR1"
"448834",22133.5431767588,1.52532644426728,0.372274774389707,4.09731346091833,4.17972742351406e-05,0.000367673116605185,"KPRP"
"448835",2415.32967316396,0.958478857935766,0.381643552266386,2.51145041556146,0.0120236175816208,0.0415258631375977,"LCE6A"
"4508",158635.951352196,0.813018223878746,0.223590157802569,3.63619862282419,0.000276691016824063,0.00185276769365859,"ATP6"
"4509",25746.9496016416,1.31254593602891,0.252218054831304,5.20401260293125,1.95030771239562e-07,3.25325234618731e-06,"ATP8"
"4511",12189.1555815842,0.797771347042741,0.207289977261511,3.8485765572558,0.000118806168795118,0.000904403172514316,"TRNC"
"4512",609420.287582162,0.994016884644221,0.236629666739697,4.20072807581513,2.66057990921465e-05,0.000245497554543504,"COX1"
"4513",181438.284496346,0.64826105085761,0.217417518085813,2.98164129811171,0.00286707707426981,0.012927911171253,"COX2"
"4514",359880.480700121,1.15049751960729,0.214301117018488,5.36860253279983,7.93490755156326e-08,1.42897757691494e-06,"COX3"
"4519",183594.91806276,1.1449837435566,0.213086466669417,5.37332924729065,7.72960015144729e-08,1.39566745190694e-06,"CYTB"
"4535",179883.149944755,1.32808797600282,0.20963962604679,6.33509990952951,2.37187526424689e-10,7.61664281423682e-09,"ND1"
"4536",188930.719143109,1.22493443678478,0.27964409238946,4.38033368171001,1.18497709015054e-05,0.000120571272484719,"ND2"
"4537",52092.1513482438,0.748586120600285,0.224622560333815,3.33263996050886,0.000860261888398512,0.00478584613805269,"ND3"
"4538",333584.166644132,1.00354581901848,0.211735230630139,4.73962606993584,2.1411298334417e-06,2.73067016676356e-05,"ND4"
"4539",37194.5259676504,1.66877813223447,0.312832300551037,5.33441760743698,9.58516978718224e-08,1.68922204537123e-06,"ND4L"
"4540",154429.888581988,1.13662400695265,0.276884830386111,4.10504253832776,4.04240487875722e-05,0.000356813301991161,"ND5"
"4541",74723.1451163551,0.494444484220089,0.194785002781241,2.53841146474397,0.0111356974535129,0.0389692615408211,"ND6"
"4542",427.834020627935,-0.931270470674467,0.214909734852978,-4.33330984895383,1.46884151415385e-05,0.000145219182167833,"MYO1F"
"4550",147279.258501593,0.5009386722172,0.195642803310684,2.56047584547079,0.0104528929530932,0.0369250641061387,"RNR2"
"4553",3513.4213711396,0.733855748150378,0.210002504921675,3.49450949846568,0.000474933709648599,0.00290521113801092,"TRNA"
"4558",215.446264307503,1.51850674458229,0.265584598611711,5.71760091707114,1.08038513447949e-08,2.41200082517634e-07,"TRNF"
"4567",1277.08814001946,0.89203855456296,0.208190876868432,4.28471491153137,1.82973662704232e-05,0.000177593438302988,"TRNL1"
"4569",81.3194507588996,1.36316867990673,0.363823376806693,3.74678694885241,0.000179114087723046,0.00128507646625694,"TRNM"
"4570",7163.7796540947,0.796271045073769,0.216041932737875,3.68572450256632,0.000228052946017357,0.00158108178362018,"TRNN"
"4571",2106.31100391451,0.622682666038216,0.244018037394309,2.55178950165894,0.0107171246391342,0.037722519420646,"TRNP"
"4577",139.237275316906,1.51687864530931,0.379109065390717,4.00116690363494,6.30308775775128e-05,0.00052591308636219,"TRNV"
"4579",10861.2908860247,0.930290386751176,0.202762247087113,4.58808481418878,4.47330907458608e-06,5.1389706005096e-05,"TRNY"
"4589",79.5397359669704,3.35797241667967,1.02163417803617,3.28686381962524,0.0010130981307465,0.00547768900795206,"MUC7"
"4597",1901.05709890415,1.00436561116454,0.348110852505704,2.88518902509104,0.00391178711663852,0.0166021084554407,"MVD"
"4598",1256.83816165312,0.855095006104289,0.271633017240783,3.14797889737502,0.00164403561493746,0.00820882760093478,"MVK"
"4599",976.498978877409,-1.11572030817867,0.331196978916128,-3.36875146575905,0.000755094825776911,0.00429005572558431,"MX1"
"460",25.5764256032772,2.01935275712432,0.603615222919411,3.34543046704096,0.000821549554830548,0.00460355600759541,"ASTN1"
"4600",535.183414637254,-1.59181697906999,0.255508175955801,-6.23000408153416,4.66423022883579e-10,1.42024430518278e-08,"MX2"
"4601",1840.5884984028,0.711042922842024,0.152086072966951,4.67526650514894,2.93572126615635e-06,3.58415697168223e-05,"MXI1"
"4604",28.9586899525326,2.77487132969905,0.5972413299497,4.64614752956355,3.38191189053412e-06,4.03321404141103e-05,"MYBPC1"
"4605",248.225713364335,0.895435769322131,0.281075760711902,3.1857452490894,0.00144381671680066,0.00736725912211817,"MYBL2"
"4609",1537.07727016461,0.450477301088459,0.18184425396067,2.47726992344719,0.0132391735528839,0.0449176114080371,"MYC"
"4610",2182.34081488596,1.0741236357465,0.244148827327652,4.39946260444254,1.08519274798742e-05,0.000111911861345557,"MYCL"
"4613",73.9142813123194,1.68136077459787,0.540148943396122,3.11277249572408,0.00185338828092157,0.00902321295517729,"MYCN"
"4628",1302.00955006864,-0.844736272232441,0.230946649766967,-3.65771174028638,0.00025447701234056,0.00173162142876631,"MYH10"
"4629",6185.60262326328,3.59233740025048,0.483071287077825,7.43645399001275,1.03423965933912e-13,5.84856844720782e-12,"MYH11"
"4634",73.3823942170345,-1.01688857639687,0.356633673924474,-2.85135322530487,0.00435335793460581,0.0181800608086683,"MYL3"
"4638",2671.92694173492,1.76802262844275,0.397389361268836,4.44909401398563,8.62332663182754e-06,9.19702359531286e-05,"MYLK"
"4645",1277.56843518135,0.956530729341518,0.225381727805846,4.24404737089209,2.19523979276032e-05,0.000206804649401275,"MYO5B"
"4653",282.554739840809,6.25494405559225,0.396729081579424,15.7662857249854,5.30810017860303e-56,9.93290309785135e-53,"MYOC"
"4660",1827.97888090041,0.953001670729283,0.28134563740038,3.38729855396007,0.00070584531349264,0.00406068192647638,"PPP1R12B"
"4664",1521.11124170157,0.618857706569055,0.230602748146175,2.68365278186872,0.00728226933083648,0.0276157391131058,"NAB1"
"4674",145.667245015878,1.31775932777445,0.289609726549651,4.55012110081368,5.36150498508057e-06,6.01095961943891e-05,"NAP1L2"
"4675",202.896410355846,-1.59664443649567,0.276556030836643,-5.77331266892092,7.77280135913671e-09,1.80581651440711e-07,"NAP1L3"
"4678",1142.32268042654,-0.716613141313955,0.25108785250203,-2.85403349534068,0.0043167979652662,0.0180530209908654,"NASP"
"468",8703.34310538779,-0.673726695181048,0.207621294441868,-3.24497878212432,0.00117459375328177,0.00619626802090006,"ATF4"
"4680",616.820029657466,3.55544460869051,0.643026048980977,5.52923884549457,3.21623204112683e-08,6.34735573677418e-07,"CEACAM6"
"4681",10322.017721906,-1.19357373652826,0.284972459267336,-4.18838276371315,2.80949381227079e-05,0.000257712213154109,"NBL1"
"4684",204.475419828824,-0.776654576012724,0.300662448128864,-2.58314458904376,0.00979042825438063,0.0350846405271885,"NCAM1"
"4685",83.3844723822555,-2.08503531826186,0.333036315609758,-6.26068455761156,3.83291150061823e-10,1.18999472592346e-08,"NCAM2"
"4686",626.129825052412,-0.766743025808015,0.249725794243186,-3.07033972254125,0.00213815412204631,0.0101223009310491,"NCBP1"
"472",635.724405499983,-0.865634539136051,0.251234721644682,-3.44552111853515,0.00056995942911934,0.00339174469181628,"ATM"
"473",2741.98819441935,0.661260538676929,0.141635471338328,4.66874951894896,3.03038572808066e-06,3.67791626337337e-05,"RERE"
"4734",519.819384871342,-1.03509275725984,0.268007832262391,-3.86217353620637,0.000112382689117327,0.000863488343707004,"NEDD4"
"4741",13.3743312635699,-2.51341174086659,0.661058097971975,-3.80210415480478,0.000143472384457889,0.00106346257172531,"NEFM"
"4744",157.829488895165,-4.48799744057856,0.767609882219203,-5.84671659984823,5.01370602204344e-09,1.23152893505659e-07,"NEFH"
"4745",27.3046487865019,2.4298695414888,0.598643482211623,4.05895932001449,4.92918988633887e-05,0.000424706758561739,"NELL1"
"4747",76.4925168290115,-1.39272038868299,0.433855246719628,-3.2101038288999,0.0013268703438231,0.0068658368922209,"NEFL"
"475",1496.48375471475,-0.860736498718439,0.234380397847249,-3.67239114970442,0.00024029151265424,0.00164982004552198,"ATOX1"
"4750",194.084866391277,-0.685736196094979,0.279349763200406,-2.45475846565523,0.0140979276574969,0.0471549793470779,"NEK1"
"4753",487.368983923252,1.85896682147552,0.696042437550651,2.67076649524009,0.00756782716148818,0.0285465752316015,"NELL2"
"476",17624.381155638,1.09748919744954,0.28806977750121,3.80980332948997,0.000139077380512514,0.00103498510501431,"ATP1A1"
"4761",27.6668686351607,3.6558538600046,0.649484863848134,5.62885151525169,1.81413480659397e-08,3.84970627411653e-07,"NEUROD2"
"477",300.266261072038,1.30494061430785,0.35983904796789,3.62645638842479,0.000287337321872459,0.00191161972638096,"ATP1A2"
"4774",1291.50433530818,0.543524115813153,0.167490881627415,3.24509675113076,0.00117410724651474,0.00619528930075862,"NFIA"
"4776",3126.59132651592,-1.46853598007108,0.224530866758011,-6.54046368445995,6.13283884631718e-11,2.18783977144875e-09,"NFATC4"
"4778",268.719516106445,1.10796680936481,0.319140276331934,3.4717235383115,0.000517128592569221,0.00312983679783735,"NFE2"
"4782",6611.2268408893,0.744164792749212,0.244132912355201,3.04819528661703,0.00230220262686706,0.0107359625898123,"NFIC"
"4784",10084.6276447199,1.31660609461327,0.319667678616795,4.1186713036183,3.81063239785224e-05,0.000338532832444499,"NFIX"
"4792",3478.69823180027,0.583291797700126,0.212715999827086,2.74211530009155,0.00610449094646582,0.0240395717700502,"NFKBIA"
"4794",305.013212249398,-0.714088892386077,0.249424321670531,-2.86294811830471,0.00419719282936529,0.0176064840431333,"NFKBIE"
"4802",1706.69777782927,0.44145098280351,0.148732711904147,2.96808265748566,0.0029966373456137,0.0133918330703675,"NFYC"
"4803",28.5433130274182,-1.74170477892354,0.419409155277143,-4.15275812892694,3.28491886959868e-05,0.00029668123145228,"NGF"
"481",1802.61441022387,2.00670165415148,0.293400174603875,6.83946987032563,7.94867736004649e-12,3.29870110441929e-10,"ATP1B1"
"4811",2365.52984834411,-1.44106255532272,0.282293359226388,-5.10484043716752,3.31073749733722e-07,5.18110559599279e-06,"NID1"
"4824",31.1123675143506,1.25648272746944,0.494169597424967,2.54261438586419,0.0110026581277049,0.038582404582739,"NKX3-1"
"4826",245.822804860953,3.45258924030836,0.519624633796916,6.64439100024985,3.04473328580959e-11,1.15207334476295e-09,"NNAT"
"4833",2045.81305233375,-0.963387661374578,0.296541707280982,-3.24874254690164,0.00115916339018187,0.00613373244820144,"NME4"
"4837",3802.61055480495,-1.48838554728692,0.299345217504511,-4.97213738604157,6.62187500626736e-07,9.60568535088141e-06,"NNMT"
"4842",657.714187645181,2.03335134778108,0.428433064634612,4.74601872643798,2.07459513689243e-06,2.65899541082153e-05,"NOS1"
"4843",16.4770559173249,1.49482884679954,0.574340957975387,2.60268543631116,0.00924967782709127,0.0335731107278974,"NOS2"
"4853",4726.51030594188,0.583366572038411,0.213509037761228,2.7322804606089,0.00628975740468539,0.0245857133342279,"NOTCH2"
"4854",13941.9465556352,0.746831589627228,0.23002632629393,3.24672224114434,0.00116742262183887,0.00616634006875322,"NOTCH3"
"4855",661.593263070856,-0.67814541900196,0.205996677650379,-3.29202114683092,0.000994701319524077,0.00539239714539995,"NOTCH4"
"4857",265.025682473986,1.16604810228475,0.293533357115497,3.97245517083069,7.11356265737393e-05,0.000581284532510461,"NOVA1"
"4860",1011.10072626637,-0.907201980299321,0.27664694870545,-3.27927701550481,0.00104073420985407,0.00560357650422082,"PNP"
"4861",164.851933051488,1.59486725493363,0.41448422896397,3.84783580046003,0.000119165876296538,0.000906470952582383,"NPAS1"
"4881",825.175042721071,1.25998840144226,0.303474463619193,4.15187619549869,3.29760649355747e-05,0.000297579710931114,"NPR1"
"4883",349.894912794328,1.40908292135581,0.212672547822316,6.62559853532703,3.45843940385369e-11,1.28267597637702e-09,"NPR3"
"4884",77.5707706544507,2.40539306935829,0.915541231894467,2.62729081505262,0.00860677421526402,0.0316416932393275,"NPTX1"
"4885",854.001297379961,-3.59931374601143,0.302960684282512,-11.8804648020106,1.49533558146603e-32,5.80754483186732e-30,"NPTX2"
"4886",494.029921988359,1.70082986629549,0.257196417179757,6.61296096168696,3.76707824075525e-11,1.38220211243683e-09,"NPY1R"
"4889",39.0991242780731,2.816005186416,0.38262221814313,7.35975344056628,1.84250226992157e-13,1.00333509852025e-11,"NPY5R"
"489",3380.36940109784,2.45747853764107,0.423460911085545,5.80331849601256,6.50151253707194e-09,1.55071997755607e-07,"ATP2A3"
"4902",112.92828130932,1.17010538603818,0.451557375805202,2.59126624595974,0.0095623479394448,0.0344378776456816,"NRTN"
"491",34.6177382063722,1.76330209259323,0.43461160188324,4.05719056958572,4.96665549180894e-05,0.000427576899386847,"ATP2B2"
"4914",18.7010933208996,-3.77723074923429,0.769285566959922,-4.91005019652354,9.10530824040154e-07,1.26808974844672e-05,"NTRK1"
"4915",1752.21763102658,0.945986668858773,0.264513910677256,3.57632105788571,0.000348463649918713,0.00224711020361115,"NTRK2"
"4916",140.283719729103,1.78867127030617,0.286011262611289,6.25384907564674,4.00458026449727e-10,1.23398623000616e-08,"NTRK3"
"4920",875.054129764454,-1.6941043517907,0.369865841044515,-4.58032119702238,4.64262379384429e-06,5.30909823180505e-05,"ROR2"
"4921",1708.78065511919,-1.05475554322478,0.253480383491033,-4.16109337021771,3.16727548771418e-05,0.000287330095368482,"DDR2"
"492307",29.2136601521701,2.66616045694475,0.515511192917005,5.17187695161061,2.31754185047583e-07,3.80720522347921e-06,"PPDPFL"
"492311",335.826193229756,-0.657655957558752,0.259652266479732,-2.53283349486991,0.0113144683670055,0.0395209599298221,"IGIP"
"4925",840.307814586493,-1.1764890823659,0.270337513438369,-4.35192684656438,1.34946291488044e-05,0.000135301240330731,"NUCB2"
"4926",11068.7904890756,0.58347164509363,0.223454955224706,2.61113764296205,0.00902415647538135,0.0328708612438948,"NUMA1"
"4929",196.989321900004,1.37485492826495,0.467340479801712,2.94186998063658,0.00326236870919803,0.0143457802841556,"NR4A2"
"4938",547.742501054341,-1.19808772052394,0.275041910850144,-4.35601874936332,1.32449436142614e-05,0.000132927313191593,"OAS1"
"493829",19.2436229421746,1.46394398346506,0.427718306287232,3.42268255051481,0.000620064462004556,0.00364264679321809,"TRIM72"
"493869",2024.84715967734,-2.86025315708836,0.231637951114568,-12.3479470584407,4.99703344974454e-35,2.28575414510092e-32,"GPX8"
"4939",518.720481866268,-2.28454567054576,0.32924437801353,-6.93875377410965,3.95573889853262e-12,1.75484761826283e-10,"OAS2"
"493913",18.1850221350338,-2.09130645253662,0.532925294475846,-3.92420189886746,8.70177359001982e-05,0.00069157261612729,"PAPPA-AS1"
"4953",1136.72976694581,-0.396041525530195,0.13447909559001,-2.94500437999389,0.0032295009106979,0.0142194752397445,"ODC1"
"4957",1062.49860040502,-0.72431428934505,0.160624666677704,-4.50935901892576,6.50237884913058e-06,7.15748482516064e-05,"ODF2"
"4958",828.314747896789,-1.92688992670822,0.311736511308661,-6.18114932581747,6.36365861636166e-10,1.89018108166217e-08,"OMD"
"4967",5480.4273090233,0.843356731099851,0.268258905709059,3.14381633992989,0.00166760065102143,0.00829127821271138,"OGDH"
"4969",4262.34613074849,-4.71378759179985,0.350549875806517,-13.4468385731267,3.21318817047241e-41,2.44963945559275e-38,"OGN"
"497189",78.3944854659433,-1.52395156483676,0.377726550700616,-4.03453652386919,5.47101799498724e-05,0.000465160819532496,"TIFAB"
"4978",321.067780796011,-5.85624398639295,0.32670843806591,-17.9249854122578,7.52702818954753e-72,2.58227247089411e-68,"OPCML"
"4985",21.950966694369,-3.20972272576606,0.666007586619527,-4.81934859339626,1.44027707339393e-06,1.91268795346714e-05,"OPRD1"
"5002",490.161963912288,0.876433666929231,0.30516574825171,2.87199225978114,0.00407892957647857,0.0172085850383757,"SLC22A18"
"5010",255.696615640861,1.20090238813609,0.367767369693387,3.26538591266892,0.00109315031661382,0.0058308904164755,"CLDN11"
"5013",373.598605672591,1.89595583521312,0.247093232589172,7.6730382914429,1.67969318571837e-14,1.06712359675392e-12,"OTX1"
"5017",2204.19725615126,1.27030842810195,0.235172562366428,5.40160134039215,6.60486080380342e-08,1.21932246444385e-06,"OVOL1"
"5021",8.5116028878142,-2.71857858223949,0.69803257703284,-3.89462995236624,9.83487550646478e-05,0.000768277333681484,"OXTR"
"5026",16.6645646002953,-2.44470356145636,0.685011415267408,-3.56885083513831,0.000358550483050514,0.00230493539759893,"P2RX5"
"5031",51.7333093662919,-1.40889200021459,0.317412439149757,-4.43867922753295,9.05125951017893e-06,9.58047198528877e-05,"P2RY6"
"5033",1499.44542952685,-1.80103396491915,0.227659720247108,-7.91107870537776,2.5516813783366e-15,1.81116584454071e-13,"P4HA1"
"503538",85.6419226827174,-1.39031476287181,0.31339736951347,-4.43626813151043,9.15318263284859e-06,9.65210611242599e-05,"A1BG-AS1"
"503542",88.07435903244,-1.31806613898408,0.292711851335223,-4.50294763594859,6.70174007124993e-06,7.33769242694726e-05,"SPRN"
"5036",4826.76193908061,0.43922404757332,0.136221776771931,3.22433063186873,0.00126267522702269,0.0065799764235532,"PA2G4"
"503638",27.912588245435,-1.6247187389974,0.631433709574215,-2.57306303791251,0.0100802845695642,0.0359232301904277,"DUXAP9"
"5037",9342.43400834382,0.688441586544201,0.178749917368506,3.85142324359752,0.000117433338376502,0.000895806459780316,"PEBP1"
"5045",5693.95884332791,0.935897843363965,0.253043135356549,3.69857037238037,0.000216817239694019,0.00151286985147854,"FURIN"
"5047",16.5411628793397,2.27840850834483,0.662322497985012,3.44002886098003,0.000581652157409101,0.00345333948892672,"PAEP"
"50486",865.1593709135,4.19541113890345,0.909019957646856,4.61531246218614,3.92504335145922e-06,4.57233120240162e-05,"G0S2"
"50507",157.970901520616,-2.00340337420382,0.50205195150821,-3.99043040901528,6.59534991376746e-05,0.000545653869071501,"NOX4"
"50509",5778.16098142561,-1.19710873729497,0.224607117829863,-5.32978985199289,9.83264755283501e-08,1.72397970381223e-06,"COL5A3"
"50511",91.8846598410964,0.679382133711661,0.275742405506382,2.46382899454301,0.0137461677083002,0.0462338425012503,"SYCP3"
"50512",539.612646586614,1.23501533205364,0.341241005656233,3.61918793926483,0.000295528955539928,0.00195852157786023,"PODXL2"
"50515",332.284800641817,-1.44675515108627,0.225903628871088,-6.40430239353021,1.51058457095519e-10,5.05591427781165e-09,"CHST11"
"5052",6410.93435682582,0.422354433023645,0.144353426297261,2.92583587281059,0.00343532123014373,0.0149391380833706,"PRDX1"
"5054",287.51771678969,-1.72822906691144,0.33513171315006,-5.15686519388752,2.51118456399249e-07,4.0894163817422e-06,"SERPINE1"
"5055",1752.68832750619,1.33086229137419,0.282999674183259,4.70269902329422,2.56744750828317e-06,3.18555391865586e-05,"SERPINB2"
"506",15715.6004381448,0.451753536513575,0.164886617833888,2.73978290323528,0.00614797789442483,0.0241784442068859,"ATP5F1B"
"50615",74.1573249400401,-2.5761441250489,0.450063361064278,-5.7239587753978,1.04070013049849e-08,2.33741027859702e-07,"IL21R"
"50617",453.892260846561,4.06929134844715,0.746540700493196,5.45086335649055,5.01258745585971e-08,9.50083795501071e-07,"ATP6V0A4"
"50628",1547.37582687973,0.610557531344132,0.182496197934922,3.34559041915961,0.000821075833903511,0.00460267564408221,"GEMIN4"
"5063",117.137181082359,1.21592786581268,0.297561116724073,4.08631302099933,4.38282386607779e-05,0.000382920400931007,"PAK3"
"50636",252.629820557724,-0.64846200225519,0.25975116830496,-2.4964738618379,0.0125434912687164,0.0430253664847957,"ANO7"
"5064",2428.11369701023,0.941731985452828,0.366872965050054,2.56691573151034,0.010260754475035,0.0364081724389057,"PALM"
"50649",5474.12105758178,0.435607496906449,0.172622433300182,2.52346979809367,0.0116203041853085,0.0403972878484024,"ARHGEF4"
"5067",89.1283883329489,-2.02928833202087,0.50029296080517,-4.0562000487773,4.98775441326554e-05,0.000428855208198237,"CNTN3"
"5069",96.4809364025099,-2.10468787845601,0.340228600106643,-6.18609922210038,6.16711986203565e-10,1.83445079826795e-08,"PAPPA"
"5071",152.581756235016,0.840364886539795,0.21391644781454,3.92847251871147,8.54871173694906e-05,0.000681249254329692,"PRKN"
"5075",192.127070518318,-2.96251192679559,0.410394699498502,-7.21868954549302,5.24909355369121e-13,2.60983917171932e-11,"PAX1"
"5077",119.413305920034,-1.45883231874253,0.200140679076789,-7.2890345204775,3.12184063396916e-13,1.62272645478842e-11,"PAX3"
"5079",6.47480683898673,-2.58001043979282,0.887604706168581,-2.90671108643581,0.00365250372653668,0.015705689723633,"PAX5"
"5080",48.1859492091223,-1.50709954725191,0.364725467758801,-4.13214782206703,3.59389161379846e-05,0.000321079275079981,"PAX6"
"50801",9.39992198576244,-3.1003306641265,0.662666304067697,-4.67856996062045,2.88882605085027e-06,3.53319045934058e-05,"KCNK4"
"50805",374.557218554177,0.855382805393049,0.322520606564066,2.65218031959498,0.00799738190669695,0.0298491585072439,"IRX4"
"50807",1022.7956480529,-0.694752761864661,0.211877229796018,-3.27903457362325,0.00104162873642358,0.00560692623183658,"ASAP1"
"50808",2218.75011330034,0.705955325894799,0.152484711697519,4.62967938251535,3.66232344946385e-06,4.30772947907222e-05,"AK3"
"50810",475.476168751907,-0.645669704481731,0.188588315313504,-3.42369941323452,0.000617749094877075,0.003631081000266,"HDGFL3"
"50848",4753.42769047662,0.877891608855778,0.206197486731592,4.25752817248706,2.06699619179083e-05,0.000195979040128155,"F11R"
"50856",98.6976471022752,-0.991126685393258,0.306358803941702,-3.23518264414514,0.00121564940948968,0.00638177185537758,"CLEC4A"
"50862",1921.3589566506,0.816335004214395,0.201758238731921,4.04610492907341,5.20768971492462e-05,0.000445925551736667,"RNF141"
"50863",508.149824511659,-1.15485448516193,0.248834532343961,-4.6410539336461,3.46636627884934e-06,4.11723505388545e-05,"NTM"
"5091",560.153225937121,1.45114200917551,0.382026580851081,3.79853675611431,0.000145552846374449,0.00107617090149844,"PC"
"5093",7389.32602024828,0.590396589781876,0.214692355017989,2.74996559487368,0.00596015223004451,0.023593033366007,"PCBP1"
"50939",9.78254458400827,-2.14711179098112,0.687087717283858,-3.12494567574125,0.00177837898994535,0.00872613900572945,"IMPG2"
"5094",12679.4923336315,0.580005079272287,0.150911471857478,3.84334651390883,0.000121367915017977,0.000920839352277937,"PCBP2"
"50944",165.443347722977,-1.32451563477456,0.28432279721879,-4.65849255751142,3.18533320558273e-06,3.83432156162075e-05,"SHANK1"
"5096",603.04763798198,0.74317452628179,0.23027120201723,3.22738805274566,0.00124925913274601,0.00651666244005164,"PCCB"
"50964",22.8829369408351,7.58007237976872,2.54971916131981,2.97290481820949,0.00294995915272213,0.0132378371919844,"SOST"
"5097",4273.63199665534,0.933229110854426,0.278483749968712,3.35110795857667,0.000804889169196657,0.00452549539982081,"PCDH1"
"51000",541.731201361115,-1.25436847320781,0.205565655248957,-6.10203329777371,1.04727549812019e-09,2.97339570390426e-08,"SLC35B3"
"51015",615.508045251262,0.721998039110739,0.215765024428144,3.34622370342134,0.000819202759441181,0.00459467836521451,"ISOC1"
"51026",812.998445866333,-0.930645690180117,0.225429219658072,-4.12832769235376,3.65411111799826e-05,0.000325611356073057,"GOLT1B"
"51029",1376.82593642677,-0.733127598471662,0.197403242094789,-3.71385794220963,0.000204123406213242,0.00144041007661754,"DESI2"
"5104",474.722036657187,1.84568869993086,0.492620194190473,3.7466768957044,0.000179192652800782,0.00128519218301439,"SERPINA5"
"51043",9461.15541460761,1.44759160075487,0.270632519855828,5.3489196402784,8.84808152703066e-08,1.57960893453945e-06,"ZBTB7B"
"5105",65.7608411191678,3.67644203525158,1.15466562703698,3.18398846312399,0.00145260801718793,0.00740844485277415,"PCK1"
"51054",31.8226124020914,-1.58213954057108,0.394798945118617,-4.0074563524878,6.13761997179731e-05,0.000514819761611556,"PLEKHA8P1"
"51058",241.268320005489,-1.09945178129412,0.273288790954675,-4.02304016002056,5.74516953887629e-05,0.000484666269623891,"ZNF691"
"51071",766.806701175337,0.350496115380023,0.12038481458364,2.91146451146883,0.00359738770427564,0.0155173152776215,"DERA"
"51083",274.791665155842,4.51266511030537,1.29566513513363,3.4828946059739,0.00049602360060228,0.00301718374550749,"GAL"
"51085",139.08307480125,3.3337074672578,0.5484643370759,6.0782574944275,1.21495547950032e-09,3.39330306513359e-08,"MLXIPL"
"51087",107.531233591445,2.60116853568566,0.325870049523947,7.98222647182711,1.43717028013295e-15,1.04532554933769e-13,"YBX2"
"51088",466.857056289578,-0.677832016288586,0.19987621315906,-3.39125904766453,0.000695723082676994,0.00401254243032313,"KLHL5"
"51090",1923.08245160615,1.60985846906793,0.313223226681457,5.13965227331348,2.75247357637e-07,4.42978233745114e-06,"PLLP"
"51092",2494.37967061128,0.849098914716379,0.252955569844455,3.35671167564525,0.000788753183005868,0.00444569975876035,"SIDT2"
"51093",805.515417913996,0.479058216595553,0.174978074065788,2.73781854757092,0.0061848190121237,0.02427231926512,"METTL25B"
"51094",5179.76985273372,0.757912097730741,0.193433701676051,3.91820086760289,8.92123510160367e-05,0.000706559073995421,"ADIPOR1"
"51099",1643.73582647483,0.707595011776247,0.254941550579497,2.77551858521234,0.00551137492381144,0.0221834457238433,"ABHD5"
"51102",769.527835157296,0.652308298338324,0.218277108439032,2.98844117462974,0.00280404472796576,0.0126965368852721,"MECR"
"51104",449.250925227456,0.645786860266414,0.224553096011677,2.87587600320966,0.00402907953729921,0.0170401835208069,"ABHD17B"
"51105",607.235258507785,-0.738128984054507,0.298273980203096,-2.47466769830849,0.0133360194958645,0.0451348480495187,"PHF20L1"
"51107",6613.86401942082,0.733930639292081,0.207117287596337,3.54355084411148,0.000394777180672164,0.00250264659284134,"APH1A"
"51110",146.804481667916,0.918436104793594,0.290182041884197,3.16503426204477,0.00155064690436351,0.00781167789510976,"LACTB2"
"51121",267.286246828446,-0.863318454659087,0.242804981780126,-3.55560437158111,0.000377111198128205,0.00240696338054914,"RPL26L1"
"51126",1230.30707172378,0.5152488727069,0.134388381085576,3.8340284222845,0.000126061565928234,0.000950146932649859,"NAA20"
"51127",46.6817352067359,-1.19909106800493,0.491278863505309,-2.44075444127463,0.0146566170271439,0.0486472919698786,"TRIM17"
"51134",278.858927047413,-1.33149036060813,0.349414114361866,-3.81063702317757,0.00013860915901203,0.00103192666650145,"CEP83"
"51135",831.424541146409,-0.43892630189562,0.177710211940383,-2.46989915268836,0.0135151146870617,0.0456207151063428,"IRAK4"
"51143",1779.89407892771,0.549296074856548,0.184678681481279,2.9743339645417,0.00293625312457359,0.0131901934737842,"DYNC1LI1"
"51144",1199.6251680543,1.29119245323198,0.269271287068931,4.79513604026204,1.62564471001025e-06,2.13271323842262e-05,"HSD17B12"
"51148",9838.55151534235,-2.68450464150196,0.368632483910974,-7.28233337719169,3.28095053283453e-13,1.69686145145392e-11,"CERCAM"
"51149",252.037692916796,-0.617276266775733,0.193419157454853,-3.19139156068247,0.00141589249760853,0.00724632798875535,"MRNIP"
"51176",274.306103880151,-1.69287628893499,0.448332982000811,-3.7759352019565,0.000159408431338512,0.00116203818387995,"LEF1"
"51177",1373.2315876935,-1.31021731722254,0.352605192723868,-3.71581968802314,0.000202545991789937,0.00143173306833931,"PLEKHO1"
"5118",17603.1858068884,-2.40537194923755,0.337908551587924,-7.11841099591606,1.09178402085005e-12,5.19013447694627e-11,"PCOLCE"
"51186",755.357338414554,-1.43509800703612,0.28509633718451,-5.0337300759755,4.81026865675427e-07,7.20630058447088e-06,"TCEAL9"
"5119",4102.99686243672,0.60325776913271,0.240749330314445,2.50575055949185,0.0122191788672972,0.0420932310201102,"CHMP1A"
"51191",122.622263287274,-0.91079444244035,0.346888106952432,-2.62561449696874,0.00864927139061402,0.0317752279679456,"HERC5"
"51192",228.192002631185,-0.929283799116561,0.286936788336305,-3.23863595360032,0.00120102765044626,0.0063130626038779,"CKLF"
"51195",12842.2803732936,0.949958973742663,0.228450319335798,4.15827378357184,3.20661565548171e-05,0.000290642785787915,"RAPGEFL1"
"51196",169.246565426783,-0.976067711155646,0.265386538824712,-3.67790964635301,0.000235153224145737,0.00161886085813239,"PLCE1"
"51200",3185.86383809134,0.734649938368104,0.260851988673654,2.81634785344576,0.00485730434706041,0.0199577819387708,"CPA4"
"51201",614.988212470538,0.417978013805754,0.158131377588225,2.64323260936973,0.00821185984339108,0.0305367404165679,"ZDHHC2"
"5121",101.152123105775,3.97142474021178,0.837564010028702,4.74163728701247,2.11997922826547e-06,2.70873075323504e-05,"PCP4"
"51214",32.9278482801968,-4.43107886508843,0.583910523855183,-7.58862648310033,3.23314274153397e-14,1.96315664282405e-12,"IGF2-AS"
"51222",1365.38090444857,1.00878576553587,0.292395176464802,3.45007663167558,0.000560427444195228,0.00334372130762741,"ZNF219"
"51225",259.202800671963,-0.908519467429861,0.268402801821353,-3.38491051980361,0.000712014610810767,0.0040858959433869,"ABI3"
"51226",3262.6795633979,-2.01602450537838,0.258810469733114,-7.78957863434702,6.72330295732783e-15,4.47872064963223e-13,"COPZ2"
"51228",10938.0152031493,0.552126948787339,0.202959020025003,2.72038635542939,0.0065205680906873,0.0253053117606914,"GLTP"
"51232",1561.96884820468,0.705595844474214,0.239407404327451,2.9472599080901,0.00320603608822258,0.0141403571544833,"CRIM1"
"51233",39.3175420778828,-1.12357417225188,0.427312831916712,-2.62939487965314,0.00855369725436982,0.0315028277480673,"DRICH1"
"51237",149.602960558859,-4.35442994593949,0.996263922995079,-4.37075943977648,1.23815142880602e-05,0.000125054509374598,"MZB1"
"5125",456.05042880485,-1.16227659324415,0.350746871655802,-3.31371905829776,0.000920639595997941,0.0050614053275439,"PCSK5"
"51250",156.956216737286,-0.718484576285311,0.292215914239085,-2.45874554148157,0.0139423398664659,0.0467713695911562,"MTRES1"
"51252",51.3570947532528,1.28198781466463,0.354939980694824,3.61184392965549,0.000304027528655665,0.00200773264351883,"FAM178B"
"51258",1746.67102501708,-0.660463597823125,0.179316513729948,-3.68322796425648,0.000230299033331771,0.00159183186773041,"MRPL51"
"51259",382.405668672263,-0.467175856859738,0.168091612812806,-2.77929308334976,0.00544773482489006,0.0219659497816919,"TMEM216"
"5126",676.435434435746,0.995870534744213,0.380067628156558,2.62024561148363,0.00878664582504814,0.0321879903297368,"PCSK2"
"51266",18.2174816845654,-7.07883675029793,1.09718022026435,-6.4518450292445,1.10496542018798e-10,3.77190849239626e-09,"CLEC1B"
"51267",140.714509793703,-0.765873991631857,0.234011273365861,-3.27280810285778,0.00106484746040496,0.00570653999608844,"CLEC1A"
"51271",1671.57296168329,0.437476663716534,0.162683295190848,2.68913082442372,0.00716383376332013,0.0272620362699541,"UBAP1"
"51280",3521.85566868852,-3.10022124561457,0.204102546368199,-15.1895275231981,4.1489937989257e-52,5.69352589047244e-49,"GOLM1"
"51283",802.393388941959,-0.465272522140433,0.176874249130102,-2.63052719335191,0.00852525488888328,0.031431213368948,"BFAR"
"51284",61.1304114082097,-2.09870005769543,0.375408910172812,-5.59043752245873,2.26498172273056e-08,4.71409340552941e-07,"TLR7"
"51286",19.8130641291951,-2.12174940559875,0.633501081284851,-3.34924354240323,0.000810325338213035,0.00454860560724764,"CEND1"
"51290",614.945541705208,-0.72308148208509,0.247995152883947,-2.91570812443848,0.00354882324603529,0.0153429374566574,"ERGIC2"
"51294",396.871846941463,-1.53892403744615,0.242052896454982,-6.35780054684188,2.04662968892886e-10,6.66579517672653e-09,"PCDH12"
"51295",1023.57359587877,0.851033291674099,0.313336770794126,2.71603390025763,0.00660691525051971,0.0255681036880424,"ECSIT"
"51302",549.289329706165,0.984151313577656,0.254300894082987,3.87002695026505,0.00010882332264928,0.000839587433812889,"CYP39A1"
"51303",562.507707803128,-2.32909680167139,0.252527131156083,-9.22315472008358,2.88485125821988e-20,3.75834039868343e-18,"FKBP11"
"51304",4622.9621666989,0.59928149334974,0.15011639958994,3.99211208759831,6.54874037410299e-05,0.000543400932373053,"ZDHHC3"
"51308",153.207604799996,1.51427143498437,0.353150322836817,4.28789480587304,1.80374473275663e-05,0.000175216052756312,"REEP2"
"51311",34.2289338219254,-1.14147893086503,0.344292951665434,-3.31542927423695,0.000915024920276717,0.00503606228849624,"TLR8"
"51313",2035.79137942144,-2.10125550955197,0.372583489860704,-5.6396903425258,1.70356243667489e-08,3.63756526934813e-07,"GASK1B"
"51314",12.6210093259158,-2.59960523263325,0.644186749793008,-4.03548386157983,5.44898851804168e-05,0.000463670854300826,"NME8"
"51316",23.3928132265421,-2.60599379056245,0.683047392412395,-3.8152459397562,0.000136047366144005,0.00101684785210901,"PLAC8"
"5133",27.4962113446019,-1.37681619744961,0.544933920483842,-2.52657459133238,0.0115180926371553,0.0401064977666444,"PDCD1"
"51330",874.827420595772,-1.66376513574278,0.412649778731719,-4.03190604113825,5.53263075143716e-05,0.000469623387165289,"TNFRSF12A"
"51332",204.219718115727,0.696029263981013,0.209976637618591,3.31479383551852,0.000917107364185814,0.00504482575745612,"SPTBN5"
"51334",114.809440325556,-1.85999437285732,0.336318316312092,-5.53045814826008,3.19395496404785e-08,6.30944040114788e-07,"PRR16"
"51337",887.377267722104,1.27913531415646,0.291030070256368,4.39519982601685,1.1067089933398e-05,0.000113731891756896,"THEM6"
"51339",467.834585219322,-1.90798787881823,0.376348102640623,-5.0697422557227,3.98354796538706e-07,6.11920532235278e-06,"DACT1"
"51341",2181.31603170587,0.637946900717153,0.205166003258726,3.1094181812991,0.0018745619481491,0.0091047624211187,"ZBTB7A"
"5136",306.824850293142,-1.70607546497079,0.328520707604341,-5.19320525458484,2.06704078046104e-07,3.42849724407943e-06,"PDE1A"
"51361",391.151842029781,0.746792897131123,0.243730226545216,3.064014290376,0.00218388477916528,0.0102766496484716,"HOOK1"
"51363",745.003296349578,-0.480639146710893,0.153033361038817,-3.14074750399672,0.00168517249566267,0.00835442934747601,"CHST15"
"51365",24.0447870564944,-1.54659315771392,0.549174857760542,-2.81621260671093,0.00485934974479361,0.0199610567046162,"PLA1A"
"51371",1345.81352035475,-0.547593868316661,0.201365118317929,-2.71940777474717,0.00653989294621917,0.0253611824425349,"POMP"
"51375",852.739694668713,-0.430207569227835,0.145201437358436,-2.9628327174603,0.00304822177555649,0.0135693332673129,"SNX7"
"51378",62.5217881241272,1.31749369202555,0.351838401418217,3.7445989031183,0.000180682192221792,0.00129317185142328,"ANGPT4"
"5138",1079.16643202322,0.722030902960327,0.198629307386068,3.63506731439657,0.000277908061958655,0.00185910287531913,"PDE2A"
"51388",625.777307352076,0.506478442371161,0.176375551952941,2.87159097030804,0.00408411213159718,0.0172233894932998,"NIP7"
"5139",122.31214907673,-1.60174916357989,0.343544118752349,-4.66242638470126,3.12502886308521e-06,3.77497618061889e-05,"PDE3A"
"514",2636.7543674212,-0.836594953751939,0.254480366159976,-3.28746365142379,0.00101094238792168,0.00546891934638106,"ATP5F1E"
"51411",132.654273817736,-1.53110282990811,0.270549748091873,-5.65922844396137,1.52055041516058e-08,3.29463260480687e-07,"BIN2"
"51421",2642.90949023065,0.633070779786217,0.213367038002069,2.967050514054,0.00300671556091919,0.0134281260807031,"AMOTL2"
"51422",518.366773407119,0.916815864650137,0.174068152481056,5.26699371241913,1.38675954676923e-07,2.35909574468578e-06,"PRKAG2"
"51430",715.062757268148,-0.767764076188065,0.262819820025143,-2.92125638056755,0.00348622808928861,0.0151138414047845,"SUCO"
"51433",3934.27580504834,-0.391053466553644,0.138040236531007,-2.83289478764262,0.00461285659951235,0.0191125282295415,"ANAPC5"
"51444",320.384179168471,0.619886982990432,0.238210954712028,2.60226060442858,0.00926114478070849,0.0335973570965991,"RNF138"
"51449",2489.66500685262,0.644624123359068,0.169882052988655,3.79453928192236,0.00014791786311937,0.00109208798222709,"PCYOX1"
"51458",356.40183646696,3.08088618480111,0.437364418619912,7.04420856758933,1.86518586857998e-12,8.56986292831478e-11,"RHCG"
"51466",3228.93477045203,-1.35569574365378,0.18675652925072,-7.25916116075259,3.89498187455228e-13,1.99438574392498e-11,"EVL"
"51474",2963.59642636254,-1.10427164794921,0.246706145475808,-4.476060561116,7.60329256427838e-06,8.21123683856801e-05,"LIMA1"
"51479",2005.82097749573,-0.424264707443492,0.141714754619959,-2.99379347324317,0.00275532382753166,0.0125089514040387,"ANKFY1"
"5151",642.066612802107,-0.637361445441797,0.223458742590197,-2.85225557995133,0.00434101822686136,0.0181469372830451,"PDE8A"
"51513",420.368287986092,0.838374095447311,0.276639381562669,3.03056669195665,0.00244095272672588,0.0112934526695719,"ETV7"
"51517",998.130368094586,0.424444765085933,0.156536493112142,2.71147485578242,0.00669846212062616,0.0258543304502098,"NCKIPSD"
"5152",312.223493043858,1.03914302784982,0.330613515748335,3.14307485432877,0.00167183080960502,0.00830428701373306,"PDE9A"
"51530",350.778972864092,-0.505849049892072,0.182473127528646,-2.77218380998407,0.00556815849670474,0.0223769961921457,"ZC3HC1"
"5154",479.855383529396,-0.591642808028639,0.231054346709444,-2.56062184700054,0.0104485016739788,0.0369210545561017,"PDGFA"
"5155",979.496747487891,0.702458540386684,0.284102571206306,2.47255256228069,0.0134151984448885,0.0453429301789139,"PDGFB"
"51566",1089.03815744412,-1.25249209386743,0.246844386627835,-5.07401489245046,3.89508552084511e-07,5.99674198661749e-06,"ARMCX3"
"5157",3104.97053227203,-1.13395934952866,0.253158894230588,-4.47923962132573,7.49094046553272e-06,8.10265467906072e-05,"PDGFRL"
"51594",1168.11299593123,-0.429228869994631,0.144040275755743,-2.97992257889382,0.00288321244475917,0.0129864430991078,"NBAS"
"51599",1836.95950688624,0.916162024318219,0.302602755714706,3.02760634864137,0.00246498961313894,0.0113906959901182,"LSR"
"51606",951.0469745253,0.490511890382968,0.147916746427961,3.31613493555214,0.0009127174800803,0.00502470623427999,"ATP6V1H"
"51611",737.616704578327,-0.486521534258743,0.166865665465633,-2.91564794291936,0.00354950778121856,0.0153429374566574,"DPH5"
"51621",8175.44883039645,0.978057573098525,0.225632291872698,4.33474111786422,1.45931757456482e-05,0.000144346914727737,"KLF13"
"51622",1177.85178639601,-0.511382847314745,0.156320911284559,-3.27136557171067,0.00107029458539212,0.0057267854810791,"CCZ1"
"51637",2975.4644902857,-0.591834558825165,0.154205269149944,-3.83796586256521,0.000124057723433507,0.000937102451066169,"RTRAF"
"5164",1246.74840213027,0.837889012150546,0.242503800510698,3.45515827127659,0.000549969875336936,0.0032918287857532,"PDK2"
"51646",2604.42132839062,0.331977014719846,0.129125208932158,2.57096981654656,0.0101414165354916,0.0360849994330544,"YPEL5"
"5165",1793.58800128183,0.724807996404871,0.258985243851684,2.79864592138676,0.00513173763008343,0.0208928286072929,"PDK3"
"51651",326.573461217705,-0.688855438795464,0.19477512766958,-3.53667045190724,0.000405204931803739,0.00255367140520852,"PTRH2"
"51652",2104.52762355687,0.475467312362898,0.143128580236718,3.32195925912583,0.000893877444940614,0.00494080916397895,"CHMP3"
"51655",318.560531145028,2.13006096770208,0.48011916955499,4.43652556026118,9.14224840021394e-06,9.64551722552557e-05,"RASD1"
"5166",523.368922704344,2.52683345288435,0.314057644236027,8.04576325161926,8.57095452551147e-16,6.43885138515066e-14,"PDK4"
"51660",880.509371748128,0.593055330144953,0.164093882950002,3.61412210792556,0.000301367014208746,0.00199208048184741,"MPC1"
"51661",767.951548009455,-1.9955842730323,0.25501363176749,-7.82540234889004,5.06035858706612e-15,3.42639543276872e-13,"FKBP7"
"51668",304.958659522471,-0.581807172149634,0.205841891145057,-2.82647603416952,0.00470632656208005,0.0194372042443531,"HSPB11"
"51669",4983.94900220304,0.417974963012869,0.17050711981263,2.45136369362277,0.0142316076216573,0.0475403134184021,"SARAF"
"5167",293.761334626562,-1.5603146250812,0.335234148828656,-4.65440239466387,3.24921707269901e-06,3.89754570072474e-05,"ENPP1"
"51676",86.7315877254757,2.14301122168725,0.536208287888792,3.99660219748729,6.42581476607869e-05,0.000535068653499044,"ASB2"
"51678",166.119134661192,-1.40497416541608,0.243932176995118,-5.75969182386378,8.42676454358172e-09,1.93806169123001e-07,"PALS2"
"5168",1334.59249941522,-0.916372836773392,0.180936319636884,-5.06461521165257,4.09226086451743e-07,6.27215916866915e-06,"ENPP2"
"5169",45.7908258851629,-0.74581360882151,0.30132005719662,-2.47515421230272,0.0133178656533718,0.0450954016464888,"ENPP3"
"51715",477.002395314236,-1.26595794433072,0.271394446061825,-4.66464204666269,3.09154716473144e-06,3.73891932073043e-05,"RAB23"
"51716",27.1254204614345,2.44569595086962,0.589346783705924,4.14984185625079,3.3270505672461e-05,0.000299973757670581,"CES1P1"
"51726",1039.67339876877,-0.778483700330629,0.173795337427212,-4.47931291975349,7.48836882216838e-06,8.10265467906072e-05,"DNAJB11"
"51729",1843.8382489871,0.479395435822013,0.167145472497482,2.8681329422742,0.00412901996315702,0.0173629717919559,"WBP11"
"5174",61.726495104056,1.69614635617445,0.636930498784631,2.66300068753337,0.00774472558871405,0.029116619658299,"PDZK1"
"5175",6133.33750111302,-0.763991626355619,0.191391149187352,-3.99178138382853,6.55788149075824e-05,0.000543400932373053,"PECAM1"
"51759",1467.51760552916,0.415817176038533,0.124796971391685,3.3319492564724,0.00086239979385141,0.00479385291834659,"C9orf78"
"5176",16258.5065776137,-1.42759694994994,0.258507187359454,-5.52246521472869,3.3427599326563e-08,6.55932988120088e-07,"SERPINF1"
"51763",2238.40768391719,0.657945161054042,0.205366391423557,3.2037625849746,0.00135644282198905,0.00699950339629547,"INPP5K"
"51768",1568.65175452154,0.482822836607202,0.135524297961268,3.56262931349174,0.000367158949545976,0.00235146229541206,"TM7SF3"
"5179",31.3004920539638,-1.72948273662819,0.581065552983383,-2.9763986657761,0.00291655450616455,0.0131108010384126,"PENK"
"51804",109.434661342374,-3.82658199848722,0.414461569371382,-9.23265817936035,2.63997468137434e-20,3.46627423162257e-18,"SIX4"
"51807",113.650225904646,1.53293131121239,0.28435093008211,5.3909839885867,7.00729187555623e-08,1.28640604009935e-06,"TUBA8"
"51809",223.464647177895,-0.812454876356356,0.318264004842291,-2.55277022847416,0.0106869971938886,0.0376293448920636,"GALNT7"
"5187",6633.65638275135,3.3174390359055,0.453669527535674,7.31245727242422,2.62300700218836e-13,1.39154577662488e-11,"PER1"
"5191",339.821678680195,0.727192681565835,0.212672355356827,3.4193098597405,0.000627801913402287,0.00368377268685082,"PEX7"
"5208",558.660024317497,0.518858620469086,0.202801220031423,2.55845906838575,0.0105137196490184,0.0371208242290558,"PFKFB2"
"5209",2584.58196075453,1.25758956585103,0.264609761085179,4.75261970946794,2.00797809656126e-06,2.58326382122606e-05,"PFKFB3"
"5210",469.98386584705,-1.47793879380481,0.289788230166217,-5.10006494382845,3.39536959869434e-07,5.29873296584718e-06,"PFKFB4"
"5214",1682.64826959476,0.83143439174949,0.250164247580836,3.32355402416498,0.000888782058274628,0.00491924976808952,"PFKP"
"5217",1080.38601271857,-0.905937191202792,0.243241120121101,-3.72444096109967,0.000195748513966131,0.0013905406874895,"PFN2"
"5218",483.669987311874,-1.30143895765215,0.296662802073153,-4.38693003827029,1.1496174713806e-05,0.000117612952439852,"CDK14"
"5222",17.5659345462669,1.87949764497766,0.688617036556249,2.72938011289551,0.00634535165549046,0.0247513205375432,"PGA5"
"5238",980.275684479521,-1.35760118327808,0.244348843478406,-5.55599594396301,2.76033280826434e-08,5.58689189039462e-07,"PGM3"
"5239",1035.72598869788,1.54945225775135,0.373003274371813,4.15399103496032,3.26725980998727e-05,0.000295488910056142,"PGM5"
"5241",75.4558020127729,1.46655471808538,0.359088664855625,4.08410195480556,4.4247601760609e-05,0.000385929082474736,"PGR"
"5244",228.962609652651,-0.813718371614164,0.193902977943767,-4.19652333472748,2.71043547667144e-05,0.000249515222950827,"ABCB4"
"525",956.850681170674,3.44810030593712,0.450473128239054,7.65439732091479,1.94220924246873e-14,1.21146772869625e-12,"ATP6V1B1"
"5251",20.2632171865136,-2.39222608862253,0.506467554391205,-4.72335506565289,2.31985303719262e-06,2.92889118422335e-05,"PHEX"
"5253",1859.7814668619,0.572509316019819,0.217805193847746,2.62853840124687,0.00857526729050366,0.031548400698432,"PHF2"
"5265",180.705927233683,-1.15180760219938,0.433065410834798,-2.65966196648931,0.0078219111452601,0.0293699779303236,"SERPINA1"
"5266",257.756976830435,-1.79860055667632,0.332834968652662,-5.40388098028634,6.52142254341869e-08,1.20681375648989e-06,"PI3"
"5268",13349.4814414143,1.08472106239063,0.197516876514179,5.4917892664871,3.97881979939725e-08,7.68292933872355e-07,"SERPINB5"
"5269",2118.34692805954,-0.869445194750664,0.257061217501876,-3.38224957930233,0.000718947936983662,0.00412223519077206,"SERPINB6"
"527",3768.42085853275,0.792175566129576,0.273046272405681,2.90125025018687,0.00371676924572376,0.0159155352931096,"ATP6V0C"
"5270",1340.47577813442,-2.49070460050552,0.306754287160656,-8.11954292003443,4.67942679092518e-16,3.6904720714331e-14,"SERPINE2"
"5287",2252.70763299994,0.544099972054084,0.214302916993136,2.53892937944242,0.0111192265482654,0.0389447267771814,"PIK3C2B"
"5291",1035.53139973192,0.500617279811433,0.176952937949516,2.82909843494239,0.00466793391984176,0.0193057568426809,"PIK3CB"
"5292",4125.64442714876,0.618950802961741,0.21353901164406,2.89853735950341,0.00374907640638815,0.0160238764013899,"PIM1"
"5293",685.945660302632,-0.550228550666383,0.200495913075854,-2.74433798786818,0.00606330750649132,0.0239139915143931,"PIK3CD"
"5294",105.184206843717,-0.894940856474499,0.237260020811594,-3.77198338520404,0.000161955042652992,0.00117839611098239,"PIK3CG"
"5304",2597.77973813945,5.59355258957396,0.968345300546627,5.77640288687974,7.63145154015712e-09,1.78101812361218e-07,"PIP"
"5305",933.871194345276,-0.684326905419782,0.190209132174859,-3.5977605154661,0.000320968945496118,0.00210274499493701,"PIP4K2A"
"5308",98.1362353727811,-3.4641875180285,0.362853227580159,-9.5470764891108,1.33407790776329e-21,2.00442771192698e-19,"PITX2"
"5311",752.011164311979,-1.03412749135681,0.291754120614261,-3.54451717487161,0.000393332877828057,0.00249579653428259,"PKD2"
"5314",15.281020703439,1.91067900740293,0.56232820094271,3.39780043789337,0.000679299532088357,0.0039277251596929,"PKHD1"
"5317",96754.6342185692,1.3014172348226,0.241867036252231,5.38071353165058,7.41911772501297e-08,1.34676730128996e-06,"PKP1"
"5318",126.255434933586,2.71305049749391,0.365725633306243,7.41826727584642,1.18662456116374e-13,6.65544413269604e-12,"PKP2"
"5322",59.7265541501998,1.29585593342102,0.478727259779562,2.70687726037935,0.00679193632240739,0.0261367016751605,"PLA2G5"
"5326",686.097714623426,0.655814202276086,0.200684015446,3.26789455960707,0.00108350723443697,0.00578469972878169,"PLAGL2"
"5328",1727.54198462535,-2.40835441813238,0.264401629278221,-9.108697343155,8.33770189359145e-20,1.02768416633345e-17,"PLAU"
"5329",979.298050958014,-3.26600279118009,0.24342405713886,-13.4169269445584,4.81259296224747e-41,3.53794334053221e-38,"PLAUR"
"5330",390.954225279199,-1.4366127347929,0.293301468100307,-4.89807549923886,9.67798513044706e-07,1.33519869923004e-05,"PLCB2"
"5333",1463.86729937564,0.629198418585863,0.194076604103548,3.24201065600962,0.00118689584419086,0.00624675634283423,"PLCD1"
"53342",296.753678079992,0.649595276653114,0.245618837325614,2.64472905957108,0.0081756350809689,0.030452890992476,"IL17D"
"53345",36.6215113694124,-1.43850925854953,0.336457195175312,-4.27545993718457,1.90743100635282e-05,0.000183985753677444,"TM6SF2"
"53347",29.4498284361173,-1.22287257821602,0.444293990548371,-2.75239504524174,0.00591611065783176,0.0234638192255894,"UBASH3A"
"53354",510.743829096003,1.01930777631052,0.255385327661571,3.9912542574148,6.57247697444124e-05,0.000543980161004819,"PANK1"
"5339",18940.9700564072,0.856653216436748,0.310137040181447,2.76217641058146,0.00574174457138805,0.0229179891908962,"PLEC"
"53407",607.515091931231,-0.718303336518481,0.172016339682049,-4.17578549715786,2.96959549897915e-05,0.000270589436702022,"STX18"
"5341",420.190492828411,-1.11885777829121,0.288879374047327,-3.87309679682396,0.000107461122256032,0.000829699827651221,"PLEK"
"5342",30.2099443519006,-1.38295808686673,0.550412606454364,-2.51258432428617,0.011985045864539,0.0414065431479808,"PLGLB2"
"5346",2440.31464493217,5.13781637116245,1.04080351752488,4.93639412689592,7.9580206355998e-07,1.12660176590912e-05,"PLIN1"
"5349",7793.21245429145,0.652152633962784,0.251961002860697,2.58830781969598,0.0096448748995537,0.0346777475864477,"FXYD3"
"535",3034.87299695026,0.636142052793564,0.195607488965324,3.25213546862889,0.00114541415692361,0.00607034114472594,"ATP6V0A1"
"5350",223.49818917296,2.58473267638633,0.79910720051322,3.23452557394841,0.00121845008074172,0.00639484356501467,"PLN"
"5351",5828.93833413084,-1.77346642228019,0.279736184173189,-6.33978198967001,2.30090514449524e-10,7.42348456023356e-09,"PLOD1"
"5352",801.300935020985,-2.64475850893235,0.31726157452881,-8.33620810481157,7.67108610237181e-17,6.57923484713422e-15,"PLOD2"
"5355",9098.10667749964,0.796181976051541,0.20603054310898,3.86438808555876,0.000111368036413645,0.000856331588172757,"PLP2"
"5357",80.6018673957742,2.01250265073088,0.355779340278143,5.6566034698854,1.54397914001291e-08,3.34187871903531e-07,"PLS1"
"5358",6166.902226207,0.4579471071754,0.188428461288609,2.43034998027172,0.0150842492538276,0.0498158489054647,"PLS3"
"5359",508.033616167746,-0.735103276398437,0.236030658101096,-3.11443980333935,0.00184294557825328,0.00898512358663323,"PLSCR1"
"53616",122.163557897326,0.689655800445712,0.207162579098462,3.32905587218977,0.000871409213253393,0.00483609793626526,"ADAM22"
"5364",4799.00956049327,0.47886952707586,0.161477577491121,2.96554812448924,0.00302144069327187,0.0134792664131574,"PLXNB1"
"5373",1127.17657871298,-0.79569707951156,0.162918378565063,-4.88402282492514,1.03943034633776e-06,1.42163682717718e-05,"PMM2"
"53829",106.892132527573,-0.830143152899848,0.24433693593893,-3.39753443215534,0.000679960304742231,0.00393044170536762,"P2RY13"
"53832",1355.56473645113,0.722069340068118,0.23137022835157,3.12083946673953,0.00180336313156456,0.00882558884929267,"IL20RA"
"53838",1786.58675384065,-1.32967994855089,0.263283359280374,-5.050375960658,4.4094135872315e-07,6.69346381117797e-06,"C11orf24"
"53917",1392.33974392609,-0.866621141211459,0.204934468269176,-4.22877199980422,2.34970319029587e-05,0.000219149481055959,"RAB24"
"53919",94.216120722295,-1.28356699130259,0.290154963521958,-4.42372922290351,9.70115977332937e-06,0.000101313380402949,"SLCO1C1"
"5396",5365.83642285542,-1.96592684795994,0.245851783831581,-7.99639041588848,1.28119694677873e-15,9.38510959163465e-14,"PRRX1"
"540",147.29135007076,-0.587485165354674,0.234887457717149,-2.50113467557779,0.0123796091565002,0.0425341136500419,"ATP7B"
"54033",12.3874446528045,2.30972304538511,0.65201088950157,3.54246084317822,0.000396412270668801,0.00251148058363978,"RBM11"
"54039",179.665637916595,-1.20393135962117,0.363969624438896,-3.30777976727365,0.000940387305300446,0.00514812029050649,"PCBP3"
"5409",11.4984709038491,2.28043767099605,0.815669959015649,2.79578479725806,0.00517738627719198,0.0210365809573075,"PNMT"
"54097",54.7719716916505,2.59320954946915,0.513727587285139,5.04783004388241,4.46856385756941e-07,6.76827950288512e-06,"FAM3B"
"54101",865.539480046043,0.891999638210702,0.227023809680028,3.92910170729627,8.52637738341276e-05,0.000679732579628846,"RIPK4"
"54108",881.141934755848,0.670910897178495,0.15530342912114,4.32000053685338,1.56028821179178e-05,0.00015337618219447,"CHRAC1"
"5412",1781.31401184067,0.684910841788657,0.263297475377156,2.60128146237471,0.00928762185812981,0.0336696738865347,"UBL3"
"5413",2278.33861700903,0.83151164227522,0.264728815130838,3.14099408432081,0.00168375433348001,0.00835142149406084,"SEPTIN5"
"541471",366.727392681625,-1.9498283377789,0.25501195188508,-7.64602726799874,2.07283729569681e-14,1.28904177929375e-12,"MIR4435-2HG"
"54206",852.199229813288,1.01639342234037,0.232693539922879,4.36794860174127,1.254189982997e-05,0.000126426281145986,"ERRFI1"
"5425",2860.46118148266,0.508620101931385,0.20924764031086,2.43070890154735,0.0150693162308372,0.0497892143331545,"POLD2"
"5427",101.659262694481,-0.585316016004913,0.220338425094469,-2.65644095329247,0.00789702790759164,0.0295867989035292,"POLE2"
"54328",352.250154388473,-1.93758483700393,0.252955639538711,-7.65978114003427,1.86250205167416e-14,1.17240801931685e-12,"GPR173"
"54329",35.8352785200672,-1.52236823423017,0.447466321355305,-3.4021962359517,0.000668466205470292,0.00388259521718888,"GPR85"
"54360",102.5028626535,-2.12238811928752,0.326399322657341,-6.502428074937,7.90338126517132e-11,2.76672108779399e-09,"CYTL1"
"5437",951.990692762635,-0.636867913338865,0.182450965138937,-3.49062507207833,0.000481891995583565,0.00293730081050995,"POLR2H"
"54413",102.381014194483,-0.579792085702555,0.221692279123396,-2.61530120938419,0.00891487987654879,0.0325708000317501,"NLGN3"
"5443",130.772112091634,0.850826054136596,0.346106966152783,2.45827486107579,0.0139606279890267,0.0468174595187561,"POMC"
"54437",173.63167594261,-1.23594174409231,0.288462584475369,-4.28458250951379,1.83082655809701e-05,0.000177595352836328,"SEMA5B"
"54438",564.061235813972,1.01820249960181,0.203923470526704,4.99306184311176,5.94295173075684e-07,8.69436520439935e-06,"GFOD1"
"54440",270.466968346796,-1.4156384727526,0.321752079445334,-4.39978033768426,1.08360509544887e-05,0.000111911861345557,"SASH3"
"54441",227.934943677602,0.865396016806969,0.247891320135857,3.49102992526196,0.000481162356371588,0.00293398298018674,"STAG3L1"
"54442",1040.33885936848,0.562644412369611,0.207238188154909,2.71496492697109,0.00662827897443875,0.0256411378330854,"KCTD5"
"54453",1787.90648065712,-0.894600159906512,0.178271774524397,-5.01818171885693,5.21628251645037e-07,7.71904811780118e-06,"RIN2"
"54455",1637.03551782321,0.385105238540195,0.130952764245023,2.9407950321662,0.00327371077627969,0.014377179994764,"FBXO42"
"54456",23.3784974923289,-1.59400555551662,0.591498567267368,-2.69485953766664,0.0070418309161934,0.026877257107162,"MOV10L1"
"54470",623.392974389494,-0.459994640101303,0.144134510338631,-3.19142611315353,0.00141572315942295,0.00724632798875535,"ARMCX6"
"54472",3879.05331445287,0.804343134803644,0.252988340618006,3.17936839634101,0.00147596374800701,0.00750710101037221,"TOLLIP"
"54480",2192.47174422975,-1.06196609604563,0.268831531258496,-3.95030334081045,7.80522078481774e-05,0.000629062899900894,"CHPF2"
"54491",313.7836909762,-0.889058745297637,0.206330766572873,-4.30890050991807,1.64068147763099e-05,0.000160894652384737,"OTULINL"
"54492",2538.87881536622,0.439283065211921,0.159281400649521,2.75790558985922,0.00581729964255497,0.0231442446609965,"NEURL1B"
"54494",366.981121250972,1.06994931349863,0.264193564889348,4.04986894342699,5.12463246632159e-05,0.000439522644528181,"C11orf71"
"54502",463.503389522942,1.09965980876464,0.250514070376662,4.3896129551176,1.13552584422728e-05,0.000116344768429937,"RBM47"
"54510",596.386651406761,-0.82900235035676,0.290723905475678,-2.85151077961875,0.00435120108924885,0.0181747409133722,"PCDH18"
"5452",152.601481126858,-0.782515268464004,0.259638808462546,-3.01386095976052,0.00257945991249826,0.0118305710425277,"POU2F2"
"54520",869.016181637688,-0.570640852217286,0.211177130012825,-2.70219058371818,0.00688842653390005,0.0264338873552943,"CCDC93"
"5453",2345.54752380524,0.998629116924831,0.35016554077004,2.85187718565559,0.00434618890643953,0.0181611758932504,"POU3F1"
"54537",811.625423960338,-0.730526794649192,0.196635129924566,-3.7151387696056,0.000203092207365451,0.00143362482730125,"SHLD2"
"54544",2803.63764645897,0.974663425546906,0.313840969236479,3.1055965316386,0.0018989562698167,0.00919420260030722,"CRCT1"
"54545",1111.09972060395,1.03419851920334,0.233221196304169,4.43441048923584,9.23245682107279e-06,9.72076169846355e-05,"MTMR12"
"5455",49.2248056556588,1.47781754148561,0.555212393722952,2.66171569329743,0.00777435131191078,0.0292127140205133,"POU3F3"
"54551",88.5925199364843,-3.38661550283409,0.432909439668892,-7.82291905074724,5.16122961600597e-15,3.48323771855301e-13,"MAGEL2"
"54554",234.704464990466,-0.667303339276958,0.214776747195109,-3.10696268563357,0.00189020256004481,0.00916343134619932,"WDR5B"
"54566",844.659065035663,2.08773877673048,0.205038658024495,10.1821714833945,2.38185921424545e-24,4.41695406000254e-22,"EPB41L4B"
"54575",57.4320966913137,-0.856831173291972,0.32303901551016,-2.65240770356739,0.00799199744686763,0.0298452967065173,"UGT1A10"
"54576",56.3226461386418,-0.822958535072161,0.317924496046639,-2.58853452724018,0.00963852837461577,0.0346609832395337,"UGT1A8"
"54577",93.6994387221879,-1.62650369561586,0.420445054577756,-3.8685285458984,0.000109494119377693,0.000844446217036506,"UGT1A7"
"54579",55.7057751027539,-0.813260281548515,0.321476435945076,-2.52976638601114,0.0114138494446418,0.039780338125382,"UGT1A5"
"54583",1986.90835163515,0.629733383246369,0.193031113603758,3.2623413474112,0.00110496003607042,0.00588016995410381,"EGLN1"
"54587",6657.00792322575,-1.5913037995284,0.287642807030308,-5.53222177170845,3.16199759425835e-08,6.26434634073281e-07,"MXRA8"
"5459",8.40162683629238,1.71091573768861,0.66647674839754,2.5671049167166,0.0102551578479158,0.036401952192773,"POU4F3"
"54600",55.8035354575871,-0.817977887559326,0.322196738770499,-2.53875284610492,0.0111248382908704,0.038957752871602,"UGT1A9"
"54602",2991.85631512671,1.32376717847518,0.217883778866824,6.07556553938923,1.23551504383101e-09,3.42747192213174e-08,"NDFIP2"
"54621",425.349427001357,0.648137122967858,0.203862399755527,3.17928722385838,0.00147637717360778,0.00750734875038104,"VSIG10"
"54625",776.330118351706,-1.7799276688884,0.285452968983166,-6.23544983689893,4.50481693815257e-10,1.37781800675977e-08,"PARP14"
"54626",1167.15327784383,1.03489753999679,0.19151390634329,5.4037722886908,6.52537753096216e-08,1.20681375648989e-06,"HES2"
"54657",55.9860163954083,-0.808069535930465,0.323742647284763,-2.49602436598255,0.0125593974136017,0.0430635984484516,"UGT1A4"
"54658",56.2752056095859,-0.781851556620958,0.317378561709871,-2.46346682147889,0.0137600630039863,0.0462687940572262,"UGT1A1"
"54659",56.4603781692389,-0.782540088368729,0.321475080916166,-2.43421694191221,0.0149240473906952,0.0493885195321656,"UGT1A3"
"54674",638.532146041323,-5.3045790210701,0.349025602616001,-15.1982518798377,3.63184071124384e-52,5.33984351430309e-49,"LRRN3"
"54682",1181.30371952191,1.06942131405645,0.196075365384327,5.45413398547174,4.92120864405624e-08,9.34484859125957e-07,"MANSC1"
"547",110.27564851571,1.08977086656129,0.352082483758423,3.09521466370086,0.00196670501825216,0.00945807861886519,"KIF1A"
"54733",947.686599739408,0.800023761930411,0.228834731046872,3.49607665877669,0.000472153035260214,0.0028942221792127,"SLC35F2"
"54739",605.631436019871,-2.5119877502784,0.466683173145544,-5.38264050393562,7.34010412714596e-08,1.33588597129242e-06,"XAF1"
"5475",13.9290159539736,-1.51071708571422,0.510600325280735,-2.95870764454294,0.00308932033606722,0.0137226089334501,"PPEF1"
"54763",38.9526420493885,2.85545285238416,0.529686408442367,5.39083655323742,7.01304398779345e-08,1.28640604009935e-06,"ROPN1"
"54765",1439.15583991629,-0.512812956249526,0.164091734103371,-3.12516019805406,0.00177708252084794,0.0087218566068512,"TRIM44"
"54769",19.0605384467511,2.25502230035735,0.55441698859945,4.06737590428806,4.75455133014028e-05,0.000411036054513261,"DIRAS2"
"5479",7814.1835673155,-1.57133794476531,0.244172193356938,-6.43536810298576,1.23174450701851e-10,4.14962830318642e-09,"PPIB"
"54793",927.425551828889,0.585631635778741,0.214544417798791,2.72965217080582,0.00634011808137407,0.0247355933637233,"KCTD9"
"54795",2536.32275948241,0.522172041312613,0.209282507948123,2.49505821787098,0.0125936466006253,0.0431398937638993,"TRPM4"
"54796",701.47199148188,-1.92299988379904,0.377649321788952,-5.09202525424817,3.54258902836513e-07,5.51176512168313e-06,"BNC2"
"54798",47.2682810522414,-1.4704327792967,0.408112064313396,-3.60301227990048,0.000314550662276981,0.00206661692700586,"DCHS2"
"5480",2688.72879994477,-1.68274099397142,0.217232587756505,-7.74626409117587,9.46355843529339e-15,6.16449008962276e-13,"PPIC"
"54806",306.329050717536,-1.00206530069984,0.345099115122313,-2.90370289806359,0.00368777930603543,0.015821019015305,"AHI1"
"54809",173.371134985486,-1.9187222475558,0.3786595954178,-5.06714281316112,4.03831308071259e-07,6.19870517922357e-06,"SAMD9"
"54815",3445.55692183276,0.585766954176921,0.218138041640996,2.68530399269356,0.0072463864122257,0.0275050005364657,"GATAD2A"
"54820",1347.5921164422,0.6544718410902,0.213239450204879,3.06918743441416,0.00214641879218455,0.0101472408640355,"NDE1"
"54822",932.014718939387,-0.629652362749417,0.230789827717023,-2.72825006620937,0.00636713198660094,0.0248315734771113,"TRPM7"
"54829",15655.349096802,-6.5457964785002,0.338085989188781,-19.361336132877,1.63586996940915e-83,3.3672747450318e-79,"ASPN"
"54831",34.862351615281,1.30453465419925,0.500214486425284,2.60795056840903,0.00910861069377819,0.0331257318941219,"BEST2"
"54836",1339.80046369396,1.12432468447271,0.242135258584509,4.64337449673939,3.42764236743452e-06,4.07830002839724e-05,"BSPRY"
"54841",426.965974558766,-0.95855979630898,0.260283423974282,-3.68275390600246,0.000230727873011766,0.00159426067071977,"BIVM"
"54842",1532.82607228026,0.956469189037624,0.237120499715542,4.0336840981064,5.49091247722442e-05,0.000466466951841467,"MFSD6"
"54843",687.556691310001,-1.60609035159238,0.283691369556225,-5.66140011275201,1.50142893104454e-08,3.25662941165657e-07,"SYTL2"
"54845",3097.95212782075,0.726317422956483,0.235529874081423,3.0837592292237,0.00204402945973101,0.00975522893556762,"ESRP1"
"54848",24.566519012725,2.03809106924962,0.530619245967323,3.84096710539432,0.000122550537755952,0.000928443234879834,"ARHGEF38"
"54852",265.663269607188,1.17446814272088,0.312204359337485,3.76185696193725,0.000168656497582183,0.00121896957381729,"PAQR5"
"54854",115.663696078642,2.32283969957627,0.335636753709546,6.9206952871032,4.49432281657709e-12,1.96832214588134e-10,"FAM83E"
"54859",548.386492354826,-0.552603578186081,0.201407707674029,-2.74370620949845,0.00607498798294406,0.0239462950289009,"ELP6"
"548596",1268.70209089486,0.92796605703424,0.205856918209853,4.50782060230913,6.54969178707306e-06,7.20186195219614e-05,"CKMT1A"
"54862",1936.69535571841,0.842999380145356,0.275363648478571,3.0614040190238,0.00220301609958524,0.0103437234018847,"CC2D1A"
"54869",3765.97921904366,1.14488589376976,0.234132637706131,4.88990302670555,1.00885665343083e-06,1.38534391956106e-05,"EPS8L1"
"54873",1666.79406094432,0.995683017558786,0.255762159197859,3.89300364323449,9.90106648359793e-05,0.000773154599766236,"PALMD"
"54875",146.017793783596,-0.652060164087148,0.229331436465036,-2.84330911687531,0.00446477445795589,0.0185737504936467,"CNTLN"
"54877",499.447531631463,0.703811694625951,0.241370023817943,2.91590348914583,0.00354660189626972,0.0153429374566574,"ZCCHC2"
"54884",3290.78662188147,0.874858860825461,0.285470154216837,3.06462461277453,0.0021794335990002,0.0102634319839442,"RETSAT"
"54885",144.824290385232,-2.00562613133481,0.408393788440259,-4.91101037308798,9.06082941434159e-07,1.26446178077835e-05,"TBC1D8B"
"54886",7.22812107288738,3.84810316619657,1.03295965843761,3.72531795870613,0.000195069185264784,0.00138745822719085,"PLPPR1"
"54894",840.024328209375,0.58882269902794,0.201939414977366,2.9158383918956,0.00354734192911145,0.0153429374566574,"RNF43"
"54897",2562.96445676546,1.15330675171627,0.203988605006399,5.65378027699191,1.56956834528883e-08,3.39013586772562e-07,"CASZ1"
"54900",82.3713720576451,-1.14777886447673,0.365554230474731,-3.13983198330423,0.00169044756638338,0.00837251508817025,"LAX1"
"54905",351.924534502785,2.48784474150614,0.44812035668813,5.5517333778201,2.82850774563859e-08,5.68598221405467e-07,"CYP2W1"
"54906",1957.14420035443,-0.590777006482215,0.16197993961255,-3.6472232789772,0.000265089557061526,0.00178970802735952,"TASOR2"
"54908",147.333809383723,-1.16196991127286,0.359538014885703,-3.23184159439231,0.00122995217722337,0.00643654284197851,"SPDL1"
"54914",832.668875599333,-0.507051302210145,0.173373526349388,-2.92461780576763,0.003448795117927,0.0149868155835346,"FOCAD"
"54916",351.677871343114,-0.714233558649442,0.262673707789726,-2.71909040558103,0.00654617135472205,0.0253807480063286,"TMEM260"
"54918",3155.3721976158,0.653945761182035,0.23947983641595,2.7306923662926,0.00632014365901839,0.0246763727384739,"CMTM6"
"54919",631.584249416615,0.574895964575287,0.204556434539593,2.8104516285163,0.00494720248204332,0.0202814610417008,"DNAAF5"
"54921",1661.93502307107,0.590320579019409,0.196754210140472,3.00029452278531,0.00269718665558599,0.0122965426619229,"CHTF8"
"5493",16813.8512808912,1.18995974716576,0.255927577682134,4.64959563147866,3.3258644655356e-06,3.97327882522256e-05,"PPL"
"54933",416.354053394459,0.934914946362922,0.245251491455945,3.81206630309468,0.00013780989575903,0.0010274099580963,"RHBDL2"
"54944",64.3860352629283,-0.683928256959079,0.252452043405595,-2.70914129960226,0.00674576039393671,0.0260069640569132,"LINC01521"
"54946",1617.12505059806,0.71733939215399,0.238565276526008,3.00688936210625,0.00263935804729377,0.0120774161172375,"SLC41A3"
"5495",724.610443118038,0.613801320538669,0.208253284120544,2.94737882828959,0.00320480325420485,0.0141379490322659,"PPM1B"
"54960",506.827589086892,-0.544477264680974,0.17888165137268,-3.04378487398139,0.00233622135172751,0.0108748937819898,"GEMIN8"
"54980",237.538997562988,-0.656856071615421,0.216363748295555,-3.03588783606276,0.00239828562716285,0.011123549199982,"C2orf42"
"54985",2280.589650096,-0.940756827723953,0.298848122829915,-3.1479429042938,0.00164423805862097,0.00820882760093478,"HCFC1R1"
"54987",1161.23357207727,-0.71244512184473,0.189237481257111,-3.76482035753137,0.000166668862403372,0.00120799713510951,"CZIB"
"54997",315.148538158372,1.70256567892023,0.395422393283608,4.30568856958766,1.66467115792742e-05,0.000163169481498943,"TESC"
"55000",3238.49718030682,-0.602836932457861,0.211006258413192,-2.85696233368295,0.00427716591315669,0.0179127534397594,"TUG1"
"55001",1284.95358896555,0.574358259359758,0.234733728361175,2.44685015387315,0.0144110739347429,0.0480073710750523,"TTC22"
"55008",266.610512654514,-0.954083478048417,0.321447371114067,-2.96808611232928,0.00299660366310538,0.0133918330703675,"HERC6"
"550112",191.043414773305,-0.775994598875443,0.251005189542012,-3.09154802851422,0.00199115767936302,0.00954494403167406,"UBA6-DT"
"55012",334.471088558454,-0.878312277299377,0.175238240604971,-5.01210394641718,5.38381058466168e-07,7.94981040707863e-06,"PPP2R3C"
"55013",659.091082082319,-0.40718556063858,0.158631664339949,-2.56686180740043,0.0102623501987238,0.0364081724389057,"MCUB"
"55016",182.678129543941,-1.06989026879639,0.277337843442653,-3.85771467577457,0.000114452142310324,0.00087644453025138,"MARCHF1"
"55017",1152.51824584417,-0.849435959357703,0.157998183780799,-5.37623875813776,7.60579206665641e-08,1.37451820807775e-06,"C14orf119"
"5502",327.357522651535,5.01407859774709,0.756047421979879,6.63196309117304,3.31251421883778e-11,1.23299805932291e-09,"PPP1R1A"
"55020",967.532079689007,0.632751066406303,0.257189908373998,2.46024842267985,0.0138840874390667,0.0466139383209506,"TTC38"
"55022",735.131254682933,1.42366540785089,0.185732676569249,7.66513159745528,1.78647934679407e-14,1.12800278755856e-12,"PID1"
"55026",101.516172351011,1.69747412803434,0.346534180166222,4.89843203120717,9.66044435711888e-07,1.33367261332619e-05,"TMEM255A"
"55028",318.825198813716,-0.964737856272106,0.275548800680342,-3.50115062700373,0.000463253932376643,0.00285241368353001,"C17orf80"
"55033",1005.20469201338,-2.33962624105968,0.235468231233324,-9.93605901231478,2.9007704836827e-23,5.06012369797667e-21,"FKBP14"
"55035",398.872768563228,-1.04713898629007,0.382646206827121,-2.73657223724465,0.00620829627664705,0.0243467714905789,"NOL8"
"55038",973.679053713208,1.17399552706055,0.216408481425713,5.42490534255494,5.79852604704761e-08,1.08113097964156e-06,"CDCA4"
"55040",1778.87318318255,1.51096185625531,0.323617837041277,4.6689696404546,3.027141041458e-06,3.67614579335524e-05,"EPN3"
"55048",1404.76096846269,0.800479687346985,0.188142819144521,4.25463852931906,2.09386995176747e-05,0.000198253077677928,"VPS37C"
"55055",226.166214712343,-0.910690845439316,0.270697680057359,-3.36423587097735,0.000767559141364771,0.00435126338910836,"ZWILCH"
"55057",1771.9348688375,0.625513340425975,0.231824145933839,2.69822342235434,0.00697106373366133,0.0266615339824758,"CRYBG2"
"55062",686.209961142454,-0.983027621358963,0.172808482881964,-5.68853799862601,1.28131603003473e-08,2.83293331495541e-07,"WIPI1"
"55068",47.6624876045606,-0.961802137848927,0.36828798752232,-2.61154903346023,0.00901330615558342,0.0328487772497396,"ENOX1"
"5507",682.269517559349,-0.990586477635112,0.293794751956106,-3.37169561756878,0.000747069637962493,0.00425058373882246,"PPP1R3C"
"55083",859.354353957334,-2.43819254505171,0.408096681889165,-5.97454635936957,2.30731316717211e-09,6.12032657642663e-08,"KIF26B"
"55084",158.879735711856,-0.633340932589297,0.231059209013301,-2.74103306807754,0.00612463431902527,0.0240963087479879,"SOBP"
"5509",310.070467330911,0.619689380393635,0.201910817254883,3.06912422434192,0.00214687300635808,0.0101472408640355,"PPP1R3D"
"55090",583.768477240353,0.519102602389761,0.211369810928369,2.4558975575073,0.0140533212417314,0.0470593077012851,"MED9"
"55101",1274.62031285704,0.668736785545627,0.182309038098165,3.66814938261889,0.000244312434978316,0.00167407695126287,"DMAC2"
"55105",223.596751127778,-0.804335274549394,0.245424353608169,-3.27732461234695,0.00104795813434577,0.00563215933090688,"GPATCH2"
"55106",157.937660927537,-1.45476516955156,0.293252559667659,-4.96079274192948,7.02060693575744e-07,1.00845898929261e-05,"SLFN12"
"55107",3234.13122811183,0.787954015958257,0.224206016119846,3.51441959317036,0.000440716071434418,0.0027406947475547,"ANO1"
"55108",2744.20746644985,0.451612142094896,0.165029120881874,2.73656030936597,0.00620852135416093,0.0243467714905789,"BSDC1"
"55110",232.855663170519,-0.741794191178962,0.24121685726232,-3.07521704576506,0.00210349415462242,0.0099857757561688,"MAGOHB"
"55113",354.37066826106,-0.693477244376825,0.231157477880208,-3.00002081151017,0.00269961160210207,0.0123021485981113,"XKR8"
"55117",48.2913628934078,1.03905113751356,0.4013934132778,2.58861033375863,0.00963640705295556,0.0346594098860803,"SLC6A15"
"55129",1621.43886168599,0.465435707328738,0.183483134141082,2.53666752264467,0.0111913183740733,0.0391306433517794,"ANO10"
"55133",239.394277510468,-0.843386666301454,0.293801122236821,-2.87060396461534,0.00409688450377572,0.0172631055528597,"SRBD1"
"55143",159.288430648462,0.867480551169131,0.273231699749632,3.17488985342485,0.0014989338748778,0.00759017340233325,"CDCA8"
"55151",175.888617868952,0.901179442955329,0.294844576686674,3.05645588968386,0.00223970432290527,0.0104896641143759,"TMEM38B"
"55154",958.758576970062,-0.460542076547415,0.174224017393047,-2.64339029393656,0.00820803599417515,0.0305310518216203,"MSTO1"
"5516",2554.88947114233,0.606267105694096,0.171060978518795,3.54415782572812,0.000393869392704809,0.00249843068703722,"PPP2CB"
"55160",3129.01096160393,1.0916480652288,0.209703504015459,5.20567393641801,1.93293794562603e-07,3.22951255460764e-06,"ARHGEF10L"
"55164",430.371531514008,-0.504948839039171,0.191961242087422,-2.63047286810746,0.00852661754042973,0.031431213368948,"SHQ1"
"55168",680.847007575083,0.61884899637973,0.220091381961347,2.81178204646111,0.00492678750836441,0.0202017916478432,"MRPS18A"
"55176",264.867976064286,-0.707164142478994,0.245875369830045,-2.87610809886245,0.00402611804555776,0.0170311577989644,"SEC61A2"
"55180",296.053429017952,-0.492448673507976,0.18287365077652,-2.69283558028691,0.00708471978622822,0.0269909072884919,"LINS1"
"55187",3231.17122710604,0.511139067261259,0.179721042459185,2.84406912105097,0.00445413841148253,0.018540745209698,"VPS13D"
"55196",347.041003504766,-0.857223746663774,0.327463770558472,-2.6177666775223,0.00885072999966238,0.0323824078053769,"RESF1"
"55200",596.334639222983,1.62221761300813,0.261397523125622,6.20594102656637,5.43705658865713e-10,1.63620428100758e-08,"PLEKHG6"
"55203",142.114599762705,-3.13754218023862,0.325411671129772,-9.64176290710662,5.3265239153482e-22,8.43393602104057e-20,"LGI2"
"55205",1242.04912796763,-1.20230788006292,0.274795391436504,-4.37528400231824,1.21274477802686e-05,0.000122910578586434,"ZNF532"
"5521",100.514253918915,1.32489012897027,0.386455465782179,3.42831256452466,0.000607345762975175,0.00358824890459269,"PPP2R2B"
"55219",770.585365780618,-0.694648067675406,0.188478625072005,-3.68555356030441,0.000228206081380468,0.00158108178362018,"MACO1"
"5522",2473.98765482974,0.777339735594843,0.241153606381852,3.22342156626915,0.00126668982687023,0.00659922637213282,"PPP2R2C"
"55224",414.699458778718,1.56780409277814,0.257106293373573,6.09788298919674,1.07482373353661e-09,3.04321481858564e-08,"ETNK2"
"55227",731.288586036854,0.63646503977138,0.215049440212523,2.95962193225145,0.00308016784494021,0.0136937742808314,"LRRC1"
"55230",1147.52326092129,-0.491535167631822,0.17727268179224,-2.77276319544763,0.00555825515668989,0.02235028797525,"USP40"
"55236",510.789750934165,-0.746198635131658,0.295113731646821,-2.52851207894547,0.0114547144847586,0.0399092489766878,"UBA6"
"55238",736.677573275937,-0.587554265035188,0.164782261372786,-3.56564025848612,0.000362968978004836,0.00233042839777029,"SLC38A7"
"55240",489.660690039544,1.20072579914097,0.251249982303715,4.77900849238474,1.76161754468882e-06,2.29500857847308e-05,"STEAP3"
"55243",2232.66430707987,-1.17346645275035,0.265134140335913,-4.42593492963079,9.60254693209467e-06,0.000100538568692898,"KIRREL1"
"5525",1825.94284793199,0.371794157101319,0.135582955473084,2.74218950165257,0.0061031120356247,0.0240395717700502,"PPP2R5A"
"55250",1721.96901097164,-0.468891908134718,0.187716175519034,-2.49787695087136,0.0124939553464258,0.0428840381608852,"ELP2"
"55254",965.454512161942,-1.0822658614446,0.230428143356798,-4.69676075881411,2.64319736704613e-06,3.26380171585348e-05,"TMEM39A"
"55255",880.821543754329,-0.701859354214994,0.184498972446748,-3.80413692774128,0.000142299455318367,0.00105514841076126,"WDR41"
"55262",845.408643029711,-0.515924934560845,0.206877134198964,-2.49387123694711,0.0126358373142017,0.0432556253576465,"TRAPPC14"
"55270",517.408219181539,0.769598252988143,0.159706607677555,4.81882537096992,1.44405876404545e-06,1.91523876282935e-05,"NUDT15"
"55273",105.43155196389,1.32181044285225,0.258018699330101,5.12292499064639,3.00832045942451e-07,4.78541486373989e-06,"TMEM100"
"55275",1447.39240345302,0.352844485147514,0.134935201970995,2.61491797539503,0.0089248885827404,0.0325978475970984,"VPS53"
"55277",481.45672682992,-1.192154689567,0.216388478247004,-5.50932609362949,3.60210065574016e-08,7.04137131032815e-07,"FGGY"
"5528",1706.26205280675,0.40961021075485,0.152715283636603,2.6821821693338,0.00731436176796276,0.0277017152956293,"PPP2R5D"
"55286",71.6117502672463,2.08218618139104,0.390919738617187,5.32637770800836,1.00190680990446e-07,1.75517019362327e-06,"C4orf19"
"55288",1250.53017472156,0.63641113202586,0.222543553106926,2.85971497776924,0.00424021914455604,0.0177761040471571,"RHOT1"
"552889",3599.56929486894,0.626348239780737,0.159880794108213,3.91759525135209,8.94367101578056e-05,0.000708063554572412,"ATXN7L3B"
"55295",321.69871382565,0.745954584419033,0.283036475562034,2.63554223157198,0.00840029718793154,0.0310768722710968,"KLHL26"
"55296",171.430738542955,-1.04814197663668,0.289555188290336,-3.6198349020281,0.000294791045872526,0.00195489010574745,"TBC1D19"
"55298",868.676977082727,-0.746589882238175,0.186545947253784,-4.00217690723931,6.27623416472164e-05,0.000524097379499514,"RNF121"
"55303",559.875393007148,-0.817135097781459,0.219746926276455,-3.71852799776345,0.00020038708520531,0.00141939702748318,"GIMAP4"
"55304",1124.26142406999,0.845317679174425,0.271637531841839,3.11193255748846,0.00185866955904834,0.00904671016413326,"SPTLC3"
"55315",229.693835121562,-1.52494265053297,0.230238442703253,-6.62331899325093,3.51221939973153e-11,1.29794477781102e-09,"SLC29A3"
"55319",278.05934229148,-0.495279407807317,0.195558189363796,-2.53264467941023,0.0113205641373703,0.039524107791939,"TMA16"
"55325",755.204704283558,-0.403018978914956,0.160612857216417,-2.50925726557439,0.0120985334438698,0.0417583100883298,"UFSP2"
"55328",195.548039919066,0.893495643947338,0.182638386504604,4.8921569065921,9.97368801594115e-07,1.37231546871746e-05,"RNLS"
"5533",433.328996023894,-0.410039154537495,0.161637159521637,-2.53678767772832,0.0111874782738582,0.0391238621795952,"PPP3CC"
"55332",466.980719494416,-0.758339720009632,0.214076450594152,-3.5423780518825,0.000396536722543202,0.00251148058363978,"DRAM1"
"55337",931.831943288755,-0.758041168133065,0.199914145183464,-3.79183357654558,0.000149539115642312,0.00110168688488953,"SHFL"
"55344",1694.18391734788,1.02056277776502,0.274628341857735,3.71615970464438,0.000202273755941935,0.00143128325620791,"PLCXD1"
"55346",453.804776366049,-0.602730013243852,0.192791447096866,-3.12633170361036,0.00177001782280666,0.0087003863712918,"TCP11L1"
"55347",622.681385288344,-0.412355533169452,0.137629752648357,-2.99612202474139,0.00273436989859685,0.0124357644703309,"ABHD10"
"55359",44.0149152953787,-1.1032716742133,0.39678160738902,-2.78055145114529,0.00542666596859577,0.0218938636412339,"STYK1"
"55362",1913.43788248801,0.567644012997685,0.21615755917251,2.62606598247467,0.00863780714075426,0.0317387758274341,"TMEM63B"
"55365",889.735122569623,-2.01992194288481,0.323428537213858,-6.24534235687801,4.22872843541411e-10,1.29916635991887e-08,"TMEM176A"
"55366",2020.4593456713,-1.34720519265174,0.339226921227117,-3.97139822446394,7.14520252372892e-05,0.000582837659724711,"LGR4"
"5537",2102.97891389611,0.523304782465211,0.146609543108141,3.56937735000793,0.00035783069562031,0.00230102687867806,"PPP6C"
"55379",2332.98798361655,-0.867308120118204,0.20738811472827,-4.18205315793817,2.88888401334071e-05,0.000264053235038212,"LRRC59"
"55384",2564.96346697934,-2.68094768152709,0.320374652955123,-8.3681641378247,5.85228374705515e-17,5.06148775837744e-15,"MEG3"
"5542",18.5198240211226,4.80137839369311,0.940572015576525,5.10474297999404,3.31244411403348e-07,5.18110559599279e-06,"PRB1"
"554202",91.7683050056572,-4.97924159691988,1.04948432314598,-4.74446495969932,2.09058161796352e-06,2.67547678402314e-05,"MIR31HG"
"554250",13.4735752282709,-3.1326636946411,0.686868991174656,-4.56078777014484,5.09620687165376e-06,5.76375396956709e-05,"GDF5-AS1"
"55432",1300.00369725459,1.1319512332531,0.306524577110807,3.69285635730251,0.000221749288355921,0.00154309917225094,"YOD1"
"55435",429.858202154849,0.644060569790555,0.247233127287592,2.60507391083298,0.00918544428672806,0.0333697820681275,"AP1AR"
"55437",186.485393584088,-0.632753123836781,0.239633057286114,-2.64050849662738,0.00827817168858307,0.0307078547554143,"STRADB"
"5544",13.7208274755031,3.00535724555057,0.746807465082958,4.02427317088578,5.71515482782082e-05,0.000482693358788248,"PRB3"
"5545",6.50227625608053,2.92694250560217,1.10093963270768,2.65858582854682,0.00784693608509419,0.0294424594195368,"PRB4"
"55454",746.233090538565,-1.13961967670504,0.263890447610333,-4.31853326645545,1.57069549859316e-05,0.000154325518582538,"CSGALNACT2"
"55466",1328.40093124843,0.636168069754083,0.135318374462611,4.70126893173592,2.58549727590743e-06,3.20601662212522e-05,"DNAJA4"
"55471",459.708521596584,-0.601615503091219,0.190459956757857,-3.15875060213359,0.00158447018873263,0.00795619149614598,"NDUFAF7"
"5549",5217.33006827393,0.745096096256055,0.299051238895799,2.4915332202174,0.0127193072012112,0.0434546422290011,"PRELP"
"55503",661.375484107702,1.23344636120747,0.261380104946444,4.71897569044209,2.37035140539402e-06,2.98137839955367e-05,"TRPV6"
"55509",51.3511043873376,-1.31453370998932,0.37870361623991,-3.47114116057598,0.000518251483774536,0.00313386854935812,"BATF3"
"5551",108.103098286661,-0.958198963081696,0.369992109562665,-2.58978215566353,0.00960366843438206,0.0345718627235607,"PRF1"
"55527",2284.30810747693,0.917170437609963,0.235402876922628,3.89617344358718,9.77244180593324e-05,0.000763980030889973,"FEM1A"
"55529",257.8165122363,0.685588675789772,0.203633976581023,3.36676957009179,0.000760542092478639,0.00431862025698767,"PIP4P2"
"55531",1378.69380113086,1.28026130396507,0.307118745476396,4.16861986714343,3.06449586765902e-05,0.000278497054922267,"ELMOD1"
"55534",751.35208373438,1.06762852736796,0.251436836967935,4.24611023683899,2.17513644498838e-05,0.000205192523298079,"MAML3"
"55536",645.017384858258,1.02696278804163,0.135051817990027,7.60421298525184,2.86642854794342e-14,1.75313770848457e-12,"CDCA7L"
"55544",491.774942569401,1.0041993429459,0.328698736197932,3.05507515654458,0.00225004130274168,0.0105308890804081,"RBM38"
"55553",287.82747256778,0.919551578782247,0.239454089031974,3.84019994187471,0.00012293414657575,0.000930664388788244,"SOX6"
"55558",1427.39737629887,-0.533144512815962,0.147984037996782,-3.60271634720196,0.000314909109128888,0.00206765202625488,"PLXNA3"
"55561",3200.80517098126,0.902468677391958,0.223816562953598,4.03218003834265,5.52618248550235e-05,0.000469269555617081,"CDC42BPG"
"55567",61.4154495090433,1.08380882993343,0.345814487580802,3.13407583793084,0.00172396294031959,0.00851597148153069,"DNAH3"
"55568",2034.56610345893,-2.03798616920614,0.271671189291023,-7.50166469445894,6.30123923635193e-14,3.66397481471944e-12,"GALNT10"
"55577",2533.00476602957,-0.628444719695096,0.16686260008545,-3.7662407236449,0.000165724013662674,0.00120199545357029,"NAGK"
"55578",690.753719130589,-0.893580676452205,0.262308834304494,-3.40659771837847,0.000657779991626759,0.00383331940830821,"SUPT20H"
"55586",40.7228276192693,-2.32492834565029,0.516306266072556,-4.50300238138804,6.70001327807559e-06,7.33769242694726e-05,"MIOX"
"55588",1697.3878154093,0.447640699601145,0.180258168934942,2.48333100378217,0.0130160078239145,0.0443065164622882,"MED29"
"55603",1674.77149577539,-0.883420585248807,0.186108375349982,-4.74680724920363,2.06652712062253e-06,2.65030493775042e-05,"TENT5A"
"55605",356.386914411115,1.72254300490337,0.275333770129351,6.25619953590917,3.94471987639482e-10,1.22016273892993e-08,"KIF21A"
"55607",33.5394321628523,1.47238814555982,0.411121121457174,3.58139747318529,0.00034176125343263,0.00221081509762956,"PPP1R9A"
"55608",1521.77900593617,-1.15577594699423,0.261816169320589,-4.41445595202719,1.01264331098355e-05,0.000105380434344213,"ANKRD10"
"55611",3447.71776488805,0.604378054563113,0.232485409349073,2.59963864508868,0.0093321972053879,0.033795557226549,"OTUB1"
"55612",1106.61741389486,0.621265911149578,0.195160970586849,3.18335120634741,0.00145580914974393,0.00742109349636679,"FERMT1"
"55619",295.74471976886,-1.63705923067296,0.294608016149347,-5.55673688744123,2.74864606356834e-08,5.57852457119493e-07,"DOCK10"
"55620",2245.46608266035,0.53759387846845,0.211573686698449,2.54092976710601,0.0110558125449077,0.0387423979272013,"STAP2"
"5563",31.3232426602294,1.70006137606675,0.377688807999352,4.50122254104408,6.75637200552756e-06,7.38572285511309e-05,"PRKAA2"
"55638",559.209045823714,0.897890527398374,0.182723015829824,4.91394323435757,8.92626043777448e-07,1.25162224013045e-05,"SYBU"
"55644",871.492029961712,-0.592860405677756,0.18485501323869,-3.20716433539315,0.0013405039559862,0.00692941572828225,"OSGEP"
"55652",1429.19636316301,0.878723720965085,0.202247145779135,4.34480159203185,1.39401601559994e-05,0.000138956056489632,"SLC48A1"
"55657",665.584820675965,-0.793138824951611,0.257875106957947,-3.0756703673649,0.00210029900623405,0.00997520875503501,"ZNF692"
"55658",1202.40413019524,0.873668558448742,0.319851091052371,2.73148531578932,0.00630495505788644,0.0246357621320301,"RNF126"
"5566",3330.86978818941,0.556222597283908,0.189113623737662,2.94120849831263,0.0032693439405801,0.0143672450198337,"PRKACA"
"55662",2515.65983594922,0.521549556309848,0.19004306228149,2.74437566964341,0.00606261147612662,0.0239139915143931,"HIF1AN"
"5567",471.77141065028,-0.629542652178199,0.256918412995906,-2.4503601934838,0.0142713372029507,0.0476421026574015,"PRKACB"
"55670",1564.50981427796,0.41518423743733,0.167391452761245,2.48031921934221,0.0131264807716894,0.0445940716627257,"PEX26"
"55672",694.378265896561,-1.02897772235756,0.27271309620351,-3.77311444401515,0.000161222287619356,0.00117347933817426,"NBPF1"
"55679",1457.85570462822,0.966363446389882,0.33734921028947,2.86457894939393,0.00417564050454533,0.0175267912205467,"LIMS2"
"55686",805.858740181337,0.783234326685984,0.239508428946626,3.27017437394876,0.00107481207171393,0.00574647576211938,"MREG"
"55689",799.241309417383,-1.14628234861,0.231956191415751,-4.94180535390599,7.74024712306469e-07,1.09803753811967e-05,"YEATS2"
"55692",997.711565617163,-1.2178900528062,0.303110599242372,-4.01797250195251,5.87010453257074e-05,0.000493991135316583,"LUC7L"
"55698",102.343328649518,0.714037792713434,0.290577094059781,2.45730929006584,0.0139982112042202,0.0469358493936583,"RADIL"
"5570",173.488324747473,0.941103965759217,0.2427249087159,3.87724511150499,0.000105645912252284,0.000817832063858977,"PKIB"
"55701",2120.41450377854,-0.65093195099923,0.247435975370074,-2.63070861068474,0.00852070577043884,0.0314206749513997,"ARHGEF40"
"55704",416.231115190841,-0.969620013461666,0.243311330660212,-3.9851001218507,6.74516787445567e-05,0.000556260158364566,"CCDC88A"
"55713",51.1576875353097,-1.48468751768176,0.542581612838464,-2.73633953409288,0.00621268868145562,0.024353834282819,"ZNF334"
"55714",662.833079986731,-4.68820014798877,0.425714600664405,-11.0125425359431,3.32486023310297e-28,9.24850311326914e-26,"TENM3"
"55715",3838.19901134487,0.772263253758581,0.241351478077011,3.19974528398027,0.00137549090184458,0.00707297145230299,"DOK4"
"55722",205.365727567684,0.723957316346544,0.22590251199449,3.20473336022133,0.00135187653019444,0.00697943980374277,"CEP72"
"55723",151.959671569841,0.805405156367198,0.191177445335047,4.21286703018596,2.5214951604129e-05,0.000233374354235338,"ASF1B"
"55738",4219.66071601048,-1.42515233154227,0.240004364205612,-5.93802673655277,2.88473006863258e-09,7.50686267164766e-08,"ARFGAP1"
"55740",3022.05910506668,-1.54219504802737,0.257550712727257,-5.98792770439947,2.12531487920496e-09,5.66677221160036e-08,"ENAH"
"55752",3628.28601933007,-2.53244178134732,0.3220840803047,-7.8626729360593,3.76021901477226e-15,2.60607232996876e-13,"SEPTIN11"
"55757",303.721789829252,-1.4061101101833,0.300358192722044,-4.68144416984337,2.8486098098755e-06,3.49022525752841e-05,"UGGT2"
"55762",174.783203167427,-0.63373689466195,0.238941162281651,-2.65227175012623,0.00799521643839872,0.0298491585072439,"ZNF701"
"55765",2086.44053871224,1.08672693493223,0.213981093551658,5.07861193199238,3.80202410161734e-07,5.87103256621841e-06,"INAVA"
"55766",2227.00330054927,0.701221136001942,0.28500501878625,2.46038171183171,0.0138789314736458,0.046604229274637,"H2AJ"
"5577",357.663509804418,1.70716867857067,0.356777795258568,4.78496336167286,1.71018526092815e-06,2.23507640704413e-05,"PRKAR2B"
"55779",538.201042444484,-0.637521958785092,0.257291137057139,-2.47782323976248,0.0132186613490577,0.0448702053444928,"CFAP44"
"5578",396.704592494426,-0.593957867897499,0.220164560030616,-2.69779054274178,0.00698013441621927,0.0266912663614077,"PRKCA"
"55780",555.130007463468,-0.481696562589942,0.198046999769407,-2.43223357662978,0.015006026724704,0.0495960266700878,"ERMARD"
"55781",403.293214831401,-0.641275099162721,0.201742782654415,-3.17867678201517,0.00147948968066554,0.00751616254425906,"RIOK2"
"55788",1573.90763174491,0.902825648112362,0.184731361158432,4.8872354019958,1.02261794879216e-06,1.40236961078867e-05,"LMBRD1"
"55790",695.63511555508,-1.13434104078804,0.188236363394403,-6.02615254742946,1.67908711839446e-09,4.55967404288014e-08,"CSGALNACT1"
"55793",1005.16547915884,0.572794839280177,0.16546891421919,3.46164620698132,0.000536882415166359,0.00323039685290392,"MINDY1"
"55796",546.208560627679,0.727724651944215,0.214668175436923,3.38999784417531,0.000698931733062671,0.00402653534658887,"MBNL3"
"55799",66.7325776271285,-2.23486764762044,0.409318606600668,-5.45997081877292,4.76212848962615e-08,9.06786797691625e-07,"CACNA2D3"
"5580",1511.99821773676,0.700929080692531,0.184873487043607,3.79139860399344,0.00014980130596811,0.00110322364295084,"PRKCD"
"55806",6769.41702137923,0.656587811119708,0.249037189098843,2.63650506775961,0.00837649489715043,0.0310111098854217,"HR"
"55810",1778.68855654802,0.55482149582099,0.196479779822291,2.82380963742328,0.00474565618508206,0.0195682265452182,"FOXJ2"
"55816",92.930808024216,-2.63385382974706,0.283983285257641,-9.27467906203537,1.78154568408347e-20,2.39681937001139e-18,"DOK5"
"55825",209.300129380148,1.51005230924892,0.426874625532675,3.53746092863825,0.000403993953778033,0.0025500802037924,"PECR"
"55830",1727.90597666562,-1.35583831456404,0.190358175184672,-7.12256415175605,1.05937417285105e-12,5.0594334046325e-11,"GLT8D1"
"55835",95.6226884565604,-1.5520814712635,0.461227007081613,-3.36511402722101,0.000765120320295306,0.00433982823724403,"CENPJ"
"55840",31.1345868262352,-1.4870902348825,0.348183875698437,-4.27099110175473,1.94606173926365e-05,0.000186662324515392,"EAF2"
"55841",1550.06611476383,-0.468450991175656,0.155609756028374,-3.01042173146419,0.00260885175811369,0.0119547205229324,"WWC3"
"55843",114.982741353568,-0.945241182121522,0.333254720508202,-2.83639247684192,0.00456263386648969,0.0189387488420697,"ARHGAP15"
"55847",449.760518939088,-0.566593369348462,0.156673137303744,-3.61640405687417,0.00029872396607414,0.00197651369902607,"CISD1"
"55856",574.91471687457,-0.621973528977551,0.158946982514603,-3.91308799410777,9.11233104873258e-05,0.000718376952535853,"ACOT13"
"55858",1180.3835391051,-0.707970305067995,0.249931270292488,-2.83265997183736,0.00461624614629937,0.0191227230177956,"TMEM165"
"55861",673.46051159866,0.777039880423833,0.230632041510687,3.36917574563388,0.000753933404891958,0.00428582303405028,"DBNDD2"
"5587",219.212975066943,-1.40419252820177,0.25797415847923,-5.44315188962939,5.2345975453022e-08,9.86712050114473e-07,"PRKD1"
"55876",221.26716600915,-1.35413268827063,0.357999788077426,-3.78249578175103,0.000155263725318117,0.00113532807174001,"GSDMB"
"55879",27.5175541801506,1.94856100403021,0.586912041420696,3.32002219500126,0.000900102917039408,0.00496646614935765,"GABRQ"
"5588",30.337869484201,-1.21536428914837,0.435220027337192,-2.79252840588319,0.00522978755722018,0.0212201748625705,"PRKCQ"
"55885",36.2239730743737,2.67584286133898,0.48710062713962,5.49340877890512,3.94248791570721e-08,7.62708376474787e-07,"LMO3"
"55888",75.8437885004533,-1.88852414042263,0.408539846729138,-4.62261920236808,3.7892493564304e-06,4.43421880345443e-05,"ZKSCAN7"
"55890",1609.22498590303,1.6949154612718,0.290860946232024,5.82723629015407,5.63527973312482e-09,1.36466585913696e-07,"GPRC5C"
"55893",3688.92232851062,0.933420401694001,0.25123374255836,3.71534648247806,0.000202925438841075,0.00143343075947313,"ZNF395"
"55898",3946.65401434558,0.61390774025512,0.217608710063996,2.82115426388299,0.00478511861705593,0.0197033169860931,"UNC45A"
"5590",630.11259280897,0.653016010810891,0.214198177426108,3.04865344167628,0.00229869489073748,0.0107244641049275,"PRKCZ"
"55902",2239.76221618305,0.948105624948951,0.19411794630155,4.88417296294763,1.03863873690556e-06,1.42149865428618e-05,"ACSS2"
"55911",345.938015742468,-0.793422357236441,0.235692165348715,-3.3663501545015,0.000761699529805775,0.00432399975772809,"APOBR"
"55916",378.308925426962,0.834517175148594,0.239898693536492,3.47862325903685,0.000503996595731387,0.00306073177136683,"NXT2"
"5592",232.9289754851,-1.34404810810604,0.31848774196525,-4.22009368339423,2.44200817134322e-05,0.000226898649080995,"PRKG1"
"55937",162.673523984346,0.691463254591485,0.242238143499487,2.85447718762321,0.00431077275008432,0.0180351516844991,"APOM"
"5595",3839.99179928994,0.838247807137572,0.247488367262872,3.3870190199575,0.0007065648919586,0.00406368587205248,"MAPK3"
"55957",375.46302259127,-0.592101603561458,0.222179177087581,-2.66497342965699,0.00769944058623344,0.0289682480400346,"LIN37"
"55959",6529.20534526121,-2.59625461061879,0.292456412140368,-8.87740703518131,6.84369943384563e-19,7.57369404012249e-17,"SULF2"
"5596",91.5646607162308,4.31559097260366,0.534242713035011,8.07795945046582,6.58594971154343e-16,5.07734789746854e-14,"MAPK4"
"5600",738.723446758014,-1.08939223212734,0.234014078901107,-4.65524227107596,3.23599967709157e-06,3.8862203823368e-05,"MAPK11"
"56006",777.774568644842,-0.831106178456914,0.23216266893658,-3.57984417677395,0.00034379915728901,0.00222190325074945,"SMG9"
"5602",78.1650945549247,0.841282340106485,0.301873478282313,2.78687066148857,0.00532197155210242,0.0215390213190083,"MAPK10"
"5603",6001.9916223554,1.24274246270472,0.203942748871649,6.0935849378339,1.10409709060166e-09,3.11325130314309e-08,"MAPK13"
"5606",2477.66377816662,0.740184436433182,0.271732825222236,2.72394193019495,0.00645078475615492,0.0250817819079511,"MAP2K3"
"56061",1195.15133731814,-0.643646257336092,0.215227117990101,-2.99054442277898,0.00278480620487159,0.0126260905112504,"UBFD1"
"56063",244.858696683451,-0.977753581558044,0.220610679252956,-4.43203196177523,9.33491758839033e-06,9.8135824126367e-05,"TMEM234"
"5609",1642.92244552632,0.591224367521972,0.226550976052713,2.60967477528946,0.00906283377384987,0.0329928217151304,"MAP2K7"
"5610",941.728822951049,-0.678879219538742,0.196560457818622,-3.45379343878607,0.000552760581759885,0.00330564317691617,"EIF2AK2"
"5616",285.053036393689,4.83961409744403,1.23587163223655,3.91595208693787,9.00481317559811e-05,0.000711696697240076,"PRKY"
"56172",3127.98864972174,0.667617299553897,0.183112271432743,3.64594515883723,0.000266410792039224,0.00179502446590356,"ANKH"
"56241",1594.80110352856,1.77703623909797,0.308831192512571,5.75406980311949,8.71201558089072e-09,1.99032329319705e-07,"SUSD2"
"56243",1371.21574627517,-1.2637545984433,0.262704920195813,-4.81054788582313,1.50517136377768e-06,1.98988101168913e-05,"KIAA1217"
"56261",1132.37887044493,-1.01670471562175,0.278666577748642,-3.64846306232969,0.000263813823361259,0.00178453622742956,"GPCPD1"
"56262",2125.96385268255,0.749816234066123,0.244162687722041,3.07096977454527,0.00213364748659044,0.0101032895937377,"LRRC8A"
"56265",7383.97904111639,-4.86525740861266,0.446528768731776,-10.8957311360495,1.20792452579454e-27,3.30583720464164e-25,"CPXM1"
"56270",2808.56380303861,0.489245860275699,0.171860324791817,2.84676443424826,0.00441660309859259,0.0184105626126833,"WDR45B"
"5629",48.0306576763484,-1.07178245857497,0.377633546700805,-2.83815478772635,0.00453751724200988,0.0188458948566447,"PROX1"
"563",10017.9950975787,1.03429690009075,0.294632027954475,3.51047001668997,0.000447315251404232,0.0027716848690261,"AZGP1"
"5630",31.9785452050636,1.862041092292,0.48048732665096,3.87531780550925,0.00010648562979277,0.000823712966424042,"PRPH"
"5631",796.389660694918,-0.399238100077817,0.150507999806107,-2.65260385223468,0.00798735524829442,0.0298333733316807,"PRPS1"
"5634",779.236419136513,0.707655865630931,0.164475345928457,4.30250419378201,1.68878473331325e-05,0.000165218369536692,"PRPS2"
"5639",385.783588095697,0.936873865720758,0.278616648026939,3.36259111706123,0.000772146391295265,0.00437124898746472,"PRRG2"
"5641",3298.56738067037,-1.25329189199696,0.247942618499811,-5.05476589535137,4.30919017126895e-07,6.56067829034024e-06,"LGMN"
"5646",970.259773672862,0.769755165085869,0.276440013047428,2.784528753997,0.00536055679152472,0.0216653644211162,"PRSS3"
"56477",319.01107063943,1.15159991534491,0.237068895322006,4.85765926306237,1.18781587317404e-06,1.6064390232204e-05,"CCL28"
"5648",1548.03911001293,1.58601285228265,0.293940273742582,5.39569767724854,6.82577956437102e-08,1.25448077279476e-06,"MASP1"
"5650",8803.81630927634,1.22679155987985,0.247441814252831,4.95789914725708,7.1259535489247e-07,1.02145284018848e-05,"KLK7"
"5652",3711.91076151559,1.10864397129691,0.32551909802493,3.40577243554539,0.000659771488820514,0.00384070597451399,"PRSS8"
"56521",27.886031592448,-3.34646128549404,0.538601447496723,-6.21324227969959,5.1902327823774e-10,1.56650662159027e-08,"DNAJC12"
"5654",29802.9125766398,-3.35906395956354,0.320352247180429,-10.4855326882463,1.00676717047488e-25,2.20460589755904e-23,"HTRA1"
"5655",2328.24823280147,0.866865295948718,0.238454527255008,3.63534844956697,0.000277605153276499,0.00185768025846666,"KLK10"
"56603",1853.57415664389,1.32220185201284,0.297640249689754,4.44228175924137,8.9009896610974e-06,9.46083141621732e-05,"CYP26B1"
"5662",237.352575275339,-2.49142236312323,0.31173666037798,-7.99207369483715,1.32687677958544e-15,9.68525944361227e-14,"PSD"
"56649",499.436290811875,-3.81728885868321,0.74625475209434,-5.11526237919438,3.13305137356606e-07,4.9494036433986e-06,"TMPRSS4"
"56666",48.3524726947569,-1.47306478490668,0.303534898971644,-4.85303268222972,1.21587643778843e-06,1.63793197614117e-05,"PANX2"
"56674",1879.88803896262,0.370300599236432,0.140902288081051,2.62806661467006,0.00858716978953875,0.0315865444867523,"TMEM9B"
"56681",3270.29247513717,-0.937493791170998,0.152878233609626,-6.13229083719585,8.66225571349639e-10,2.49027753640516e-08,"SAR1A"
"5672",42.9836357311826,-3.82101424398893,0.666402485075408,-5.73379351002354,9.82088850804024e-09,2.21416395453998e-07,"PSG4"
"56849",44.879573466215,-1.39789562702444,0.560904180005378,-2.49221823772296,0.0126948008867272,0.0433997311829254,"TCEAL7"
"5685",1602.99764707516,-0.730880197172234,0.248078834948402,-2.94616103515743,0.00321744846055238,0.0141785397371034,"PSMA4"
"56886",1353.43992953768,-0.412770691921405,0.160000396087128,-2.57981043807311,0.00988545624998805,0.0353697603771518,"UGGT1"
"56892",106.080258949668,-1.13609894012473,0.457122562780702,-2.4853267649135,0.0129432566327791,0.0441172370473796,"TCIM"
"56893",1871.17094436008,0.596137417148876,0.161898980887429,3.68215669969769,0.000231269180889512,0.00159670850235543,"UBQLN4"
"56894",2618.0550470702,1.00741163899922,0.266653647345698,3.7779780964075,0.000158106780780739,0.00115406736723076,"AGPAT3"
"56895",493.154069348109,-2.23323600375137,0.301106900174598,-7.41675465575989,1.20024986780526e-13,6.69537758235866e-12,"AGPAT4"
"56899",177.584334473397,-0.798369010202195,0.285798393149799,-2.79346920534902,0.00521459937342802,0.0211668928224497,"ANKS1B"
"5690",2853.24603216082,0.544277906861363,0.170802930757143,3.18658412035825,0.00143963616403964,0.00734774877277261,"PSMB2"
"56904",6010.32080930844,0.746887704108892,0.274704642181407,2.71887543718926,0.00655042708169382,0.0253924653577374,"SH3GLB2"
"56917",597.060083429194,-2.02208792053885,0.300822106078614,-6.72187276027653,1.79403588492497e-11,7.03398755338963e-10,"MEIS3"
"56920",1468.61158730339,1.63162247005229,0.275439029832483,5.92371557162618,3.14747659250509e-09,8.12894080051754e-08,"SEMA3G"
"56924",887.476053739176,0.903227369193713,0.232249411358925,3.88904050997933,0.000100641319744006,0.000783213960533315,"PAK6"
"56927",2165.50895892831,0.622231976538919,0.245120808038283,2.53847064848831,0.011133814175157,0.0389692615408211,"GPR108"
"56935",409.709941824182,-0.979657415367612,0.18173629374304,-5.39054360133902,7.02448692708739e-08,1.28640604009935e-06,"SMCO4"
"56937",3177.01058810065,-1.64692853287552,0.297423202986118,-5.53732363965024,3.07128703099321e-08,6.09637147984226e-07,"PMEPA1"
"56941",1677.33879172483,0.59029795530572,0.199988213917504,2.95166371928909,0.00316066940434951,0.0139882216768717,"HMCES"
"56942",319.504693080399,-0.521003039251717,0.204342327820252,-2.54965794316492,0.0107828656282633,0.0379214942921874,"CMC2"
"56944",8564.91517425174,-1.24880386693162,0.282273565327822,-4.42409074148091,9.68493096926269e-06,0.000101235741384873,"OLFML3"
"56952",154.738979486544,-1.47036791817113,0.237967290263171,-6.17886566067562,6.45638036159304e-10,1.9067164040607e-08,"PRTFDC1"
"56963",702.845972761233,1.14585530907595,0.343873632808761,3.33219880720893,0.000861626802760609,0.00479084984009302,"RGMA"
"56967",1888.83669800261,0.687134110612018,0.229048862228496,2.999945530952,0.0027002788998361,0.0123024658862829,"C14orf132"
"56978",121.001492113421,1.05019631089716,0.253913338774021,4.13604230470073,3.53347077089441e-05,0.000316230271078655,"PRDM8"
"56981",281.786504827545,0.702065490688523,0.219178425780572,3.20316877990258,0.00135924294597833,0.00700692632106633,"PRDM11"
"56994",920.814094300559,0.888154575597082,0.202408638502757,4.38792821377031,1.14435531166072e-05,0.000117132818176153,"CHPT1"
"56995",934.645227403972,0.377438705190618,0.14448488780834,2.6123057637093,0.00899337800635295,0.0327877599863211,"TULP4"
"56998",14857.8237748891,1.17970891379701,0.236864762141285,4.98051674353038,6.34147153591602e-07,9.23146040277903e-06,"CTNNBIP1"
"56999",433.67123331107,-2.67193931366793,0.377247834810734,-7.08271610096434,1.41356080157128e-12,6.62795798167271e-11,"ADAMTS9"
"57001",182.527337266769,0.751383276575085,0.178278894025267,4.21465076212888,2.50164996202939e-05,0.000231746007283587,"SDHAF3"
"57002",223.730594722604,-0.752713758071198,0.206586608595344,-3.6435747853608,0.000268877480884518,0.00180868433546631,"YAE1"
"57007",1605.54556914645,0.77539421843911,0.29494124392366,2.62897859968275,0.00856417501812158,0.0315357743422209,"ACKR3"
"57016",249.79246416857,-2.46712432724136,0.680359864995227,-3.62620497500785,0.000287617080032376,0.00191277045804416,"AKR1B10"
"57030",257.114291711287,1.85671375358006,0.410622638337323,4.52170333593439,6.13439935935699e-06,6.77780335013443e-05,"SLC17A7"
"57037",498.084811741906,-0.615157621429759,0.204013143984633,-3.01528425774417,0.00256738515272604,0.0117856949116219,"ANKMY2"
"57038",1312.90907288196,-0.662397948729318,0.144001898126338,-4.59992512146035,4.22642833096657e-06,4.88197535154971e-05,"RARS2"
"57045",750.147127318491,-1.19787195552665,0.309873528271598,-3.86568017670982,0.000110780030085067,0.000852765945875472,"TWSG1"
"57057",3.68159947486768,-5.2354243292303,1.47258023056861,-3.55527272507845,0.000377587219139606,0.00240925459354298,"TBX20"
"57089",544.749299509155,-1.89243477972697,0.328244123682523,-5.76532721590267,8.14995607039962e-09,1.88070286718728e-07,"ENTPD7"
"5709",3919.8227052432,0.657307552987552,0.20076635921724,3.27399249331563,0.00106039428240266,0.00568563581895712,"PSMD3"
"57097",149.866272487776,-0.858540781271692,0.249991524692533,-3.43427955138728,0.000594131118060983,0.00351829543560623,"PARP11"
"57099",379.433931996199,-0.430129466772878,0.167554594785743,-2.56710039687599,0.0102552915257428,0.036401952192773,"AVEN"
"57102",350.585094250219,-0.884334150742302,0.260613512222027,-3.39327820419727,0.000690614600336198,0.00398643043559178,"C12orf4"
"57104",3034.20868736516,1.41382569874591,0.354468219602809,3.9885823906305,6.646931744836e-05,0.000549259104920531,"PNPLA2"
"57106",264.775500611489,-1.11549049004045,0.325912041474639,-3.4226734458575,0.000620085229471249,0.00364264679321809,"NAT14"
"57111",5080.74908820124,0.763410987692982,0.195613517775737,3.9026494506796,9.51454532974954e-05,0.00074580122264876,"RAB25"
"57115",617.530517914644,1.2796977848329,0.321256944637009,3.98340893853311,6.79337092344362e-05,0.000559144270325494,"PGLYRP4"
"57120",1081.88688061823,-0.847627994854691,0.262159023813799,-3.23325889196447,0.00122386596379213,0.00641672363695804,"GOPC"
"57121",430.436077975704,0.757965522804484,0.237017680025184,3.19792819980327,0.00138418739676408,0.00710881072230336,"LPAR5"
"57125",1388.0081115836,-2.15755933744547,0.287492619955044,-7.50474686196414,6.15474201706852e-14,3.58892945267248e-12,"PLXDC1"
"57127",335.924227233056,0.724629131571496,0.266626567846682,2.71776791571716,0.00657239213040709,0.025455695558557,"RHBG"
"57132",2103.67555717998,1.00765833971888,0.151200710631343,6.66437568653859,2.65792768279172e-11,1.01504236405538e-09,"CHMP1B"
"57142",8065.77151739136,0.938240161206936,0.163917342829669,5.72386145974734,1.04129674770378e-08,2.33741027859702e-07,"RTN4"
"57146",2245.53704591357,0.69898583555023,0.174452980682021,4.00672910727897,6.15654048714496e-05,0.000515928471232613,"LDAF1"
"57152",8390.9155731665,1.46280944695983,0.283561423588042,5.15870398889307,2.48665087022717e-07,4.05909766159842e-06,"SLURP1"
"57153",7770.50405563892,0.731483654627615,0.186384150633429,3.92460223759187,8.6873159335646e-05,0.000690690271056369,"SLC44A2"
"57156",215.899963213216,1.93332378358504,0.483292424589087,4.00031882400977,6.32572014808478e-05,0.00052758761559229,"TMEM63C"
"57157",436.814281918826,-1.60218351901992,0.280675267793105,-5.70831741470339,1.14098487853344e-08,2.53628863280048e-07,"PHTF2"
"57158",281.266992371354,2.64099227722386,0.533939050536852,4.94624297392832,7.56595125105542e-07,1.07702310201746e-05,"JPH2"
"57162",1127.25481933902,0.856846330597946,0.268457181662863,3.191743000841,0.00141417099539162,0.00724292007194353,"PELI1"
"57167",221.883136138994,-5.06943010563811,0.384042334698069,-13.2001856243886,8.75191268009014e-40,5.81127001957986e-37,"SALL4"
"57168",192.310995545945,0.816558954130262,0.330939142030918,2.4673991390658,0.0136098557134462,0.0458803259098555,"ASPHD2"
"57172",8.36215367192708,2.38072743438868,0.858847426139798,2.7720027584983,0.00557125644332303,0.0223807069924593,"CAMK1G"
"57178",3586.72402603922,0.670997336783613,0.252008240482724,2.66260077645997,0.00775393473383004,0.0291413168817158,"ZMIZ1"
"57179",3041.62280208737,0.828139764264917,0.182477603814986,4.53830906890124,5.67071067959245e-06,6.309508574526e-05,"KIAA1191"
"57185",913.230588253755,0.830933860508406,0.176956286352438,4.69570128101277,2.65693588531587e-06,3.27487235109832e-05,"NIPAL3"
"57188",161.618104286373,1.19525716033204,0.262323648600715,4.55642168255806,5.20324270936717e-06,5.86074664475036e-05,"ADAMTSL3"
"57194",645.143731711043,-1.88918776410332,0.279394677130224,-6.76171709320999,1.36365787819029e-11,5.45039490576095e-10,"ATP10A"
"57198",1773.05020221845,-1.16397962639095,0.273047435048942,-4.26292093233659,2.01771928447465e-05,0.000192420428929453,"ATP8B2"
"57209",259.111473068401,-1.12773630937692,0.326256436095469,-3.45659482728771,0.000547046695247421,0.00327909411035903,"ZNF248"
"5721",1519.65806054556,-0.679292340428535,0.251586550432845,-2.70003439873808,0.00693323070535908,0.0265661989648383,"PSME2"
"57213",380.581718420219,0.459592289165013,0.173382442424992,2.65074296299546,0.00803149378836681,0.0299445516249124,"SPRYD7"
"57214",289.546241134048,-1.59542323678586,0.417383379085588,-3.82244075047058,0.000132137234628526,0.000990756343466205,"CEMIP"
"57221",282.976260284802,2.07375695913554,0.284282976216594,7.29469272741661,2.99341449541099e-13,1.56784844716387e-11,"ARFGEF3"
"57224",923.757188928495,0.620786907865447,0.171241033767563,3.62522284645912,0.000288712382618077,0.00191890722757846,"NHSL1"
"57228",668.938058509895,0.794959539320478,0.144348934657506,5.50720752603171,3.64570398267238e-08,7.11309675633444e-07,"SMAGP"
"5725",4800.1423952848,0.844407722063085,0.241198875590823,3.5008775227276,0.000463728910084079,0.00285448441542185,"PTBP1"
"5727",342.417845416915,1.11759393084286,0.252467162032178,4.42669027467586,9.56899758506848e-06,0.000100289331105422,"PTCH1"
"57291",950.911054883096,0.998720625000413,0.156157911324904,6.39558134792454,1.59937664331963e-10,5.30993045582118e-09,"DANCR"
"573",3100.84056522423,0.544089427866249,0.216541755500379,2.51263053912619,0.0119834761221004,0.0414065431479808,"BAG1"
"5732",82.816582682575,0.967491103634824,0.329178496441426,2.93910785210412,0.00329158511556396,0.0144286931944407,"PTGER2"
"57333",4314.09180980279,-2.29942656226442,0.364814761846417,-6.30299758328436,2.9194344553267e-10,9.20351572181778e-09,"RCN3"
"57336",217.7672699028,-0.866312473903783,0.241295652343713,-3.59025314169261,0.00033035697177003,0.00215123945172866,"ZNF287"
"57338",46.6910175603585,-3.47491394532783,0.481593815959002,-7.21544552728153,5.37576771042574e-13,2.66638078437117e-11,"JPH3"
"57348",254.989045124852,2.44963077624669,0.458115218802465,5.34719362227288,8.93284417522894e-08,1.59060263410824e-06,"TTYH1"
"5738",2978.00277833878,-1.09426051479116,0.264197259157086,-4.14183144171278,3.44543522620519e-05,0.000309292798500687,"PTGFRN"
"57381",837.992332488383,-1.37605637468414,0.182663239729114,-7.53329666508052,4.94750306761123e-14,2.91803447403179e-12,"RHOJ"
"57393",19.035207478251,1.30546781052165,0.443459988973562,2.94382321512997,0.00324185119632978,0.0142646996633716,"CLTRN"
"57402",13301.0006788694,0.916004754332411,0.223164439170825,4.10461791195702,4.04983671538063e-05,0.000357316069221581,"S100A14"
"574036",54.5715133924151,-0.752997952724525,0.294857521809375,-2.55376884436863,0.0106563976094459,0.0375408674298877,"SERTAD4-AS1"
"57409",977.155802924054,0.748467268145738,0.221798510741017,3.37453694186291,0.000739399911562834,0.00421484568806684,"MIF4GD"
"57413",14.2523973169933,-1.42250857472123,0.582051900186279,-2.44395486771193,0.0145272437329752,0.0483089539721011,"TMIGD3"
"57446",1321.8047537531,0.409039166361551,0.16059294916983,2.5470555742082,0.0108636130925261,0.038179377137879,"NDRG3"
"57447",8669.3071632345,1.53597804438346,0.205202738613318,7.48517322314026,7.14528300372705e-14,4.10833813823233e-12,"NDRG2"
"57449",4730.00440387093,1.07801616531411,0.235493234688182,4.57769484011515,4.70127835883422e-06,5.36425242451461e-05,"PLEKHG5"
"5745",420.252645324941,-0.942657325499282,0.302944124504344,-3.11165409476613,0.0018604234978839,0.00905104166401374,"PTH1R"
"57452",1719.85089195632,1.40180587813363,0.271451709275725,5.16410775925436,2.41588497910173e-07,3.95298699601193e-06,"GALNT16"
"57453",20.5035278868904,1.64839424868402,0.538719837203276,3.05983580861165,0.00221458363796471,0.010388557339076,"DSCAML1"
"57455",1348.7415695056,0.682276455961057,0.263081376182014,2.59340461823121,0.00950308948631223,0.0342817374669209,"REXO1"
"57456",776.081681566755,0.402028098084985,0.164181489391527,2.44868102716658,0.0143380359610846,0.0477795260195832,"KIAA1143"
"57458",501.884605881965,0.488480165262856,0.198799979226116,2.45714394520764,0.0140046559208654,0.0469498106636959,"TMCC3"
"57459",1388.55003235291,0.382961779679093,0.140384167712381,2.72795562291401,0.0063728180749122,0.0248317252180358,"GATAD2B"
"57462",416.336123410118,1.31546212575526,0.237454546162479,5.53984813942096,3.02734051380064e-08,6.02657419110951e-07,"MYORG"
"57463",260.301521207989,0.675402827433485,0.272837339205549,2.47547798772752,0.0133057963669377,0.0450619467616068,"AMIGO1"
"57467",37.6566342956153,4.05269853087291,0.7633370250889,5.30918637203655,1.10115689833083e-07,1.91276064094867e-06,"HHATL"
"57471",37.3965282380747,-3.45093395695683,0.58485355276743,-5.90050952178982,3.62380703958544e-09,9.25789837211894e-08,"ERMN"
"57479",1858.94613903906,1.06085500731359,0.248142174590118,4.27519025762516,1.90974138396261e-05,0.000184122326217735,"PRR12"
"57482",43.2790121563284,-1.24138661868655,0.384116618162981,-3.23179617852364,0.00123014766519352,0.00643654284197851,"CRACD"
"57489",231.585802074461,-1.09613140437822,0.398299969953116,-2.75202482316844,0.00592280312069667,0.0234722717436311,"ODF2L"
"57493",1705.33817646058,-1.40227354763714,0.250896591503992,-5.58904981224038,2.28315459138756e-08,4.74711657667894e-07,"HEG1"
"57502",147.990707994174,-1.53716454554449,0.3475655557168,-4.42266076215271,9.74927564906538e-06,0.000101712665970786,"NLGN4X"
"57507",310.124221004164,-1.26816475865661,0.314813918866602,-4.02829952126093,5.61817394563195e-05,0.000475903261304066,"ZNF608"
"57512",7.57228845942455,-2.31579141664232,0.66192069168154,-3.49859348067711,0.000467719099821128,0.00287217480630015,"GPR158"
"57513",1090.70117118499,0.821978023532326,0.305784103409145,2.6880992647041,0.00718600311369774,0.0273261939945232,"CASKIN2"
"57521",1097.94296497416,0.870914128530707,0.322684086946474,2.69896832153106,0.00695547968563717,0.0266261157252604,"RPTOR"
"57522",420.960041963836,-0.813618487760039,0.230993419471539,-3.52225829472292,0.000427887025700357,0.00267023326302167,"SRGAP1"
"57523",3097.34958958648,0.869126995316272,0.235120474898086,3.69651769244256,0.000218577033138991,0.0015241157351399,"NYNRIN"
"57530",1033.25040652603,1.11667280628218,0.30557460176245,3.65433776184798,0.000257846645539581,0.00175038690173843,"CGN"
"57533",2564.15545173779,0.642643148264859,0.194322693603724,3.30709263209051,0.000942697132650241,0.00515802173803098,"TBC1D14"
"57535",750.702976370324,3.09145638148268,0.686177788044717,4.50532855383133,6.6270326189384e-06,7.2752447695055e-05,"ELAPOR1"
"57537",844.526454509647,-2.7212627600361,0.213037439699371,-12.7736362391335,2.30146245641449e-37,1.28035954602259e-34,"SORCS2"
"5754",5764.35044047338,-1.87819870060113,0.255292145775388,-7.35705634380783,1.88010007246955e-13,1.02110764885787e-11,"PTK7"
"57541",458.000107585291,-0.467255101831391,0.178140715423139,-2.62295512130125,0.0087170754228115,0.0319900660551171,"ZNF398"
"57549",1215.93790245515,0.9482816310871,0.276937153281935,3.42417627916361,0.000616666058082705,0.0036275795037824,"IGSF9"
"57552",155.114570074832,0.760778347575759,0.261490338216187,2.90939371896329,0.00362130490344676,0.015597602036524,"NCEH1"
"57555",1876.74730905681,-1.38654045423,0.191316083612762,-7.24738050271017,4.24909040086785e-13,2.14897486023253e-11,"NLGN2"
"57558",297.306217166124,-0.889492451347163,0.195837182721468,-4.54199983366925,5.57230851446812e-06,6.21682376486785e-05,"USP35"
"57559",106.591945324131,-1.00012992262266,0.284724329344357,-3.51262543993235,0.000443702500519488,0.00275261370424748,"STAMBPL1"
"57560",165.9753123443,-0.784208631742085,0.297479683881784,-2.63617542384415,0.00838463723021558,0.0310356721357233,"IFT80"
"57565",18.8379032099399,-2.09950061933831,0.562161844009255,-3.73469071533738,0.000187946019438882,0.00134096390437779,"KLHL14"
"57569",85.9305800985303,0.995764894092209,0.339153391700067,2.93603106576868,0.0033244102799229,0.0145481917693962,"ARHGAP20"
"5757",19117.3908675115,0.442096731084325,0.14798066587308,2.98753035388759,0.00281241365400186,0.0127316302295963,"PTMA"
"57571",135.157320729373,1.25636316466885,0.237026116456892,5.30052630254077,1.154693281283e-07,1.99732827747305e-06,"CARNS1"
"57572",2443.92445373672,0.538962487059942,0.17136750843028,3.14506811703583,0.00166048162964467,0.00826186943790326,"DOCK6"
"57573",140.540928226561,-0.909692217716703,0.370484662708319,-2.4554112741582,0.0140723486573945,0.0470923792495218,"ZNF471"
"57574",9.46835839074876,2.73272678614439,0.712619865643849,3.83476088429753,0.000125686506482917,0.000948014309067188,"MARCHF4"
"57583",1092.70839894141,-0.665913470924293,0.20833704483618,-3.19632771717539,0.00139188921584537,0.00714123819016975,"TMEM181"
"57584",918.359905278274,-0.809347465659389,0.218452939808117,-3.70490535110352,0.000211469681608455,0.00148107925356531,"ARHGAP21"
"57586",28.9406708436632,2.61000990262014,0.688088990483889,3.79312841611473,0.000148761174484165,0.00109752688730539,"SYT13"
"57592",1273.66919198481,0.800143911100801,0.258524051690771,3.09504630562528,0.00196782172663295,0.00945807861886519,"ZNF687"
"57593",303.117445237465,-1.02648316294661,0.2712640804033,-3.78407329647365,0.000154282354604188,0.00113136729147582,"EBF4"
"57596",37.872783492356,1.55054451528191,0.441752085790635,3.50998798909299,0.000448126935790013,0.00277420897633132,"BEGAIN"
"576",288.67308338086,-2.08201689357783,0.293834698594424,-7.08567403215918,1.38369159924608e-12,6.50271869380852e-11,"ADGRB2"
"57605",806.257338867373,0.789337260649037,0.198319017469363,3.9801390240902,6.88749769727301e-05,0.000565505594737406,"PITPNM2"
"57608",1367.57301138072,-1.94992164230752,0.230014768048256,-8.47737586092052,2.30329911562288e-17,2.12605869937136e-15,"JCAD"
"57611",69.5490347696,1.34873200059905,0.47225506611897,2.85593971851491,0.00429096594973009,0.01796372733288,"ISLR2"
"57616",406.306853505598,-1.55983743440094,0.266976295206443,-5.8426064875714,5.13903146412036e-09,1.25930742449349e-07,"TSHZ3"
"57619",428.935059313316,1.12082782377582,0.281284699162031,3.98467398729776,6.75728320545603e-05,0.000556813120500828,"SHROOM3"
"57628",7.65130838865121,3.16912215891459,0.951729744699739,3.32985511545025,0.000868911845374692,0.00482614177690034,"DPP10"
"57631",39.6854762289745,-1.59451741115709,0.368080497208901,-4.33198015990545,1.47774260798052e-05,0.000146029063094916,"LRCH2"
"57633",935.035115052295,-4.04473455561369,0.371254269862863,-10.8947825895922,1.22057728115412e-27,3.30583720464164e-25,"LRRN1"
"57636",5254.65045755745,1.02533040004969,0.252347849779898,4.06316281650111,4.84122359450558e-05,0.000418177702347054,"ARHGAP23"
"5764",1546.49095787308,-3.39097440842739,0.362681843972111,-9.34972198026035,8.78784143029287e-21,1.23053692517788e-18,"PTN"
"57642",18.5143546147399,-3.44760761492849,0.731777497558165,-4.71127853265871,2.46167515870533e-06,3.08218500406268e-05,"COL20A1"
"57648",8212.40330677992,1.46969127611614,0.234628858108192,6.26389817504219,3.75470704121011e-10,1.16924190221284e-08,"KIAA1522"
"57658",6711.00917679138,0.630154516118565,0.142065586987145,4.43565911690906,9.17910016925036e-06,9.67448017838451e-05,"CALCOCO1"
"57662",2989.14871055544,2.01476225394297,0.361670589870723,5.57071078039033,2.53702178159878e-08,5.22220563524292e-07,"CAMSAP3"
"57666",1403.25611397053,0.777628848984346,0.261632647511775,2.97221641251537,0.0029565820228623,0.0132588854811759,"FBRSL1"
"57669",442.224956265215,0.595901910253459,0.210661904792319,2.82871224790704,0.00467356993777058,0.0193174224094518,"EPB41L5"
"57670",164.048473534313,0.733818027301899,0.266764129432202,2.75081222075773,0.00594477099638124,0.0235412016524647,"KIAA1549"
"57674",2485.05106720404,-0.731507236883011,0.209045505158218,-3.49927273647603,0.000466529115418673,0.00286829011701851,"RNF213"
"57689",24.1890738956015,-1.61098998172684,0.493668485170753,-3.26330326954053,0.00110121609877052,0.00586327785232602,"LRRC4C"
"57690",370.96399976582,-0.471429687209698,0.183278673996441,-2.57220153840077,0.0101054045827193,0.0359691592479153,"TNRC6C"
"57691",75.61275336248,-0.893549766109524,0.241291066786846,-3.70320284960602,0.000212894516173106,0.00149004444777532,"KIAA1586"
"57699",164.208137403444,-0.913371110334196,0.296210760679963,-3.08351765559603,0.0020456897126463,0.00976088944022054,"CPNE5"
"577",22.4103637789379,-1.32757778153869,0.533275564507312,-2.48947799204943,0.012793083876402,0.0436559745543533,"ADGRB3"
"57705",255.927755253553,-1.02007294849282,0.307853209978495,-3.31350434372303,0.000921346759767883,0.00506273403712283,"WDFY4"
"57706",740.762223493739,1.01084276539372,0.288123562069457,3.50836550170805,0.000450869147660141,0.00278783134137469,"DENND1A"
"57713",134.231057187598,-0.793319893738694,0.257921419747459,-3.07582012581764,0.00209924444169198,0.00997480322894452,"SFMBT2"
"57715",910.437938302739,0.849896224349562,0.242358387386486,3.50677454786924,0.000453573263815151,0.00280118573728505,"SEMA4G"
"57716",508.256879199119,0.926439548205074,0.208205566391545,4.44963871168959,8.60148616310111e-06,9.18324643056396e-05,"PRX"
"57719",1410.84211212595,0.861205674571287,0.253080895585444,3.40288694086958,0.000666778656903977,0.00387711069878855,"ANO8"
"57722",705.562285152255,-2.69295200196785,0.331808394189233,-8.11598515627677,4.81859593572732e-16,3.78572437942791e-14,"IGDCC4"
"57731",76.2733944331679,1.08742355457722,0.373022233466611,2.91517088531549,0.00355493832861719,0.0153631850842444,"SPTBN4"
"57761",564.908013313621,2.00995349222889,0.278047366022409,7.22881687743412,4.87219870085798e-13,2.44608141606002e-11,"TRIB3"
"5778",177.651971053045,-0.942545325058297,0.312767606528764,-3.01356440175852,0.00258198233421165,0.0118368651152367,"PTPN7"
"57787",1525.75030415137,0.700722864445928,0.221047066002058,3.17001658117191,0.00152430238941346,0.00769780186057083,"MARK4"
"57799",3016.03308330429,1.09334967898706,0.332874496303451,3.28457028438235,0.00102138019465664,0.00551579275834375,"RAB40C"
"57801",128.187671330109,-0.866181113875332,0.334179062835482,-2.59196703266164,0.00954289158106573,0.0344007283669492,"HES4"
"57820",1219.15431177425,0.594747285631478,0.173687552375509,3.42423666806961,0.000616529031580543,0.0036275795037824,"CCNB1IP1"
"57822",1379.21611445284,0.835575155735885,0.259945444751954,3.21442507497375,0.00130706021178774,0.0067837940997072,"GRHL3"
"57823",200.571898712354,-1.79890420021668,0.292598646720582,-6.14802638487441,7.845298564002e-10,2.27127462224215e-08,"SLAMF7"
"57828",76.1636790096869,0.821613057984485,0.274329044683023,2.99499113895807,0.00274452814610973,0.0124736955971567,"CATSPERG"
"57863",2021.68276870752,2.19535499620859,0.331299474196611,6.62649707347782,3.43746285175063e-11,1.27719738881652e-09,"CADM3"
"57864",1050.34427237337,1.19459335637956,0.321755389614563,3.71273767258595,0.000205029369662828,0.00144531662504783,"SLC46A2"
"5788",387.494593660807,-1.34117988647547,0.319393131535213,-4.19915068313736,2.67917994903829e-05,0.000246748277722613,"PTPRC"
"5789",168.704777177943,-2.36650758568349,0.267958120712032,-8.83163226923329,1.03159112922782e-18,1.10595165645966e-16,"PTPRD"
"579",35.616417503378,-4.08076963553366,0.745949497028765,-5.47057093246662,4.48588121128688e-08,8.55768107999343e-07,"NKX3-2"
"5790",95.7655554881515,-0.970713049441449,0.389775881742571,-2.49043898022033,0.0127585402065698,0.0435597597631501,"PTPRCAP"
"5792",14874.3536700223,1.14266314082155,0.23091378925572,4.94844047427647,7.48104612548036e-07,1.06715075153768e-05,"PTPRF"
"5793",496.677449995984,-0.968905130147652,0.29961805953761,-3.23380083177539,0.00122154610568154,0.00640782493357511,"PTPRG"
"5797",1140.37696390501,-0.985225112008228,0.155853952231664,-6.32146376720544,2.59097134527545e-10,8.25176889741492e-09,"PTPRM"
"5798",29.431932416342,-4.185296095221,0.693286055363689,-6.03689640494132,1.5710650998826e-09,4.27196882641788e-08,"PTPRN"
"58",295.011869642328,5.24963820619839,1.24167097436086,4.22788187418216,2.35901578402627e-05,0.000219918391749985,"ACTA1"
"580",248.504602530425,1.01681431756391,0.298865878036144,3.40224291995267,0.000668352020873004,0.00388259521718888,"BARD1"
"5805",365.261253548429,-0.606676008946058,0.160350448235147,-3.78343818569433,0.000154676752321654,0.00113304849458681,"PTS"
"5806",62.3825392184085,-1.53126058428227,0.461551116467093,-3.31764029952562,0.000907813104173344,0.00500305888522198,"PTX3"
"581",1340.54400164978,-0.833809253359173,0.216113629581952,-3.85819836986721,0.000114225923557815,0.00087536351843413,"BAX"
"5818",18667.6032488172,1.10925627306214,0.270478247916565,4.1010923488543,4.11204401629131e-05,0.000362028716986058,"NECTIN1"
"58191",1270.42990966271,0.667415678709686,0.20442876202575,3.26478364441505,0.00109547718294083,0.00583876290358729,"CXCL16"
"582",924.141756306843,0.75755219582335,0.185263012139446,4.08906336496973,4.33118535844797e-05,0.000378891285245614,"BBS1"
"5820",80.76936022911,-0.976338773811795,0.297914653872281,-3.27724320076703,0.00104826036381155,0.00563231305891333,"PVT1"
"5824",1805.49387769104,0.653001294263325,0.208148310739992,3.13719237951933,0.00170574164849769,0.00843811249523587,"PEX19"
"5826",1356.07383533711,-0.709345241886633,0.174876897871709,-4.05625471700106,4.98658772269744e-05,0.000428855208198237,"ABCD4"
"5830",1453.61780192036,0.459900409830899,0.164389653528689,2.79762381609154,0.00514800317996256,0.0209406119808577,"PEX5"
"5831",2025.70144695412,-2.57159567931563,0.327519386988463,-7.85173574902367,4.10318330826554e-15,2.81533084057793e-13,"PYCR1"
"5832",2379.4683858697,-0.849630819802601,0.224563007912054,-3.78348521291336,0.00015464751636702,0.00113304849458681,"ALDH18A1"
"5833",926.074244600384,0.72930046535487,0.267109872013835,2.73033886713515,0.00632692538755789,0.0246934835376359,"PCYT2"
"5834",7900.64832922646,1.46109795329113,0.317538414965763,4.60132659366165,4.19808575935687e-06,4.85195942002256e-05,"PYGB"
"5836",1452.49339123206,-0.785494573640284,0.165708197465748,-4.74022761488699,2.1347826429124e-06,2.72426323135207e-05,"PYGL"
"5837",183.894943852732,1.4828390927946,0.433110993425883,3.42369303781793,0.000617763586423024,0.003631081000266,"PYGM"
"58473",180.999938265548,1.3806167829669,0.362918574339964,3.80420535233782,0.000142260131230412,0.00105514841076126,"PLEKHB1"
"58475",216.020880817727,-1.66559022574936,0.262045848322294,-6.35610232489096,2.06937207307624e-10,6.72921876022137e-09,"MS4A7"
"58477",1517.58060197592,-1.13544240679631,0.15238956569494,-7.45091963231452,9.26918174509434e-14,5.25611121325129e-12,"SRPRB"
"58484",20.9274611465237,-1.36861978670297,0.446025560576607,-3.06847837360188,0.00215151900578909,0.0101627526376073,"NLRC4"
"58486",975.961111377804,-0.720573254701479,0.236927824978287,-3.04131967094838,0.00235543609805787,0.0109544276191647,"ZBED5"
"58495",149.930058278892,1.16899469093545,0.285178251709142,4.09917195273264,4.14630907687212e-05,0.000364889380240854,"OVOL2"
"58499",252.162851207567,-0.775134002248671,0.277977113436778,-2.78848137051745,0.00529557930370163,0.0214490760305774,"ZNF462"
"585",355.795618565235,-0.642778622042732,0.221309385306497,-2.90443453698329,0.00367917133732673,0.0157969227418813,"BBS4"
"58504",199.833428339078,-1.7407378498134,0.251745962502927,-6.91466044780423,4.68985335014992e-12,2.04525299490436e-10,"ARHGAP22"
"58505",2139.33438198023,-1.40590904581271,0.165495230364783,-8.49516353259135,1.97654426051774e-17,1.85777109856152e-15,"OSTC"
"58509",732.896618136061,0.692539360105645,0.255743107289808,2.70794926770347,0.00677003704079684,0.0260865672871138,"CACTIN"
"58513",1428.2008907306,0.616978393349182,0.17830696133365,3.46020362152145,0.000539767058340382,0.00324585601194228,"EPS15L1"
"58516",717.99210217911,0.931104789061261,0.253355010056444,3.67509917744995,0.000237757037484368,0.00163405370937503,"SINHCAF"
"58524",28.8584643666926,-1.36592618056809,0.445803309802227,-3.06396599247785,0.0021842373791325,0.0102766496484716,"DMRT3"
"58526",714.300497165094,0.648231753212343,0.255506187549285,2.53704913931802,0.0111791261275785,0.0391145898708272,"MID1IP1"
"58528",652.451076044313,1.27300367679561,0.216121035283494,5.89023495619373,3.85646921712818e-09,9.76402981123819e-08,"RRAGD"
"586",433.966770366234,-3.00261630341969,0.279844188627529,-10.7296003470565,7.39151553741778e-27,1.85545068075863e-24,"BCAT1"
"5865",165.08532590296,2.107132698704,0.350923598773798,6.00453405261649,1.91882141461653e-09,5.15626892930373e-08,"RAB3B"
"5867",1409.85830121561,0.709895748701352,0.1622765757907,4.37460394540833,1.21653145286049e-05,0.000123173061611807,"RAB4A"
"5869",5739.20263126886,0.840533569752115,0.18257141484987,4.60386183917835,4.14727651399235e-06,4.8040258730455e-05,"RAB5B"
"587",888.907786215682,0.938136013804004,0.258950014074372,3.62284596568728,0.000291379352953732,0.00193351147685352,"BCAT2"
"5872",1852.7216216856,-1.08066988079873,0.210141245056889,-5.14258816971496,2.70979198592031e-07,4.37477319515166e-06,"RAB13"
"5879",9536.90594517055,0.31904376127891,0.130164353322904,2.45108398063059,0.0142426719200466,0.0475618362755094,"RAC1"
"5881",450.905155485193,-1.04730406039131,0.372286037746438,-2.81317039642679,0.00490556485427696,0.0201348249173354,"RAC3"
"5886",3232.36042609344,0.711170051942863,0.243274370624886,2.92332501001284,0.00346314823562861,0.0150359509137691,"RAD23A"
"5887",5238.91019595077,0.533624358158168,0.191417739527911,2.7877476741405,0.00530758657961447,0.0214933198500962,"RAD23B"
"5898",1715.10436489822,-0.408760418331395,0.160507722618078,-2.54667134804489,0.0108755804565781,0.0382018682795571,"RALA"
"58985",1888.62282540142,0.698851976552629,0.235931988811546,2.96209081300479,0.00305557647463377,0.0135903168007479,"IL22RA1"
"58986",761.051959197826,-0.650071462085797,0.26474014088258,-2.45550772889451,0.0140685727458886,0.0470883330645664,"PGAP6"
"5899",1742.96120325895,-0.442351961663308,0.158094494778409,-2.79802255153365,0.00514165226079474,0.0209202945515317,"RALB"
"59",7183.01783988214,0.954573757272812,0.30867400912456,3.09249800454566,0.00198479568087227,0.00952553842272672,"ACTA2"
"590",233.194872013256,0.886220859889866,0.275780993999208,3.21349505286217,0.00131130056978552,0.0068023717057624,"BCHE"
"5900",5440.46665693848,0.89176515682737,0.247557568896172,3.60225365277111,0.000315470311630182,0.00207001622397057,"RALGDS"
"59084",115.142295505932,2.14550025353065,0.408153870450055,5.25659661432315,1.4674570036963e-07,2.48814950280763e-06,"ENPP5"
"5909",292.139466007051,2.4462504127862,0.359674874995122,6.80128244381645,1.03691899292283e-11,4.23490883934992e-10,"RAP1GAP"
"5912",988.442842123397,-0.60768794525966,0.166796750697604,-3.64328407308949,0.000269181475195185,0.00180954653344797,"RAP2B"
"5915",130.624036168319,-1.44711858274554,0.351477863300157,-4.11723961548531,3.83437357925931e-05,0.000340348192132271,"RARB"
"5916",8569.46418581301,0.550167910176495,0.202714452924935,2.71400436544216,0.00664752902109367,0.0256914640199384,"RARG"
"5919",1976.62081444134,-1.85345354558212,0.320173968003453,-5.7888951970078,7.08508848024147e-09,1.67055511199645e-07,"RARRES2"
"5920",320.610788507785,-0.93569839978821,0.33673511362967,-2.7787372386037,0.00545706482589901,0.0219954437909989,"PLAAT4"
"5924",144.151497560512,-1.48472765629468,0.348307529625431,-4.26269181688765,2.01978989974988e-05,0.000192478496742831,"RASGRF2"
"59277",629.995538962088,0.710346059724041,0.283406037153248,2.50646057811369,0.0121946655288721,0.0420179101517078,"NTN4"
"593",1789.75341317962,0.717991700683342,0.270102924573844,2.6582152037641,0.00785557133121089,0.0294694879317742,"BCKDHA"
"59339",1017.75149852695,0.623476876902928,0.179743409326335,3.46870507931097,0.000522973208479485,0.00315593096550622,"PLEKHA2"
"59341",408.838232005884,0.830502833968982,0.296138824706337,2.80443752956925,0.00504044541806171,0.0205817354662532,"TRPV4"
"59342",2614.00200237638,0.55846287787279,0.175508925573183,3.18196283208357,0.00146280589639482,0.00744882040819344,"SCPEP1"
"59343",891.628007524707,0.509696533467791,0.196744093044146,2.59065736399732,0.00957928140078146,0.0344901046621804,"SENP2"
"59344",3184.06213641321,1.80199230383635,0.283712532801686,6.35147233730396,2.13263770268446e-10,6.91310464126882e-09,"ALOXE3"
"59350",6.19612559148704,-2.79273389865225,0.903905089410841,-3.08963178918766,0.00200404774389919,0.00959332994428391,"RXFP1"
"59352",399.809121006239,1.67200766448225,0.344864929838735,4.84829717322694,1.24525761839612e-06,1.67422487374694e-05,"LGR6"
"595",8106.43467216689,1.29555780330968,0.231368047186545,5.59955369405488,2.14904363425481e-08,4.49329221484952e-07,"CCND1"
"5950",829.576924320152,2.82133431116201,0.750999365289094,3.75677322986278,0.000172118332338721,0.00124007131706693,"RBP4"
"595101",189.022093922044,-0.744271493438724,0.193902296210319,-3.83838411398408,0.000123846640071008,0.000935851409405887,"SMG1P5"
"595135",52.2205982572047,1.19053620499705,0.283028627970724,4.20641619730496,2.59452229638732e-05,0.00023991755143233,"PGM5P2"
"5954",3755.47249854103,-2.06045140773753,0.217154163112928,-9.4884269230704,2.34546904524864e-21,3.44850963052842e-19,"RCN1"
"596",510.774090859814,0.725481654747141,0.169797218492778,4.27263568382893,1.9317593369318e-05,0.000185463312459907,"BCL2"
"5961",90.6019257868059,-2.27288692058687,0.429925975298254,-5.28669364303958,1.24546963950177e-07,2.14354072403884e-06,"PRPH2"
"5965",587.796989101016,-0.838487443153128,0.268891620104991,-3.11831005676463,0.00181891341663563,0.00888479206645179,"RECQL"
"5970",3307.59796226649,0.596299812621711,0.239179924561886,2.49310143279782,0.0126632665064294,0.0433207042992095,"RELA"
"598",2680.88919942337,1.00250136458426,0.248135495525646,4.04013687143218,5.34200166797413e-05,0.00045531992684712,"BCL2L1"
"5980",830.965919669353,-0.584112084894598,0.229339966469124,-2.54692670399966,0.0108676256647274,0.0381869591469354,"REV3L"
"5987",1171.34386924642,-0.908239320538818,0.165147140968865,-5.49957640931881,3.80704706939201e-08,7.40184542012723e-07,"TRIM27"
"5988",29.5715898857263,-4.27388666230661,0.513865492129692,-8.31713109318487,9.0118059083244e-17,7.63370423115018e-15,"RFPL1"
"599",2622.66640432743,0.657025171872951,0.182736478370913,3.59547900742261,0.000323795239481714,0.00211654531898749,"BCL2L2"
"5990",563.031785313447,1.64334532557499,0.367299129804699,4.47413345751404,7.67218136903254e-06,8.28128900367939e-05,"RFX2"
"5993",939.456917575438,-0.563357853761369,0.171415362220589,-3.28650738453886,0.00101438114181567,0.00548175936548534,"RFX5"
"5996",31.1896022923655,-1.75251327945167,0.592412393145435,-2.95826572794441,0.00309375303282271,0.0137393338570922,"RGS1"
"5998",1221.56461643974,-1.43891527549207,0.279643070303792,-5.14554240135074,2.66748939557674e-07,4.31849824829993e-06,"RGS3"
"5999",34.4551868316944,-2.61796180082764,0.604796340004366,-4.32866673896991,1.50014735406893e-05,0.000147941312317355,"RGS4"
"6000",15.589005924339,-1.99347992487368,0.726070141950204,-2.74557485523265,0.00604049854905327,0.0238514525481896,"RGS7"
"6001",518.512743792292,-0.763645651603478,0.188940958364206,-4.04171577309066,5.30615242730433e-05,0.000452826872154363,"RGS10"
"6004",282.325402508713,-1.53543294359367,0.245196345141913,-6.26205477371616,3.7993742765236e-10,1.18136435208402e-08,"RGS16"
"6016",583.492025132745,-0.566407586605551,0.224282209476313,-2.525423607731,0.0115558902285273,0.0402073097471275,"RIT1"
"602",1073.27917519062,-0.614111518524717,0.231244633416381,-2.65567900734347,0.00791489136435315,0.0296326161956794,"BCL3"
"6029",708.539311541845,-2.09166570517061,0.437076868360764,-4.78557859402467,1.70495450863169e-06,2.2308383040543e-05,"RN7SL1"
"60312",860.670611276063,-0.883660659560407,0.333815939853886,-2.64714938402041,0.00811734862154474,0.0302530335009736,"AFAP1"
"60370",1044.11528654814,1.00940353553399,0.260390104972782,3.8765049679576,0.000105967647295636,0.000820014305238111,"AVPI1"
"6038",1769.44861506256,0.662218591398465,0.152916196207942,4.33059811727172,1.48704866330926e-05,0.000146737342692031,"RNASE4"
"6039",235.897868853159,-1.52227740484772,0.248612379948022,-6.12309574111306,9.17745104609902e-10,2.63103972608499e-08,"RNASE6"
"604",3115.3453150037,1.08072396100019,0.228513023132383,4.72937579743147,2.25211179749655e-06,2.8492605556035e-05,"BCL6"
"60401",134.319071266728,-1.96654910018146,0.285130670323071,-6.89701005491005,5.31084245645615e-12,2.27746627341028e-10,"EDA2R"
"6041",302.867295550879,-0.70410027050699,0.252753984502745,-2.7857138311477,0.00534100001418975,0.0216032902912324,"RNASEL"
"60468",263.084674898117,-1.34636483095946,0.316100317551226,-4.25929604054027,2.05071722587259e-05,0.000194731423775146,"BACH2"
"60484",8.33687772946405,2.50800046327503,0.84429167856352,2.97053793961601,0.00297278683227813,0.0133112560703966,"HAPLN2"
"60489",206.118165607737,-1.04524718863975,0.246156774367305,-4.24626619083038,2.17362376528843e-05,0.00020514384037,"APOBEC3G"
"60492",670.83242832718,-0.468745717325058,0.167588285213587,-2.79700765914308,0.00515783105564154,0.0209695426524443,"CCDC90B"
"60495",105.038565320698,2.85795876580673,0.395253494620148,7.23069828529494,4.80516835541441e-13,2.41832727207458e-11,"HPSE2"
"605",593.635189321849,0.671181233060586,0.206918892010901,3.24369237887291,0.00117991101284354,0.00621953605336017,"BCL7A"
"6050",10069.6803654823,0.810098106742172,0.322021536293033,2.51566437471126,0.0118808261431884,0.0411070712910233,"RNH1"
"60529",136.718909616895,2.19940798708717,0.373881029856151,5.8826412988468,4.0377037142618e-09,1.01109602499227e-07,"ALX4"
"60560",803.848949944782,-1.18570175732648,0.203854560938978,-5.81641024789928,6.01248012009519e-09,1.44075542249173e-07,"NAA35"
"606293",10.0373328429942,-2.13916125086282,0.830968462938415,-2.57429896111636,0.0100443440418325,0.0358137498280062,"KLKP1"
"60676",28.954513548056,1.21965708101128,0.450219855736451,2.70902552490987,0.00674811479926028,0.0260069640569132,"PAPPA2"
"60680",14.0269888163667,1.47368874526084,0.510743046382579,2.88538190720067,0.00390939099434555,0.0166014143814155,"CELF5"
"60681",9304.66202723221,-2.50935159056356,0.318278166365342,-7.88414618325767,3.16693376013313e-15,2.2172845074347e-13,"FKBP10"
"608",17.6896760038095,-2.43077642499431,0.847214097563412,-2.86914067174427,0.00411588699899531,0.0173254433511901,"TNFRSF17"
"6091",1127.14469067374,-1.22711230863717,0.263066149410069,-4.66465302126097,3.09138218308206e-06,3.73891932073043e-05,"ROBO1"
"6092",154.622743680978,-1.43316366162489,0.314296595603492,-4.55990832122448,5.11759578885045e-06,5.78476615693013e-05,"ROBO2"
"6095",4832.36941174535,1.11776100615484,0.24752272278362,4.51579149414887,6.30807089782179e-06,6.96221615875409e-05,"RORA"
"6097",1337.59783243821,1.68080880528787,0.299024062050433,5.62098178241051,1.89875296810378e-08,4.01272393177087e-07,"RORC"
"610",52.7042841614998,1.36152896598708,0.400487671655305,3.39967759896222,0.000674653504448023,0.00390964744807379,"HCN2"
"6100",217.013441845313,-0.763064369103985,0.277322419634081,-2.75154230267724,0.00593153583039707,0.0235023548667745,"RP9"
"613",2517.16044010341,0.583397669004053,0.22147881530562,2.63410145209156,0.00843602772289081,0.0311621415682495,"BCR"
"6138",39876.5966433624,0.490670452296288,0.16880084339211,2.90680095215225,0.00365145465041941,0.0157044593656985,"RPL15"
"6141",32999.1127502374,0.65080666558708,0.263922133501272,2.46590407918153,0.0136667927241762,0.0460270388472585,"RPL18"
"6184",6043.96780436284,-0.60326525625616,0.189853253597396,-3.17753446319887,0.00148533035928946,0.00753612031442305,"RPN1"
"6185",6013.99069190154,-0.606972771262793,0.138498030123068,-4.38253721531956,1.17305119907763e-05,0.000119594283713789,"RPN2"
"6192",2181.02552864772,7.71184404141652,1.34287312435041,5.7427942383961,9.31268627393905e-09,2.1158094289488e-07,"RPS4Y1"
"619208",314.601108645121,-1.42518466760521,0.267048805215244,-5.33679477223834,9.46040158041032e-08,1.67296311109249e-06,"FAM229B"
"6195",1362.57151043178,0.627623098858119,0.214155605634817,2.93068723089302,0.00338213113597322,0.0147534357688176,"RPS6KA1"
"6209",17361.7066391032,0.765897623536056,0.281778678154783,2.71808225005351,0.00656615133601647,0.0254438364270638,"RPS15"
"622",1464.68628475264,0.879389198727202,0.189124801411255,4.6497825360036,3.32285200381092e-06,3.97198522917793e-05,"BDH1"
"6229",16688.0490000352,-0.728140489309701,0.283333129096721,-2.5699094618093,0.0101725096914593,0.0361829859148087,"RPS24"
"623",56.5568360724143,-0.901285944146583,0.341521323673574,-2.63903270944227,0.00831429583732377,0.0308196408275657,"BDKRB1"
"6238",8204.89107047838,-1.80700252339863,0.25072221315763,-7.20718958500324,5.71184543995515e-13,2.82626506096242e-11,"RRBP1"
"6256",10914.3691936717,1.11198617345663,0.255882461153736,4.34569125387824,1.38837740533852e-05,0.000138528165348949,"RXRA"
"6261",642.256985701509,0.985296489553458,0.308275243294619,3.19615833896791,0.00139270660337812,0.00714246981486385,"RYR1"
"6262",92.7469876452076,-2.33782830780697,0.474989203078505,-4.92185568146604,8.57274245880383e-07,1.20616400782287e-05,"RYR2"
"6271",260.612560095538,2.1648765740836,0.389946580598759,5.55172601016133,2.82862698561601e-08,5.68598221405467e-07,"S100A1"
"6272",2209.57578628544,1.12066124022744,0.190405053633388,5.88566962295653,3.96445549365217e-09,9.98829276393346e-08,"SORT1"
"6278",4233.28919388016,-3.71076344881966,0.898248178299213,-4.13111157747717,3.61013289218294e-05,0.000322250544027292,"S100A7"
"6279",5838.06640408559,-4.29865717225492,1.01921310908356,-4.21762351165215,2.46890590761801e-05,0.000229125154203828,"S100A8"
"6280",6890.77954271977,-4.44840217646046,0.794433637838521,-5.59946352292381,2.1501616943387e-08,4.49329221484952e-07,"S100A9"
"6286",185.542255562786,1.98653039703481,0.521473586123439,3.80945545449846,0.000139273195277886,0.00103606774542826,"S100P"
"6288",379.998229130994,3.53853902067477,1.22247108627501,2.89457890693926,0.00379667472436141,0.0162015924400097,"SAA1"
"629",726.772923887522,-1.70701365135848,0.293098890605063,-5.82401948992224,5.74488721942058e-09,1.38794317517081e-07,"CFB"
"6299",24.0593079352387,-4.25669148247346,0.737061411021192,-5.77521956627176,7.68528005114043e-09,1.78952267616148e-07,"SALL1"
"6300",268.62062138624,-2.2200261108538,0.282700943579535,-7.85291369297896,4.06481402228991e-15,2.79833216838848e-13,"MAPK12"
"63027",1736.42831330526,0.526348429800071,0.194476900670688,2.70648302181321,0.00680000594100266,0.0261579746383104,"SLC22A23"
"6304",694.865656439347,-0.807899288581696,0.320022630499243,-2.524506742918,0.0115860782228274,0.0402919131844364,"SATB1"
"6305",4540.53646191972,0.941291229628271,0.254852034167124,3.6934813281145,0.000221204759449216,0.00154035141018358,"SBF1"
"6307",2196.73607522378,1.28122307526935,0.373885920362175,3.42677540258339,0.000610794037353915,0.0036014278043234,"MSMO1"
"6310",1163.5154390404,-0.862514155960013,0.172183813928943,-5.00926385749566,5.46386216488988e-07,8.06223217219307e-06,"ATXN1"
"6311",435.395895410822,-0.804353331499451,0.184035445060415,-4.37064355312313,1.23880878822122e-05,0.000125059539464176,"ATXN2"
"6318",222.59385827953,-3.120992871896,0.80046439169872,-3.89897777373048,9.65996403030225e-05,0.00075599324861943,"SERPINB4"
"6319",6120.02595291697,2.29581515117532,0.617558867337027,3.71756487130546,0.000201152344326655,0.00142432743571375,"SCD"
"6320",1663.6077631582,-2.76280803257137,0.341536321434669,-8.08935348652181,5.99822580531659e-16,4.65915018779761e-14,"CLEC11A"
"6324",338.621803444444,-1.20525454997726,0.341071835118154,-3.53372640564042,0.000409744986363645,0.00257601174857809,"SCN1B"
"6327",91.6482191682542,-1.21557640018241,0.346772797709212,-3.50539721746496,0.000455926503214151,0.00281403032748429,"SCN2B"
"6329",79.3776706318751,2.01897149487232,0.542034885996508,3.72479991054548,0.000195470200832689,0.00138935035011743,"SCN4A"
"633",23926.5679905236,-2.717176137484,0.244968669587711,-11.0919332748024,1.37288191379737e-28,3.92491684911182e-26,"BGN"
"6334",50.617619298551,-2.23718211071792,0.406795255924341,-5.49952851744665,3.80808117951552e-08,7.40184542012723e-07,"SCN8A"
"6337",2930.94459767831,0.926433527834123,0.27620876963703,3.35410613157418,0.000796218171449105,0.00448286510971236,"SCNN1A"
"6338",1413.77228145133,1.09712584158489,0.248907283064602,4.407769142296,1.04440778314086e-05,0.000108521402363309,"SCNN1B"
"634",163.452165194863,2.64222786922654,0.764589750168633,3.45574586717097,0.000548772449926566,0.0032865673870493,"CEACAM1"
"6340",137.359157427419,0.755003664478963,0.240178993173458,3.14350416122237,0.00166938042183977,0.00829611941167305,"SCNN1G"
"6342",3135.20716938232,0.539431179464386,0.186205516641517,2.89696669139454,0.00376789757755402,0.0160909551320274,"SCP2"
"6343",18.8632528162571,-2.79752698245329,0.732971457583915,-3.81669293327567,0.000135252322519068,0.00101200792683842,"SCT"
"6347",411.06286317441,-1.38211301850865,0.364292620340102,-3.79396381188924,0.000148261291594558,0.00109423105994348,"CCL2"
"6351",20.8556136063384,-2.00421453088379,0.441649131296213,-4.53802439280599,5.67836934224469e-06,6.31461666886898e-05,"CCL4"
"6355",28.6502272939338,-1.52540551351421,0.511706627296025,-2.9810157464147,0.00287294020006043,0.0129458408664719,"CCL8"
"636",149.874412828189,-1.69925950134195,0.319597539779161,-5.31687290996083,1.05565746727566e-07,1.83993677446251e-06,"BICD1"
"6363",1056.23136007518,-0.876103009741042,0.357608688120323,-2.44989296637632,0.0142898685552215,0.0476730396014068,"CCL19"
"6364",13.1518449050844,-3.66312494777281,0.780946797353415,-4.69062036003853,2.72377945557603e-06,3.34923992315275e-05,"CCL20"
"6373",9.23611304575048,-3.62795470600932,0.848998586829017,-4.2732164249644,1.92673277795332e-05,0.000185238591444894,"CXCL11"
"6376",887.588761097975,1.02564630017895,0.276441728575544,3.71017178001282,0.000207118662676841,0.00145705076983598,"CX3CL1"
"63827",387.901006499813,1.16857101385827,0.330304781722777,3.53785678718705,0.000403388785931717,0.00254860490166313,"BCAN"
"6383",2309.6944673122,-0.545625433088301,0.21331657043868,-2.55782020105723,0.0105330536712806,0.0371699600153678,"SDC2"
"6385",7629.58022897496,1.53317954429429,0.256166135414183,5.98509846672497,2.16258991959809e-09,5.75869998771113e-08,"SDC4"
"6387",11325.1836746463,1.21260072518712,0.236407852309206,5.12927431700161,2.90861238631614e-07,4.65197182283849e-06,"CXCL12"
"63875",811.40719006167,-0.512356530924922,0.209915133775838,-2.44077938407267,0.0146556048311607,0.0486472919698786,"MRPL17"
"63894",707.354871279729,-0.409643513296833,0.160906644269703,-2.54584585463239,0.0109013314615381,0.0382792573872909,"VIPAS39"
"63895",915.463211403403,-3.55466115969711,0.443603850815695,-8.01314315274953,1.11813363578506e-15,8.30890352310461e-14,"PIEZO2"
"63897",490.824250213089,-0.547036199982356,0.151486664734931,-3.61111785608028,0.000304880067202221,0.00201207159451443,"HEATR6"
"6391",2381.38338472709,0.663155824192984,0.162095497112627,4.09114278931643,4.29252725349298e-05,0.000375828928055719,"SDHC"
"63910",366.636282241283,-2.49313606127804,0.325075786767072,-7.66939945319416,1.72803499675638e-14,1.0944576114841e-12,"SLC17A9"
"63917",1586.66313285945,0.441534884304371,0.149014204661869,2.96303889489103,0.00304618075189331,0.0135661152308464,"GALNT11"
"6392",2284.9462978124,0.591750800748927,0.169322759631891,3.49480956981445,0.000474400101580694,0.00290280965842361,"SDHD"
"63920",59.7930180595642,-1.58104015161262,0.439545011635672,-3.59699259406703,0.000321917645437207,0.00210694843042272,"FAM200C"
"63923",967.247847146883,-3.07363757272253,0.781554711097178,-3.93272221263644,8.39892775695744e-05,0.000670871280361707,"TNN"
"63924",997.790123690405,5.36349796642436,1.05704533741325,5.07404723013079,3.89442327171289e-07,5.99674198661749e-06,"CIDEC"
"63928",3770.4024774878,0.993699296959674,0.303702740033863,3.27194709158329,0.00106809562136208,0.0057166354219962,"CHP2"
"63932",548.864062267024,0.425070626013624,0.173204627363269,2.45415282769615,0.0141216950563049,0.04721913109795,"STEEP1"
"63933",1469.24570820762,0.920090021560877,0.21509254446216,4.27764720465586,1.88879052987648e-05,0.000182358650407962,"MCUR1"
"6396",3275.52778848839,-0.731784416755593,0.199033152285294,-3.67669610993577,0.000236274228716807,0.00162440505140506,"SEC13"
"63971",1570.70196327979,0.457267491067729,0.153375293306728,2.98136343350464,0.00286968007384864,0.0129339817473397,"KIF13A"
"63982",70.8475414587143,1.3433059471694,0.271174460855376,4.95365951104746,7.28306022331624e-07,1.04324642753474e-05,"ANO3"
"6399",292.510836451862,-0.605367935830538,0.247848914936939,-2.44248773888949,0.0145864250861663,0.0484738414552223,"TRAPPC2"
"6400",1682.64617422733,-0.610563085125893,0.194783007901219,-3.13458084308631,0.00172099825674617,0.00850336728681307,"SEL1L"
"64005",227.671542538886,-0.820959390682122,0.217003039181196,-3.783170013562,0.000154843569432932,0.00113349599196153,"MYO1G"
"6402",127.888042199605,-2.38389261470405,0.429938652639123,-5.54472736998833,2.94412534672627e-08,5.88939515422872e-07,"SELL"
"6403",464.520397318361,-1.49478304746344,0.244328723143671,-6.11791781265302,9.48059378195885e-10,2.71039642233112e-08,"SELP"
"6405",5259.17336774266,0.853980757022501,0.267702280530863,3.19003915591988,0.00142253518554019,0.00727128489177034,"SEMA3F"
"64065",82183.0910387034,1.27478760894455,0.218512632084126,5.83393095761055,5.41365297198276e-09,1.31563911186887e-07,"PERP"
"64072",496.315880304759,-1.95884615207804,0.322687211137464,-6.0704176814853,1.27577998887518e-09,3.52019507922341e-08,"CDH23"
"64073",1245.23780357702,1.25239194335463,0.328766671404204,3.8093640635941,0.0001393246812062,0.00103607631428772,"C19orf33"
"64084",268.766172981247,1.37474673474895,0.273287913057913,5.03039713453272,4.89464935842368e-07,7.31673655728344e-06,"CLSTN2"
"64087",1273.03543096691,0.69005946994121,0.186784281836833,3.69441937595165,0.000220389806211039,0.00153571556230468,"MCCC2"
"64092",71.5400199828103,-1.7678481095083,0.339528243198007,-5.20677777158384,1.92147978227275e-07,3.21297642878166e-06,"SAMSN1"
"64093",153.052943565946,1.89203909939923,0.410171466882524,4.61280038267783,3.97279803300828e-06,4.61508073640981e-05,"SMOC1"
"64094",2790.16302020916,-1.04005482257267,0.204860799982329,-5.07688548840178,3.83671942686869e-07,5.92016736751612e-06,"SMOC2"
"64098",744.581983847538,-1.54218238585437,0.27038278930078,-5.70370026081361,1.1723415631242e-08,2.6003748637229e-07,"PARVG"
"641",37.8617548492628,-1.05361994958033,0.420217884412202,-2.50731820006691,0.0121651143099298,0.0419371483764185,"BLM"
"64102",110.002786889391,4.44904015138564,0.451144486980436,9.8616746514262,6.10229935472361e-23,1.0212173164035e-20,"TNMD"
"64108",74.974134904507,-1.88815978109999,0.399419522468783,-4.72725962273804,2.27570217923528e-06,2.87557112691093e-05,"RTP4"
"64112",747.972320034572,1.01585889771605,0.150508469793937,6.74951316099932,1.48342054439888e-11,5.88337735759279e-10,"MOAP1"
"64114",10322.110117096,0.787008253920879,0.234907602314179,3.35028856523889,0.000807274132521388,0.00453518852178501,"TMBIM1"
"64115",3718.41146482855,1.00020116747816,0.29060853399496,3.44174740407144,0.000577969676879828,0.00343444798755612,"VSIR"
"64116",544.887722658119,0.962300452718037,0.329716350814837,2.91857061483265,0.00351640221065031,0.0152254150408132,"SLC39A8"
"64122",319.577356702953,1.05577601158037,0.30826048350254,3.42494762735837,0.000614917945794052,0.00362159399033613,"FN3K"
"64123",668.265817057709,-0.937115198854663,0.182906376419068,-5.12346926991534,2.99964552826519e-07,4.77900182305036e-06,"ADGRL4"
"64129",1417.31013590195,0.587090578766193,0.238505321521978,2.46154079506395,0.0138341663905872,0.0464842443656295,"TINAGL1"
"64135",257.97102695501,-0.858741606765508,0.292924548507334,-2.93161365662737,0.00337205951824446,0.0147180816631773,"IFIH1"
"641518",15.5735641987812,-1.98576284246152,0.624970326613087,-3.17737140133197,0.00148616582561978,0.00753850107307973,"LEF1-AS1"
"641654",15.4067764600285,3.31905209663337,0.923459969004461,3.59414832048593,0.000325454409468493,0.00212401825126806,"HEPN1"
"64170",118.308879690996,-1.09462744764138,0.301247608504515,-3.63364692943273,0.000279443194992037,0.00186698321395022,"CARD9"
"641700",840.531083361456,-0.74037546117623,0.289140159831139,-2.56061095632173,0.0104488291756037,0.0369210545561017,"ECSCR"
"64175",3265.3574263632,-2.57990475695248,0.261400864710844,-9.86953413412123,5.64260607640997e-23,9.52027897351008e-21,"P3H1"
"642",5288.02857529639,1.01993817309299,0.280450601405465,3.6367836901815,0.000276063571134775,0.00184976970971296,"BLMH"
"64207",1489.42935672303,0.871570181235429,0.259325370986678,3.36091365807861,0.000776851061681491,0.00439359760974196,"IRF2BPL"
"64215",627.653333723963,-0.892166815167316,0.151619393538491,-5.88425262986444,3.99856686004506e-09,1.00619193456195e-07,"DNAJC1"
"64218",2067.23866926441,0.826701893656102,0.243870810053051,3.38991736434658,0.000699136949297671,0.00402659064475189,"SEMA4A"
"64219",920.448946066793,-0.505380078631384,0.162829440214859,-3.1037389673791,0.00191091845384117,0.00924209244686716,"PJA1"
"6422",4008.15258987977,1.71678992054043,0.332794208834875,5.15871332782797,2.48652686062537e-07,4.05909766159842e-06,"SFRP1"
"64220",75.7789646862604,-2.36054183525263,0.921205064306965,-2.56244991122416,0.0103936578667587,0.0367599748332237,"STRA6"
"64225",1832.08094241751,0.805767578704904,0.225000868175843,3.58117542051074,0.000342051889620041,0.00221200003014104,"ATL2"
"642273",431.516842146617,-0.851129910960606,0.276454098545963,-3.07873862401464,0.00207878975724724,0.00989359730940512,"FAM110C"
"6423",27180.7582884671,-2.6377272957221,0.250823903390953,-10.5162516812073,7.27088535396958e-26,1.62678156658815e-23,"SFRP2"
"64231",721.93850564545,-0.976879151077987,0.196622021552169,-4.96830997548663,6.7538939634025e-07,9.76279166732283e-06,"MS4A6A"
"6424",5436.04257701946,-5.21053619660227,0.353219471416805,-14.7515542552119,3.00659889573935e-49,3.43821287054993e-46,"SFRP4"
"6425",98.2009084657027,4.84128854472805,0.452018071950886,10.7103871396851,9.09805467470723e-27,2.25631755932739e-24,"SFRP5"
"642658",173.751829592411,-1.27941204325078,0.333549817685074,-3.83574499344728,0.000125184246066783,0.000944572038503904,"SCX"
"64284",89.9179668496449,1.99194120517924,0.311356441950427,6.39762322790287,1.57814108537492e-10,5.25638448242028e-09,"RAB17"
"642843",27.1394312899031,-0.955548593770832,0.346794892903653,-2.75537100840843,0.00586256159835526,0.0232828415860592,"CPSF4L"
"642852",223.730617472681,-1.04198073091531,0.392103842512976,-2.65741014991667,0.00787435774363109,0.0295238214562664,"LINC00205"
"642934",9.41426790373179,-2.41198552988356,0.89430977125849,-2.69703586766067,0.00699597344542446,0.026736932306093,"CERNA2"
"643008",565.883728800309,0.659174957811519,0.23554598117432,2.7984980024927,0.00513408869939528,0.0208977816468959,"SMIM5"
"6431",3655.42546076381,-0.654361102218392,0.222608774348426,-2.93951172470043,0.00328729833004523,0.0144184421107289,"SRSF6"
"64319",3784.66557558352,0.965493170565834,0.246924034283085,3.91008179243884,9.22648736293883e-05,0.000726263923054428,"FBRS"
"643226",8.04620646256534,2.72242804604361,0.819967492295488,3.32016582562585,0.000899639931086981,0.00496599311919936,"GRXCR2"
"64333",199.116621848633,-1.33454328605114,0.222557419728757,-5.99639988492689,2.01739886023953e-09,5.40001796348122e-08,"ARHGAP9"
"643338",717.728180668717,1.09534189052613,0.248647888168299,4.4051928154111,1.05689826113766e-05,0.000109653194593032,"C15orf62"
"643414",368.271683813897,1.08477358458281,0.345118233220676,3.14319407137548,0.00167115001370186,0.00830290897466546,"LIPK"
"64344",308.731603062382,2.41560158026021,0.311531552509645,7.7539548106782,8.9074036251006e-15,5.82063480060542e-13,"HIF3A"
"64359",2405.46686231183,-0.736182814606412,0.226180617686762,-3.25484483213302,0.00113454334364757,0.00602203202311543,"NXN"
"643596",20.9835025036457,1.21276079545916,0.495696136751396,2.44658109180987,0.0144218350808477,0.0480199050961126,"RNF224"
"643699",125.939560995852,-1.05898712200511,0.396013153902083,-2.67412107797548,0.00749253949711583,0.0282984280749784,"GOLGA8N"
"643719",1506.56658093667,4.4071579859312,0.810157736540396,5.43987644276659,5.33175357857992e-08,1.00245007420926e-06,"SCGB1B2P"
"643733",88.1956514245722,-1.31862041383026,0.338063631990938,-3.90050951669833,9.59904524833889e-05,0.000751852159025144,"CASP4LP"
"643834",22.7945117576383,2.92434554279735,0.751785593672519,3.88986642921918,0.000100299413288422,0.000780848382423933,"PGA3"
"643847",22.5051068124613,2.90794495736775,0.730462577739959,3.98096363316091,6.8636450732226e-05,0.000563997086575705,"PGA4"
"643853",66.9248162139386,1.00358276278592,0.329045187757524,3.04998462255423,0.00228853083361328,0.0106843090676107,"TMPPE"
"643904",237.192271094801,0.842316146859646,0.219802767013209,3.83214532876662,0.000127030658018237,0.000956471032416317,"RNF222"
"64393",1022.37682226485,-1.29222533269243,0.180142567448833,-7.17334803757291,7.31854816153586e-13,3.5697866198354e-11,"ZMAT3"
"64397",1656.84325855021,-0.430150635349446,0.167310738414161,-2.57096848311463,0.0101414555829877,0.0360849994330544,"ZNF106"
"643977",141.576222110009,-1.35848205108842,0.231225675866524,-5.87513495634722,4.22499007692381e-09,1.05414782719272e-07,"FLJ32255"
"64405",177.864198278283,0.958440794121109,0.368210084140286,2.60297269250222,0.00924193146312757,0.0335513081546769,"CDH22"
"64407",34.1423996056976,-1.51727191420758,0.409929508046079,-3.70129957572372,0.00021449804917753,0.00149922847004084,"RGS18"
"64411",563.978739138215,-0.604461472513302,0.22413024656097,-2.69692057090952,0.00699839612003966,0.0267412262362904,"ARAP3"
"64412",405.12323970416,-0.449464113121406,0.175878803106526,-2.55553315796205,0.0106025258988653,0.0373638748677014,"GZF1"
"644128",274.584806106225,-0.569277067438898,0.217497373678716,-2.61739743248499,0.00886031118442408,0.0324059426830464,"RPL23AP53"
"644150",84.8686810490759,2.29024825438396,0.313413569041208,7.30743171519429,2.72296620426741e-13,1.43716759868309e-11,"WIPF3"
"6442",542.918271364114,3.32762907887703,0.336569124579423,9.88691129358711,4.74440379460595e-23,8.07097584365032e-21,"SGCA"
"64430",855.676317368404,-0.721181413083653,0.227317518349505,-3.17257296454743,0.00151094586961493,0.00764127132753976,"PCNX4"
"644353",148.2919256486,-0.8058673398212,0.277381014346693,-2.9052721640637,0.00366933881632996,0.0157616173195609,"ZCCHC18"
"6444",738.148349269188,-2.41973550546599,0.283216527936715,-8.5437651647459,1.29917920197436e-17,1.24382812527629e-15,"SGCD"
"6445",157.129508731325,1.66719036216911,0.219825825534454,7.58414239143984,3.34693435919175e-14,2.02258992374329e-12,"SGCG"
"644596",140.714290506258,1.40088881139174,0.345897920981115,4.05000645108886,5.12162210290503e-05,0.000439447558842005,"SMIM10L2B"
"644634",37.7234963344042,-1.09776395517025,0.340571832401498,-3.22329638193949,0.00126724358593049,0.00660044078258936,"LOC644634"
"644815",6205.64712273992,1.00471942533019,0.266710072708698,3.76708466660554,0.000165164999226172,0.00119920858697408,"FAM83G"
"644873",559.330893104136,0.422795352336873,0.152843440035905,2.7661988779993,0.00567139355459472,0.0226899834650685,"SLC12A2-DT"
"644943",209.55691277198,1.27462277047142,0.277213967716343,4.59797455724045,4.26618077250504e-06,4.92236911554057e-05,"RASSF10"
"644945",235.893574000572,-2.32900450134797,0.708523307429009,-3.2871247521823,0.00101215983967819,0.00547406677349864,"KRT16P3"
"644961",134.813038913835,3.88362184796465,1.09776768305293,3.53774474136838,0.000403559989737148,0.00254890421256504,"ACTG1P20"
"6450",43.4534235536966,0.956463490047994,0.378073508572527,2.52983472356809,0.0114116267445322,0.0397793268263251,"SH3BGR"
"645166",126.876306785908,-1.25823893857033,0.291003900770313,-4.32378719061723,1.53373251994401e-05,0.00015090989574822,"LSP1P5"
"645206",9.43670511620109,-1.66041837148164,0.584451259248372,-2.84098690045943,0.00449741597301891,0.0186906542274624,"LINC00693"
"645431",12.9567433970657,-1.58560797325887,0.581202658500292,-2.72814989757668,0.00636906586239389,0.0248317252180358,"FUT8-AS1"
"645455",22.0257789562099,-1.74004874708513,0.583782127911873,-2.98064751195638,0.00287639667733402,0.0129585793841636,"CEP170P1"
"645553",135.201963328004,2.42194035585909,0.582798452740023,4.15570828040526,3.24281373200891e-05,0.000293535962443586,"IGFL2-AS1"
"6457",17.5783282631148,1.60012566574274,0.600285795054598,2.66560641435336,0.00768496056561936,0.0289190545306598,"SH3GL3"
"64581",159.804054616359,-1.18281650883141,0.342018429120741,-3.45834144631383,0.000543512080558898,0.00326516170560676,"CLEC7A"
"64582",43.818842807586,-2.10175512766564,0.410994608476847,-5.1138265181988,3.15697313743951e-07,4.97955057939117e-06,"GPR135"
"64595",18.5882554149131,5.77200323707721,2.11751021501825,2.72584434121724,0.00641372374015273,0.024961257225809,"TTTY15"
"645954",11.4054426784597,-1.38294854454993,0.539364867950807,-2.56403156142543,0.0103464135813004,0.0366243468886479,"SVIL2P"
"64598",887.81417072341,0.788817814721584,0.278644176134418,2.83091441445041,0.00464151390915756,0.0192157929014681,"MOSPD3"
"646",452.110188904944,1.0364400601507,0.271010344480921,3.82435608550605,0.00013111430485482,0.000984265810040704,"BNC1"
"646214",18.1545773896478,-1.3958490781643,0.517643868287463,-2.69654324851221,0.00700632988085952,0.0267616059134556,"LOC646214"
"646241",11.0755935512629,-2.51143585865072,0.639814744387855,-3.92525474081337,8.66380034974665e-05,0.000689353175103151,"LINC02223"
"646324",9.26171700186168,-2.76877545386922,0.676149096015052,-4.09491851750931,4.22316888793389e-05,0.000371018815148234,"LINC00607"
"6464",4265.94272671328,-0.764693228177735,0.231686446584776,-3.30055227420447,0.000964947356834687,0.00525740508022372,"SHC1"
"64641",167.367671822965,-0.852161875045669,0.340619685615838,-2.50179866587853,0.0123564171300153,0.0424686074810878,"EBF2"
"64651",1235.94058219785,1.14076176957299,0.268967854994185,4.24125689516934,2.22271552519777e-05,0.000209201538046049,"CSRNP1"
"646603",152.321908345315,-1.3294039540805,0.267838320287652,-4.96345688194564,6.92494205396945e-07,9.96804246425925e-06,"C4orf51"
"6468",2990.10411471201,0.741627206731705,0.2460836503948,3.01371995068298,0.00258065900673376,0.0118334339484535,"FBXW4"
"646862",84.8491526113435,2.9927601035841,0.648023595352448,4.61828878616124,3.86917535648056e-06,4.5149152799204e-05,"RNF225"
"646903",7.0186085021701,-2.37522843404867,0.826859171114409,-2.8725912670805,0.00407120464809063,0.0171865620336951,"LOC646903"
"646962",138.369183413179,1.38154694578183,0.444083496272383,3.11100718080828,0.00186450405256019,0.00906446656067524,"HRCT1"
"64699",21.4961453201995,1.98919682116044,0.645728514459911,3.08054666414137,0.00206620974619207,0.00984055099852327,"TMPRSS3"
"6470",1417.8018978335,1.17914968328481,0.229868905342654,5.12966154133424,2.90263590040333e-07,4.64602312394262e-06,"SHMT1"
"647024",4277.68099076442,1.66686582825127,0.287996354350737,5.78780183523183,7.13134692234804e-09,1.677618800567e-07,"C6orf132"
"64711",864.364057646908,1.51764617647902,0.45826141969421,3.31174764284481,0.000927151397877358,0.00509055331392572,"HS3ST6"
"647121",145.719120115771,0.66532282859786,0.266557591139904,2.49598154662443,0.0125609135777547,0.0430635984484516,"EMBP1"
"6474",409.643865388688,-2.65741640837895,0.288498232487581,-9.21120516221307,3.22483616058313e-20,4.17484449870711e-18,"SHOX2"
"64748",1456.56679664599,-0.547473931334728,0.221357037466785,-2.47326191929578,0.0133885978763019,0.0452753242460651,"PLPPR2"
"64754",419.282953119335,-1.08385943007052,0.24488247192605,-4.42603924056199,9.59790718779025e-06,0.000100538568692898,"SMYD3"
"64757",220.018895155091,2.46683227810468,0.449571790836784,5.48707087140229,4.08653211118129e-08,7.87614016634416e-07,"MTARC1"
"64760",3144.74735120022,-0.5376793867354,0.188865732029963,-2.84688694426631,0.00441490383800852,0.0184072069276013,"FHIP2B"
"64761",810.136704298428,-0.680446510614389,0.196827326954846,-3.45707337056144,0.000546076148392996,0.00327518398558317,"PARP12"
"64762",580.501317910359,0.842048739490576,0.172977411450136,4.86796936334841,1.12750803926328e-06,1.53293431176984e-05,"GAREM1"
"64764",1319.83860229883,-0.703532196729177,0.20629537754671,-3.4103148848785,0.000648879161513421,0.0037880115316484,"CREB3L2"
"64766",527.126014145809,-1.18451223835243,0.261646268967744,-4.52715126810565,5.97841461708563e-06,6.63037103869023e-05,"S100PBP"
"64771",4498.78215442821,0.788030728767623,0.183500762514517,4.29442754334756,1.75144668539975e-05,0.000170618923673774,"ILRUN"
"64773",853.179953050195,-1.57156382712618,0.222313443939891,-7.06913535805372,1.55902022625881e-12,7.24398924092805e-11,"PCED1A"
"64776",352.062231173689,0.510050493469907,0.191901186518005,2.65788087465551,0.00786336822053165,0.0294933621449387,"CFAP68"
"64777",2526.94056280619,0.714559818685705,0.187727706706382,3.80636311614525,0.000141025286916072,0.00104720941770578,"RMND5B"
"64778",1076.75698255337,-1.57216263085036,0.283839424318919,-5.53891565494402,3.04350168928898e-08,6.05289263500719e-07,"FNDC3B"
"64782",623.732392948831,-1.36003994490684,0.219529797265084,-6.19524074567691,5.81960091887954e-10,1.74254405210668e-08,"AEN"
"64787",3899.38490910661,0.824603447456197,0.234794911328647,3.51201583880148,0.000444721494192783,0.00275727326399525,"EPS8L2"
"64789",198.886993091873,-0.91497715878431,0.219965372327045,-4.15964180682003,3.18747073894515e-05,0.000289034791587872,"EXO5"
"64795",2095.98523204774,0.860610777658266,0.187650600799943,4.58624045960704,4.51298802827732e-06,5.17811290825309e-05,"RMND5A"
"6483",1112.07269141053,-1.07571813213081,0.209977345227503,-5.12301996658407,3.00680495385518e-07,4.78541486373989e-06,"ST3GAL2"
"64834",7253.59983865598,0.791864830397235,0.211285933819286,3.74783505973721,0.000178367480450549,0.00128105939204261,"ELOVL1"
"64838",518.416928073412,-1.28484845813612,0.348432622438295,-3.68750907749362,0.000226460017479574,0.00157162946722844,"FNDC4"
"64849",193.47337535055,-0.56968430930036,0.191078268974086,-2.98141862158915,0.0028691629074032,0.0129339817473397,"SLC13A3"
"64855",12024.0715454376,0.925610779568565,0.261709189530283,3.53679128054256,0.000405019607992123,0.00255356596082808,"NIBAN2"
"64857",997.278728276039,-1.12468697985517,0.188115188267333,-5.97871437290252,2.24905502276508e-09,5.97349014046404e-08,"PLEKHG2"
"64859",184.132427791732,-1.73189233989485,0.336098000494368,-5.15293853979316,2.56436027791103e-07,4.16941484680259e-06,"NABP1"
"64866",1765.92365160392,0.833381463725314,0.212247661906904,3.92645768739187,8.62060488515112e-05,0.000686446928262865,"CDCP1"
"6489",160.651994984068,-1.07667520275212,0.231724017300957,-4.64636862114197,3.37829113065732e-06,4.03123157295364e-05,"ST8SIA1"
"648987",75.6736743027066,-0.927583418451438,0.272929866172437,-3.39861456519893,0.000677280903073076,0.00391967041375057,"ANXA2R-OT1"
"649",4534.12667261419,-3.06320001781241,0.250717172423125,-12.2177511345046,2.49902348905827e-34,1.09446594678246e-31,"BMP1"
"64901",36.3797946435948,-1.89117071771101,0.476194439382797,-3.97142545419511,7.14438572921669e-05,0.000582837659724711,"RANBP17"
"64919",1425.78210264005,0.731047624212219,0.209245552711869,3.49373076147942,0.000476321127762859,0.00291023867434571,"BCL11B"
"64926",241.630682088613,-1.29116326444163,0.293788565005328,-4.39487242949095,1.10837825212499e-05,0.000113846596515673,"RASAL3"
"64927",559.151187831687,-0.703042274014717,0.192478059764632,-3.65258396138458,0.000259614669474061,0.00175902184215078,"TTC23"
"6493",28.2939995986982,-1.77836139866999,0.500375521687716,-3.55405354896609,0.00037934196660287,0.00241895137563614,"SIM2"
"64943",4694.79141581309,-1.00249277837052,0.219048585359787,-4.57657727724614,4.7264516434585e-06,5.38402217094354e-05,"NT5DC2"
"64946",187.616832069177,0.562758676051572,0.225902749898145,2.49115460659646,0.0127328699591045,0.0434865430957701,"CENPH"
"6495",115.573733493477,-1.69108052847203,0.527889084971256,-3.20347697388763,0.00135778897362673,0.00700274561534556,"SIX1"
"64968",1108.18589522585,-1.15011722018578,0.254044928526992,-4.52721975933316,5.97647795626464e-06,6.63037103869023e-05,"MRPS6"
"64969",759.745775329725,-0.423928546032337,0.16090954458167,-2.63457675636618,0.00842422544419868,0.0311318234368735,"MRPS5"
"6497",4689.63731035398,1.18752912650578,0.273705077131893,4.33871793300179,1.43316322153722e-05,0.000142306954906523,"SKI"
"6498",472.725838123047,-0.934547844631565,0.326210487769998,-2.86486143048377,0.00417191758048323,0.0175147361771705,"SKIL"
"650",443.883960216262,1.82859193586387,0.322362988527818,5.67246241330236,1.4075941070483e-08,3.07905601482277e-07,"BMP2"
"65010",455.84594834912,-0.922892341133906,0.204771320297026,-4.50694140075489,6.57687873419454e-06,7.2278949206973e-05,"SLC26A6"
"65012",172.517971810322,-2.62123194905736,0.24728109012563,-10.6002118792248,2.97305888697343e-26,6.87611731791697e-24,"SLC26A10P"
"65018",2770.35317588532,0.854707383768055,0.241629942629025,3.53725773581087,0.000404304913639264,0.00255126068128468,"PINK1"
"6503",285.591653701521,-0.825206696886648,0.222367130328945,-3.71101023638668,0.000206433755009888,0.0014527290301277,"SLA"
"6504",50.8931345999086,-1.64914533755165,0.402048418474116,-4.10185754196127,4.09846590428663e-05,0.000360987685810167,"SLAMF1"
"6505",179.686957463793,-1.29379211065325,0.305865072273689,-4.22994394566098,2.33749549956653e-05,0.000218406751534623,"SLC1A1"
"6506",82.0802033989224,-1.53445064467385,0.471939427264401,-3.25137201095552,0.00114849472916762,0.00608353461276021,"SLC1A2"
"65061",50.9243684728487,-1.11827269969881,0.310767636967879,-3.5984207062539,0.000320155429990402,0.00209808321264643,"CDK15"
"6507",341.476518117948,-1.0722942052247,0.292907198664117,-3.66086668444882,0.000251363532274396,0.00171610844057584,"SLC1A3"
"65078",196.208632109429,1.59721082755626,0.477581581062687,3.3443727540795,0.000824688510021338,0.00461789670573428,"RTN4R"
"651",23.827177835111,2.61745882290027,0.663677684374426,3.9438704728598,8.01769745415981e-05,0.000643918394055504,"BMP3"
"65108",1851.522996677,-0.931969012251345,0.241750373421765,-3.85508820135473,0.000115687912372596,0.000883606674685535,"MARCKSL1"
"6511",370.044326151735,1.94880940864328,0.387738988226555,5.02608576340687,5.00592084621645e-07,7.43984654862956e-06,"SLC1A6"
"65123",2071.11090695434,-0.602265165368991,0.212312849740941,-2.83668730415451,0.00455842320734627,0.0189250873941137,"INTS3"
"65124",1269.17100261903,1.3169899535699,0.249558508447707,5.27727931121959,1.31115960950317e-07,2.23983698318352e-06,"SOWAHC"
"6513",12140.0239356724,1.08747025353277,0.30153598499995,3.6064360727392,0.000310431291018061,0.00204281256212141,"SLC2A1"
"6515",590.128120596594,-1.28066924055479,0.176168525098375,-7.26956895302181,3.60636403721535e-13,1.85120691626037e-11,"SLC2A3"
"6517",174.200245221259,2.52293301033069,0.444602192032653,5.6745851809597,1.3902512652482e-08,3.04435447275201e-07,"SLC2A4"
"651746",761.16320682304,0.95284397126757,0.239839504313638,3.97283997894499,7.10207630761291e-05,0.000580576404749421,"ANKRD33B"
"6518",235.007356147038,-1.49009185703607,0.291785811445978,-5.10680025753049,3.27659781481119e-07,5.13674709977712e-06,"SLC2A5"
"652",625.258176994824,1.34695234851328,0.284144812064538,4.74037283569108,2.13325305830018e-06,2.72400005906022e-05,"BMP4"
"65243",73.4082702484666,-1.40787448811548,0.308924958544647,-4.55733487753145,5.18067896934997e-06,5.8400381109036e-05,"ZFP69B"
"65249",579.726958727765,0.676552295798333,0.261896614209516,2.58328003911152,0.00978658500273626,0.0350830835416794,"ZSWIM4"
"6526",617.730879404164,-1.57496779724288,0.42168243222412,-3.73496185016737,0.000187743645633366,0.00133998446661485,"SLC5A3"
"65265",1649.61113463938,0.540270805711927,0.191625624418569,2.81940793331382,0.00481123306811014,0.0198029237100538,"C8orf33"
"65266",33.4315172287426,2.47506291924712,0.721049848009894,3.43258226331829,0.000597862479064014,0.00353835574153354,"WNK4"
"65267",21.1514889230317,-1.49184915703133,0.54095062562154,-2.75782869336223,0.00581866819474625,0.0231442446609965,"WNK3"
"65268",1138.30738663401,1.33799701262976,0.308615436843091,4.33548310582414,1.45440344938996e-05,0.000143930002895398,"WNK2"
"653075",55.9302842184226,-1.06163608822782,0.389658272764465,-2.72453111465066,0.00643928626609736,0.0250465359979872,"GOLGA8T"
"653082",400.731438955878,1.07870572002367,0.319519987644033,3.37601953473228,0.000735426973930323,0.00419917582007816,"ZDHHC11B"
"6531",9.46547492827861,-3.23484495642724,0.908962914363601,-3.55883051476536,0.000372509808392344,0.00238202606273626,"SLC6A3"
"653121",223.483129022888,-0.555790220036573,0.212577226479015,-2.6145332180794,0.00893494716772065,0.0326160182573851,"ZBTB8A"
"653125",47.4692310919166,-1.07421558777194,0.413987107794306,-2.59480444571157,0.00946447512610281,0.0341903748676202,"GOLGA8K"
"653247",54.8663691230756,4.10185390959897,0.619147744529029,6.62500016489465,3.47247791439623e-11,1.28556628399158e-09,"PRB2"
"653316",14.6593339374588,2.13980913049974,0.729551063563491,2.93304915498011,0.00335650746120943,0.0146564169668084,"FAM153CP"
"653333",41.9057865961378,1.3088268267335,0.395822956052038,3.30659656475666,0.000944367944793275,0.00516579053298559,"FAM86B2"
"653361",72.7778932786703,-1.1215071805248,0.425479017007688,-2.63586953925988,0.00839219903026882,0.0310556655781985,"NCF1"
"653381",940.476004655175,1.04744330770798,0.305593738303289,3.42756796498373,0.000609013834546113,0.00359401971625493,"SORD2P"
"6534",5.8606064819309,-2.13466762206564,0.760941461728811,-2.80529808063791,0.00502700669770852,0.0205430360506839,"SLC6A7"
"653489",77.2367433259187,-1.05800812001024,0.407805108298182,-2.59439643712514,0.0094757156019773,0.0342189701668598,"RGPD3"
"653499",22818.004736956,1.06683252910792,0.29689882055591,3.59325283647268,0.000326575421066987,0.00212998367149647,"LGALS7B"
"6535",3007.77903650931,0.915663162100833,0.300465679629789,3.04748004240965,0.00230768849657655,0.0107591075908339,"SLC6A8"
"653513",112.86587584848,-1.22886284150318,0.210434800581416,-5.83963697120401,5.23146910127216e-09,1.27891401402121e-07,"LOC653513"
"653583",972.435814444774,0.883647518437315,0.269185902170976,3.28266640752998,0.00102830273593312,0.00554534543265584,"PHLDB3"
"6536",3280.59027734143,1.43275250557326,0.300869975182792,4.76203218583974,1.91653105222513e-06,2.47334640620703e-05,"SLC6A9"
"6541",2446.23089974901,0.854478513260112,0.241123991861607,3.54373078623606,0.000394507859639632,0.00250170972976654,"SLC7A1"
"6543",24.5241729953458,2.65598505026498,0.580695941516695,4.57379647484348,4.78965122451637e-06,5.44396360052153e-05,"SLC8A2"
"654342",140.216995869531,-0.873872020468065,0.354293574071696,-2.46651953188185,0.0136433287439772,0.0459705809242146,"LSP1P4"
"654346",30.8538657831418,-1.94490121233402,0.47633219302732,-4.08307740019257,4.44432122842694e-05,0.000387306977840559,"LGALS9C"
"654463",19.0123578593473,-4.61300524551719,0.809249404857124,-5.70035049495234,1.19561349214197e-08,2.64913973328852e-07,"FER1L6"
"6545",87.2593209589999,2.61196302778585,0.438423532210975,5.95762507229868,2.55929832848907e-09,6.728045567512e-08,"SLC7A4"
"6546",290.812811477274,1.34345487768907,0.262412640913433,5.11962713767383,3.06140326746132e-07,4.85859096818996e-06,"SLC8A1"
"654790",198.286222265573,-1.30432222402113,0.428990436720321,-3.04044592227468,0.00236228109213822,0.0109837799865762,"PCP4L1"
"6549",71.7073650232215,3.47475680980292,0.551245025500691,6.30347059666765,2.91053448141508e-10,9.20283283647434e-09,"SLC9A2"
"655",2014.01295879099,0.830268378388589,0.275424963651554,3.01449936629194,0.0025740374880312,0.0118129759213059,"BMP7"
"6553",153.047878994101,-0.847719213375842,0.210655685701968,-4.02419336820169,5.71709293007068e-05,0.000482693358788248,"SLC9A5"
"6558",1816.61340764051,2.70897639678442,0.397193942706389,6.82028627709192,9.08592667019072e-12,3.73302823511389e-10,"SLC12A2"
"6559",8.13977679105761,-2.54294065219968,0.881821138454404,-2.88373746251624,0.00392986232111344,0.0166685114398927,"SLC12A3"
"6563",191.698248922137,4.02484946711752,0.378680354297256,10.6286196826522,2.19334614916562e-26,5.2217266485716e-24,"SLC14A1"
"6564",594.876474511223,0.803849038606028,0.260082569949035,3.09074552271438,0.00199654664663017,0.00956409499051323,"SLC15A1"
"6566",752.409890567225,-1.05195053605323,0.264891337686778,-3.9712530626317,7.14955835019868e-05,0.000582837659724711,"SLC16A1"
"6567",785.498348480979,-0.672276552415635,0.258545074672364,-2.6002295857601,0.00931614099596843,0.03374334792557,"SLC16A2"
"6573",1933.59892754135,-1.08660391163605,0.324200398165556,-3.35164274252732,0.000803336130852996,0.00451923228135504,"SLC19A1"
"6574",601.482864755038,-1.70843456849389,0.294516460154078,-5.80081183781755,6.59946217079624e-09,1.57044311356844e-07,"SLC20A1"
"6575",1428.19472145833,0.749033645630181,0.15539031795135,4.82033665614025,1.43316161562056e-06,1.90569759017658e-05,"SLC20A2"
"658",67.5764071209094,-2.27701955705508,0.402786916228627,-5.65316167261655,1.57523009798414e-08,3.39879835816621e-07,"BMPR1B"
"6590",4444.98135151377,1.9084859642441,0.340292932563385,5.60836203640114,2.04250421308885e-08,4.29009252267561e-07,"SLPI"
"6591",1624.53164232049,-0.937347130767837,0.269916565856814,-3.47272916648281,0.000515194962959774,0.0031199685547408,"SNAI2"
"6594",575.824159641902,-1.4062934686508,0.274277316124901,-5.12726859267645,2.9397597539866e-07,4.69813779317238e-06,"SMARCA1"
"6596",350.51177482102,-0.644881213170003,0.219496594587477,-2.93800099442088,0.00330335964117825,0.0144703883494388,"HLTF"
"65981",451.35318148785,-1.03898879198033,0.307547951281139,-3.37829853085434,0.000729358545521015,0.00417031008361238,"CAPRIN2"
"65985",3026.78437666478,1.09588383264403,0.231393560470324,4.73601698515969,2.17959329142599e-06,2.7677204386621e-05,"AACS"
"65987",31.7693747817048,1.4379818019198,0.475991970660441,3.0210211317737,0.00251923777529744,0.0116008926994905,"KCTD14"
"65997",187.690413459349,-1.36909850403733,0.485258266326123,-2.82138110578258,0.00478173587620081,0.019693327586178,"RASL11B"
"65998",550.405718932161,-0.790450226502915,0.182728660802799,-4.32581414995413,1.5196951433236e-05,0.000149743441025242,"ZFTA"
"660",76.7671150705638,-0.93462362675263,0.324052284103751,-2.88417540193419,0.00392440102065835,0.0166487779491409,"BMX"
"66000",190.737305326035,-0.814042946460043,0.311082368276773,-2.61680837448101,0.00887561526635612,0.0324503844836011,"TMEM108"
"66004",1732.53009640917,1.77252129458813,0.385020784315082,4.60370288253733,4.15044479572753e-06,4.80499188274778e-05,"LYNX1"
"66008",1135.525227835,-0.779830073215864,0.207743082787931,-3.7538196831898,0.00017416016886477,0.00125346605451483,"TRAK2"
"6603",4873.52160822199,0.674438215930265,0.197155918368183,3.42083677483509,0.000624287883006614,0.00366419782828861,"SMARCD2"
"6604",1180.511113698,-1.14875489265393,0.199633459655665,-5.75432041620351,8.69910239616464e-09,1.98958137469614e-07,"SMARCD3"
"661",568.055812235148,-1.20580655252141,0.207587766903667,-5.80865900966592,6.29752018683877e-09,1.50730413402197e-07,"POLR3D"
"6615",157.345835460826,-1.8737960775794,0.340141025045281,-5.50887996333271,3.61124044493461e-08,7.05254016304876e-07,"SNAI1"
"6616",82.0669557432209,-4.2767287907958,0.596175617891758,-7.17360566659787,7.30478225071772e-13,3.5697866198354e-11,"SNAP25"
"662",231.054741726479,-0.633181357279093,0.211049088702397,-3.00016153195501,0.00269836463984882,0.0122991890493021,"BNIP1"
"6622",351.239651691547,0.916264907269907,0.277379291082954,3.30329241124164,0.000955566891430877,0.00522011382516273,"SNCA"
"6624",3326.92601383913,-0.743582550406037,0.285256613016662,-2.60671450362696,0.00914155457645889,0.0332279285540932,"FSCN1"
"6629",781.266573772321,-0.48446694751789,0.167001652307633,-2.90097098336162,0.00372008324252507,0.0159264129501115,"SNRPB2"
"6640",891.456298479657,0.92096661000603,0.337636809422174,2.72768425807055,0.00637806253372274,0.0248365567904179,"SNTA1"
"6641",626.781430606292,1.3794366943233,0.250176122058146,5.51386232616835,3.51043240933808e-08,6.8752369851394e-07,"SNTB1"
"6648",3142.27268666441,0.52012828933159,0.207819491811396,2.50278876537542,0.0123219061552493,0.0423570668503091,"SOD2"
"6649",2749.5281293581,1.57393352979984,0.398574781579803,3.94890395112643,7.85098429373576e-05,0.000632256106033869,"SOD3"
"6650",1560.17305057195,0.783579666056741,0.294979719898747,2.65638487393543,0.00789834142901735,0.0295867989035292,"CAPN15"
"6653",551.706429187989,0.897006755270648,0.3034628438159,2.95590308187723,0.00311755037365121,0.0138300984679389,"SORL1"
"6657",29.8029791572333,-1.42561079287225,0.494411098177725,-2.88345224880003,0.00393342277419564,0.0166801760164901,"SOX2"
"6659",1284.11776867421,-0.850703839862229,0.22111952940021,-3.84725782552891,0.000119447250755203,0.000908130697385965,"SOX4"
"6662",1062.98813190169,3.30383523226861,0.692138566111612,4.77337254999289,1.81166213920834e-06,2.35424580009245e-05,"SOX9"
"6664",8.93666911243637,-2.42852450267946,0.968350186374789,-2.50789903988259,0.012145136278516,0.0418752906460593,"SOX11"
"6665",1160.75899675601,1.00091329314321,0.32147036269798,3.11354765255159,0.00184852656518259,0.00900806600798258,"SOX15"
"6666",656.43202908135,-0.992802737913331,0.243595587651997,-4.07561872315872,4.58921605147458e-05,0.000398247989896934,"SOX12"
"6668",1124.10545833402,0.77604643350508,0.23070510397535,3.36380262132387,0.000768765021993902,0.00435450170960993,"SP2"
"6672",1112.15980229193,-0.765471870446719,0.216610392086999,-3.53386494097328,0.000409530288144727,0.00257554886989644,"SP100"
"6674",335.011171397852,1.28838488880365,0.286643843265002,4.49472374542697,6.96603233024631e-06,7.59072575361514e-05,"SPAG1"
"6675",917.167251981729,-0.594719541485838,0.21335469730057,-2.78746870357398,0.00531215850873074,0.0215035340695602,"UAP1"
"6676",36.3955181271569,-1.63710254478452,0.563667579418986,-2.90437592041749,0.00367986030641861,0.0157969227418813,"SPAG4"
"6678",321354.108411538,-3.51901797109409,0.289777965680467,-12.1438424858515,6.18517174935017e-34,2.652407818513e-31,"SPARC"
"668",33.5527283681996,-3.05500297870084,0.587695410500333,-5.19827605272597,2.01145263825946e-07,3.34981724158032e-06,"FOXL2"
"6689",43.8117471985685,-4.88542679573888,0.661243890845269,-7.38823732570721,1.48788004580823e-13,8.14535182524375e-12,"SPIB"
"669",567.276534772332,-0.898884879782387,0.142039696958815,-6.32840606554534,2.47706575524946e-10,7.90510410946586e-09,"BPGM"
"6692",6589.68211110586,1.34308266308934,0.238003634902144,5.64311828112018,1.66997532988802e-08,3.57697941627626e-07,"SPINT1"
"6695",645.379758919059,-1.05740354925413,0.391212441896342,-2.7028883440632,0.00687398331972709,0.0263833810653109,"SPOCK1"
"6709",10965.0401478267,0.612378155777742,0.208240186866407,2.94072995704044,0.00327439855302437,0.014377179994764,"SPTAN1"
"6711",7376.51402482361,0.561821489667303,0.160922531447374,3.49125436080424,0.000480758315610131,0.00293299619695286,"SPTBN1"
"6712",11562.3834997272,1.56075181107788,0.281505063737515,5.5443116736727,2.95112766268541e-08,5.89767104938996e-07,"SPTBN2"
"6720",3768.26523798352,0.809810307064701,0.295892821069998,2.73683661582694,0.00620330937299334,0.0243356051331608,"SREBF1"
"6721",5527.24953336544,0.91136028369663,0.210038058015464,4.33902451921133,1.43116556226437e-05,0.000142177181146959,"SREBF2"
"6725",32.967648578932,1.74485439195979,0.409968829009326,4.25606599452003,2.08055317817515e-05,0.00019708286525337,"SRMS"
"6727",4096.49517940649,-0.543350220088691,0.220874139373503,-2.4599992630639,0.0138937301059526,0.0466387052349849,"SRP14"
"6728",581.973032158286,-0.450626100799321,0.175414784473782,-2.5689174498668,0.0102016756221105,0.0362491439678099,"SRP19"
"6736",14.0433985118417,6.87613569737717,1.96811974505896,3.49375880946267,0.000476271091182522,0.00291023867434571,"SRY"
"6744",5099.88715053728,0.842156141832124,0.249646739533756,3.37339131047715,0.000742483529139004,0.00422891006192509,"ITPRID2"
"6747",2389.80464899559,-0.670977532943534,0.196633378040447,-3.41232775244046,0.000644106187919504,0.00376334992112832,"SSR3"
"6752",39.3320676386617,-1.83914257315032,0.528966264987182,-3.47686174882039,0.000507319337970334,0.00307589433071616,"SSTR2"
"6767",5439.260505638,0.514494341150222,0.170613628571257,3.01555242367606,0.00256511592236816,0.0117805323842093,"ST13"
"6770",216.347247444603,0.848858422347926,0.259546564289925,3.27054386048321,0.00107340895130231,0.00574195682266288,"STAR"
"6772",2226.03246919226,-0.671259882585465,0.245402349096469,-2.73534416054668,0.00623150852269352,0.0244136603409066,"STAT1"
"6773",3313.88390962756,-1.15710053184803,0.229673110848416,-5.03803221706574,4.70342288062463e-07,7.06165255833533e-06,"STAT2"
"678",6685.34610084296,0.560402327782666,0.165756669254346,3.3808734834238,0.000722558038781243,0.0041392981608626,"ZFP36L2"
"6785",1771.95562382594,0.977685689096059,0.313461168201103,3.11900097452843,0.00181465361108202,0.00887240615926658,"ELOVL4"
"6786",3929.01451640772,0.993844835370516,0.196284457577426,5.06328849281654,4.12085526119647e-07,6.30659365772997e-06,"STIM1"
"678655",321.619330892622,-0.802985915082887,0.252860743306824,-3.17560529397216,0.00149524246388827,0.00757558067148212,"CD27-AS1"
"6801",1137.01040096133,0.531311994869698,0.191333789350739,2.77688534091454,0.00548825359285647,0.0221014767415589,"STRN"
"6804",104.709943716049,-1.62235659495686,0.332963434698873,-4.87247675236201,1.10207827844234e-06,1.50133549195613e-05,"STX1A"
"6812",666.178040677206,0.513401941472988,0.202468986570532,2.53570657990201,0.0112220717970091,0.0392315091490551,"STXBP1"
"6820",3681.52891156412,1.443926068001,0.261161725381326,5.52885789788951,3.22322293333691e-08,6.35505946933018e-07,"SULT2B1"
"6821",4293.46742513118,0.51732628576454,0.139608370557588,3.7055534972464,0.000210929601322436,0.00147880616948945,"SUOX"
"6839",403.595897768964,0.777478383521824,0.234849148914772,3.31054375591531,0.000931148929342425,0.00510705290742992,"SUV39H1"
"6843",397.66866653207,-0.742461580131909,0.284145976123816,-2.61295827679919,0.00897622596983079,0.032748428813009,"VAMP1"
"6844",5413.39651744658,0.898264777109376,0.207165905356765,4.33596819690216,1.45119926618083e-05,0.000143751134239972,"VAMP2"
"684959",25.5138973976786,-1.42329551803203,0.513584222594435,-2.77129914708454,0.00558331061163118,0.0224116352632247,"SNORA25"
"685",1142.13578123963,2.78078690531091,0.323064263046622,8.6075348572665,7.46484564420451e-18,7.35198003542132e-16,"BTC"
"6854",165.436828511794,2.52895277563232,0.415809912777181,6.08199251129327,1.18698113841982e-09,3.3287220372253e-08,"SYN2"
"6855",122.845700949475,0.650135095166533,0.231116226730005,2.81302228045647,0.00490782504386704,0.0201366166825763,"SYP"
"6856",3385.5873968453,0.707360499139426,0.196635935658466,3.59731041414541,0.000321524688537361,0.00210504586159448,"SYPL1"
"6863",15.8251565619481,3.05190126873109,0.735615631728156,4.14877163711348,3.34264049542122e-05,0.000301115588436545,"TAC1"
"6865",90.3269417116945,3.38822197164194,0.836169625979345,4.05207492160883,5.07654019579045e-05,0.000435942859366503,"TACR2"
"687",1152.65091439538,0.76949556925776,0.26383629047805,2.91656454031966,0.00353909494351315,0.0153140067936251,"KLF9"
"6874",412.809376464015,0.512159489151345,0.190535990288729,2.68799342515418,0.0071882812013486,0.0273298079513409,"TAF4"
"688",8394.96795265227,1.19039970663525,0.306942591602296,3.87824869928005,0.000105211132051602,0.000815386273399914,"KLF5"
"6883",562.98473533615,-0.671677764250755,0.186111482023489,-3.6090076600754,0.000307370534684378,0.00202655832349239,"TAF12"
"6886",154.857758532963,-0.777060938969165,0.242390429218275,-3.20582351982806,0.00134676558907057,0.0069582888768646,"TAL1"
"6897",1113.43764145697,-0.617733750688204,0.234860980928088,-2.63021021306791,0.00853320851938324,0.0314498772001763,"TARS1"
"6900",71.4168325056613,0.801390065844957,0.299657033712041,2.67435760114699,0.00748725658850675,0.0282836648225037,"CNTN2"
"6910",60.4699772005974,-2.00162372415865,0.372117318740325,-5.37901254081496,7.4895492204485e-08,1.35589165482596e-06,"TBX5"
"6913",586.473573689633,-0.732166054946906,0.257350028374892,-2.84502030005736,0.00444085927810785,0.0185004346044468,"TBX15"
"6916",140.293401488678,-0.968870360534612,0.320661604959951,-3.02147293454612,0.00251548127542372,0.0115887794479234,"TBXAS1"
"6917",1948.85480489699,0.502930997246585,0.175264249218736,2.86955839247574,0.00411045428711934,0.0173096544693258,"TCEA1"
"692088",17.3116113195836,-1.58317545567733,0.635518690550533,-2.4911548302472,0.0127328619436749,0.0434865430957701,"SNORD50B"
"692094",121.831667785697,0.909198250250968,0.369076531111622,2.46344097662497,0.0137610550533589,0.0462687940572262,"MSMP"
"692212",14.2653774564667,-1.84349614752991,0.699397431539083,-2.63583488356991,0.00839305614125136,0.0310556655781985,"SNORD99"
"692227",51.8246799468945,-1.68658074115713,0.412927206218022,-4.08445051757289,4.41812396586394e-05,0.000385677114984492,"SNORD104"
"6925",2901.87043438711,-1.02307434864848,0.20022364466958,-5.10965800436213,3.22742485360797e-07,5.07124528142493e-06,"TCF4"
"6926",890.007613815842,1.88493173355335,0.33477568430492,5.63043202336201,1.79758779123492e-08,3.81852911194835e-07,"TBX3"
"693224",21.6587011185188,1.30375719485867,0.490608092175372,2.65743108532469,0.00787386869416301,0.0295238214562664,"MIR639"
"6935",572.127046778945,-1.36144278965423,0.345163895149748,-3.94433719396859,8.00209960043729e-05,0.000642962647264252,"ZEB1"
"6938",1837.10991412328,-0.90223563120876,0.294912744937303,-3.05933075696872,0.00221832086720244,0.0104037176419446,"TCF12"
"694",7989.96686179815,0.632942546489532,0.176179824603273,3.59259380530553,0.000327402736445608,0.00213470317611542,"BTG1"
"6940",194.242279507953,-0.827746485748659,0.308378884988698,-2.68418664844383,0.00727065032547409,0.027576758116742,"ZNF354A"
"6947",226.232307484006,-3.10519988906177,1.12531161557833,-2.75941334477909,0.00579052419690234,0.0230679601449657,"TCN1"
"695",206.96869568143,-1.10817233915702,0.166195004315306,-6.66790403070474,2.59482359307493e-11,9.94400286160519e-10,"BTK"
"6954",11.0902266841802,1.55174607477298,0.605056241578628,2.56463113366848,0.0103285542242823,0.0365737072342381,"TCP11"
"6988",1137.30677983049,0.540595934688842,0.208548544476658,2.59218272678642,0.00953691024549564,0.0343856648262887,"TCTA"
"6993",1035.56145416235,-0.83238848763896,0.191674059775178,-4.34272894629195,1.40723712673221e-05,0.000140206045579166,"DYNLT1"
"6999",39.2469660007258,-4.5645878807302,0.661637732438966,-6.89892316737131,5.23981996134278e-12,2.25641117331129e-10,"TDO2"
"70",342.451466682308,5.81878606630726,1.24877793624768,4.65958430030522,3.16848614820169e-06,3.81627377850109e-05,"ACTC1"
"7001",6645.76881490852,0.926395220498081,0.232082060212297,3.99167096177386,6.56093639976153e-05,0.000543400932373053,"PRDX2"
"7005",2702.04443205959,0.629103058088213,0.202372238750928,3.10864307264243,0.00187948621975425,0.00912652614942711,"TEAD3"
"7007",18.1573744077026,-1.90715059264379,0.500908702577256,-3.80738163028751,0.000140445925785461,0.00104328362914758,"TECTA"
"7008",3544.4022315626,1.46137463661657,0.30405578876457,4.80627138379565,1.53771135544783e-06,2.0263924801881e-05,"TEF"
"7011",664.002685916017,-0.721443819919791,0.234494828620379,-3.07658733527011,0.00209384954201364,0.00995376419695352,"TEP1"
"7018",175.599029278736,1.38063563601703,0.401782509067832,3.43627610674296,0.000589769591117706,0.00349548438340537,"TF"
"7019",445.828843469549,0.603894347716818,0.187769154309299,3.21615310000313,0.00129921500860902,0.00675350938624165,"TFAM"
"7020",2576.03575218229,0.990855037319455,0.19559132392605,5.06594575582547,4.06377634004689e-07,6.23314248759502e-06,"TFAP2A"
"7021",320.312954480821,1.34526041213714,0.283531170086393,4.74466497537902,2.0885170698762e-06,2.67517332708971e-05,"TFAP2B"
"7025",166.001496316072,-1.37292251689651,0.226427940543577,-6.06339709490173,1.33276066331204e-09,3.6724960500154e-08,"NR2F1"
"7027",2218.59311418915,0.58284263017611,0.189056632964876,3.08289966363885,0.00204994259267166,0.00977212096515826,"TFDP1"
"7029",1405.60149656757,0.425950574420187,0.159440855079774,2.67152715787348,0.00755069622380278,0.0284971637460133,"TFDP2"
"7038",214.382032512559,3.21028506767315,0.409252169784434,7.84427134342161,4.3547458607183e-15,2.97800959458557e-13,"TG"
"7039",611.113850928934,1.48787145845524,0.247845750693918,6.00321552533984,1.93447556678973e-09,5.1915573750717e-08,"TGFA"
"7040",2105.50110091086,-1.03345195169706,0.298344503855814,-3.46395505310368,0.00053229544298239,0.00320748518687047,"TGFB1"
"7043",4547.69695772764,-4.14407201972858,0.258240921279236,-16.0473096177023,5.9696218993958e-58,1.53598371471454e-54,"TGFB3"
"7045",20318.3435689914,-1.21866699673099,0.276720927945758,-4.40395674363258,1.06294146444402e-05,0.000110169119356071,"TGFBI"
"7049",1947.29035926116,0.86927705813439,0.185354910233935,4.68979784262138,2.73475098265308e-06,3.36072323742872e-05,"TGFBR3"
"7052",381.555886526602,-1.70868552321142,0.467058256188077,-3.65839914094862,0.000253795580184966,0.0017281270997444,"TGM2"
"7054",22.1064637964318,2.65925114111196,0.830227818871477,3.2030378658314,0.00135986099615562,0.0070073571770578,"TH"
"7056",2958.98478377902,0.860756288572973,0.235305982832897,3.65802976282265,0.000254161538107018,0.00173004666018349,"THBD"
"7057",3300.88074735099,-2.02145502807397,0.420603199150199,-4.8060857172703,1.53913930568935e-06,2.02697654947598e-05,"THBS1"
"7058",20003.9194109712,-2.9426938292973,0.312104611783104,-9.42854965354475,4.15798340957861e-21,6.02731904949057e-19,"THBS2"
"7059",2791.79382797886,-1.65603637084407,0.231321370016546,-7.15902889009181,8.1250563741378e-13,3.93520377424124e-11,"THBS3"
"7060",4559.49198777283,-5.25599805017975,0.370650152116097,-14.1804826469717,1.21011402523768e-45,1.24544935477462e-42,"THBS4"
"7066",41.6922735842978,-1.88131899517236,0.334359898964491,-5.62662867466699,1.83765718729587e-08,3.89159830692367e-07,"THPO"
"7067",3917.89307226129,0.80540674200765,0.258818004502198,3.1118652025648,0.0018590936647048,0.00904671016413326,"THRA"
"7069",747.642389007261,3.61707591975567,1.1575890854237,3.12466311690539,0.00178008796569855,0.00873036232688562,"THRSP"
"7070",17057.6375647894,-2.87421364185724,0.394044494795207,-7.29413474828781,3.00584490582734e-13,1.57036323709518e-11,"THY1"
"7072",1014.31347947991,-0.801374924092711,0.295549141876452,-2.71147775630392,0.00669840351664726,0.0258543304502098,"TIA1"
"7074",1335.85143436544,0.750888655776376,0.194264879784581,3.86528258020201,0.000110960656079825,0.000853837063456867,"TIAM1"
"7076",7319.65118103788,-1.37474992065261,0.301819364290755,-4.55487647017989,5.24163717325313e-06,5.8926193104447e-05,"TIMP1"
"7078",16314.617204936,1.47619999279504,0.172352710744528,8.5649943445517,1.08081150093847e-17,1.04940678940176e-15,"TIMP3"
"7079",161.999861101924,1.47886835697045,0.462128218413562,3.20012563190201,0.00137367696115916,0.00706540893765622,"TIMP4"
"708",1300.91382135976,0.478578837954185,0.142439977831355,3.3598631875723,0.0007798107897296,0.00440615572215045,"C1QBP"
"7086",3833.49174002229,0.982772507083486,0.266594595833597,3.68639320692349,0.000227454826099451,0.00157800139549414,"TKT"
"7088",829.728956747259,0.731565014388739,0.185053774377691,3.95325638101081,7.70947538293552e-05,0.000622710033738072,"TLE1"
"7089",1072.43915597982,1.3892921323059,0.312134015622862,4.45094755063327,8.54922223025567e-06,9.13692577297937e-05,"TLE2"
"7091",936.206234943444,0.500315303548155,0.195666012905601,2.55698624466545,0.0105583392519364,0.0372400368680361,"TLE4"
"7093",101.384553530524,-3.63660252533196,0.435965874039943,-8.34148437269376,7.3363724367931e-17,6.31848913133678e-15,"TLL2"
"7097",192.484919833701,-0.845335872462863,0.236398082502377,-3.57589986989156,0.000349025233302198,0.00225002674672485,"TLR2"
"7103",586.070932409538,4.42528876429557,0.685238748222938,6.45802470419527,1.0607842851012e-10,3.65136851580653e-09,"TSPAN8"
"7108",2309.58466821036,1.32749006979041,0.284234672702528,4.67040159868084,3.00611457426626e-06,3.65492394546348e-05,"TM7SF2"
"7113",281.559172474244,4.03351848819714,0.507161912002274,7.95311791509111,1.81875085007023e-15,1.29990164923075e-13,"TMPRSS2"
"7123",7365.5638869248,2.42636472304356,0.435773674987466,5.56794699246886,2.57758205080481e-08,5.27929840136977e-07,"CLEC3B"
"713",1488.38527381758,-1.24137170765836,0.421997407028415,-2.94165719263478,0.00326461104599561,0.0143525744918355,"C1QB"
"7130",284.318114435358,-1.8440814192817,0.42409310887346,-4.3482937607268,1.37200753637614e-05,0.000137294132857396,"TNFAIP6"
"7134",75.6019490134522,1.08235831643626,0.270410096543319,4.00265496840598,6.26356145304615e-05,0.000523463860939918,"TNNC1"
"7136",532.980787119658,2.919661770132,0.322789180538357,9.04510419234777,1.4952250613761e-19,1.75872643790661e-17,"TNNI2"
"7137",59.2983583937438,1.45545699813986,0.588579519835268,2.47282983707488,0.0134047952097325,0.0453196931321515,"TNNI3"
"7138",826.337877690063,1.16409652596445,0.27886571744133,4.17439811765088,2.98774887138728e-05,0.000272123109595734,"TNNT1"
"7140",179.666961766774,-0.716456059523178,0.288344537188017,-2.48472215395573,0.0129652583531807,0.0441702876434744,"TNNT3"
"7145",10461.8297235178,0.860502581379069,0.269929506032946,3.18787891707564,0.00143320538365567,0.00731855609455926,"TNS1"
"7146",3569.8297516088,1.46834670629107,0.42008031538191,3.49539517212595,0.000473360352489373,0.00289730880036909,"TNXA"
"7148",8565.31058158056,1.74971363507444,0.406450214691871,4.30486581585617,1.67086980093317e-05,0.000163699114623552,"TNXB"
"715",23241.2131182446,-1.19950046399066,0.244554611614788,-4.90483682180593,9.35050400378384e-07,1.2960994910026e-05,"C1R"
"7157",2391.98074136021,0.505788860180979,0.170139089578539,2.97279632466529,0.00295100202536483,0.0132396307083935,"TP53"
"7158",917.14907622028,-0.766334788958064,0.21109293913002,-3.63031938498923,0.000283070729981527,0.00188698107738066,"TP53BP1"
"716",21552.1020673173,-1.46331361870054,0.201784811856444,-7.2518521351428,4.11110567955598e-13,2.09462869574209e-11,"C1S"
"7161",411.285999540786,0.759403845251033,0.251645322442656,3.01775466310955,0.00254654975381152,0.0117057124011738,"TP73"
"7162",1019.8929904162,-1.71354477297911,0.165556510709788,-10.350210726432,4.17565717671225e-25,8.51007201242029e-23,"TPBG"
"7163",1553.54052341974,0.846744075664122,0.20064888024831,4.22002891128146,2.44270990265976e-05,0.000226898649080995,"TPD52"
"7164",1151.50723829358,1.3627674490792,0.236007030323311,5.77426633101696,7.7289104486856e-09,1.79764850481067e-07,"TPD52L1"
"717",980.14536561602,-1.44682323621566,0.325697011399063,-4.44223675863863,8.90285194967593e-06,9.46083141621732e-05,"C2"
"7171",15684.5404890103,-0.703610201622723,0.15213764301573,-4.62482649050884,3.74912106777332e-06,4.39225430045794e-05,"TPM4"
"718",14203.5354217253,-1.08048876316908,0.410247213671269,-2.63375040015476,0.00844475418443513,0.0311796986784597,"C3"
"7180",6.25307000141095,4.96134524564415,1.28467200233203,3.86195483099028,0.000112483366266364,0.000863939407174193,"CRISP2"
"7184",6519.46504980631,-1.1702816890517,0.254842580223635,-4.59217485564903,4.38650597329303e-06,5.05836632796995e-05,"HSP90B1"
"7185",386.881872806127,-0.891666178916632,0.273137404996001,-3.26453339091249,0.00109644538494493,0.00584241051092584,"TRAF1"
"7188",363.892531793475,-1.27045049288995,0.329486600064409,-3.85584874359564,0.000115328784921259,0.000882501006995985,"TRAF5"
"719",207.001030560555,-1.04011323043332,0.288006271572443,-3.61142562887452,0.000304518414630422,0.00201032939280071,"C3AR1"
"7190",42.7889156638513,-0.784738331325791,0.314245536734628,-2.49721392857357,0.0125173416551257,0.0429471300816444,"HSP90B2P"
"72",3187.44613702986,4.42536904260088,0.857045127309694,5.16351928455895,2.42349600728671e-07,3.96229085099203e-06,"ACTG2"
"720",340.989109410341,-1.47111656483245,0.291249362849859,-5.05105504931462,4.39376410828046e-07,6.67955985264733e-06,"C4A"
"721",337.810748173756,-1.45345782117107,0.314762840597226,-4.61762836557613,3.88150578996851e-06,4.52673740400634e-05,"C4B"
"7216",741.474093630302,-2.68629023958412,0.299343010395809,-8.9739534456881,2.86058221953906e-19,3.27123468927734e-17,"TRO"
"7220",132.513313587695,-1.24804461830885,0.34054234684911,-3.66487348741341,0.000247460876626806,0.00169339583925737,"TRPC1"
"7222",26.2590232179941,-4.39000405204005,0.521895206330501,-8.41165812368085,4.04254726671024e-17,3.58671521284326e-15,"TRPC3"
"7223",10.0629368952638,-2.19443136034347,0.630382402100919,-3.48111139053047,0.000499337783556342,0.00303554900671109,"TRPC4"
"723961",3330.55711094333,-3.77259437636116,0.357308858299771,-10.5583566954169,4.64726021791852e-26,1.06288004806261e-23,"INS-IGF2"
"7253",39.4429451664271,-2.50452536884954,0.761675989986441,-3.28817686493455,0.00100838468730083,0.00545908383697135,"TSHR"
"7259",2234.82754752028,0.71623302729717,0.210742422588655,3.39861817330996,0.000677271969185052,0.00391967041375057,"TSPYL1"
"7263",690.871714335349,1.07329017459179,0.244191488721142,4.39528085197698,1.10629624630558e-05,0.000113731891756896,"TST"
"7267",4398.22204078699,-1.63928926300235,0.19474954649398,-8.41742274893064,3.84856889843487e-17,3.44430183501667e-15,"TTC3"
"7275",509.689315381599,-1.41210829796851,0.323515513749186,-4.36488588013521,1.27189141156861e-05,0.000128085189900824,"TUB"
"727699",6.11373779722764,2.19959074660483,0.890058271553602,2.4712884727934,0.0134627170268725,0.045481136924527,"LINC00163"
"7277",12430.3949799809,1.0654766724016,0.269522534367912,3.95320070323755,7.71127028759398e-05,0.000622710033738072,"TUBA4A"
"727800",159.494331119805,0.993315179650084,0.408749481448941,2.43013196280755,0.0150933262946385,0.0498365461098555,"RNF208"
"727866",1022.25727376172,-0.851847016918031,0.222621052027926,-3.82644412627774,0.000130007641375087,0.000976670543819267,"FAM156B"
"727897",70.3907380057104,2.54554065095889,0.42832557954782,5.94300404296704,2.79845529932814e-09,7.32867733859674e-08,"MUC5B"
"727936",764.038078848827,-3.6226507339323,0.350862558604046,-10.3249852259686,5.4327168000239e-25,1.08569944283196e-22,"GXYLT2"
"728",175.118004878785,-1.31359623149317,0.284772460537732,-4.61279236416586,3.97295135295287e-06,4.61508073640981e-05,"C5AR1"
"728047",75.7134269921392,-1.14322750927731,0.468198082003931,-2.44176034293902,0.014615845677262,0.0485559340575792,"GOLGA8O"
"728113",6236.90117527336,0.742493477790551,0.241582634280417,3.07345550727252,0.00211595237677995,0.010033348012817,"ANXA8L1"
"728158",7.10837037429677,-2.28801823378473,0.721010781554756,-3.17334815555871,0.00150691702764729,0.00762497052534215,"LOC728158"
"728215",21.7973096233752,-1.24711618455602,0.50507716237177,-2.46915971947679,0.0135430755256145,0.0457076023314067,"NALF1"
"728239",467.669821586749,-3.95718755062007,0.291132029895278,-13.5924156199628,4.44174867970429e-42,3.65715819292132e-39,"MAGED4"
"728262",171.548327591816,1.14022504184604,0.250295685823674,4.55551216591601,5.22580907600054e-06,5.8780357388194e-05,"FAM157A"
"728264",106.904802803607,-0.857124934199472,0.295095250577324,-2.90457041420557,0.0036775747107111,0.0157936986950297,"CARMN"
"728377",897.722272923607,1.15415805320739,0.29131505742674,3.96188945193002,7.43589698327587e-05,0.000603312981883131,"ARHGEF34P"
"7284",5408.68186077365,0.643390144562712,0.209274455816325,3.07438450647508,0.00210937375855368,0.0100113787055728,"TUFM"
"728441",32.748036135481,1.51659224416997,0.559341668385954,2.71138792242365,0.00670021879136937,0.025856262392491,"GGT2P"
"728464",59.2424467717381,1.08872408248815,0.303850212989563,3.58309468266046,0.000339547460547149,0.00220203053809153,"METTL24"
"728498",59.1151591536909,-1.1780135658186,0.406452565082661,-2.89828055477771,0.00375214781841721,0.01603367463033,"GOLGA8H"
"7286",4537.34484474068,0.799070086766637,0.207255285944712,3.85548712605477,0.000115499409129653,0.000883476951631124,"TUFT1"
"728606",17.7858059710496,3.40097392852874,0.828440785140563,4.10527099767509,4.03841172590914e-05,0.000356613757898386,"PCAT18"
"7287",30.9454518670981,1.37321026645141,0.462321951897551,2.97024673134212,0.00297560653677382,0.0133180876175152,"TULP1"
"728743",359.833009967391,-0.545802924360156,0.213977673722351,-2.55074707031524,0.0107492303864236,0.0378161268627829,"LOC728743"
"728920",16.8550094680049,-1.27433645322717,0.474751136318165,-2.68421991174161,0.00726992693805895,0.027576758116742,"PDE4DIPP1"
"728978",10.757031063907,2.71630441023899,0.837646788118729,3.24278018941556,0.00118369495319156,0.0062346921485402,"UNC5B-AS1"
"729",25.5554585526456,1.87543218013718,0.529909028765909,3.53915875806989,0.000401404368686658,0.00253762516125497,"C6"
"729013",365.697809885287,0.820645647779878,0.278079464108227,2.95111920763946,0.00316624691353688,0.0140068829718984,"ZBED5-AS1"
"729085",448.450454872049,-1.79279530493661,0.325795991704557,-5.50281572083421,3.73773050345726e-08,7.27885001732869e-07,"GASK1A"
"729096",26.7915491005986,-1.02352415036621,0.394614183213281,-2.59373381370079,0.00949399598750862,0.0342549366182081,"BMS1P4"
"729162",67.8393852621935,1.52796006842379,0.602276378945519,2.53697492021683,0.0111814964243671,0.0391158702198817,"FAM239B"
"729177",16.9497848265727,-2.98493715592819,0.59171645928514,-5.04453967620628,4.54614495653046e-07,6.8605460253096e-06,"NBAT1"
"7292",166.329334896768,-2.4062484165693,0.393516376690074,-6.11473513963667,9.67174628938833e-10,2.75738539640955e-08,"TNFSF4"
"729218",675.798208677927,0.796834304770584,0.216475654976707,3.68094188169255,0.000232373972118351,0.00160240731728111,"LOC729218"
"729230",170.828012904433,-1.67859667070411,0.325429843878683,-5.15809075989318,2.49480688874456e-07,4.06918423121379e-06,"CCR2"
"729252",2171.4087429124,0.795728356348783,0.325975838476052,2.44106544849717,0.0146440005442739,0.0486259246980698,"KRT16P1"
"7293",38.4299218265097,-1.28250778543412,0.48304376246452,-2.65505505938155,0.00792954646841782,0.0296766880919841,"TNFRSF4"
"729359",8574.04427040765,5.40816449069142,0.922655894425225,5.86151838769803,4.58653675481818e-09,1.134726833668e-07,"PLIN4"
"729468",20.9010093435192,1.5899334686432,0.477520714491353,3.32955915920164,0.000869835834948323,0.00482997054938664,"PGM5P4"
"729475",16.9694061921251,-2.03878861683349,0.526349315100701,-3.87345163818334,0.000107304707959744,0.00082880304264292,"RAD51AP2"
"729648",35.3896604594957,-1.82500336115513,0.476053716215939,-3.83360805511978,0.000126277292431021,0.00095142451954617,"ZNF812P"
"729683",50.5585959023838,-2.01330682711279,0.414307012765649,-4.85945630915885,1.17708553979518e-06,1.59507101719184e-05,"LOC729683"
"729830",1640.23637684078,0.825863974728912,0.225338650944871,3.66499032130514,0.000247347936909767,0.00169318587740294,"FHIP1A"
"729857",55.1522753794373,-1.55923338956417,0.512965441655647,-3.03964607153962,0.00236856312834385,0.0110080161286588,"RGPD2"
"729867",146.693067069356,0.921932448786346,0.319517574462612,2.88538885642494,0.00390930469089648,0.0166014143814155,"LOC729867"
"729993",17.1907522343698,3.46949226667708,0.757769093790228,4.57856132575068,4.68184906904785e-06,5.34504610301059e-05,"SHISA9"
"730",848.799150212614,1.11146555753562,0.339353515689934,3.27524397463782,0.00105570757551751,0.00566788855880344,"C7"
"730005",488.67799198694,2.23482171814209,0.816686095848029,2.73645128710255,0.0062105789305328,0.0243502012773499,"SEC14L6"
"730051",269.540351774607,-0.874722536663691,0.228040578864414,-3.83581966428779,0.000125146213585941,0.000944572038503904,"ZNF814"
"730087",47.7150883562403,1.00208135944212,0.369895932673734,2.70908996538224,0.00674680424046974,0.0260069640569132,"ZNF726"
"730098",95.5099485430733,0.780569801016954,0.28559047309184,2.73317871064256,0.00627262876609192,0.0245327361811203,"LOC730098"
"7301",2132.78509328771,1.30213896334271,0.211732349200006,6.14992923028823,7.75175273707549e-10,2.2473532160558e-08,"TYRO3"
"730102",412.660977820347,0.457043950843114,0.187442827084075,2.43831123309996,0.0147560632403618,0.0489033659216884,"CRYZL2P"
"7306",5861.61225023878,0.675699400777033,0.274216550728766,2.46410874537396,0.0137354431456512,0.046212873767585,"TYRP1"
"731220",85.2398909189893,-3.73134114209479,0.462234983554404,-8.07239017999514,6.89351673836341e-16,5.25541290898046e-14,"RFX8"
"731275",69.2548526593804,1.18853917561437,0.407799987794422,2.91451498574722,0.00356241704964969,0.0153890435571855,"LINC01347"
"7314",12608.2615269306,-0.464232828408913,0.16193712315384,-2.86674741015309,0.00414713862033615,0.0174213676246937,"UBB"
"7318",1480.87711586644,-0.820130350500602,0.230444787238237,-3.55890172361652,0.000372408839040237,0.00238202606273626,"UBA7"
"7345",584.937397392197,-1.60339145397815,0.399248395400712,-4.01602479170612,5.91880321089263e-05,0.000497885759268549,"UCHL1"
"7348",47.3230551473124,3.19391554451659,0.493091012074817,6.47733474410192,9.33569292206971e-11,3.24057172188673e-09,"UPK1B"
"7358",639.06344458148,-0.778467737444285,0.268508038478039,-2.89923438365871,0.00374075143819465,0.0160015851213214,"UGDH"
"7364",8.32339102292526,3.32306500580499,1.26412584886969,2.62874539649377,0.00857004975391386,0.031548400698432,"UGT2B7"
"7373",14694.6513597656,-3.91628176669516,0.288831999114065,-13.5590300891438,7.00562976749235e-42,5.54630319746395e-39,"COL14A1"
"7374",1439.19513085771,1.07785267354897,0.169253525377072,6.36827310478567,1.91168304024841e-10,6.25597515110862e-09,"UNG"
"7376",2496.82100919827,0.813199304422012,0.295825668522109,2.74891394139192,0.00597930827596008,0.0236552145978017,"NR1H2"
"738",5078.80915714395,1.0041766131729,0.316627135340488,3.17147995573106,0.00151664334248769,0.0076628832994027,"VPS51"
"7391",1317.77427379337,-0.738241850762724,0.21038755736091,-3.50896155658247,0.000449859923710902,0.00278242688391382,"USF1"
"740",2149.93629830876,0.715928919860908,0.176313086372414,4.06055463375363,4.89562794197352e-05,0.000422168435515639,"MRPL49"
"7404",119.947071927579,7.04127353618252,1.7623195311899,3.99545792438011,6.45693245395519e-05,0.000537008071241267,"UTY"
"7409",202.242078440481,-1.2540343502463,0.275640336733604,-4.54953133894286,5.37655266382357e-06,6.02454872249016e-05,"VAV1"
"7410",917.83875454829,-1.00091144319103,0.216281598879335,-4.62781599718727,3.69542117200023e-06,4.34136439104217e-05,"VAV2"
"7412",512.547266719176,-1.69256538031702,0.293875397422632,-5.75946607018242,8.43804181080773e-09,1.93848942671503e-07,"VCAM1"
"7417",2654.41987902215,0.409116499434114,0.155754130249245,2.62668154468473,0.0086221984918061,0.0316927381705959,"VDAC2"
"7424",193.47331060539,-0.651204075732259,0.229980379746885,-2.83156361620487,0.00463210181826678,0.0191845440296184,"VEGFC"
"7430",7703.35597987815,1.08935462372145,0.200737673000803,5.42675725705505,5.73870899466248e-08,1.07192001766e-06,"EZR"
"7431",55259.1878649702,-0.589363111049592,0.190112046044933,-3.1000829421945,0.00193466458181695,0.00933063161952207,"VIM"
"7433",2226.98858390286,0.827888432797997,0.182232493257918,4.54303410987339,5.54502748079615e-06,6.19457035411205e-05,"VIPR1"
"7436",447.67540483671,-1.18883316425118,0.20966699490616,-5.67010160461005,1.42712858573953e-08,3.11847290964569e-07,"VLDLR"
"745",70.4755898148435,0.892181858269946,0.317263947588977,2.81211232807892,0.00492173122922634,0.0201850798211586,"MYRF"
"7454",280.764911955703,-0.831511804921017,0.26632185953215,-3.1222063648164,0.00179501067290777,0.00878889145840475,"WAS"
"7456",1201.60603191196,-1.35209033530085,0.218251078963342,-6.19511409392829,5.82428249052369e-10,1.74254405210668e-08,"WIPF1"
"7458",11302.2190135087,0.56360854108321,0.193070650120964,2.9191829039271,0.00350950240983297,0.0152019355227277,"EIF4H"
"7464",770.032891299132,0.734276067481268,0.197596783743872,3.71603248579718,0.000202375574017737,0.0014315116204746,"CORO2A"
"7465",1078.73412889426,1.76351623421006,0.316990340327419,5.56331222077154,2.64701674811159e-08,5.38401114062538e-07,"WEE1"
"7466",1303.27703384726,0.84617287883997,0.275350648754358,3.07307385207886,0.00211866047972511,0.0100415628170992,"WFS1"
"7469",903.297491417501,0.58582525769664,0.237822551922264,2.46328724068239,0.0137669574811632,0.0462810799922036,"NELFA"
"7472",375.15740704371,-1.62127379670039,0.330521582929817,-4.90519796719189,9.33331565199279e-07,1.29546169508172e-05,"WNT2"
"7474",422.434185153079,-1.86064437103819,0.292898092978969,-6.35253153106662,2.11799993307071e-10,6.87648432528824e-09,"WNT5A"
"7475",23.0979500279564,1.71888605011815,0.632530940420011,2.71747347090529,0.00657824287622619,0.0254667202114425,"WNT6"
"7477",1829.41125818717,1.80379901466196,0.357493401110757,5.04568478483079,4.51899904556149e-07,6.82458373835933e-06,"WNT7B"
"7481",302.975117850064,1.25523796390191,0.299835901363936,4.18641649713028,2.83393123198885e-05,0.000259491283270723,"WNT11"
"7484",89.1737513365607,-1.37996203583875,0.303036270731962,-4.55378503868712,5.26891968783675e-06,5.92005692436854e-05,"WNT9B"
"7490",10.7690447318001,-6.81373717604206,1.31169434390154,-5.19460742338423,2.05152286678537e-07,3.40869250315212e-06,"WT1"
"7498",61.9539882934728,0.895653947164854,0.35903811083976,2.49459296972679,0.0126101687559869,0.0431821183951481,"XDH"
"7504",51.5371404875216,1.29834472147635,0.423257344236835,3.06750665795857,0.00215852652085142,0.0101929593726097,"XK"
"7511",1719.24700877122,-0.435994083406852,0.133390978096561,-3.26854251785484,0.00108102934077339,0.00577371768305124,"XPNPEP1"
"7512",543.146587752751,0.9452365942465,0.347496260019301,2.72013458272616,0.00652553514446783,0.025319445175469,"XPNPEP2"
"7528",2672.76788172761,0.479325212064536,0.148980353757967,3.21737195525288,0.00129370758998693,0.0067314653772222,"YY1"
"7534",19281.4966741298,0.491549865677827,0.13387941994673,3.67158646096176,0.000241049501687448,0.00165447247173539,"YWHAZ"
"7535",158.120187934063,-0.754484154742499,0.304965998474096,-2.47399434204986,0.0133611812788206,0.0452048907697639,"ZAP70"
"7538",2224.36531998323,0.516819970021982,0.208746343690023,2.475827652289,0.0132927728785006,0.0450326591394102,"ZFP36"
"7539",70.8068875755855,-1.09009816197901,0.380951219196856,-2.86151640169894,0.00421619687592819,0.0176789970450409,"ZFP37"
"7543",577.186868236895,-0.742409862519849,0.253291732720808,-2.93104656257444,0.0033782214221879,0.0147418507005121,"ZFX"
"7544",46.1598632710108,7.13626075345706,2.22382331746074,3.20900527367684,0.0013319504901623,0.00688866052500021,"ZFY"
"7545",155.902880733434,-1.67331653376311,0.342103662481687,-4.89125583054139,1.00194632799439e-06,1.3776929335629e-05,"ZIC1"
"7549",122.680223370332,-0.798377252504891,0.242089848288945,-3.29785514819272,0.000974263801893188,0.0053025505283367,"ZNF2"
"7552",607.974950473893,1.26921714437362,0.235720478761247,5.38441611455899,7.26801891538255e-08,1.32393718012597e-06,"ZNF711"
"7566",340.879540293109,-0.491365761091815,0.184165125651808,-2.66807170658801,0.00762879743285651,0.0287458328147153,"ZNF18"
"7567",65.3257650500165,-0.950089590321935,0.317707562447704,-2.99045317965424,0.00278563830271437,0.0126270818813197,"ZNF19"
"7570",579.293786592987,-0.615450475816607,0.207999788605614,-2.95889952553537,0.00308739745487806,0.0137170276734751,"ZNF22"
"7579",118.575717259142,-1.03611533630955,0.338072091105903,-3.06477631123055,0.00217832852875538,0.0102629238809569,"ZSCAN20"
"758",27.3249046957538,3.01111421440624,0.586661830578718,5.13262335720034,2.85731335102263e-07,4.58060264933409e-06,"MPPED1"
"7584",146.197655832819,-0.560254598985874,0.198412674371195,-2.82368352103222,0.00474752376139198,0.0195720066301808,"ZNF35"
"760",1090.43745568678,-1.25333021884626,0.446308555871257,-2.80821463617156,0.00498170117022451,0.0203904030399485,"CA2"
"7617",17.3598945467167,1.22071704571625,0.47718665557885,2.55815419698915,0.0105229420212148,0.0371470139881127,"ZNF66"
"7621",176.124007128018,-0.872868253060993,0.25096947543963,-3.47798572528378,0.000505196827869904,0.00306483097697439,"ZNF70"
"7633",154.653172947947,-0.686801094168821,0.214458602013566,-3.20248797539666,0.00136245988152753,0.00701344567532068,"ZNF79"
"7637",468.283740348519,-0.747632823269137,0.278844395901005,-2.68118289002502,0.0073362408853491,0.0277692501625645,"ZNF84"
"7639",118.438405671394,-1.29054971025592,0.325624147130688,-3.96331083437117,7.39174378564984e-05,0.000600914905544298,"ZNF85"
"765",1399.83975817407,5.35181080072643,0.766399843986338,6.98305309261236,2.88833193256105e-12,1.29810970523661e-10,"CA6"
"767557",690.284646118034,0.771804401538762,0.228467734452502,3.37817680640248,0.000729681489529176,0.00417099799513151,"SYS1-DBNDD2"
"767811",14.4917282150138,-1.4661538656422,0.560846316177924,-2.61418114615391,0.00894416013914233,0.0326372260776645,"H2BW4P"
"767846",19.9098956194569,-1.31379787834958,0.518995306158906,-2.53142535733709,0.0113599993295814,0.0396329196949328,"PFN1P2"
"768",117.97669075943,1.56302826683707,0.409957059262191,3.81266337906241,0.000137477294071313,0.00102567329509384,"CA9"
"768213",106.490142247013,-1.41553268715838,0.332141443443884,-4.26183698270564,2.02753327723579e-05,0.000193037673351626,"MIR671"
"768239",9379.06866630189,1.61355677647311,0.342389338391334,4.71263732700957,2.44531179574429e-06,3.0654261877954e-05,"PSAPL1"
"7691",86.8077962380074,-1.07817780099672,0.347829610083565,-3.09972978073283,0.00193697268099245,0.00933957499778602,"ZNF132"
"7692",646.186810299698,-0.650464883114279,0.188167835697583,-3.45683352685037,0.000546562381370512,0.00327714537085075,"ZNF133"
"7696",62.4684850336495,-0.89589412317003,0.359247772441298,-2.49380564584133,0.012638172365048,0.0432564250020201,"ZNF137P"
"7704",1408.97042588067,4.71412283647446,0.41925864979686,11.2439489054276,2.48033499349473e-29,7.50811992736699e-27,"ZBTB16"
"773",32.915350802419,-1.44004753998303,0.305069087171719,-4.72039810173375,2.35383503020381e-06,2.96701410053369e-05,"CACNA1A"
"7732",216.650146094533,-0.892146119673015,0.313940837604218,-2.84176511243731,0.00448645326894632,0.0186526265578653,"RNF112"
"7739",4031.64864889113,0.836051736289923,0.227070326844862,3.6819066053537,0.000231496220304471,0.00159742480682106,"ZNF185"
"774",58.6180490114128,-3.23327605326204,0.581938856028429,-5.55604084478609,2.75962322679216e-08,5.58689189039462e-07,"CACNA1B"
"7741",231.997330501811,-1.07238298217551,0.287506646856283,-3.72994152970511,0.000191524210620295,0.00136507422140172,"ZSCAN26"
"7746",154.186607374178,-1.18069030749092,0.299396679922512,-3.94356513170587,8.02791752510801e-05,0.000644487731422868,"ZSCAN9"
"775",364.704696726251,-1.48152546665759,0.330412626001651,-4.48386456832976,7.33031962862592e-06,7.95819088795549e-05,"CACNA1C"
"7750",1307.15182551168,-0.716344676152452,0.290343498728435,-2.46723167313785,0.0136162229522836,0.0458942743163265,"ZMYM2"
"7752",158.750674777813,-0.589169154223869,0.240865557443834,-2.44604982329719,0.0144431039957832,0.0480699936883535,"ZNF200"
"7753",337.179319479704,-0.644024511141946,0.208275620551316,-3.0921742517784,0.00198696175740253,0.00953148935315165,"ZNF202"
"7757",25.8047439612446,-2.25260415213936,0.459749198758647,-4.89963692861573,9.60139163163269e-07,1.32640970030555e-05,"ZNF208"
"7760",881.388372329862,0.920951200117503,0.297819848213648,3.0923096819821,0.00198605539416716,0.00952936229219974,"ZNF213"
"7766",167.806474024494,-0.753957737175236,0.290746899854559,-2.59317549921388,0.00950942311668519,0.0342985746335812,"ZNF223"
"7769",292.976724824968,-1.04876763233869,0.286608894515463,-3.65922918795565,0.000252975020975077,0.00172368018263853,"ZNF226"
"777",39.7324885199271,-4.86316649429357,0.654381261522667,-7.43170194540346,1.07209163854807e-13,6.04600939393794e-12,"CACNA1E"
"7779",1133.07002058576,0.656704901729604,0.20867433391486,3.14703245679242,0.00164936652079856,0.00823043890039212,"SLC30A1"
"7786",1365.00994475293,-0.565936129542596,0.174358112311953,-3.24582620239688,0.00117110310656273,0.00618260742382333,"MAP3K12"
"7799",1204.49067257336,-0.562843717883538,0.201244292469035,-2.79681828974177,0.00516085495499756,0.0209735515091155,"PRDM2"
"780",9010.81058393078,1.13706842669854,0.214410055598458,5.30324206821724,1.13763904555696e-07,1.96948377743856e-06,"DDR1"
"7837",3452.46359542141,-3.46053846499701,0.361869732133968,-9.56293980319935,1.14458321453993e-21,1.73236035941838e-19,"PXDN"
"7840",193.673969517615,-0.980385081946472,0.334932934143702,-2.92710862983047,0.00342129358623925,0.0148951874184307,"ALMS1"
"7841",1966.79095098038,-0.629668669251007,0.163540466459277,-3.85023158416757,0.000118006192415197,0.000899644246175708,"MOGS"
"785",225.799481768191,-2.24523736466909,0.246657416355815,-9.10265500158415,8.81500772922555e-20,1.08004832796654e-17,"CACNB4"
"7852",235.876169778755,-1.25180377032751,0.220381245119158,-5.68017378089806,1.34557957613134e-08,2.96228983904679e-07,"CXCR4"
"7857",88.9405872159014,-5.04832747045783,0.441869594847386,-11.4249261078971,3.13922519720153e-30,1.05930838457699e-27,"SCG2"
"7867",3405.90472047076,0.777008874616362,0.203100390306352,3.8257379685206,0.000130380916789195,0.000979117399193283,"MAPKAPK3"
"7873",1170.20600672127,-0.904021943999976,0.176409808303387,-5.1245560136047,2.98239679772958e-07,4.75520183458294e-06,"MANF"
"7879",6972.84933565988,0.334754008538406,0.107529240081773,3.11314399956546,0.0018510567773344,0.00901612700062739,"RAB7A"
"7881",1258.67548915735,-0.437876365314694,0.15833073430221,-2.76558033564669,0.0056821607253584,0.0227198128148363,"KCNAB1"
"78989",27.1512715159339,-1.01059811227793,0.409141403765814,-2.47004605981257,0.0135095656362226,0.0456094635158285,"COLEC11"
"78991",445.956798718861,-0.629203436576002,0.228991508850118,-2.74771514339352,0.00600121223270018,0.0237190769197198,"PCYOX1L"
"79001",3719.81766287459,-1.26984714687587,0.249456780411264,-5.09044951507172,3.57215672110017e-07,5.54937916582083e-06,"VKORC1"
"79007",346.307554230896,0.79400322881831,0.313824825206884,2.53008419042335,0.0114035160192389,0.0397577868800838,"DBNDD1"
"79026",66765.9128307498,0.684900905757092,0.182054859826477,3.76205780175216,0.000168521087214736,0.00121841870714019,"AHNAK"
"7903",103.62438502092,-1.16363384559016,0.295642704408428,-3.93594642532633,8.28694600709339e-05,0.000662440763534021,"ST8SIA4"
"79031",721.427124649773,0.464467422903088,0.161230833592804,2.88076053787654,0.00396716920046167,0.0168056608092479,"PDCL3"
"79034",981.919178054904,0.531669691672795,0.215786801740378,2.46386566455751,0.0137447615010406,0.0462338425012503,"INTS15"
"79038",1942.45062711218,0.873409786269589,0.193920145369962,4.50396623106534,6.6696809350286e-06,7.31426277925566e-05,"ZFYVE21"
"79041",112.440226898303,1.57554312035877,0.281779635650018,5.59140165230273,2.25243862733537e-08,4.69273246002746e-07,"TMEM38A"
"79042",1219.35039863185,0.672623829442508,0.256738906358702,2.61987494993358,0.00879620154693825,0.0322172620359745,"TSEN34"
"79047",3974.56958882742,0.512349614790925,0.178365002029603,2.87247839520608,0.00407265925222912,0.0171891773729515,"KCTD15"
"79056",1015.13737271259,1.02224848257097,0.261190936467639,3.91379768530988,9.08557684385335e-05,0.000716694517782868,"PRRG4"
"79070",254.80299593612,-2.48571436827319,0.259334682312684,-9.58496698592796,9.24872181805808e-22,1.43139616468351e-19,"POGLUT2"
"79073",4995.2073007073,0.768363906380089,0.239895765674735,3.20290733026894,0.0013604775174729,0.00700802533024576,"TMEM109"
"79080",727.599464479106,0.647779232358479,0.24892101792922,2.60234847883626,0.00925877185707586,0.0335946694704829,"CCDC86"
"79081",329.022243475748,-0.610603646597072,0.211095125548821,-2.89255209000956,0.00382125811625895,0.0162783065118117,"LBHD1"
"79085",2390.12345467887,1.48733224140927,0.237362311282418,6.26608425479821,3.70240059561376e-10,1.15645241062388e-08,"SLC25A23"
"79098",3262.94060517997,1.1343051537841,0.227523753963837,4.98543617544386,6.18221852696155e-07,9.01876585109686e-06,"C1orf116"
"79102",1564.45311534983,0.630810598402781,0.246315307457706,2.56098821024794,0.0104374898147741,0.0368959797951761,"RNF26"
"79104",18.1141043451013,-2.7311553822536,0.473184633627552,-5.77185983685878,7.84013204582003e-09,1.81940561478196e-07,"MEG8"
"79137",4036.86320630043,0.685166723563419,0.187068207535784,3.66265723389879,0.000249612443433664,0.0017058507754444,"RETREG2"
"79139",1661.56633309693,-0.49786966164932,0.169615597460289,-2.93528230365655,0.00333244353705244,0.0145667907765316,"DERL1"
"79140",174.628560291865,-1.65574559992829,0.258135552266439,-6.41424858137824,1.41519130547702e-10,4.75208773767356e-09,"CCDC28B"
"79142",1013.22700797243,-0.695136205644909,0.224598140899419,-3.09502208193348,0.00196798244872715,0.00945807861886519,"PHF23"
"79144",6867.81012012402,0.744861300976328,0.30541466694917,2.43885242453106,0.0147339839274494,0.0488616602485288,"PPDPF"
"79149",151.037811028199,0.59058154060611,0.208954450104612,2.82636498198741,0.00470795868636172,0.0194400444533741,"ZSCAN5A"
"79152",363.22494669012,3.760871763717,0.679986532502086,5.53080330852797,3.18767600012745e-08,6.30308576240379e-07,"FA2H"
"79154",506.028929308412,0.93087417331956,0.223897365622882,4.15759323799933,3.21618025178722e-05,0.000291381400980581,"DHRS11"
"7916",8265.6507211089,0.61935332176915,0.249039885328826,2.48696437099371,0.0128838301431115,0.0439365075655745,"PRRC2A"
"79160",84.9313388602701,-5.989937728045,0.482123423013012,-12.424075334509,1.93450223859592e-35,9.23514061042292e-33,"LINC01711"
"79161",369.973546008354,-0.667078667780498,0.169763602734917,-3.92945635597831,8.51381270312237e-05,0.000678993880980515,"TMEM243"
"7917",7490.57885564551,0.583034626932523,0.222605361071293,2.61914009674635,0.00881517365076888,0.0322810059468825,"BAG6"
"79170",279.744012864933,3.61705259540433,0.533226825519461,6.78332826162798,1.17438379417164e-11,4.73062935797044e-10,"PRR15L"
"79173",172.353412421248,0.922899803442079,0.288706147796645,3.19667527167499,0.00139021336789215,0.00713441834073597,"BRME1"
"79174",836.221133678873,-0.652635170432694,0.233610095344201,-2.79369420859617,0.00521097285122285,0.0211563442149055,"CRELD2"
"79175",415.39360676164,-0.577538546250361,0.18967196211738,-3.0449336834136,0.00232731621026927,0.0108383431837517,"ZNF343"
"79188",7114.71118245643,0.451182447924017,0.163680276527736,2.75648634945679,0.00584260513521882,0.0232170239581745,"TMEM43"
"79190",340.535254469455,1.89902987199873,0.39412522039469,4.81834141468283,1.44756514967953e-06,1.91865299684504e-05,"IRX6"
"79191",878.332974892458,0.722572834427828,0.23095597497925,3.12861719421958,0.00175630956606572,0.00864670559863593,"IRX3"
"79192",248.051504575971,1.34216026908793,0.392898387386342,3.41604932007055,0.000635367383544975,0.00372100962141823,"IRX1"
"7922",4697.94492180175,-1.36216372608742,0.194148012714418,-7.01610954983661,2.28131209680126e-12,1.03661210155755e-10,"SLC39A7"
"7923",732.090367900587,0.788820930244569,0.282011911440881,2.79711919334986,0.0051560507980347,0.0209664459950111,"HSD17B8"
"7940",387.183678376738,-0.804659302087939,0.309815355336204,-2.5972221461223,0.00939811212739596,0.0339864265689245,"LST1"
"79415",1904.45588717224,-0.642675024292667,0.232217994939571,-2.76755048401786,0.00564792972166175,0.0226092931526032,"CYBC1"
"79442",98.6986136733063,1.4571514694548,0.395423658047894,3.68503866624568,0.000228667922766729,0.00158342679948752,"LRRC2"
"79443",1591.02971337722,0.663419928531065,0.17390041770329,3.81494154696623,0.000136215172854289,0.00101773252923146,"FYCO1"
"79570",118.941089752919,0.894514213961811,0.249288591723301,3.58826774935085,0.000332882340674836,0.00216562898244337,"NKAIN1"
"79573",357.846334007521,-0.903177053171034,0.310025544601733,-2.913234308906,0.00357706089930332,0.0154425800233346,"TTC13"
"79575",396.204887996486,0.850986050095162,0.326619224335755,2.60543772898185,0.00917569509982005,0.0333402485321617,"ABHD8"
"79582",461.312927951306,0.415439665153116,0.170211090626047,2.44073205585548,0.0146575254953938,0.0486472919698786,"SPAG16"
"79586",4992.3474846424,-2.43584335895982,0.3408419133715,-7.14654877642608,8.89867792096449e-13,4.28970459777829e-11,"CHPF"
"79589",301.120859025882,1.86575149358126,0.314426058543129,5.93383227276418,2.95944168215046e-09,7.67705851592994e-08,"RNF128"
"79602",2498.2386331891,0.370077825897314,0.14667976076571,2.52303265266729,0.0116347597037411,0.0404338837990556,"ADIPOR2"
"79603",2021.24572950175,1.20189989543463,0.266522736147043,4.50955859454905,6.49626505334256e-06,7.15458105179258e-05,"CERS4"
"79607",1863.98563455642,-0.382459958425479,0.142546976483217,-2.68304504143944,0.00729551639449538,0.0276557844317298,"FAM118B"
"79616",71.7819055318884,-2.21068060611579,0.444726614200243,-4.97087544466228,6.66512595483827e-07,9.65481721705778e-06,"CCNJL"
"79621",474.854570422492,-0.710745847779196,0.175092029116288,-4.05927015276721,4.92263357814646e-05,0.000424319470571887,"RNASEH2B"
"79625",325.548806812782,-1.26211629022987,0.382259437674811,-3.30172695776202,0.00096091560124261,0.00524098747641173,"NDNF"
"79626",114.35570000449,-1.26586547919227,0.274976857026356,-4.60353461335452,4.15380121978199e-06,4.80617449735764e-05,"TNFAIP8L2"
"79627",1381.30278960687,0.721600453432713,0.187430538048788,3.84996202297025,0.000118136140719428,0.000900301488548208,"OGFRL1"
"79630",206.013228609005,-1.17164541640575,0.29004083287505,-4.03958782214123,5.35452161777222e-05,0.00045619814975258,"C1orf54"
"79645",130.982168836565,1.17877532415973,0.380055719109674,3.10158554361753,0.00192487247999873,0.0092921142420952,"CLXN"
"79649",257.194302367361,-0.845549023729585,0.259951698714301,-3.25271590034456,0.00114307721190388,0.00605951618074411,"MAP7D3"
"79656",81.5697015168188,-0.77180145995716,0.287214772038784,-2.68719277382062,0.00720553540912373,0.0273786716555072,"BEND5"
"79658",803.981508653345,0.442395844605756,0.133299982787435,3.31879896272168,0.000904054902180997,0.00498501636927234,"ARHGAP10"
"79666",835.273411073075,0.898186992280639,0.210583933780726,4.2652208843999,1.99704530613751e-05,0.000191107301634284,"PLEKHF2"
"79668",337.819143169921,-0.986941774220453,0.22503094248612,-4.3858047400807,1.15557749054311e-05,0.000118163969524785,"PARP8"
"79669",666.222335220752,0.68948571714547,0.246400433732279,2.79823256275033,0.00513831012290511,0.0209108294918701,"C3orf52"
"79672",1377.83521464048,0.574054287522279,0.191418364729124,2.99895095402482,0.0027091091341041,0.0123317785087127,"FN3KRP"
"79674",126.22515046394,-1.74557950419792,0.260215939003896,-6.70819593480702,1.97045243806271e-11,7.69635540513905e-10,"VEPH1"
"79677",380.587852477392,-0.911612072418578,0.298379344872621,-3.05521172321009,0.00224901693987881,0.0105284886719276,"SMC6"
"79679",133.303382271201,3.31017800370992,1.00678022169534,3.28788541170966,0.00100942916173825,0.00546216873428501,"VTCN1"
"79680",1677.31051222735,0.721636704427851,0.147108790897759,4.905462821249,9.32072952852649e-07,1.29458769645877e-05,"RTL10"
"79692",240.634924029927,-0.955167070304814,0.266544908543765,-3.58351272032638,0.000339004246822457,0.00219920057251606,"ZNF322"
"79693",501.591662940629,0.529187915284954,0.188665204959754,2.80490467438254,0.00503314626723009,0.0205560084850524,"YRDC"
"79695",227.682612614252,1.11522581870397,0.273264769223361,4.08111818392664,4.48195568219747e-05,0.000390216489700503,"GALNT12"
"79709",4111.5878915386,-0.588390030060637,0.202911141216832,-2.89974235289467,0.00373469505242376,0.0159823207815157,"COLGALT1"
"79710",910.036362268405,-0.707575463932564,0.208823135857861,-3.38839593144596,0.000703027015337516,0.00404673044846405,"MORC4"
"79711",1380.4514441186,0.521353775716052,0.211216266872083,2.46834102049438,0.0135740933205024,0.0457972687935128,"IPO4"
"79720",1399.62496401521,0.724612910172859,0.248034049807486,2.92142514600425,0.00348433992981527,0.0151088378165826,"VPS37B"
"79729",913.678880819453,1.09758737504391,0.251437743162183,4.36524509502914,1.26980300498566e-05,0.00012793746967511,"SH3D21"
"79730",678.820451689696,-0.9842785553247,0.177583687957799,-5.54261805599288,2.97982368364486e-08,5.94924255132356e-07,"NSUN7"
"79734",1260.66444550603,0.653815861253728,0.236989471942831,2.75883926781122,0.00580070580768586,0.0230951118656491,"KCTD17"
"79744",222.574123576539,-0.766469003679989,0.295255148031032,-2.59595474893949,0.0094328487265866,0.0340940751866653,"ZNF419"
"79745",906.575230091018,0.776953830669745,0.259336645521749,2.99592766423975,0.00273611330502378,0.0124409446146697,"CLIP4"
"79746",502.584392031614,1.746288278627,0.335946022422565,5.19812160904364,2.01312417434722e-07,3.34989070369953e-06,"ECHDC3"
"7975",1146.92653924962,0.849753293338381,0.254243676571531,3.34227896951964,0.000830935033708951,0.00465034440833743,"MAFK"
"79750",233.344118329282,-1.60592736887564,0.241655685415175,-6.64551866891351,3.02151159124909e-11,1.14589896816871e-09,"ZNF385D"
"79755",3902.55536737199,1.53944210823068,0.285899514178555,5.38455657280074,7.26234603055907e-08,1.32393718012597e-06,"ZNF750"
"79762",1109.90397119026,1.1619597495454,0.267023514191666,4.35152594355926,1.35193320885177e-05,0.000135482926830598,"C1orf115"
"79770",1593.69521006777,-0.493309306782564,0.148277748844114,-3.32692740905572,0.000878092446131051,0.00487056181922974,"TXNDC15"
"79772",232.098481406018,-1.0192139210355,0.228147533233323,-4.46734578538337,7.9196063227057e-06,8.52154608189097e-05,"MCTP1"
"79776",290.515365902725,-3.06493078317489,0.314506232500171,-9.74521477304341,1.93369539693938e-22,3.08551829849615e-20,"ZFHX4"
"79778",694.673019833916,-0.883908390028964,0.222074111700753,-3.98024057491239,6.88455601151509e-05,0.000565489628655334,"MICALL2"
"79783",80.8136579784377,-1.57531702592478,0.379350553511424,-4.15266832048352,3.286208743253e-05,0.00029668123145228,"SUGCT"
"79784",8678.21182046223,1.84273202012376,0.338521908741749,5.4434645809868,5.22541275780835e-08,9.86712050114473e-07,"MYH14"
"79785",125.01167899436,2.59617997146679,0.412880326418827,6.28797209589787,3.21639705376503e-10,1.00924263650456e-08,"RERGL"
"79786",1574.28671650771,0.49318896452644,0.1564964236404,3.15143920259608,0.00162467982441589,0.00812817041476439,"KLHL36"
"7979",1400.84330978334,-0.628080721334162,0.250394033811926,-2.50836935598042,0.0121289810275194,0.0418344147446917,"SEM1"
"79803",937.447945057574,0.795422291823994,0.269073177369026,2.95615601525788,0.00311499479300043,0.0138247203146013,"HPS6"
"79805",109.701933120971,-2.87677725924552,0.454096599711276,-6.335165823912,2.37086146312786e-10,7.61664281423682e-09,"VASH2"
"79812",3471.10497684656,0.65651934223873,0.250303914721939,2.62288883083612,0.0087187716303089,0.0319905873865024,"MMRN2"
"79822",399.160495089514,-2.72569580487839,0.416995534279955,-6.53651077962976,6.29706014820685e-11,2.24253782163823e-09,"ARHGAP28"
"79827",1236.36202383101,-1.06956114480749,0.303522240281688,-3.52383121518499,0.000425355108029326,0.00265721078715497,"CLMP"
"79834",1647.64575228779,-1.10181339510077,0.206243911853726,-5.34228324704298,9.17830883350911e-08,1.62867507783579e-06,"PEAK1"
"79837",1689.16782303584,0.888029399030439,0.15714021183114,5.65119130668286,1.59339632371483e-08,3.43080229365545e-07,"PIP4K2C"
"79838",54.129084847988,-0.987256280657768,0.363783736743634,-2.71385491142368,0.00665052865541682,0.0256982319960765,"TMC5"
"79839",80.3756137938845,-1.61055710638227,0.302040526739221,-5.33225499163829,9.70005979355929e-08,1.70271245808201e-06,"CCDC102B"
"7984",1876.04834276574,1.01528286162087,0.218770280251337,4.64086282860017,3.46957393296698e-06,4.11866838732366e-05,"ARHGEF5"
"79844",123.502433349019,1.37290428011212,0.294530279986602,4.66133492344003,3.14164994730437e-06,3.79060507123758e-05,"ZDHHC11"
"79845",229.608782494597,-0.892800419190811,0.273053312510835,-3.26969268741387,0.00107664381779288,0.00575477443402979,"RNF122"
"79856",5297.67133327415,-1.61355145400804,0.249931323102175,-6.45597932256132,1.07521290259574e-10,3.68255946539614e-09,"SNX22"
"79864",146.275290107344,-0.558921432619972,0.229196199877395,-2.43861561805544,0.014743641478432,0.048877937863109,"JHY"
"79865",8.55387377011147,-2.55069326452074,0.914110730404558,-2.79035480022413,0.0052650310015131,0.0213421422085754,"TREML2"
"79869",3105.48976626238,0.467114130996547,0.140153249118785,3.33288121348261,0.000859516307642997,0.00478428439062289,"CPSF7"
"79870",232.913036750908,-1.84683784989702,0.342603479214954,-5.39059864228142,7.02233560425924e-08,1.28640604009935e-06,"BAALC"
"79883",341.430847061294,-0.706891400415695,0.274785137592822,-2.57252414234707,0.010095991422073,0.035948086391965,"PODNL1"
"79884",54.3115277940568,-1.22949145135262,0.454541123280601,-2.70490696744642,0.00683235213509154,0.0262578671300829,"MAP9"
"79888",870.096457378955,-1.30401768942158,0.196321891718474,-6.64224289001629,3.08945286599356e-11,1.16471241380241e-09,"LPCAT1"
"79891",107.709573844533,-1.25388746628831,0.37722965647055,-3.32393661203622,0.00088756367402618,0.0049151494931813,"ZNF671"
"79899",321.687029908084,-3.04010969794651,0.339794813425283,-8.94689847470258,3.65610258535571e-19,4.11241615393235e-17,"PRR5L"
"79901",9369.42311997051,0.846823464591324,0.192303559664105,4.40357664762142,1.06480639211694e-05,0.000110306868522069,"CYBRD1"
"79917",73.6475923113876,0.837557109861622,0.304181522442929,2.75347793362026,0.00589657450996771,0.02339986306404,"MAGIX"
"79919",2927.48872040632,0.58110208292208,0.234512417543969,2.47791604814755,0.0132152235665111,0.0448659346681616,"MAB21L4"
"79924",64.5011034867452,-2.06919304175405,0.445781777227586,-4.64171742197002,3.45525184006984e-06,4.10640322609686e-05,"ADM2"
"7993",148.35450089273,-1.23570297556452,0.323424080689415,-3.82068945803441,0.00013307913082261,0.000996834362755676,"UBXN8"
"79930",178.145940975768,-1.25265729795264,0.234463375891931,-5.34265657989167,9.15941921923746e-08,1.62672549791876e-06,"DOK3"
"7994",1411.04325930404,0.5626609749554,0.213841686768641,2.63120340780025,0.00850830954833222,0.0313805847953539,"KAT6A"
"79946",53.2518162346782,1.48462306873471,0.399604160263506,3.71523426521816,0.000203015519859026,0.00143357511518978,"C10orf95"
"79953",206.387010793338,-4.13992000378284,0.369051209732032,-11.2177386081158,3.33694441865141e-29,9.81252341621724e-27,"SYNDIG1"
"79958",803.854829019233,0.968358989503931,0.235021820525856,4.1202939681824,3.78389303185816e-05,0.000336492262056151,"DENND1C"
"79960",798.749451781659,0.937260242299727,0.182527598313942,5.1348960428859,2.82300023474723e-07,4.53265497909805e-06,"JADE1"
"79968",173.405722881941,0.6287990115111,0.217052913109992,2.8969848987581,0.0037676789093237,0.0160909551320274,"WDR76"
"79969",338.269329256918,-0.75737550735784,0.234407288004952,-3.23102371860486,0.00123347703778946,0.00645068377689486,"ATAT1"
"79970",348.776246251601,-0.950940566391254,0.331435655181933,-2.86915590258163,0.00411568879830086,0.0173254433511901,"ZNF767P"
"79973",57.6488744258268,-0.955783099603649,0.356386224973679,-2.68187441777313,0.00732109370971802,0.0277193229829076,"ZNF442"
"79977",1425.90980833679,0.832423485965808,0.221007134624464,3.76650051311812,0.000165551743883682,0.0012015927701346,"GRHL2"
"79979",506.576964737322,0.444283328233845,0.173049070039133,2.56738350650122,0.0102469213302742,0.0363910677471297,"TRMT2B"
"79981",13.094170737247,2.79367784209715,0.808552892231852,3.45515781210769,0.000549970811999867,0.0032918287857532,"FRMD1"
"79983",5508.75393289089,1.19536341314447,0.31133199628832,3.83951353344825,0.000123278334272165,0.00093258406198392,"POF1B"
"79987",1952.40944411519,0.834880269700568,0.177612131850083,4.70058132293162,2.59421916534799e-06,3.21184101389753e-05,"SVEP1"
"79993",1234.28589526333,0.76096492046518,0.30536376162619,2.49199484710537,0.0127027880290276,0.0434126164352491,"ELOVL7"
"800",5177.71933896984,-1.46332662990758,0.211753978736332,-6.91050358836307,4.829362224564e-12,2.09720658292037e-10,"CALD1"
"8000",111.158616728918,2.07919758079524,0.594225408286804,3.49900484193316,0.000466998100628886,0.00286945937413283,"PSCA"
"80000",66.8384990108899,1.79835054271421,0.328295811838375,5.47783577452265,4.30559449181308e-08,8.24431228088189e-07,"GREB1L"
"80007",191.018973161494,-0.660313690408949,0.192606358211219,-3.42830681469418,0.000607358627591652,0.00358824890459269,"C10orf88"
"80008",12.7649533325859,-2.83743043926243,0.804492622074916,-3.52698130648388,0.000420326438531358,0.00262886146986261,"TMEM156"
"80014",215.558866238894,-0.875998446349486,0.329476069075518,-2.65876198173502,0.00784283484581099,0.0294400445469609,"WWC2"
"80022",1781.86028807475,-0.669230599976566,0.193521520398517,-3.45817146640035,0.000543855130265769,0.00326566919527147,"MYO15B"
"80031",212.66605618714,-1.42847180212154,0.301704954732209,-4.73466471039376,2.19417521356074e-06,2.78109006132601e-05,"SEMA6D"
"80032",10.8263599218822,-6.81735633082859,0.99061184989769,-6.88196525362854,5.90324144095811e-12,2.50025353540498e-10,"ZNF556"
"80045",1932.95023862654,1.18959607994635,0.201981245221081,5.88963633056256,3.87046400800054e-09,9.78742397305689e-08,"GPR157"
"80070",16.1915650148225,-7.8897881666085,1.16869824099518,-6.75091986096439,1.46910732729911e-11,5.83785815156849e-10,"ADAMTS20"
"80114",817.058975973357,-1.85322125463771,0.221050667454367,-8.3836944533103,5.1291831972428e-17,4.49272795455514e-15,"BICC1"
"80119",50.077287273652,-1.56138317419413,0.444467446340121,-3.51293033280846,0.000443193667340676,0.00275111533430051,"PIF1"
"80128",46.612923670154,-1.10061664896559,0.311683505768206,-3.53119952964115,0.000413679563555697,0.00259450948696845,"TRIM46"
"80129",49.5291118403864,-1.06877207929773,0.283454765557855,-3.77052076437777,0.000162907246551591,0.0011840687722521,"CCDC170"
"80148",1729.77399861444,0.787431913948742,0.285250139998257,2.76049615244204,0.00577136378063552,0.0230139000504846,"SLC66A2"
"80162",778.700427799647,-1.47121454759805,0.291015229397068,-5.05545551910171,4.29364696675698e-07,6.54669845657227e-06,"PGGHG"
"80168",77.1092602965909,4.16466739820679,1.45234599643986,2.86754492966252,0.00413670063533271,0.0173917168867828,"MOGAT2"
"80176",1647.63193640602,0.896636321695812,0.267859621747621,3.34741128896475,0.000815700903347937,0.00457753200504742,"SPSB1"
"80183",197.446248359416,-1.9648923147945,0.304336964194652,-6.45630516816801,1.07290152940646e-10,3.68255946539614e-09,"RUBCNL"
"80194",2531.22934337069,0.72487045971048,0.24418454692556,2.96853535097558,0.00299222681582592,0.0133808378833284,"TMEM134"
"80195",2943.78063923778,0.845504815588211,0.192280994585708,4.39723550114742,1.09638366511887e-05,0.000112896254941505,"TMEM254"
"80196",521.911294732633,-0.517469021029198,0.18869107363673,-2.74241388877481,0.00609894388621063,0.0240315200906891,"RNF34"
"80206",632.38285218399,-1.68288989714238,0.312837992380426,-5.37942941116916,7.47222855310548e-08,1.35394676529158e-06,"FHOD3"
"80210",290.284154188529,-1.60722843391607,0.248943932671056,-6.4561864057952,1.07374340259861e-10,3.68255946539614e-09,"ARMC9"
"80221",1052.83477285078,0.878697074170252,0.241193101685207,3.64312688891527,0.000269345974945547,0.00181006123025763,"ACSF2"
"80223",2314.94097718259,1.24561441683742,0.236244470561437,5.27256538058734,1.34529887990019e-07,2.29615523580975e-06,"RAB11FIP1"
"80224",292.912642475356,0.623425793803756,0.179462580882395,3.47384836849247,0.000513050877692515,0.00310828577562778,"NUBPL"
"80228",781.611348342631,-0.977744302747229,0.268050390031459,-3.64761380363027,0.000264687085638298,0.00178926731388464,"ORAI2"
"80231",25.2807530314419,-1.62207809016074,0.44768544916167,-3.62325399049316,0.000290919895470191,0.00193108517522039,"TASL"
"80267",448.638847489508,-1.36216600511414,0.329724385250064,-4.13122615751052,3.60833363429346e-05,0.000322229672573955,"EDEM3"
"80271",2171.28923519884,0.735987200411596,0.241572555783956,3.04665071751697,0.00231406434493098,0.0107815075771977,"ITPKC"
"80273",792.319371619505,0.368057115264954,0.143070681466791,2.57255442898261,0.0100951080987635,0.035948086391965,"GRPEL1"
"80274",90.5780337245042,3.27391312187578,0.62146207178656,5.2680819482097,1.37856567880364e-07,2.347096437758e-06,"SCUBE1"
"80279",2791.92376665725,-0.664274345817669,0.228597291885598,-2.90587145778659,0.00366231865065732,0.0157380307108831,"CDK5RAP3"
"8029",96.5471553628606,-1.10876616190227,0.319683910995882,-3.46832018680025,0.000523722882261013,0.00315952866602013,"CUBN"
"80298",602.300683592388,-1.53992287371608,0.277426873103798,-5.55073434843468,2.84472086649355e-08,5.7071865804974e-07,"MTERF2"
"80303",558.242426869313,1.5225283914305,0.277833462596216,5.4800036583183,4.25317041711494e-08,8.16279231910863e-07,"EFHD1"
"80304",172.434942757051,-0.875815672707307,0.252287361167927,-3.47150039008235,0.000517558579747218,0.00313151846135119,"WDCP"
"80312",97.9957570522036,-0.775423043456065,0.301260928703596,-2.57392502503698,0.0100552060072494,0.0358462695623868,"TET1"
"80313",201.285709024203,-0.707814324518033,0.243744692776742,-2.90391686667965,0.00368526000349031,0.0158168039849551,"LRRC27"
"80320",879.834577253035,1.57481907114377,0.245933902487951,6.40342407131495,1.51930428939735e-10,5.07684407353166e-09,"SP6"
"80336",230.18970092415,-1.26064941995486,0.47977037400665,-2.62760997396931,0.00859870424308529,0.031617672050673,"PABPC1L"
"80339",200.743168429182,1.64215302958438,0.253319244273581,6.48254353629321,9.0189047317563e-11,3.1465277118385e-09,"PNPLA3"
"80342",122.86065026699,-0.803785212041351,0.28131235143049,-2.85726953670557,0.00427302812334889,0.0178990661153874,"TRAF3IP3"
"80344",2625.07606670335,0.523230036526676,0.176333362124668,2.96727760545251,0.00300449551038568,0.0134211231739972,"DCAF11"
"80352",1202.826788377,0.992472833982985,0.222371563810443,4.46312836487043,8.07716309627409e-06,8.66842154190333e-05,"RNF39"
"8038",6659.6536007314,-7.79683999242483,0.729267044085384,-10.6913373580501,1.11747872435767e-26,2.73835500740216e-24,"ADAM12"
"80381",4886.16277936215,-0.831013586547781,0.284029984274738,-2.92579527710692,0.00343576951451013,0.0149391380833706,"CD276"
"8061",60.8453647856834,-1.28727881203671,0.355850724523345,-3.61746857129767,0.000297498441346286,0.00197030499249419,"FOSL1"
"80709",959.960068361893,-0.749562049442569,0.242806388102034,-3.08707713706273,0.00202135136276867,0.00966716924982116,"AKNA"
"80725",417.657068025997,1.04516070844614,0.25264745520615,4.13683449767317,3.52129895696192e-05,0.000315415220757634,"SRCIN1"
"80726",285.671942964875,0.828310945122303,0.330800074488141,2.50396238998428,0.0122811088307414,0.0422521049928098,"IQCN"
"80727",2993.77419003497,-1.64898438505191,0.276744703248261,-5.95850386907911,2.5455762257161e-09,6.70052954349618e-08,"TTYH3"
"80728",206.125489365692,0.654611397857281,0.256342019011993,2.55366404766694,0.0106596051264073,0.0375457412597479,"ARHGAP39"
"8073",3648.25115358618,-0.585683860802634,0.154134858212947,-3.79981444556476,0.000144804470149547,0.00107217528692548,"PTP4A2"
"80736",115.655770198629,1.40176770902429,0.520267357591667,2.69432184927594,0.00705320205444716,0.0269056914545479,"SLC44A4"
"80737",223.966225710954,1.56738372197744,0.246171815604149,6.36703157155016,1.92721517462423e-10,6.29679319912146e-09,"VWA7"
"80739",314.651065148694,1.25455614975507,0.230478133846508,5.44327623977801,5.23094309451272e-08,9.86712050114473e-07,"MPIG6B"
"80740",7816.49168716062,1.17912450899693,0.221855886135517,5.31482184014123,1.06761730211667e-07,1.8576360563626e-06,"LY6G6C"
"80745",303.128243656736,-0.807553423898811,0.292799331372029,-2.75804394810157,0.00581483796630576,0.0231424255024048,"THUMPD2"
"80758",212.16877861654,0.838261703790062,0.258934068776013,3.2373557784518,0.00120642902173206,0.00633821719840041,"PRR7"
"80759",32.5929576050104,-1.00726175276791,0.397701317336259,-2.53270911827596,0.0113184834475824,0.039524107791939,"KHDC1"
"80763",12.3340011588879,2.81867286541973,0.929397053443048,3.03279729043433,0.00242298301422704,0.0112153547031368,"SPX"
"80772",1052.08712499616,1.08757372260906,0.338208054098984,3.21569433201836,0.0013012935588645,0.00675982070560388,"CPTP"
"80774",748.176967710082,-1.38312807963,0.308439333071443,-4.48427918014474,7.31608245402538e-06,7.94692565876825e-05,"LIMD2"
"80777",1824.10975615954,0.375796254148427,0.129155652324724,2.90963846633362,0.00361847060836928,0.0155900471758283,"CYB5B"
"8078",4560.54585157251,0.565947104394487,0.209017994637853,2.70764775719456,0.00677618996316227,0.0261053891449995,"USP5"
"80816",22.4987991551237,-1.60226562869851,0.651477085311416,-2.45943512799472,0.0139155844143012,0.0466973888065902,"ASXL3"
"80818",1157.74713221513,-0.590575108266061,0.223354021793128,-2.64412121852481,0.0081903318840453,0.0304808879951525,"ZNF436"
"80832",410.13379149009,-0.916923125000336,0.255239395070968,-3.5924043964506,0.000327640873646389,0.00213557939934683,"APOL4"
"80854",2665.64466694679,-0.616671685125404,0.225087119690369,-2.7397022360662,0.00614948689210255,0.0241797589660055,"SETD7"
"80864",479.272085628243,-0.596402808862292,0.238084923195986,-2.50500032029053,0.0122451282498208,0.0421565010694617,"EGFL8"
"8091",8.09554583265399,-1.96768399087645,0.700735917302446,-2.80802502382245,0.00498463533221009,0.0203983565960661,"HMGA2"
"8099",3172.79067023516,-0.6533591313168,0.209502894728205,-3.11861624711402,0.00181702448871223,0.00887767198567588,"CDK2AP1"
"81",16698.6907483186,0.91195824829559,0.261000165095841,3.49409069515612,0.000475679391328379,0.00290890807816499,"ACTN4"
"810",9777.1669024311,0.884481939728994,0.350059337670255,2.52666289554072,0.0115151973182046,0.0401063995935573,"CALML3"
"81030",34.7256398933704,-2.14614024839455,0.455916170315505,-4.70731329162852,2.51002997006022e-06,3.12750949780385e-05,"ZBP1"
"81031",648.677659233908,-1.74726172908301,0.277985954867099,-6.2854316863539,3.26943909913984e-10,1.02432472475943e-08,"SLC2A10"
"81035",1113.45433142475,-1.29279602590397,0.242404522642625,-5.33321743262161,9.64876597928369e-08,1.69645435255793e-06,"COLEC12"
"811",14680.6264844969,-0.588335812306906,0.212572345506034,-2.76769685589326,0.00564539397346747,0.0226050753683039,"CALR"
"8111",663.505182652004,-1.48425005628029,0.21406308271826,-6.93370401581007,4.09961960912412e-12,1.80699293435141e-10,"GPR68"
"8115",16.5828888647699,-4.9999176654709,0.854721062913718,-5.84976535903576,4.92266950153575e-09,1.21496677481549e-07,"TCL1A"
"8120",73.8030578481511,1.68656838889408,0.450123103535181,3.74690473705547,0.000179030036604254,0.00128492129479148,"AP3B2"
"8128",37.5708796987729,-4.02987014029891,0.655150765378262,-6.15105766986657,7.6967923623593e-10,2.23456662886888e-08,"ST8SIA2"
"813",5909.80196480365,-1.93599982945948,0.224035610140222,-8.64148261183906,5.54881948223204e-18,5.5816547489954e-16,"CALU"
"8139",404.842501307113,1.11180669207163,0.296833281045623,3.7455594202752,0.000179992236580255,0.0012891302010327,"GAN"
"81491",19.3069929097128,1.80209648512615,0.504670464292401,3.57083802725184,0.000355840902427402,0.0022896621242781,"GPR63"
"81493",885.835738252266,-0.671792478807287,0.15907577252465,-4.22309738400415,2.40967637748269e-05,0.000224336402325209,"SYNC"
"815",51.4580422116383,-2.07177688697278,0.36820877003307,-5.62663645080129,1.83757438533602e-08,3.89159830692367e-07,"CAMK2A"
"8153",332.887663622203,1.54568252187401,0.348232916117749,4.43864566022635,9.05267101213887e-06,9.58047198528877e-05,"RND2"
"81550",408.193282589651,-0.783302607245388,0.277259108181812,-2.82516456314842,0.0047256338699598,0.019501292618134,"TDRD3"
"81552",1672.19716548533,-0.885931556316866,0.25177592717962,-3.51873019093216,0.00043361745549493,0.00270308349603502,"VOPP1"
"81553",331.807261527756,-0.75008979905212,0.297961902358121,-2.51740169839091,0.0118223954599979,0.0409614859701392,"CYRIA"
"81557",456.282908760946,-3.92551827955521,0.293026425228687,-13.3964651020522,6.34122159660127e-41,4.50095535670485e-38,"MAGED4B"
"81558",1044.70369150478,1.09586759883299,0.218984102232325,5.00432491519571,5.60581359332295e-07,8.24803909971119e-06,"FAM117A"
"81563",2932.86234391821,0.498147297583806,0.194193319398523,2.56521336123572,0.0103112377721703,0.0365186714216024,"C1orf21"
"81567",2947.47423847204,-1.36712998783287,0.211572498041851,-6.46175661055169,1.0349446708417e-10,3.56839214482504e-09,"TXNDC5"
"81571",148.227765248303,0.568839111381,0.225610440546299,2.52133327696892,0.0116911063129444,0.040561222374119,"MIR600HG"
"816",76.8015205479768,1.51767606068433,0.37251972138448,4.07408245406135,4.61961137606046e-05,0.000400379286588752,"CAMK2B"
"81606",2192.58450436805,0.530669954180515,0.154409580416727,3.43676831935117,0.000588698929223712,0.00349213721500628,"LBH"
"81607",4504.98877368273,0.939891048605299,0.18363081360079,5.11837327393543,3.08182202918646e-07,4.88346610075244e-06,"NECTIN4"
"81615",10.8479549450943,-1.47489269813332,0.580350696969066,-2.54138179868842,0.0110415273398933,0.0386989270840053,"TMEM163"
"81617",743.846550742612,1.7306837391129,0.199429539325071,8.67817147334368,4.02182364170593e-18,4.13926089204375e-16,"CAB39L"
"81618",2612.53108197552,-0.735387518556822,0.296291422422307,-2.48197370192063,0.0130656917655002,0.0444315544855538,"ITM2C"
"81619",4491.06938165845,0.980167301774212,0.194951386764484,5.02775239531037,4.96262078028594e-07,7.39150406233038e-06,"TSPAN14"
"81620",184.710635902687,0.850590259730383,0.289794830893255,2.93514641758291,0.00333390331425442,0.0145700776689199,"CDT1"
"81628",1962.11469178256,0.940661302926369,0.300893906101861,3.12622251182425,0.00177067520494802,0.00870078262560277,"TSC22D4"
"81629",238.334467584623,0.864963356990685,0.250000446545831,3.45984724804128,0.000540481895853338,0.00324920541595944,"TSSK3"
"8165",1595.79370743888,1.02555291445962,0.188881695136923,5.42960456658433,5.6479053408836e-08,1.05591719833559e-06,"AKAP1"
"81669",3611.98875340596,-0.714839271446798,0.25947190268246,-2.75497756811693,0.00586961595457758,0.0233063608813706,"CCNL2"
"81671",2496.47080981863,-1.28949071440033,0.204584168508645,-6.30298387113877,2.91969285189808e-10,9.20351572181778e-09,"VMP1"
"81688",2670.36358894877,-0.754209702520912,0.238284697549442,-3.16516213704583,0.00154996554228003,0.00781167789510976,"C6orf62"
"81689",847.538073804096,0.391588255201839,0.155303146988729,2.52144443171044,0.0116874133427279,0.040561222374119,"ISCA1"
"81706",2970.80756403,1.31414754758614,0.265829955700821,4.94356455848471,7.67069323677012e-07,1.08967252992185e-05,"PPP1R14C"
"81786",1217.8871736754,0.690878366051264,0.284272234794699,2.43034064353916,0.0150846378851419,0.0498158489054647,"TRIM7"
"81788",719.25126042153,0.983693367736916,0.252753960054509,3.89190091235275,9.94618678038209e-05,0.000775795031024573,"NUAK2"
"81792",872.176322230586,-3.95583116088904,0.333826115599199,-11.8499751099118,2.15254734409369e-32,8.20519157978231e-30,"ADAMTS12"
"81793",17.6186577897481,-3.31463914300542,0.722285420344382,-4.5890987823415,4.45163744059644e-06,5.11913436185682e-05,"TLR10"
"81839",1017.62611763528,0.810724094832181,0.186049930365064,4.35756193641885,1.31519287102856e-05,0.000132058195401229,"VANGL1"
"81848",344.16261168922,0.859048709319207,0.28489016929732,3.01536803266341,0.00256667604906917,0.0117850679888556,"SPRY4"
"81853",1344.97857490504,0.435226298111212,0.165182097356793,2.63482729106608,0.00841801036343711,0.0311144416090841,"TMEM14B"
"81854",59.0313576800508,0.789341044411718,0.291371466321962,2.70905402775269,0.00674753509417406,0.0260069640569132,"ZNF205-AS1"
"8187",47.4518433115002,-1.75584332529546,0.415038837800849,-4.2305518553374,2.33118694388957e-05,0.000218015229682067,"ZNF239"
"81876",8643.47931099865,0.742376084867674,0.25183022743275,2.94792286230184,0.00319916881424416,0.0141161180862597,"RAB1B"
"81889",573.140805991133,0.487388583748043,0.159709488938871,3.05171963786443,0.00227534514763216,0.0106299828685566,"FAHD1"
"81926",2735.23190708629,0.885854865878009,0.189624829715079,4.6716185175172,2.98835588151201e-06,3.63547975561721e-05,"ABHD17A"
"8193",17.8469544186133,1.63051906589526,0.541759026055404,3.00967586597904,0.00261526623351586,0.0119814467283976,"DPF1"
"81931",106.449495426474,-1.51561571773821,0.302818641712418,-5.00502779210523,5.58539719136672e-07,8.22387809635855e-06,"ZNF93"
"8200",64.533564057895,-3.17882079276745,0.617992599994866,-5.14378455792814,2.69258302855012e-07,4.350402594951e-06,"GDF5"
"8214",742.209549897427,1.33436678978295,0.458845984167178,2.90809298942623,0.00363640189956429,0.0156495288941316,"DGCR6"
"8224",20.5115895522976,1.25326206369503,0.511491727610877,2.4502098392654,0.0142772982985383,0.0476465480183386,"SYN3"
"8225",1702.49129742426,0.900885025004799,0.331726897613947,2.71574307505574,0.00661272133221905,0.0255857623876686,"GTPBP6"
"8226",228.214908591907,-0.533774797034154,0.180653407803049,-2.95468988670329,0.00312983481172964,0.0138696490343688,"PUDP"
"823",9225.61467626419,0.806779099627373,0.256242684940918,3.14849612121959,0.00164112901268476,0.00819728211528829,"CAPN1"
"8233",340.091193371995,-0.659490009546324,0.227862518814728,-2.89424523601684,0.00380071193213098,0.0162041951969727,"ZRSR2"
"824",3969.38835407292,-0.400768740880153,0.137066273190935,-2.92390484945831,0.00345670392369191,0.0150143054579604,"CAPN2"
"8284",364.437485921635,7.21626353499348,1.44260388830396,5.00224877632728,5.66654001215297e-07,8.32548605354437e-06,"KDM5D"
"8287",105.273294145818,7.31941572907314,1.76676658606935,4.14283119614412,3.43044445425342e-05,0.000308215925998919,"USP9Y"
"8291",709.151015917957,-0.666250543823874,0.25580826905355,-2.60449181837982,0.00920106177192435,0.0334206203482073,"DYSF"
"8292",159.018754897049,-1.38436311505363,0.422756601222346,-3.27461028651221,0.00105807829117027,0.00567765473030472,"COLQ"
"8303",1288.50799002222,1.12134474193968,0.219935848416389,5.09850826963288,3.42340579760815e-07,5.33843825287622e-06,"SNN"
"8312",1303.12961729188,0.771721941718141,0.25487340728653,3.02786371451678,0.00246289133374776,0.011384719338393,"AXIN1"
"8313",1384.44692280612,0.624986067269661,0.184539148125736,3.38673974393675,0.000707284486992505,0.00406555260548833,"AXIN2"
"8314",5058.86608566969,0.460416498436245,0.185469411945241,2.48243898337361,0.0130486413081422,0.0443955756507104,"BAP1"
"8320",24.1472896067438,-1.79875147491404,0.589912918322217,-3.049181360581,0.00229465909792386,0.0107080623150453,"EOMES"
"8324",900.445206295037,1.10412960913783,0.282812097857722,3.90411024670273,9.45726657601375e-05,0.00074199003730069,"FZD7"
"8325",295.548928400937,1.02173359492537,0.268920878144458,3.79938367736744,0.000145056376561267,0.00107327119163807,"FZD8"
"83394",1435.28806227698,1.12819504707321,0.286164833026889,3.94246572906882,8.06481770690904e-05,0.000646693446353781,"PITPNM3"
"83401",598.481398738678,4.6252285065435,1.0744955949662,4.30455790438953,1.67319526379349e-05,0.00016384895960954,"ELOVL3"
"83416",21.1185387372563,-4.61894517484796,0.852736184036348,-5.41661684037448,6.07373056130749e-08,1.12733696910688e-06,"FCRL5"
"83439",974.355192176635,0.946027451355286,0.236722669298102,3.99635342977637,6.43256772648686e-05,0.000535414371540662,"TCF7L1"
"83440",1254.35375539292,-0.628277373204805,0.170506589755014,-3.68476886498946,0.000228910274880311,0.00158414064540104,"ADPGK"
"83448",328.463148891651,-0.699273251155687,0.272536699584855,-2.56579481670125,0.0102939700757984,0.0364889064990932,"PUS7L"
"83468",1250.86648777104,-2.68861681564297,0.239581892232439,-11.2221202971154,3.17563860080653e-29,9.47352825492776e-27,"GLT8D2"
"83478",412.363209504601,-0.648999652963248,0.215771983045614,-3.00780316240618,0.00263143516382403,0.0120474780720983,"ARHGAP24"
"83481",2586.56492188885,2.37539279093157,0.333649237058227,7.11943120828123,1.08373360381579e-12,5.16378993077413e-11,"EPPK1"
"8349",709.756912398832,0.948875740723293,0.216998147463412,4.37273659621119,1.22698729429307e-05,0.000124081970864804,"H2BC21"
"83541",1411.5443624158,0.887957900561606,0.266103973071958,3.33688328780229,0.000847235180876393,0.00472614877050398,"FAM110A"
"83543",1764.09521901507,1.14840850418822,0.252803905271905,4.5426849832602,5.5542220429685e-06,6.20000577724857e-05,"AIF1L"
"83544",210.981261708361,-0.912038748811496,0.183411778008599,-4.97262912291672,6.6050948769027e-07,9.58810105403139e-06,"DNAL1"
"83552",1201.97055227823,-2.63314472691511,0.373357681985027,-7.05260626462939,1.75597214227381e-12,8.086114222945e-11,"MFRP"
"83593",1806.56485432786,0.690366308897892,0.244570923815168,2.82276526632262,0.00476114166974644,0.0196163611149041,"RASSF5"
"836",724.836301923454,-0.596006741761503,0.169816397850358,-3.50971254428976,0.000448591373186054,0.00277624919592956,"CASP3"
"83639",24.1844363779697,-1.6209183525945,0.563883373081477,-2.87456312772018,0.0040458688147423,0.0170988882428351,"TEX101"
"83641",1141.59452572717,0.920144505133437,0.160286288074843,5.74063144255854,9.43241748199805e-09,2.13829164591903e-07,"FAM107B"
"83648",1171.5750399526,0.63907556248366,0.247017454342163,2.58716763228572,0.00967685019570879,0.0347441626423286,"FAM167A"
"83666",731.600000420595,-1.19906252617584,0.169799519657405,-7.06163673840259,1.64552705237572e-12,7.62872271308599e-11,"PARP9"
"83693",474.052442654683,-0.560928846601129,0.179410544279159,-3.12650992089036,0.00176894535903556,0.00869851200917058,"HSDL1"
"83694",118.048198070116,1.0547540155976,0.321678222437142,3.27891023397987,0.00104208778259708,0.00560793069724923,"RPS6KL1"
"83695",492.688359816059,0.572758790323284,0.135339533892687,4.23201391233867,2.3160807848286e-05,0.000216700940340508,"RHNO1"
"83699",773.174685694699,1.2476018343938,0.285880819864396,4.36406274119959,1.27668935004294e-05,0.000128505494285007,"SH3BGRL2"
"837",1134.25759327063,-0.692952302204409,0.259407835387419,-2.67128516441881,0.00755614240084515,0.0285124904086153,"CASP4"
"83700",1077.50654567746,-0.897086525919818,0.22376258390369,-4.00909978008627,6.09506599385213e-05,0.000511876125734199,"JAM3"
"83716",4505.34138537195,-2.37550572978782,0.256310106354341,-9.26809232603474,1.89504827556445e-20,2.53296582494927e-18,"CRISPLD2"
"83729",10.8750077655646,-2.3928480039117,0.713391773672075,-3.35418502458317,0.000795991180472194,0.00448286510971236,"INHBE"
"83742",4427.65313975953,-0.693246548979474,0.265840527912573,-2.60775343181481,0.00911385770954518,0.0331389590343187,"MARVELD1"
"83850",637.770174732404,1.35267124445864,0.290171563645348,4.66162578946535,3.13721228730793e-06,3.78747083413176e-05,"ESYT3"
"83854",177.266853853652,-0.914046871304999,0.228190068589927,-4.00563826880478,6.18502406285334e-05,0.000517741095200379,"ANGPTL6"
"83855",1052.00827055812,0.813837763839834,0.285069086141674,2.85487905705557,0.00430532205932694,0.0180195641601355,"KLF16"
"83861",201.424997589048,0.66723462826962,0.201642057151554,3.30900526256845,0.000936280772314158,0.00513109782143627,"RSPH3"
"83869",33.9626167040872,7.42303805134637,2.01241746652587,3.68861738422551,0.000225475995693885,0.00156638470987612,"TTTY14"
"83871",2244.31245144381,-0.601559267636732,0.225451711959534,-2.66823996326408,0.00762497773424475,0.0287406229045402,"RAB34"
"83872",2577.55223914265,-4.36785671523927,0.38150164976406,-11.4491161910848,2.37555150455495e-30,8.14972536162652e-28,"HMCN1"
"83875",60.7415841041841,-1.96806931890255,0.440369951756263,-4.46912717603367,7.85394254710813e-06,8.45973591782698e-05,"BCO2"
"83877",879.175061767962,-0.51919814177339,0.165153114227009,-3.14373812569911,0.00166804639640232,0.00829149167436495,"TM2D2"
"83888",642.329866267758,2.74358425237483,0.440632038159875,6.22647473350399,4.77047114321082e-10,1.45044871509382e-08,"FGFBP2"
"83890",46.4162726613595,-1.16304058716504,0.297620743492556,-3.90779410573622,9.3142626870681e-05,0.000732053391182168,"SPATA9"
"83892",3051.87894843569,-0.536646946561129,0.170899038580894,-3.14014023143326,0.00168866980063638,0.00836645644381211,"KCTD10"
"83930",321.146325187141,-0.530555586237508,0.166622633148715,-3.18417477992904,0.0014516733182078,0.00740551265972472,"STARD3NL"
"83931",2612.74233092755,0.767646339843399,0.241411582359289,3.17982398500219,0.00147364533453875,0.00749716153389659,"STK40"
"83937",538.171634331464,-1.11966691801573,0.254554451853084,-4.39853599049191,1.08983555484199e-05,0.000112334376869642,"RASSF4"
"83940",725.123123932741,0.413551191595555,0.164013615511718,2.5214442734238,0.0116874186008575,0.040561222374119,"TATDN1"
"83943",206.572843296931,0.649901133559701,0.194457779623777,3.34211948124207,0.000831412639902828,0.00465175259031254,"IMMP2L"
"8395",69.1740845446052,2.58750177098779,0.372996891526218,6.93705987843577,4.00344173410172e-12,1.77219020762903e-10,"PIP5K1B"
"83959",430.689742851886,1.42455196339222,0.284427255116266,5.00849316571261,5.48578231202751e-07,8.08877815979758e-06,"SLC4A11"
"83987",827.937033740184,-1.7260438318663,0.278176353657433,-6.20485461532751,5.47474905288214e-10,1.64514210955512e-08,"CCDC8"
"83988",1702.44748978615,1.65012898363199,0.313674501120934,5.26064113511032,1.43553966793418e-07,2.44006181046715e-06,"NCALD"
"83992",93.2634728698215,-1.15207942380745,0.319948510460136,-3.60082758988493,0.00031720587997826,0.00208074118338831,"CTTNBP2"
"840",927.653944570402,-0.836503409461618,0.220590122271348,-3.79211635067066,0.00014936889842966,0.00110082685473545,"CASP7"
"84000",2755.8170025879,1.07623317394623,0.244617331223175,4.39966035343726,1.08420437310466e-05,0.000111911861345557,"TMPRSS13"
"84033",595.46322650656,0.651854372710062,0.199891350200616,3.26104342211828,0.00111003040234028,0.00590562569185121,"OBSCN"
"8404",6966.61216461954,-1.50985118136852,0.195696858888453,-7.7152550630827,1.20740525459809e-14,7.7424391777717e-13,"SPARCL1"
"8405",1287.06423616327,-0.469176298752941,0.176967053476376,-2.65120704411554,0.00802046582874841,0.0299244641324918,"SPOP"
"84059",36.2958011286544,1.55408421389534,0.492837822427342,3.15333796063198,0.00161414813879475,0.00808171099941699,"ADGRV1"
"8406",928.624584390348,-0.889220413288188,0.29986445809367,-2.96540783439703,0.00302281904887465,0.0134797215634625,"SRPX"
"84069",1369.22478658442,0.681315632731865,0.256497955654119,2.65622246771667,0.00790214650050151,0.029590282620761,"PLEKHN1"
"84070",22.4802061828362,-1.23127388404458,0.409274957950192,-3.00842712246866,0.00262603776689733,0.0120254419118609,"FAM186B"
"84073",23.3247744566742,1.50141525215843,0.490067120214717,3.06369309473486,0.00218623065628485,0.0102813278110503,"MYCBPAP"
"8408",3113.64149073921,0.626251836165401,0.246707550528892,2.53843806086535,0.0111348511067333,0.0389692615408211,"ULK1"
"84102",228.135720403618,-1.90787501281569,0.291669433998619,-6.54122369512578,6.1017482695035e-11,2.18052754131007e-09,"SLC41A2"
"84107",84.3507178859017,-1.0230091158403,0.336723447676062,-3.03812853812445,0.00238052390823112,0.0110536215039543,"ZIC4"
"8412",582.731726204024,0.615760409386292,0.17614139755701,3.49583015649115,0.000472589405085076,0.00289447329373329,"BCAR3"
"84128",689.651279898108,-0.827610446185839,0.330446310172878,-2.50452318790566,0.0122616567630464,0.0421992882144371,"WDR75"
"84129",318.117604918771,-0.954325916693455,0.352547236812323,-2.70694482056453,0.00679055430573266,0.0261367016751605,"ACAD11"
"84133",538.20201465856,1.12967441415442,0.242017993125028,4.66772903769523,3.04547170242936e-06,3.69187217448798e-05,"ZNRF3"
"84138",592.459754598968,-0.682901752944331,0.206665186605593,-3.30438698534943,0.000951843438703808,0.00520391642557216,"SLC7A6OS"
"84144",80.4290819737056,1.00052624441404,0.266866232883161,3.74916763954956,0.000177422460764752,0.00127549451916947,"SYDE2"
"84152",2053.48365504154,4.40047284612016,0.747990127027073,5.88306273989214,4.02743167661338e-09,1.00975217577844e-07,"PPP1R1B"
"84154",337.979451734497,-0.591579753244281,0.240971350133325,-2.45497961860184,0.0140892576281221,0.0471336387156292,"RPF2"
"84168",6637.92173381165,-1.53001866623915,0.248615108597183,-6.15416607169339,7.54735658608705e-10,2.19738031072158e-08,"ANTXR1"
"84171",376.640001172948,2.02269052739274,0.351054978558219,5.76174858906694,8.3246938173196e-09,1.91887455247152e-07,"LOXL4"
"84187",1953.64962135737,1.43850267714398,0.291752447869861,4.93055906693074,8.19946191277888e-07,1.15759755838574e-05,"TMEM164"
"84188",601.392750798766,-0.647354333569108,0.227493874888277,-2.84559016759035,0.00443292071935024,0.0184748410785797,"FAR1"
"84206",150.644405530385,-1.62709728465004,0.331138280933738,-4.91364900506815,8.93967327578911e-07,1.25264965765039e-05,"MEX3B"
"84215",34.6200268105596,1.65415744015421,0.498942683484642,3.31532557728172,0.000915364453888771,0.0050365843140461,"ZNF541"
"84222",43.9470565569066,0.849077450301378,0.337835603148868,2.51328587747227,0.0119612363788393,0.0413451032110878,"TMEM191A"
"84230",519.69550089479,0.492906022082342,0.173942684750681,2.83372665420707,0.00460086680203387,0.0190782115739454,"LRRC8C"
"84231",3471.09201036982,0.614401695114688,0.248990895799872,2.46756690898657,0.013603479554067,0.0458663428568247,"TRAF7"
"8424",1409.0725978205,0.930754945842167,0.189838285079131,4.90288323798435,9.44401246345655e-07,1.30730028613174e-05,"BBOX1"
"8425",6582.41829794325,1.68859549400459,0.32778584231848,5.15152052346401,2.58382942104654e-07,4.19775412808382e-06,"LTBP4"
"84251",60.1952633608745,-1.64464339771528,0.354784935554695,-4.6356066250218,3.55892213704366e-06,4.21016398097165e-05,"SGIP1"
"84254",1060.99157304106,0.865867760202661,0.247663102569907,3.49615163186553,0.000472020388971236,0.0028942221792127,"CAMKK1"
"84255",922.131338159645,-0.711625903213325,0.203486035432171,-3.49717316818301,0.000470216494122075,0.00288492885693257,"SLC37A3"
"84271",3578.40574829391,0.425902576159994,0.173427718479824,2.45579299487551,0.0140574106769761,0.0470653450512162,"POLDIP3"
"8428",3939.83844120218,1.02976996384726,0.189175008879013,5.4434778142701,5.22502439686662e-08,9.86712050114473e-07,"STK24"
"84283",4629.92986359118,0.664593096850674,0.219796004828508,3.02368142391492,0.00249719249251963,0.0115199933361775,"TMEM79"
"84287",712.554501583728,-0.594742962911337,0.171032721063306,-3.477363625006,0.000506370572939802,0.00307104651543691,"ZDHHC16"
"84293",3860.40516909319,1.06414460019621,0.222403930652019,4.78473827812516,1.7121027890971e-06,2.23616267834865e-05,"PRXL2A"
"843",551.447440374142,-0.672558367593847,0.238245213149037,-2.82296697047643,0.00475814732885801,0.019607948872315,"CASP10"
"84302",1059.79467805121,1.26983444378176,0.238880514088532,5.31577240038566,1.06205834874101e-07,1.84952699242682e-06,"PGAP4"
"84311",999.142941070107,0.449367693660932,0.162709010237757,2.76178739581968,0.005748589814421,0.0229319714612484,"MRPL45"
"84317",1736.18261522256,0.567491812808775,0.183332928392417,3.09541672510724,0.00196536552592596,0.00945433138248654,"CCDC115"
"84324",607.168162260888,-1.0458715796019,0.319363553899164,-3.2748620399312,0.00105713585744854,0.00567407679001844,"SARNP"
"84333",808.463840579137,0.581411784366986,0.174468256718321,3.3324789007646,0.000860759969608717,0.00478732321384108,"PCGF5"
"8435",26.8107183902361,2.26291205917954,0.474789494507979,4.76613759435554,1.87791039569751e-06,2.42807208448729e-05,"SOAT2"
"8436",370.8238847758,0.745582024432511,0.185546550004946,4.01830173836504,5.86191020614603e-05,0.00049350331158818,"CAVIN2"
"84364",5200.86234753785,0.58564562238108,0.183604632461203,3.18971049112735,0.00142415384183509,0.00727594506833795,"ARFGAP2"
"8437",1129.88678128031,0.747913691310374,0.227989337550429,3.28047661941622,0.00103631853811823,0.0055828674036681,"RASAL1"
"844",32.2104899872383,1.60698183363635,0.538073260493375,2.98654839707675,0.00282146174844599,0.0127585607710923,"CASQ1"
"8440",1329.04422932097,0.762503053879426,0.178925570387078,4.26156558970229,2.02999755292633e-05,0.000193182938647413,"NCK2"
"84417",151.485305973136,3.07654260180302,0.359440613138217,8.55925148508464,1.13602665470704e-17,1.09783909204177e-15,"ECRG4"
"84418",1031.18447164485,0.787106584736217,0.277569706473636,2.83570781097099,0.00457242570775644,0.0189717417392579,"CYSTM1"
"84432",36.0743116099583,5.81481919836973,1.07929974739202,5.38758506376051,7.14106806730471e-08,1.30543290495027e-06,"PROK1"
"84433",103.040499232124,-1.25429748751861,0.352646217851631,-3.55681536912537,0.000375377780870401,0.00239738636097931,"CARD11"
"84439",271.183962138265,-1.68117603285907,0.303607881578406,-5.53732671272867,3.0712331604326e-08,6.09637147984226e-07,"HHIPL1"
"8444",177.799616664497,-1.76752765143012,0.342227769246433,-5.16476981199428,2.40734993329419e-07,3.94215521296162e-06,"DYRK3"
"84440",1320.22415817291,1.24114439061909,0.237643280175056,5.22272032983561,1.7631357639232e-07,2.96428030950337e-06,"RAB11FIP4"
"84446",105.759126018479,-2.43656287647488,0.235627548725254,-10.3407385497014,4.60971089978878e-25,9.30257736875023e-23,"BRSK1"
"84448",437.905069494285,1.14692749554469,0.238215594082607,4.81466169316757,1.47449472653642e-06,1.95183276212384e-05,"ABLIM2"
"8445",893.640539230944,-0.78712128128458,0.189940160137757,-4.14404873994898,3.41227170312796e-05,0.000306717033786838,"DYRK2"
"84450",552.737000827474,-0.73654422553878,0.231457706861427,-3.18219788628489,0.0014616191599056,0.00744517911098661,"ZNF512"
"84451",110.86006844626,1.19319957052881,0.24046372705105,4.96207717131281,6.97432729835933e-07,1.00321141236498e-05,"MAP3K21"
"84456",207.725363535833,-1.76377716350301,0.284999845232525,-6.1886951624973,6.06642680226586e-10,1.80972941011363e-08,"L3MBTL3"
"84465",423.815901483692,0.676617728835886,0.199525628243641,3.39113193022836,0.000696045862963671,0.00401327956393395,"MEGF11"
"84466",39.3725603877688,2.50259737026138,0.522957256549786,4.78547211826121,1.70585867206639e-06,2.2308383040543e-05,"MEGF10"
"845",205.700943113666,2.84657673823826,0.550203020986189,5.17368431226719,2.29522491895728e-07,3.77657152132828e-06,"CASQ2"
"84501",98.6420134368022,1.16853875801025,0.290572471211897,4.02150538602849,5.78273855252416e-05,0.000487436078481398,"SPIRE2"
"84503",114.917723843306,-0.638106821040941,0.227332639990981,-2.80693006101656,0.00500160995734774,0.0204556207752923,"ZNF527"
"84513",771.74987581904,-0.561435098274147,0.138957666057898,-4.0403319529001,5.3375599152309e-05,0.000455129798239904,"PLPP5"
"84517",44.030046297913,-1.58693770523518,0.276546177493917,-5.73841851518662,9.55647232523941e-09,2.16165303673328e-07,"ACTRT3"
"84518",3597.13602424575,0.757496601366295,0.274475149322901,2.75980030700394,0.0057836702762268,0.0230495777281418,"CNFN"
"84525",24043.3748627382,1.38780254598195,0.212466215993212,6.53187397108957,6.4951802334926e-11,2.30909827160987e-09,"HOPX"
"84547",112.286332380483,-1.63201463415566,0.352598493524087,-4.62853547059801,3.68260793694613e-06,4.32911489286688e-05,"PGBD1"
"8455",2313.49274158498,-0.453061575820449,0.179977006433914,-2.51733032345335,0.0118247909543634,0.0409628907782929,"ATRN"
"84552",2401.45623014487,1.03612566363038,0.206008407568177,5.02953095876672,4.91681112271411e-07,7.33388696738749e-06,"PARD6G"
"84553",34.1602604237876,1.1864212587238,0.457329407888598,2.59423784750969,0.00948008789576924,0.0342227515339379,"FAXC"
"84561",192.142187974464,-2.23031156252548,0.393385891122303,-5.66952606297738,1.4319306777312e-08,3.12564804564358e-07,"SLC12A8"
"8459",858.919431429098,-0.382571924100132,0.135787875174219,-2.81742330535243,0.00484106750228921,0.0199058197097725,"TPST2"
"8460",786.566637319858,-1.20972114555889,0.180935335230963,-6.68593088251497,2.29461313772221e-11,8.89497492031524e-10,"TPST1"
"84612",62.0665721505396,0.852229355988199,0.347594280736067,2.45179337871589,0.0142146258141366,0.0474990028828228,"PARD6B"
"8462",1390.74043111297,0.984925065699635,0.235246165331582,4.186784784829,2.82933870283626e-05,0.000259186060788525,"KLF11"
"84620",271.564188218201,-3.34802045390507,0.458377856880026,-7.30406236613076,2.79206859225057e-13,1.46612091588994e-11,"ST6GAL2"
"84622",53.1759666771555,-1.12989132214578,0.440684374237615,-2.56394687036611,0.0103489384734239,0.0366269858213477,"ZNF594"
"84623",65.0316797407485,-2.91008805002067,0.347150467589633,-8.38278591478289,5.16894400251664e-17,4.50837048083909e-15,"KIRREL3"
"84624",2389.04121661198,-3.91563158435137,0.672838160606086,-5.81957417638769,5.89977374984847e-09,1.41704717464272e-07,"FNDC1"
"84627",1552.77870151372,-4.27764454818618,0.387749907955929,-11.0319679267915,2.67936956246847e-28,7.55508809230835e-26,"ZNF469"
"8463",961.96661805886,-0.880329682020745,0.256998440887537,-3.42542810369025,0.000613831370559232,0.00361622923056417,"TEAD2"
"84631",150.683766534513,1.03907024858238,0.281706720476497,3.68848228691468,0.000225595728103256,0.00156668774199643,"SLITRK2"
"84636",21.9163634173773,-1.46187937311403,0.540797191743335,-2.70319335128471,0.00686767840645993,0.0263640977841423,"GPR174"
"84639",136.184000161605,1.14428221564669,0.422725143135198,2.70691780280673,0.00679110695286979,0.0261367016751605,"IL1F10"
"8464",129.927495609944,-0.95489762851941,0.256354764302387,-3.72490689267256,0.000195387323691497,0.00138924099166348,"SUPT3H"
"84641",2229.67795431417,0.467833893415118,0.185670536094993,2.51969915773693,0.0117455173752358,0.0407362644737747,"MFSD14B"
"84645",788.716795298142,0.735756319624138,0.174981056834145,4.20477697949624,2.61339721211899e-05,0.000241554414971968,"C22orf23"
"84649",9610.58285499891,1.67569951117988,0.255715082242842,6.55299443616133,5.63946184805038e-11,2.022346388158e-09,"DGAT2"
"84659",1204.47302984635,1.42494329454077,0.436247987723087,3.26636072747979,0.00108939379932923,0.00581386620829475,"RNASE7"
"84662",1476.93836722816,-1.25994614526846,0.313314987640885,-4.02134016873965,5.78679667240572e-05,0.000487578480167005,"GLIS2"
"8467",831.696050065987,-1.01643740985742,0.298825320307421,-3.40144338776829,0.000670310106537788,0.00389214759745383,"SMARCA5"
"84674",281.652685857038,-1.25199664958585,0.243479721902189,-5.14209824048018,2.7168697879813e-07,4.38276236017297e-06,"CARD6"
"84678",1521.27279249317,0.413940438858136,0.154569019818388,2.67802978465218,0.0074056632605551,0.0280114245783289,"KDM2B"
"84679",330.887339967738,-0.877652221385303,0.242172874308932,-3.62407319106148,0.00028999948079351,0.00192621791308603,"SLC9A7"
"84689",13.4224948431742,-1.98437880514245,0.681707872284618,-2.91089319313883,0.00360397191286345,0.0155359492888757,"MS4A14"
"84695",345.572908932232,-0.657342656470195,0.209293951558765,-3.14076279593597,0.00168508451488864,0.00835442934747601,"LOXL3"
"84696",229.49387982727,-1.01537134951042,0.249365135947288,-4.07182562090418,4.664609585449e-05,0.000403939098472369,"ABHD1"
"847",4211.98860111887,1.47009099315429,0.225252016660632,6.52642766510343,6.73568225537918e-11,2.38225573100902e-09,"CAT"
"8470",599.175247422057,1.8596373038085,0.334884079871255,5.55307766354087,2.80683293223824e-08,5.66429892913646e-07,"SORBS2"
"84700",16.2720448865255,3.79623285208522,0.966831958558121,3.92646604043448,8.62030565632504e-05,0.000686446928262865,"MYO18B"
"84707",178.643052730671,1.58769077079242,0.275276827080054,5.76761505003362,8.0401196216076e-09,1.85952609315922e-07,"BEX2"
"84708",690.612709367541,1.46311058279888,0.299459284536583,4.88584144272921,1.02988056608405e-06,1.41138891959216e-05,"LNX1"
"84734",56.6406393557006,-2.33919570555623,0.420387590356666,-5.56437858589404,2.6308822655113e-08,5.36710411826409e-07,"FAM167B"
"84749",614.274942543651,0.72306074280672,0.172870947559108,4.18266199738096,2.88115581140795e-05,0.000263463843722885,"USP30"
"84752",866.962695849937,-0.839460066992828,0.237748478087805,-3.53087461902827,0.000414188031754266,0.00259556880594265,"B3GNT9"
"84759",390.350482641369,-0.611154962229355,0.221674960291668,-2.75698690291962,0.00583366880767901,0.0231859893294583,"PCGF1"
"8476",1098.76231498667,-0.850797917820005,0.21031929908767,-4.04526794027283,5.22633140749063e-05,0.000446941444502647,"CDC42BPA"
"84766",40.3302127287608,1.65748958184225,0.529598397303221,3.12971034331371,0.00174978748161247,0.00861665682332801,"CRACR2A"
"8477",51.0413373745963,-1.60026069108431,0.345531124576629,-4.63130692797958,3.63364743441478e-06,4.27889009096075e-05,"GPR65"
"84775",176.495032008008,-0.768978024182874,0.285538261511513,-2.69308225143715,0.0070794801562765,0.0269759384555341,"ZNF607"
"84814",120.325856991808,-1.14753565502575,0.351659031389561,-3.26320541375357,0.00110159643067881,0.00586378612078943,"PLPP7"
"84818",2336.41949069317,1.13208830708388,0.309320442876212,3.65992074936001,0.000252293265097077,0.00172131407648599,"IL17RC"
"84848",162.747434426467,-5.64478189832166,0.370611447302687,-15.2309971518808,2.20207162562713e-52,3.48672633399298e-49,"MIR503HG"
"84852",2540.84941099816,1.06590489263622,0.270237934667273,3.94432000802773,8.00267344680827e-05,0.000642962647264252,"ATP1A1-AS1"
"84856",46.5355526058469,-1.3664351416849,0.36796842211399,-3.71345762181083,0.000204446713160895,0.00144170302970327,"LINC00839"
"84859",866.345285052626,-0.371320098956454,0.149000742748763,-2.49206877835873,0.0127001441873949,0.0434107884346292,"LRCH3"
"84861",846.977234181525,-0.683910955756543,0.211919915140044,-3.22721418279443,0.00125001853779683,0.0065189717714745,"KLHL22"
"84865",134.202751888512,-1.15064167746938,0.27725095937761,-4.15018104915637,3.32212396096018e-05,0.000299660822140247,"CCDC142"
"84866",390.979723813441,1.0079269598987,0.247947981252697,4.0650742740731,4.80171679576026e-05,0.000414939288513557,"TMEM25"
"84867",23.1692010872196,1.35771964699277,0.527189798000488,2.57539059394224,0.0100126944272056,0.0357442424713146,"PTPN5"
"84868",169.391801762282,-0.759388655811237,0.217043398496412,-3.49878715995037,0.000467379505909723,0.00287094591156244,"HAVCR2"
"84869",1380.08166118638,-1.04913836640933,0.188015631982063,-5.58005925012353,2.40436667576904e-08,4.97902250040543e-07,"CBR4"
"84870",106.988850804683,-1.92141768523758,0.378675064046372,-5.07405389915583,3.89428670907299e-07,5.99674198661749e-06,"RSPO3"
"84876",2072.52286578522,0.891547503188859,0.364946997396273,2.44295064639423,0.014567729313737,0.048427348222539,"ORAI1"
"84879",2765.67486256686,1.66132646214076,0.386351004818045,4.30004436748696,1.70763918484651e-05,0.000166825082965736,"MFSD2A"
"84883",389.41298227667,1.55322809606804,0.394124965918012,3.94095332796337,8.11584175323378e-05,0.000650025239877681,"AIFM2"
"84885",992.445629032148,1.03706254217347,0.343474536660228,3.01932874633834,0.00253335471675883,0.0116544488263098,"ZDHHC12"
"84892",784.544932402647,0.827323425349696,0.277239012794598,2.98415225552201,0.00284365231551856,0.0128419787763568,"POMGNT2"
"84898",4743.50263959325,-0.76161076166524,0.212733270902808,-3.58012058214062,0.000343435687728548,0.0022202513179034,"PLXDC2"
"84899",348.442750313103,-0.796129938181914,0.185179914658632,-4.29922402572403,1.71397154645732e-05,0.000167284923244558,"TMTC4"
"84911",39.5035237404942,-1.7647894039456,0.418598369279884,-4.21594906588283,2.48729899662732e-05,0.000230520317634294,"ZNF382"
"84912",384.078249989683,-0.905028272427598,0.224597977940185,-4.02954773114042,5.58842681325161e-05,0.000473578334804327,"SLC35B4"
"84913",730.464403733168,1.00971542227112,0.270164641248925,3.73740774367579,0.000185927277025457,0.00132794138455656,"ATOH8"
"84933",145.286539764164,-0.916294039755737,0.248772468816673,-3.68326143207983,0.000230268786160934,0.00159183186773041,"C8orf76"
"84935",676.651628364177,0.884008381892639,0.319903109157578,2.76336289516084,0.00572091213866054,0.0228525626745951,"MEDAG"
"84941",80.2175401883427,-1.64729251584719,0.419680908359112,-3.92510710646299,8.66911567824628e-05,0.000689509571564998,"HSH2D"
"84948",463.340091097328,0.744092844543377,0.290767039175744,2.55906875364108,0.0104952982089706,0.0370621407331362,"TIGD5"
"84951",5484.0089615871,1.57636248307968,0.269546516657664,5.84820201954875,4.96914833420423e-09,1.22350417836435e-07,"TNS4"
"84952",1333.49364869741,1.22637377368229,0.175076409262453,7.00479167266822,2.47353609668514e-12,1.12148165229443e-10,"CGNL1"
"84953",789.09158389019,0.87079287953963,0.247141505537444,3.52345866650754,0.000425953529235878,0.00266014182214542,"MICALCL"
"84957",323.918459900174,-1.06363436907923,0.227372423434972,-4.67793918457937,2.89772454639138e-06,3.54196924364135e-05,"RELT"
"84959",421.890403721915,0.802182664033951,0.261684105571006,3.06546193275114,0.00217334041939631,0.0102441124783269,"UBASH3B"
"8496",1500.91154145393,-0.858616082482544,0.265621763222203,-3.23247640579916,0.00122722269791157,0.0064261388994688,"PPFIBP1"
"84962",2158.9576723683,1.17117467794654,0.215304512867836,5.43961973832597,5.33944134226565e-08,1.00280164771164e-06,"AJUBA"
"84968",109.396041430173,-1.27007922372476,0.336363749563458,-3.77590993492343,0.000159424593435531,0.00116203818387995,"PNMA6A"
"84969",143.626761802946,1.1550916775791,0.382790463904898,3.01755604305251,0.0025482191808626,0.0117107710691841,"TOX2"
"84975",2822.69915601163,0.56067228708348,0.223069606335261,2.51344096712495,0.0119559785710988,0.0413408135238531,"MFSD5"
"84976",306.948790427538,-1.07104608656943,0.202093211071726,-5.2997628217669,1.1595321039002e-07,2.00401417520417e-06,"DISP1"
"84978",35.0760692302556,-2.41009335543923,0.50452684632845,-4.77693778433794,1.77984811824148e-06,2.3143647293672e-05,"FRMD5"
"84981",1156.66086861212,-0.525883816630233,0.213242370134044,-2.46613192443726,0.013658102028757,0.0460052973588501,"MIR22HG"
"84989",8.44783605304259,-2.50597805802916,0.662983529848158,-3.77984964212172,0.000156923092147213,0.00114664711706008,"JMJD1C-AS1"
"8499",21.1263945249636,-1.39490365019138,0.43411747085002,-3.21319399438152,0.00131267593829564,0.00680779075683483,"PPFIA2"
"84992",1164.12560503333,0.4622507605751,0.137951210588325,3.35082786590798,0.000805703683096476,0.00452760158691179,"PIGY"
"85002",128.693305968291,1.13328930825391,0.296793370279755,3.81844549689799,0.000134295246111003,0.00100521212579959,"FAM86B1"
"85004",453.734354537346,0.695264692735061,0.176020706939332,3.94990285418348,7.81829186363363e-05,0.000629869744505028,"RERG"
"8501",1115.35546339417,-0.569159301829683,0.218968741011224,-2.5992719289577,0.00934217351106029,0.0338257343098795,"SLC43A1"
"85012",525.37530184451,-0.784645194267617,0.251282465988913,-3.12256245647572,0.00179284061325405,0.00878244435583563,"TCEAL3"
"85013",749.357255959319,0.539362558129715,0.153297112648785,3.51841302690047,0.000434136095484456,0.0027054972417354,"TMEM128"
"85014",1704.53122241478,0.696649367306722,0.253023637159746,2.75329757775513,0.00589982422892301,0.0234082463238534,"TMEM141"
"85015",157.706858294259,-0.901120411452597,0.310558909417347,-2.90160862923955,0.00371252037377938,0.0159006490582344,"USP45"
"85027",529.688655515882,-0.857796229998927,0.319097333199135,-2.68819617324603,0.0071839178251513,0.0273233119942562,"SMIM3"
"85028",243.83472172638,-1.36905955997221,0.3943003085737,-3.4721239882477,0.000516357795259238,0.00312609084047534,"SNHG12"
"8503",322.091835665404,-0.956532299140976,0.23954082838091,-3.99319107981012,6.51899930255344e-05,0.000541951056719548,"PIK3R3"
"8506",581.121416637907,-1.0039844839082,0.255163679510973,-3.93466846783352,8.33116152641174e-05,0.000665716726939671,"CNTNAP1"
"8507",710.627342498452,-0.950626941019851,0.373618704952299,-2.54437727131788,0.0109472774337495,0.038410808247873,"ENC1"
"8510",419.243345392948,-2.27308627440467,0.397024040959472,-5.7253114166875,1.03244175816675e-08,2.32259903279829e-07,"MMP23B"
"8511",312.349278466119,-2.58058847454524,0.481281015542725,-5.36191620115161,8.23437403500678e-08,1.47644908655557e-06,"MMP23A"
"8512",25.8921620331851,-1.98646078184345,0.424982694499269,-4.67421569761558,2.95079082789084e-06,3.59615621085287e-05,"MBL1P"
"8515",632.676239047124,-4.1801070459538,0.346904295704404,-12.0497413774192,1.94559413958417e-33,8.00962195384011e-31,"ITGA10"
"8519",4069.21460110016,-0.815692757343149,0.283045237746225,-2.88184589798501,0.003953530355112,0.0167516403519196,"IFITM1"
"85236",452.172551852786,-0.475997477422243,0.169958192189449,-2.80067392627745,0.00509960185973118,0.0207820638845192,"H2BC12"
"85301",1688.61231101469,-1.56893360071587,0.256197248560444,-6.12392837757474,9.12959475864565e-10,2.62097041160338e-08,"COL27A1"
"8531",11999.6262106217,0.619494471487166,0.182212679278815,3.39984283167934,0.000674245966495047,0.00390948703502367,"YBX3"
"8532",4018.16122856178,-2.84314004029466,0.345560082775583,-8.22762865854815,1.9095598056139e-16,1.56416580076521e-14,"CPZ"
"8534",109.574729967728,-1.74743977797443,0.519174762640178,-3.36580262316318,0.000763212982128533,0.00433020287324524,"CHST1"
"8535",824.264477974934,1.08280528672693,0.255839278057043,4.23236531524884,2.31246395496397e-05,0.000216460927917137,"CBX4"
"85352",256.046886764531,-1.50127028089256,0.273263403557899,-5.4938577992734,3.93247176109932e-08,7.61486347417388e-07,"SHISAL1"
"8537",60.8552748814949,2.42195841377367,0.387137036320349,6.25607520477464,3.9478642835568e-10,1.22016273892993e-08,"BCAS1"
"85377",3152.35561280847,0.756389088638155,0.238960191535312,3.16533512874416,0.00154904422166639,0.00780933780523656,"MICALL1"
"85379",1251.5016375346,1.17656455301208,0.198104257891897,5.93911794492636,2.86559656064032e-09,7.47597460129535e-08,"KIAA1671"
"8538",790.28225781167,1.53296061143568,0.319825317752042,4.79311838790753,1.64208655644063e-06,2.1529114444442e-05,"BARX2"
"85395",351.358216457618,0.967219333873355,0.268167143448307,3.60677792751221,0.000310022770163442,0.00204077668725433,"SLX9"
"85397",6.67604875540933,-4.66950882085252,1.02688968416569,-4.54723510505055,5.43552679577748e-06,6.08070019371106e-05,"RGS8"
"8541",1769.01130948605,0.866727258515843,0.274865127177802,3.15328200203143,0.00161445761900518,0.00808171099941699,"PPFIA3"
"85415",484.798202503595,4.60992224024813,0.449451624965348,10.2567706604766,1.10335002297282e-24,2.10290341415487e-22,"RHPN2"
"8542",715.957390766407,-1.53334810219091,0.285944256096194,-5.36240217979784,8.21224427125412e-08,1.47505092565004e-06,"APOL1"
"85439",860.23555083053,-0.791096267514789,0.209452905390456,-3.77696487924124,0.000158751106861069,0.00115794925004545,"STON2"
"85440",662.711293369987,-0.632329746310795,0.239229265969702,-2.6431956129936,0.00821275723601437,0.0305367404165679,"DOCK7"
"85449",245.840451522827,-1.91704340653656,0.206122715576839,-9.30049558667843,1.39792562738112e-20,1.90562259033199e-18,"KIAA1755"
"85450",1936.00938465707,0.673697211603633,0.24192160555082,2.78477488635099,0.0053564896712484,0.0216560370330819,"ITPRIP"
"85457",654.448870127455,0.490428816736844,0.197969319130759,2.47729708265004,0.0132381660671826,0.0449176114080371,"CIPC"
"85458",459.471726876873,0.549933685102201,0.187326209162519,2.93570070926431,0.00332795240487099,0.0145595265253697,"DIXDC1"
"8546",1263.12461670485,-0.650976223701665,0.215789938682897,-3.01671258481738,0.00255531971165235,0.0117381613355617,"AP3B1"
"85477",216.669243653817,1.4767213041174,0.293892786415114,5.0246939441092,5.04236009304924e-07,7.48463752664029e-06,"SCIN"
"8549",194.397616931107,3.64795211142361,0.532014354959869,6.85686782210752,7.03866993442848e-12,2.95681595776073e-10,"LGR5"
"8560",18154.7079059194,0.984004245814315,0.212893994157019,4.62203853946471,3.79987396108061e-06,4.44412531902746e-05,"DEGS1"
"8565",2153.16007614453,-0.508748031824263,0.144011499110336,-3.532690340474,0.000411353987831106,0.00258386038618111,"YARS1"
"857",7713.79847204821,1.01322737626186,0.212736169801257,4.76283547460896,1.90891475153641e-06,2.46661024768522e-05,"CAV1"
"8570",4192.64640276464,0.691715104030677,0.224687881597772,3.07855990768991,0.00208003704048755,0.00989724513208406,"KHSRP"
"8572",1435.7976921726,1.17016351007199,0.35338823273095,3.31126902848202,0.000928738738733939,0.00509654977288707,"PDLIM4"
"8577",21.3018586425245,-2.5938746052678,0.617485265858823,-4.20070688109479,2.66082901373181e-05,0.000245497554543504,"TMEFF1"
"8578",374.907655406436,-0.677985204061374,0.262816663948843,-2.579688798551,0.00988893863197396,0.0353760710463246,"SCARF1"
"858",1756.16648017312,1.05593321206145,0.200058250895212,5.27812878167439,1.3050973475697e-07,2.23309424791145e-06,"CAV2"
"860",415.212864663322,-2.97675363749476,0.344523869294668,-8.6401956520138,5.61168373384425e-18,5.5816547489954e-16,"RUNX2"
"8608",138.16688187951,-0.982230949467273,0.239879743736093,-4.09468066860988,4.22750649406198e-05,0.000371083128672801,"RDH16"
"861",1990.8086948683,-1.78428801145516,0.251634768368389,-7.09078488248883,1.33353496806488e-12,6.28134640335182e-11,"RUNX1"
"8612",1337.17979403001,1.17415564853335,0.340785168181192,3.44544234363235,0.000570125578323215,0.00339175286248701,"PLPP2"
"8613",6041.4262969944,1.35071959064899,0.204423212129693,6.6074668164007,3.90951777248664e-11,1.42683535157562e-09,"PLPP3"
"8614",276.458473520841,-1.29742160144896,0.29516364259554,-4.39560099624737,1.10466686529913e-05,0.000113635496028572,"STC2"
"8618",121.517998001235,-2.02363085723074,0.347569720213552,-5.82223001470723,5.80675566811337e-09,1.39936723971208e-07,"CADPS"
"862",439.365905131343,-1.12568788022489,0.226595166904626,-4.96783711498442,6.7703793163776e-07,9.77975353321519e-06,"RUNX1T1"
"8620",159.490436653935,-1.04349350352679,0.343434228621662,-3.03840857014965,0.00237831262113358,0.0110458454407522,"NPFF"
"8632",228.548547798424,1.16567252000165,0.364144948918539,3.20112230984814,0.00136893410355876,0.0070445348969134,"DNAH17"
"8633",133.5396838954,-2.68455967984562,0.237309133156367,-11.3125004678042,1.137994478324e-29,3.66007474090955e-27,"UNC5C"
"8638",92.5818130651475,-1.50000276659886,0.337941510104011,-4.43864610221214,9.05265242531299e-06,9.58047198528877e-05,"OASL"
"8639",2328.56699001376,1.310303667062,0.371093561880377,3.53092535591976,0.000414108592720575,0.00259556880594265,"AOC3"
"864",1141.8164426673,1.3020248778001,0.268787894976315,4.84406069668736,1.27212042845938e-06,1.70699653842293e-05,"RUNX3"
"8642",2845.82241287631,-1.52829910080737,0.330742323561448,-4.6208150331369,3.8223544658809e-06,4.46787872377583e-05,"DCHS1"
"8645",1334.17596606826,3.17819793728094,0.349863641234653,9.08410467022301,1.04555641087858e-19,1.25858088663887e-17,"KCNK5"
"8646",1389.07031817633,-1.91649314276111,0.246419448569787,-7.77736154302915,7.40527464723658e-15,4.86997358909641e-13,"CHRD"
"8647",9.1160801998063,2.91117024453809,0.825723852376292,3.52559785715313,0.000422528041300217,0.00264035130604847,"ABCB11"
"8653",317.556737332153,7.64455007594026,1.43255435148222,5.33630718306129,9.48586440214223e-08,1.67602603307893e-06,"DDX3Y"
"8660",670.527259925921,1.50928888681781,0.200386531383809,7.53188787886649,5.0011894768843e-14,2.94127097691961e-12,"IRS2"
"8665",6671.05809969915,0.417784085618304,0.153600094731806,2.71994679656792,0.00652924206630724,0.0253246502153511,"EIF3F"
"8676",232.567388406692,1.19938138436725,0.227273004168959,5.27727166168671,1.31121432410423e-07,2.23983698318352e-06,"STX11"
"8681",1522.0592409374,0.489409073034802,0.165928867816003,2.9495113145562,0.00318276918678375,0.0140527929945853,"JMJD7-PLA2G4B"
"8685",108.761504938908,1.38019441511998,0.527389326344083,2.61703137734628,0.00886981874216148,0.0324349527426989,"MARCO"
"869",43.6040917693213,2.73183371910549,0.722173237121726,3.78279556577507,0.000155076778884405,0.00113436404284172,"CBLN1"
"8690",214.464162497673,-0.966744925953786,0.375449544406385,-2.57489971783635,0.0100269153480993,0.0357763954802003,"JRKL"
"8702",651.265540271249,-0.513428236255909,0.18530465032946,-2.77072504841658,0.00559316341472825,0.0224336858395881,"B4GALT4"
"8706",317.548524953811,-1.32635422866329,0.214601520577567,-6.18054441130525,6.38809218633153e-10,1.89470446056842e-08,"B3GALNT1"
"871",14538.3352854076,-2.4159873717578,0.320220324371649,-7.54476586237481,4.5310079598585e-14,2.69555687415397e-12,"SERPINH1"
"8710",5498.0855834579,1.86482142981648,0.254020523341952,7.34122347786099,2.11650063460497e-13,1.13453252767471e-11,"SERPINB7"
"8714",879.799182645896,0.916574830981919,0.231314635594407,3.96245930840738,7.4181653425058e-05,0.000602388464236833,"ABCC3"
"8728",650.114519137504,-2.52792186848179,0.370780534523359,-6.81783867573159,9.24203389355528e-12,3.78960210487932e-10,"ADAM19"
"8735",11.3004419055386,-4.62838951148794,0.88299124276173,-5.24171621115033,1.59089918408015e-07,2.68418596763162e-06,"MYH13"
"8738",281.00306662972,0.732108221645677,0.206397221373835,3.54708370961861,0.000389520803987763,0.00247507801686817,"CRADD"
"8740",46.4362477643152,-1.01242942350823,0.407897991708046,-2.48206523221344,0.013062336038904,0.0444274826544612,"TNFSF14"
"8743",1686.20696291237,-0.950587076925614,0.258163936233724,-3.68210638090449,0.00023131484424912,0.00159670850235543,"TNFSF10"
"8745",206.374057696742,-2.34602061001462,0.284642476770724,-8.2419905722796,1.69368915421337e-16,1.39451590201312e-14,"ADAM23"
"8751",11673.0572479837,0.999011985977571,0.256713080398366,3.89155077110722,9.96055401907358e-05,0.000776327315140517,"ADAM15"
"8766",5597.3847004029,0.658502586917061,0.165232967729513,3.98529782503835,6.73955400467411e-05,0.000556019958445739,"RAB11A"
"8771",83.6057907778177,-1.10393737841114,0.287255081267337,-3.84305605157859,0.000121511702993254,0.000921590602215599,"TNFRSF6B"
"8776",1289.36921018609,0.642543995771385,0.205428704746549,3.1278199245044,0.00176108042441926,0.00866604816070907,"MTMR1"
"8777",294.987152528355,-0.870503213936131,0.279310478483318,-3.11661495359231,0.00182940341579392,0.00893179314769974,"MPDZ"
"8785",527.774139583014,3.9548091705887,0.719381367533124,5.49751404342092,3.85182648617027e-08,7.47276120559179e-07,"MATN4"
"8792",315.45153883393,0.924105374500742,0.212832426773273,4.34193881313573,1.41230868955824e-05,0.000140643261083051,"TNFRSF11A"
"8793",304.897822264651,-1.63032271122797,0.333997355544335,-4.88124436964758,1.05418511378122e-06,1.43894869907644e-05,"TNFRSF10D"
"8794",19.6673158471593,-1.48363091165475,0.464920400047849,-3.1911503808008,0.00141707501614547,0.00725057721410347,"TNFRSF10C"
"8795",824.959867978798,-1.33120820284465,0.251831310177398,-5.28611077751572,1.24944248160567e-07,2.14858179125907e-06,"TNFRSF10B"
"8796",5861.48676435747,1.45840866589599,0.327150467262533,4.45791405434747,8.27610697151464e-06,8.86344359529955e-05,"SCEL"
"8798",382.398400981134,-0.626100903565898,0.193098504264041,-3.24239126528797,0.00118531169337178,0.00624161061559599,"DYRK4"
"8804",4601.55033907291,0.816299650671452,0.166717409167729,4.89630719878931,9.76543665419266e-07,1.34546016124432e-05,"CREG1"
"8809",159.168215848742,-0.671111903681707,0.25606062389836,-2.62091021049803,0.00876953556417743,0.0321481959132731,"IL18R1"
"881",27.1056951560999,-3.01672244575344,0.666628786232167,-4.52534080144389,6.02982575908062e-06,6.67659674152315e-05,"CCIN"
"8817",61.8601815937772,-1.6359969366382,0.520089244676956,-3.14560809203885,0.00165741936198353,0.00825655335605623,"FGF18"
"8825",61.823272867611,-0.949074776008329,0.339490956986033,-2.79558190425489,0.00518063728395723,0.0210456360475578,"LIN7A"
"8828",1766.74303713367,-3.05454820715827,0.309784696276023,-9.86022952030081,6.19077136220828e-23,1.02766804612657e-20,"NRP2"
"8829",2683.25368799384,-1.40394718856007,0.224539295574436,-6.25256788558265,4.03758144771207e-10,1.24229561314956e-08,"NRP1"
"8832",173.949256832656,-1.00292195018989,0.245589693144943,-4.08372980700775,4.43185585177368e-05,0.000386384247576914,"CD84"
"8839",13563.9304149511,1.06570229388784,0.388267886284147,2.74476033567177,0.0060555103212744,0.0238969755469924,"CCN5"
"8840",1009.82002512869,-3.84559992561596,0.309568428031091,-12.42245519052,1.97408757704338e-35,9.23514061042292e-33,"CCN4"
"8842",58.5869747936395,1.52118777491699,0.542973371181964,2.8015881729257,0.00508517427907295,0.0207427951971125,"PROM1"
"8853",602.368812910682,0.801808094975312,0.237412603076725,3.37727687824639,0.000732073190034626,0.00418234652891278,"ASAP2"
"8854",166.161028141116,2.37841015890375,0.410789847510994,5.78984649526932,7.04507802995672e-09,1.66493554728621e-07,"ALDH1A2"
"886",34.0622542939632,-8.96430755944473,1.02463096556838,-8.74881577922257,2.15603299285767e-18,2.28761768685476e-16,"CCKAR"
"8863",1015.91833509672,0.843642083236237,0.253783312026563,3.32426145950817,0.000886530384687118,0.00491074850333683,"PER3"
"8864",945.799970121359,1.34569346974721,0.250618932888375,5.36948048672196,7.89637799109597e-08,1.42328410305359e-06,"PER2"
"887",24.1713616185216,1.44308938831617,0.527733714104242,2.73450293158855,0.00624745390545084,0.0244668171974505,"CCKBR"
"8871",592.026902197574,-1.35686422356879,0.212968611551297,-6.3711934528059,1.87562876631426e-10,6.14776154869629e-09,"SYNJ2"
"8875",14.7495581148653,-1.39532395923565,0.498067436185203,-2.80147598068791,0.00508694277861562,0.0207427951971125,"VNN2"
"8877",938.962022018942,-1.22802385000249,0.269811668076457,-4.55141120751866,5.3287285698406e-06,5.98072785613953e-05,"SPHK1"
"8879",3576.72024473668,0.701075194887492,0.180003474143233,3.89478702133065,9.82850495064394e-05,0.000768071168959966,"SGPL1"
"8881",1558.74268327076,-0.790084878844121,0.230260225222985,-3.4312694607981,0.000600763524941808,0.00355246090129336,"CDC16"
"8888",1702.37037140234,-0.416339471560816,0.160085278701551,-2.60073552632533,0.00930241387993662,0.0336995577797633,"MCM3AP"
"8895",2319.13800118126,0.607005635567059,0.162918495211418,3.72582397584359,0.000194678229240084,0.00138515612536394,"CPNE3"
"8898",801.82799842236,-0.518380489535052,0.181378322605905,-2.85800685598675,0.00426311180424073,0.0178647991405723,"MTMR2"
"8904",2697.56802399399,-0.473914148842907,0.194064984184115,-2.44203842767066,0.0146045919631584,0.0485263794946978,"CPNE1"
"8909",1010.08456546139,0.720445069212731,0.259396384880404,2.77739055440151,0.00547972911123031,0.0220733354257465,"ENDOU"
"8910",803.943521122407,-0.545186776952689,0.201389322742195,-2.70712850874722,0.00678679804278944,0.0261352860395716,"SGCE"
"8912",1486.35550548175,2.72501693217959,0.295154759241188,9.23250209207305,2.64382556531647e-20,3.46627423162257e-18,"CACNA1H"
"8913",407.524330895823,-2.05372086416118,0.286954989781571,-7.15694425012252,8.24952258091414e-13,3.98610734285297e-11,"CACNA1G"
"8916",706.014078600047,0.827923030229442,0.270190027203255,3.06422497824697,0.00218234725744144,0.0102748023666914,"HERC3"
"8932",2534.15450176879,0.493577371105827,0.190899914219439,2.5855295594238,0.0097229535403599,0.0348731966674975,"MBD2"
"894",1908.26106995157,-0.857116013044364,0.200214610139957,-4.28098634982337,1.86066772097603e-05,0.000179896591679524,"CCND2"
"896",1775.64958882746,0.632752410373309,0.256050391803735,2.4712026641159,0.0134659480584397,0.0454845872718941,"CCND3"
"8971",2862.72002381758,1.08071976293106,0.375424746478768,2.87865883394071,0.00399370115252013,0.0169114059912517,"H1-10"
"8974",2702.63746164698,-1.55676426617943,0.277547961028089,-5.6089919032836,2.03508543445405e-08,4.27887625973465e-07,"P4HA2"
"89765",52.7629982371673,1.22880202243037,0.314034205539465,3.9129559798095,9.11731597466628e-05,0.000718494762720256,"RSPH1"
"89780",96.0542268300257,1.49898972188765,0.420408459678246,3.56555556240442,0.000363086225734038,0.00233045427830042,"WNT3A"
"89795",339.504809408295,-1.08165329604392,0.257515681103029,-4.20033953431814,2.66515001700782e-05,0.0002456759872373,"NAV3"
"89796",2289.02633711998,-1.80141750115598,0.231509454022961,-7.78118331607018,7.1849293259026e-15,4.74021106552497e-13,"NAV1"
"89797",533.957524984759,0.817203797539583,0.322695745071441,2.5324281773801,0.0113275573370449,0.0395332889581002,"NAV2"
"89857",78.5926033236581,-2.08832058475167,0.419920280393586,-4.97313581233636,6.58784737206182e-07,9.56981300681162e-06,"KLHL6"
"89866",224.77929456585,-1.74358477448506,0.363926689364347,-4.79103298944766,1.65924839837451e-06,2.17264434046698e-05,"SEC16B"
"89870",16.8521692922994,-2.65915305677694,0.949179226626926,-2.80152892328533,0.0050861081689143,0.0207427951971125,"TRIM15"
"89874",25.5987502344777,1.27728481639558,0.429794448840416,2.97185042720234,0.00296010853941324,0.0132689185921781,"SLC25A21"
"89887",229.756388717605,1.40292672029964,0.411646286395382,3.40808788191555,0.000654198217300378,0.00381581640830575,"ZNF628"
"89894",447.092763151026,0.638294038398436,0.218973360083427,2.91493923349969,0.00355757804403436,0.0153713657553323,"TMEM116"
"899",368.824094786663,0.731423746361601,0.235404623877572,3.10709167183563,0.00188937799137473,0.00916159165476028,"CCNF"
"8991",1786.53199055428,1.47223898096056,0.272568858593518,5.401346979099,6.6142346951582e-08,1.21995884377362e-06,"SELENBP1"
"89944",777.050906244991,1.3765790658239,0.174167392746129,7.90377029890109,2.70591463321827e-15,1.90748447980017e-13,"GLB1L2"
"89958",290.386271843388,1.89632746173718,0.192820551784838,9.83467500836336,7.98249177471644e-23,1.29379221016349e-20,"SAPCD2"
"89970",761.311998837036,-0.732617394476289,0.235141832672162,-3.11564040371206,0.00183545947226146,0.00895849319477725,"RSPRY1"
"89978",171.523272749486,0.777583450700664,0.220173402102046,3.53168658555891,0.000412918438296456,0.00259052518558191,"DPH6"
"90",1057.10056590312,-0.708433740373304,0.204106026969218,-3.47091044244443,0.000518696963015733,0.00313493542288462,"ACVR1"
"90019",2572.97988967866,3.24108441764653,0.337860008777798,9.59298032747671,8.55766366983304e-22,1.33447688621093e-19,"SYT8"
"9002",26.3378998735767,-1.38104325617321,0.502570715618473,-2.7479580748625,0.00599676765423445,0.0237087520045984,"F2RL3"
"90060",2084.32996992634,1.18980029514643,0.223000519971108,5.33541489186025,9.532633423923e-08,1.68284499483732e-06,"CCDC120"
"90070",4.04678075032316,5.08141253440065,1.65564526211531,3.06914328248581,0.00214673604929898,0.0101472408640355,"LACRT"
"90075",100.527056955102,-1.02997076496505,0.29303586727891,-3.51482831958152,0.000440038361589607,0.00273813471431695,"ZNF30"
"90102",721.677214147747,-1.6055170442551,0.303826715281377,-5.28431821003038,1.26173770350306e-07,2.16430074074224e-06,"PHLDB2"
"9015",47.26641569373,-1.17280911730729,0.392939612403089,-2.98470574176723,0.00283851239597883,0.0128215798022445,"TAF1A"
"90167",117.452547090731,-1.19682408051368,0.252581771820696,-4.73836283547528,2.15451787496178e-06,2.74095154129872e-05,"FRMD7"
"90187",545.807305103182,0.888140429505262,0.364999015956476,2.4332680108134,0.0149632206284546,0.0494923306293016,"EMILIN3"
"9019",5070.82430668403,-0.799348160521849,0.174316485627907,-4.58561425009521,4.52653664425407e-06,5.19076491840255e-05,"MPZL1"
"9021",821.121117008096,-2.33559081416864,0.322219606297665,-7.24844413102236,4.21586260308734e-13,2.13742157196921e-11,"SOCS3"
"9022",1047.871914506,1.37609775311536,0.345604613531936,3.98171117871435,6.84208914966923e-05,0.000562675042176554,"CLIC3"
"9023",248.720469011199,-3.26698624554273,0.304125528965021,-10.742229554555,6.44683893863117e-27,1.63829299645412e-24,"CH25H"
"90249",33.2372255821747,-1.96042189502682,0.382428692495511,-5.12624165889393,2.95583167642613e-07,4.7201582022929e-06,"UNC5A"
"9026",3226.86651279903,0.829239031330264,0.240327198666267,3.45045852459586,0.000559635151357451,0.00333996229502516,"HIP1R"
"90288",5.08587097099017,2.4880060084293,0.962152381069361,2.58587522868682,0.00971320845910508,0.0348503892142616,"EFCAB12"
"90293",96.9259215999867,0.753459552692826,0.259539546060431,2.90306261272952,0.00369532748980191,0.015843495323908,"KLHL13"
"9031",1353.87067406996,-0.453300003238689,0.151680544716526,-2.98851776993454,0.00280334198237883,0.0126961477151344,"BAZ1B"
"90317",208.575655150035,-1.1804763458603,0.322649136162159,-3.65869984932179,0.00025349802113159,0.00172667215981888,"ZNF616"
"90332",101.651798045856,-1.16808389984906,0.264068631117773,-4.42341028885061,9.71549849466005e-06,0.000101411673942232,"EXOC3L2"
"9034",30.0165517047869,-1.06112531330661,0.387357360994408,-2.73939627888452,0.00615521330188128,0.0241930323860845,"CCRL2"
"90362",206.785197632162,-0.779207706351856,0.213637669551669,-3.64733292582282,0.000264976498055338,0.00178970802735952,"FAM110B"
"9039",1449.56140426342,0.407454313591432,0.164670263559533,2.47436485971328,0.0133473306941519,0.0451654537248763,"UBA3"
"90390",213.855806434545,0.710035009461157,0.203680760439152,3.48601904239883,0.000490266104353063,0.00298480848624769,"MED30"
"90407",957.687854530862,0.386629205554982,0.142261227195372,2.71774125091731,0.0065729217787471,0.025455695558557,"TMEM41A"
"90410",439.333118467104,-1.3472011354732,0.183224490184249,-7.35273507443502,1.94191592937644e-13,1.04639784005981e-11,"IFT20"
"90411",1751.27869281099,-0.494282923536863,0.196185318041501,-2.51946949176035,0.0117531825096782,0.0407422547624144,"MCFD2"
"90427",824.401903297124,-1.06816577684928,0.212319173349313,-5.03094355539861,4.88071835585186e-07,7.30121414512025e-06,"BMF"
"90459",279.10102540941,-0.840175641441127,0.254613151691682,-3.29981242468779,0.000967494707623629,0.00526988914044054,"ERI1"
"9047",31.5847137272557,-1.40632832905083,0.454428620419994,-3.09471777493034,0.0019700025261,0.00946116005535285,"SH2D2A"
"90488",703.343426944542,-2.14774321562193,0.294594017615921,-7.29051877225174,3.087637794878e-13,1.60901104733592e-11,"TMEM263"
"9052",419.552025295762,2.18544827424543,0.367948073764647,5.93955623108745,2.85794638207032e-09,7.46547821428114e-08,"GPRC5A"
"90529",261.614100092483,0.766367267028362,0.239438190569889,3.2006893520383,0.00137099254669236,0.00705336430420286,"STPG1"
"9053",941.606438837134,1.05231538310886,0.21267491217518,4.94799961286486,7.49800580911165e-07,1.06882930453431e-05,"MAP7"
"90557",257.249758689167,-0.867345852269457,0.256636627953408,-3.37966508984416,0.000725742064014658,0.00415193847850965,"CCDC74A"
"9057",767.909490606571,-0.807248381991453,0.241716702380899,-3.33964667745378,0.000838850396599992,0.00468572498334172,"SLC7A6"
"9058",415.622343863387,4.59121674506638,0.906601688504665,5.06420493506808,4.10108293000805e-07,6.28100379697066e-06,"SLC13A2"
"90586",62.1312133089004,2.04723148301991,0.472047606401081,4.33691741099616,1.44494886420039e-05,0.000143338927328678,"AOC4P"
"9060",804.316447630907,-2.84208323523521,0.31280197713069,-9.0858864170407,1.02857093825699e-19,1.2454178937107e-17,"PAPSS2"
"90627",454.414110148735,-0.95157572790083,0.239815825882074,-3.96794383523609,7.24954130006906e-05,0.000590520609895614,"STARD13"
"90665",8.85359163824348,6.21040290567331,2.4997030674416,2.48445624864938,0.0129749450856951,0.044188661423552,"TBL1Y"
"90678",1336.91554839873,0.485464645583698,0.196987738283736,2.46444093329529,0.0137227179458257,0.0461851579785606,"LRSAM1"
"9068",755.249596676776,-0.85881586843775,0.26620867816847,-3.22610019457837,0.00125489418409541,0.00654274110572944,"ANGPTL1"
"9071",389.634269528009,3.69550041134901,0.493304640039895,7.49131492266146,6.81869862234939e-14,3.94258686636067e-12,"CLDN10"
"9073",293.275725633484,2.7562797599716,0.341429565038299,8.07276241488467,6.87252568605847e-16,5.25541290898046e-14,"CLDN8"
"9076",11756.4359134231,1.57256975429523,0.214883711750997,7.31823618217046,2.51251378925269e-13,1.33637167539993e-11,"CLDN1"
"90768",49.5516370682842,-5.59821248818795,0.627700562573606,-8.91860358581642,4.72204338460764e-19,5.28252940373715e-17,"TENM3-AS1"
"9077",96.4867268219413,-0.83768018007818,0.342002469102939,-2.44933956844051,0.0143118451083848,0.0477154226937144,"DIRAS3"
"9079",694.351033752607,-0.626619905111908,0.190199986307648,-3.29453180978864,0.000985857857994162,0.00535009178722695,"LDB2"
"90809",1419.35342392699,0.556653562126285,0.169804827651179,3.27819632590062,0.00104472706552801,0.00561919569292619,"PIP4P1"
"90835",75.6801976580134,-0.776937709419263,0.302874073652597,-2.5652169565046,0.010311130922991,0.0365186714216024,"CFAP119"
"90843",1205.29857681959,-0.458200521310542,0.15122984471054,-3.02982868353503,0.0024469249248556,0.011313455223097,"TCEAL8"
"90853",115.409269078598,-3.11280087542749,0.44749143751232,-6.95611270850695,3.49790056091529e-12,1.55845855294113e-10,"SPOCD1"
"9086",105.073405138495,9.05640967474434,1.88703332939995,4.79928442897411,1.59233523241673e-06,2.09301586360574e-05,"EIF1AY"
"90861",2019.36099010248,0.549580235606753,0.136491357524024,4.02648376846879,5.66171457957871e-05,0.000479005003407796,"JPT2"
"9087",17.2688962898394,7.17407092458393,2.66798911574205,2.68894310035016,0.00716786358430707,0.0272723297632859,"TMSB4Y"
"90874",193.99911955539,-1.47047060175118,0.327332555472702,-4.49228338937344,7.04635731896954e-06,7.67419148432112e-05,"ZNF697"
"90956",1361.23462288813,0.732283538326755,0.204163549185831,3.58674964873492,0.000334825501020958,0.00217689453980272,"ADCK2"
"90987",576.367650263109,-0.582161347717245,0.227284373275537,-2.56137867873341,0.010425764787652,0.0368608626569957,"ZNF251"
"9099",697.942725263113,1.48598487684398,0.318864759764244,4.66023551157755,3.15847781314744e-06,3.8078946183363e-05,"USP2"
"90993",2602.25429755153,-2.62522983358502,0.310661504749296,-8.45045103255901,2.90179602760258e-17,2.64294555009608e-15,"CREB3L1"
"91",2853.29888474408,1.12135257717462,0.215657827666747,5.19968409821614,1.99627516810557e-07,3.32723304131863e-06,"ACVR1B"
"91010",1647.19251777543,-1.79671291991141,0.214231751205487,-8.38677231456713,4.99671427167273e-17,4.39540028068853e-15,"FMNL3"
"91050",669.893406653331,-0.730263566093436,0.196761519545564,-3.71141454782437,0.000206104246964689,0.00145090623102639,"CCDC149"
"91056",1673.03095906457,1.21966095495622,0.220673070780335,5.52700404559243,3.25745452691985e-08,6.41027189121589e-07,"AP5B1"
"9111",313.470302302505,-1.13660775842921,0.171173457528945,-6.64009347498873,3.1348428415867e-11,1.17891750656472e-09,"NMI"
"91133",246.014520848679,1.11021895674068,0.280019349172404,3.96479371879812,7.34594446019821e-05,0.000597427581069617,"L3MBTL4"
"91156",115.989145621543,-2.14651324141119,0.545306299961031,-3.93634410892481,8.27323202562828e-05,0.000661601429741774,"IGFN1"
"91179",1497.91926885315,-2.40161141484988,0.402222768168606,-5.97084900435859,2.36022109207178e-09,6.2365585313486e-08,"SCARF2"
"9119",1373.34567418242,4.82381399465559,1.26951628298778,3.7997259738196,0.00014485617338417,0.00107217528692548,"KRT75"
"912",20.7545501545728,-1.58316108410992,0.540672816166093,-2.9281314628246,0.00341005828282899,0.0148587298250957,"CD1D"
"9123",416.87865464366,-3.0169199322504,0.322496721252148,-9.35488559553939,8.3690238077821e-21,1.17991771273553e-18,"SLC16A3"
"91252",2444.02857118921,-0.810370207743301,0.269804893730349,-3.003541546408,0.00266857110574266,0.0121866197233942,"SLC39A13"
"91272",979.9056861253,-0.572692286349238,0.146288293014297,-3.91481966566709,9.04718017129407e-05,0.000714061183458271,"BOD1"
"91283",376.338181820083,-0.781192561112919,0.197465168588607,-3.95610307729984,7.6182300084729e-05,0.000616438440497089,"MSANTD3"
"91298",578.497520288201,0.592564135694965,0.18820495867056,3.14850437459626,0.00164108267018643,0.00819728211528829,"C12orf29"
"913",271.405106088481,-0.905247927094237,0.312772622781806,-2.8942684274696,0.00380043120407808,0.0162041951969727,"CD1E"
"9130",1280.2284930198,-0.640095955400681,0.231027491603074,-2.77064842352365,0.00559447965336518,0.0224345936459904,"FAM50A"
"91316",462.222612638749,-0.804658439878692,0.270319356876071,-2.97669559878241,0.00291373150995586,0.0131009719093341,"GUSBP11"
"91319",83.3431683718214,-2.68808472280517,0.476284617513707,-5.64386214452498,1.66277230288524e-08,3.56526094610311e-07,"DERL3"
"9132",97.2036139781523,1.92075015116397,0.347916616609884,5.52071979165541,3.37613797349763e-08,6.61851657585479e-07,"KCNQ4"
"9135",783.355701960479,-0.594025605046292,0.230721793262875,-2.5746402047486,0.0100344408358221,0.0357908387046547,"RABEP1"
"91351",272.998411922104,-1.50539776414648,0.33587961403636,-4.48195633565162,7.39618788006817e-06,8.02123979574938e-05,"DDX60L"
"91368",417.224020686295,0.602340822630744,0.215929735077287,2.78952235279292,0.00527858525335336,0.0213886611919342,"CDKN2AIPNL"
"91369",1105.80384631663,0.43664213138716,0.168000278122879,2.59905600315608,0.00934805210045919,0.0338362955845526,"ANKRD40"
"91373",1002.3593082023,-0.854090746082062,0.216877218542881,-3.93813030165357,8.2118998850126e-05,0.000657463038635159,"UAP1L1"
"914",163.927456442658,-1.46572580617952,0.352958111460853,-4.15269052781662,3.28588974568881e-05,0.00029668123145228,"CD2"
"91404",737.943141618224,-0.63315572830061,0.205976175575715,-3.07392700408629,0.00211261116983528,0.0100221222216846,"SESTD1"
"91408",1337.58252572956,0.509922555170119,0.166425574852507,3.06396751594239,0.00218422625624599,0.0102766496484716,"BTF3L4"
"91419",180.616952516683,0.602143967964579,0.204086763007539,2.9504312729108,0.00317330635194202,0.0140348492239647,"ATP23"
"9144",5471.8148109229,0.801332311985728,0.28326517547134,2.82891220444711,0.00467065100109772,0.0193131137417829,"SYNGR2"
"91442",75.224621526678,-0.629214625511002,0.253855952895761,-2.47862860150998,0.0131888556838912,0.044783801616169,"FAAP24"
"9145",2327.16934958877,1.09616941905278,0.242966320400599,4.51161056909217,6.43372304366626e-06,7.09329165135652e-05,"SYNGR1"
"91452",714.123058715936,0.60944799421426,0.245015663544189,2.48738380803293,0.0128686482323305,0.0438920058350111,"ACBD5"
"9149",652.159009664925,0.641132281173893,0.259879897358286,2.4670329936678,0.0136237803771297,0.0459122290901831,"DYRK1B"
"915",127.134247090416,-1.35313209795389,0.363862254376329,-3.71880315058563,0.000200168963366371,0.00141834008328171,"CD3D"
"9150",1122.7340112535,0.810427452645454,0.301688792409083,2.68630281613688,0.00722475780230418,0.0274330224317707,"CTDP1"
"91526",175.222030923799,-1.14451173201859,0.34717164944316,-3.29667394746752,0.000978370088983653,0.00531786900228136,"ANKRD44"
"91543",126.97817968349,-2.14796154133532,0.385261323888267,-5.57533655249097,2.47051771518042e-08,5.09936258095742e-07,"RSAD2"
"91584",444.292384653944,0.832795359107218,0.248429522695009,3.35223990318421,0.000801605234032198,0.00451072775760491,"PLXNA4"
"916",287.451637295257,-0.985149964286984,0.30475620565322,-3.23258377028089,0.00122676161957177,0.00642535907818454,"CD3E"
"91607",593.287497265563,-1.74363993351016,0.281428671039827,-6.19567269769541,5.80366178863421e-10,1.74143694252546e-08,"SLFN11"
"91614",111.175017338297,-1.75456342422611,0.395617924237238,-4.43499476827032,9.20745248740392e-06,9.69939621293359e-05,"DEPDC7"
"9162",66.1533226519999,-2.93038172466138,0.546400715067837,-5.36306348775104,8.18222310975988e-08,1.47094218769692e-06,"DGKI"
"91663",4224.57925279579,1.28897117630552,0.227656537639669,5.66191153423271,1.49695997343437e-08,3.25036119126298e-07,"MYADM"
"9168",17765.4034452062,-1.3532075922811,0.327690512742092,-4.12952935670169,3.63506587707585e-05,0.00032419495673193,"TMSB10"
"91689",1302.63754590417,0.69220569441484,0.212558548973437,3.25654130477406,0.00112778520450153,0.00599079500631214,"SMDT1"
"91694",1692.99989595726,0.744117775560557,0.234926796291835,3.16744529490023,0.00153784640514839,0.00775668473500966,"LONRF1"
"9172",185.187644299886,1.35854800484904,0.384081801369297,3.53713193388923,0.000404497548966154,0.0025516940079434,"MYOM2"
"91748",2167.834370317,1.05329821345292,0.224842691049083,4.68460063584181,2.8050632142555e-06,3.44096669858375e-05,"MIDEAS"
"9175",626.904311924284,0.553983164479771,0.15098218762123,3.66919550715183,0.000243314953645704,0.00166835276676987,"MAP3K13"
"91768",983.564332980716,0.5580593373225,0.179592665025492,3.10736152416519,0.00188765397789726,0.00915538866188436,"CABLES1"
"91775",344.92878471978,-0.422785246984267,0.169248091293614,-2.49802076793181,0.0124888877000803,0.0428737932652522,"NXPE3"
"9180",1143.86750954081,-1.15217208268073,0.195651724237752,-5.88889306838224,3.88790894529379e-09,9.81947456808926e-08,"OSMR"
"9181",1456.8266667231,-0.816920064502527,0.220289306802561,-3.70839636458028,0.000208575992509587,0.00146479980546481,"ARHGEF2"
"9185",130.341928590746,0.627662952555323,0.211100952991598,2.97328336826743,0.00294632304876068,0.0132244033222176,"REPS2"
"91851",1778.75545542836,1.79703711122336,0.287323797443563,6.25439705033947,3.9905459377883e-10,1.23150521114594e-08,"CHRDL1"
"9189",2234.25580992133,0.55135038108934,0.212917419948013,2.58950339161521,0.00961144760351606,0.0345832634561675,"ZBED1"
"91894",107.749776908472,0.988432236887647,0.313703482240549,3.15084878825066,0.00162796749441816,0.00814141955906301,"C11orf52"
"919",88.1710469985936,-1.52154476925046,0.360536986342251,-4.22021824913709,2.44065918387689e-05,0.000226898649080995,"CD247"
"91937",15.083531852946,-2.00881023584538,0.684871287590064,-2.93312082466476,0.00335573271306695,0.0146564169668084,"TIMD4"
"91942",327.965080176066,-0.611821779322507,0.237655245867704,-2.57440889675581,0.0100411526578497,0.0358085735116387,"NDUFAF2"
"9196",86.5797309970996,-1.19593734818141,0.34185797900593,-3.49834557513915,0.000468154109036029,0.00287398872066735,"KCNAB3"
"91977",38.9577501924503,-1.86606277355097,0.563611553166624,-3.31090227492072,0.000929956793015156,0.00510187383460127,"MYOZ3"
"9202",823.729125770242,-0.864830210138331,0.255805716361675,-3.38080877330973,0.000722728215611164,0.0041392981608626,"ZMYM4"
"9204",458.664769541232,-0.679375322253972,0.276361611177155,-2.45828398293161,0.0139602733613856,0.0468174595187561,"ZMYM6"
"92126",511.307331923442,-1.6100761768824,0.265726955713595,-6.05913755553567,1.36853324526784e-09,3.76099977578014e-08,"DSEL"
"92181",923.885239596019,-0.651239327068661,0.209505528122074,-3.10845891708021,0.00188065790707338,0.00913006187716947,"UBTD2"
"9223",843.167719402476,0.445371460922076,0.178880394202482,2.48977235827165,0.0127824938086674,0.0436270689035997,"MAGI1"
"92270",116.067695935016,-1.30013801406037,0.375935043613808,-3.458411329687,0.000543371101964929,0.00326516170560676,"ATP6AP1L"
"92285",313.91009440834,-0.715934712999825,0.275562072625355,-2.59808872164053,0.00937442690776914,0.0339126895377012,"ZNF585B"
"9229",11.1274016757961,1.75904728632243,0.582579382481327,3.01941218522063,0.00253265702364638,0.0116544488263098,"DLGAP1"
"92293",234.616850226927,1.83367711382406,0.301125644433466,6.08940868279061,1.13328483621331e-09,3.18247408848768e-08,"TMEM132C"
"92304",17.7510613730925,3.32812673548182,0.737856680950351,4.51053276524546,6.46650118414146e-06,7.12561351040512e-05,"SCGB3A1"
"92312",134.634047570189,-0.945738708009018,0.328022317543193,-2.8831535460525,0.00393715475746084,0.0166925630334859,"MEX3A"
"92335",987.862964315412,-0.45849279660746,0.159355057337447,-2.87717756981234,0.00401249733646863,0.0169840109343759,"STRADA"
"92344",200.33476520339,-1.13521550162416,0.379080888002787,-2.99465242788978,0.00274757734033188,0.0124847973451195,"GORAB"
"92345",452.400042598164,0.557060871781882,0.15297111239262,3.64160829498391,0.000270940106533786,0.00181958602051924,"NAF1"
"92359",457.182491061057,1.48087530853955,0.312738628158511,4.73518515208481,2.18855210310461e-06,2.7756719957058e-05,"CRB3"
"9242",292.457556770026,-1.06402011407506,0.308804687043656,-3.44560869286494,0.000569774773405266,0.00339162635505321,"MSC"
"92421",950.856111759071,1.25541754827926,0.209278430084057,5.9987909302216,1.98792104040598e-09,5.32804253850477e-08,"CHMP4C"
"9244",574.390876076107,1.60515398436403,0.315895374125133,5.0812836016022,3.74892921543948e-07,5.79339031310858e-06,"CRLF1"
"9252",195.055210656847,0.770595754867062,0.23280951977539,3.30998386840245,0.000933013482476574,0.00511591622890192,"RPS6KA5"
"92521",441.165718874932,-0.879322024064291,0.274550544799737,-3.20276918301396,0.00136113026973036,0.00700963359322737,"SPECC1"
"9254",300.764774776357,1.37798939707508,0.198426535565467,6.94458225130094,3.79581870214879e-12,1.68754065151254e-10,"CACNA2D2"
"92558",1555.85292152994,0.955383137832468,0.264220652176805,3.61585337846024,0.000299359789966094,0.00198008416345183,"BICDL1"
"9256",360.3231806947,1.52300093505939,0.229521780490158,6.63553991175447,3.23316866571138e-11,1.21002806936369e-09,"TSPOAP1"
"9260",2823.7159093307,-1.54090152848344,0.322864607197399,-4.77259350865095,1.81868622515941e-06,2.36039326977814e-05,"PDLIM7"
"92609",1278.55515993913,0.657861231499106,0.198151597116211,3.31998954877606,0.000900208181269597,0.00496646614935765,"TIMM50"
"92610",396.362410911818,0.673133992513425,0.230455928344897,2.92087948159017,0.00349044822357936,0.0151257655229805,"TIFA"
"92659",106.802412831659,-1.43236656221543,0.408079828984616,-3.51001559126175,0.000448080419527121,0.00277420897633132,"MILIP"
"92689",1820.43290213061,-1.05733274961583,0.165722639352791,-6.38013462581283,1.76932375113893e-10,5.82716161495099e-09,"FAM114A1"
"92691",31.0423984392873,-1.83308583922423,0.389214968917773,-4.7097002572157,2.48081360092049e-06,3.09672936090645e-05,"TMEM169"
"92736",20.697829691387,2.19198783457522,0.58288372674239,3.76059192255334,0.000169511768844685,0.00122386189052928,"OTOP2"
"92737",725.62062007557,4.33850507532667,0.900209528585938,4.8194391833884,1.43962328467989e-06,1.91268795346714e-05,"DNER"
"92745",912.863912963937,-0.904850927208506,0.268041089329711,-3.3757918588947,0.000736035790585874,0.00420148660937871,"SLC38A5"
"9276",2948.64081782029,-0.774647696682262,0.219643759293578,-3.52683681600469,0.000420555876749339,0.00262886146986261,"COPB2"
"9278",1278.11496566754,0.849057808769343,0.219756572892255,3.86362873062108,0.000111714976838461,0.000858678522495478,"ZBTB22"
"928",8981.6920821573,1.17096264147512,0.170464753871586,6.86923610236297,6.45466021556696e-12,2.72259684174652e-10,"CD9"
"92815",47.7839032862692,1.49791556038504,0.4181201837078,3.58250000538565,0.00034032160970057,0.00220635590994536,"H2AC25"
"92840",425.035780512485,1.55216608605692,0.437594857166718,3.54703914051159,0.000389586706891415,0.00247507801686817,"REEP6"
"9289",4334.77675664961,1.23186289041978,0.216196985398853,5.69787265140247,1.21311609716507e-08,2.68503029505869e-07,"ADGRG1"
"92912",982.128398704712,-0.810349955178265,0.224956150969169,-3.60225738076984,0.00031546578619801,0.00207001622397057,"UBE2Q2"
"92935",168.145051364367,1.21303758939314,0.278192009710564,4.36043289185481,1.29805388171221e-05,0.000130400883851459,"MARS2"
"9294",559.796396908077,-0.666358134065782,0.212785210186405,-3.13159985828919,0.00173856650739579,0.00857576155960578,"S1PR2"
"92949",365.068379558611,-1.58185830944548,0.432236028218954,-3.6597095248251,0.000252501311728622,0.00172170519765818,"ADAMTSL1"
"930",10.4260631279628,-2.23518363560837,0.812967487968751,-2.7494133144157,0.00597020520569745,0.0236282837827488,"CD19"
"93058",177.927265412951,-0.57753226357673,0.198209479622825,-2.91374693418156,0.00357119274562181,0.0154204806955904,"COQ10A"
"93099",117132.797682874,0.942890318941003,0.279886720468579,3.36882835085008,0.000754884237867318,0.00429004338825535,"DMKN"
"931",30.2336895434048,-3.6738370032097,0.700479399240932,-5.24474667947526,1.56497195814216e-07,2.64260728354374e-06,"MS4A1"
"93109",346.395228241916,-1.10940489263847,0.249761087617467,-4.44186443621525,8.91827429554079e-06,9.47233013928853e-05,"TMEM44"
"9312",3.96949855500927,-4.30571879814388,1.29192779241746,-3.3327859524463,0.000859810635692038,0.00478462885241549,"KCNB2"
"9314",11078.0123153348,2.15902443065701,0.267131932989562,8.0822401369041,6.35877343587365e-16,4.92063881218133e-14,"KLF4"
"93145",4941.84396084322,0.936071157080354,0.285996879942556,3.27301177994798,0.00106408042723299,0.00570391445681351,"OLFM2"
"9315",4172.26486303404,-3.63459618573112,0.256752515836338,-14.1560294896893,1.71408997786868e-45,1.60376491383859e-42,"NREP"
"93166",130.472258368769,-2.63730324054594,0.297383798238465,-8.86834876737685,7.42385014893207e-19,8.08912894728461e-17,"PRDM6"
"93185",3127.09018039365,0.895507922117314,0.26327893430544,3.40136564469073,0.000670500786627342,0.00389215685051811,"IGSF8"
"93210",2180.95443752818,0.558509540792373,0.206968866361535,2.69851959191177,0.00696486381362532,0.0266526783304822,"PGAP3"
"9329",1197.6266428495,0.504976135773643,0.178447712330998,2.82982689538198,0.00465731950852746,0.0192748455064871,"GTF3C4"
"933",63.2087378283873,-2.19420869099906,0.486920477704479,-4.50629782781649,6.59684790156708e-06,7.24597210276717e-05,"CD22"
"9332",718.776336003684,-1.05765095817571,0.251798107566973,-4.20039280038831,2.66452304888989e-05,0.0002456759872373,"CD163"
"9333",1206.71808147465,0.838259632093373,0.227716696853736,3.68115137657997,0.000232183098573162,0.00160162764779825,"TGM5"
"93349",205.122978334172,-1.08404389307738,0.308439507453238,-3.51460778169519,0.000440403914840486,0.00273958119766593,"SP140L"
"9337",1662.18889454062,0.480862733395583,0.145683522402393,3.30073522019458,0.000964318420307813,0.00525536943701775,"CNOT8"
"9341",3659.04524788765,0.466873963230334,0.142599735189745,3.27401704224138,0.00106030216366124,0.00568563581895712,"VAMP3"
"9342",1152.06947170799,0.451960469620207,0.133739995212618,3.37939648421317,0.000726451587810932,0.00415484286843574,"SNAP29"
"93517",801.106190142956,0.561074543090823,0.210848781704095,2.66102814802237,0.00779024443012986,0.0292670909563411,"SDR42E1"
"9355",59.3090258294217,3.93203020586276,1.19119999556768,3.30089843896357,0.000963757623015133,0.00525509587076649,"LHX2"
"9358",1629.05858607152,-1.96831618406914,0.302289914373332,-6.51135248144019,7.44771478703838e-11,2.61610513952898e-09,"ITGBL1"
"9362",54.533974175431,4.50311084496436,1.13223670795632,3.97718146154478,6.97369477862555e-05,0.000571670781852761,"CPNE6"
"93624",926.326301373367,0.607603590879276,0.195814911427164,3.1029485264981,0.00191602962482452,0.00926245979271676,"TADA2B"
"9363",47.8258971978859,-1.8346594932128,0.444563550620912,-4.1268779022715,3.67721502796292e-05,0.000327528317332708,"RAB33A"
"93649",85.0019719573507,3.48312654588428,0.567083907028048,6.14217138366439,8.1400959054052e-10,2.35331087242782e-08,"MYOCD"
"93653",96.8961718190005,1.21053374071713,0.358836210859759,3.37349939633108,0.000742192092386321,0.00422842015767507,"ST7-AS1"
"93664",321.15966222962,-1.28402304799985,0.230766096030046,-5.56417545770096,2.63394829086255e-08,5.36803877416977e-07,"CADPS2"
"9367",769.232182199506,0.376367514931661,0.145164797254191,2.59269135527825,0.00952281888787583,0.0343408731583805,"RAB9A"
"9368",1752.11734093411,0.930754966765212,0.254750255134008,3.65359778060124,0.000258591246770969,0.00175324183910857,"NHERF1"
"9370",1528.12850968967,4.83944903767699,1.28760606175834,3.75848575228691,0.000170944770748792,0.0012333428535202,"ADIPOQ"
"9381",29.8312290232608,1.66257385482288,0.41181902260603,4.0371468134278,5.41052118582231e-05,0.000460587957357181,"OTOF"
"9388",108.013831859938,-1.3763306898883,0.564958497144643,-2.43616247360543,0.0148440154709964,0.049163188166531,"LIPG"
"939",133.708900715361,-1.36549574917585,0.333473883348526,-4.09476069149536,4.22604665999578e-05,0.000371083128672801,"CD27"
"9392",1292.10121757195,0.492721108740665,0.177536820927757,2.77531785330978,0.00551477808823746,0.0221928039429677,"TGFBRAP1"
"9394",1865.89483526694,0.793644487478559,0.255876386729128,3.10167146575629,0.0019243139235076,0.00929159695085162,"HS6ST1"
"9397",627.877310993395,0.613859729296166,0.144944873117686,4.23512550732134,2.2842408871841e-05,0.000214111176784142,"NMT2"
"93973",680.255564412899,-0.439154322126848,0.177745036502948,-2.47069808961762,0.013484961122319,0.0455338647870429,"ACTR8"
"9398",1631.24730078712,-1.22886673040415,0.185649070776258,-6.61929911777027,3.60905915827311e-11,1.32878743745449e-09,"CD101"
"940",60.211343896178,-2.41844812286151,0.421416505582932,-5.73885476914615,9.53189144897747e-09,2.15846483592687e-07,"CD28"
"94005",2236.5340187071,0.488089408852777,0.200571717646164,2.43349069639934,0.0149540197223731,0.0494718003801555,"PIGS"
"9402",120.361894737744,-0.924200297020784,0.307278066078236,-3.00770018770384,0.0026323268927664,0.012048880756216,"GRAP2"
"9403",2648.21918062392,-0.465789431953073,0.135864702711066,-3.4283329125125,0.000607300238615679,0.00358824890459269,"SELENOF"
"94031",2481.81865164857,-1.35547802168489,0.317841027234519,-4.26464145764528,2.00223460911831e-05,0.000191337034327258,"HTRA3"
"94032",18.4174759684229,-2.43099104873591,0.523373207666553,-4.64485192043824,3.40320466416245e-06,4.05156534454135e-05,"CAMK2N2"
"9404",355.450067629736,-0.917559611472622,0.234590494655691,-3.9113247653931,9.17912437784435e-05,0.000722812150702173,"LPXN"
"94059",427.40180298056,-0.997704073383026,0.264820831612265,-3.76746824375132,0.000164911510632833,0.0011977905909902,"LENG9"
"9407",32.3654962864565,-3.16523122623112,0.794908832333901,-3.98187955332916,6.83724281331051e-05,0.000562501223298096,"TMPRSS11D"
"94081",580.574256741478,-0.534410066585077,0.167680250561986,-3.18707817285569,0.00143717925482388,0.00733702821956715,"SFXN1"
"94097",651.594622144293,-0.859093981989474,0.187379004936599,-4.58479316975856,4.54436052039858e-06,5.20830272560603e-05,"SFXN5"
"94121",216.728331784113,-1.20423578739038,0.286597194184066,-4.20184081291796,2.64753285576979e-05,0.000244489978928512,"SYTL4"
"9413",510.771382275785,2.03643719901219,0.230243480691939,8.84471166302817,9.17649526262695e-19,9.94152518346911e-17,"ENTREP1"
"9414",1679.9205555017,0.828006200418529,0.195596107940601,4.23324476717083,2.30343570074432e-05,0.00021581210953173,"TJP2"
"9415",9186.57501146682,3.38124283817192,1.08854555729505,3.10620241432435,0.00189506945740243,0.00918053888236565,"FADS2"
"942",148.40301946521,-1.19051013025835,0.193528572273192,-6.15159878603239,7.67057244716807e-10,2.2300997634535e-08,"CD86"
"9420",458.951839433476,-0.740209904683913,0.268969081215762,-2.75202599993317,0.00592278183764801,0.0234722717436311,"CYP7B1"
"9423",1440.56044901803,0.971947406410045,0.351491537989838,2.76520855087597,0.00568864137387932,0.0227413078345177,"NTN1"
"94234",1152.20733829734,1.11566063849378,0.261089922944596,4.27308961568207,1.92782930145413e-05,0.000185238591444894,"FOXQ1"
"94235",18.319894181771,-1.76899093765558,0.498441656420988,-3.54904313246539,0.000386633743869339,0.00245946905775428,"GNG8"
"94240",254.389349151229,-1.59563742562167,0.249477959862621,-6.39590537977918,1.59598816918419e-10,5.30724078747777e-09,"EPSTI1"
"94241",954.133063175687,-1.04495053194458,0.217184659343675,-4.81134595372612,1.49917260206397e-06,1.98322421856585e-05,"TP53INP1"
"94274",158.191249072407,2.59309079346841,0.467283606660177,5.54928689239078,2.86837151682535e-08,5.74903206449202e-07,"PPP1R14A"
"9445",19343.8513936252,0.574692818078636,0.17218904305379,3.33756903393154,0.000845147242603383,0.00471705825427008,"ITM2B"
"9446",1371.45027959562,-0.660424765572211,0.264607391514283,-2.49586665660684,0.0125649824480479,0.0430675276386971,"GSTO1"
"9447",23.5720713742176,-3.23291241449242,0.518634483216735,-6.2335084131716,4.56102848120426e-10,1.39294080500161e-08,"AIM2"
"9448",3943.07243655442,-1.47767926150715,0.193899748522968,-7.62084155736858,2.52027145640086e-14,1.55787590566232e-12,"MAP4K4"
"9450",112.86315573476,-1.05549092231801,0.259125798534024,-4.07327610098775,4.63564149731687e-05,0.000401599514228832,"LY86"
"9452",1738.9188720263,1.48461648478397,0.219536461540038,6.76250530034715,1.35625715628636e-11,5.4313613433849e-10,"ITM2A"
"9454",1042.24361506299,-0.779304814716591,0.252065745389903,-3.09167282333877,0.00199032086069309,0.00954315504227967,"HOMER3"
"9455",1548.01535126316,1.19515040518731,0.22406727773504,5.33389086201414,9.61303143444351e-08,1.69268296874752e-06,"HOMER2"
"9457",118.260231824858,1.1805529489486,0.273576614124513,4.31525535443352,1.59418516048653e-05,0.000156484059816188,"FHL5"
"9462",924.048823336101,-0.799267462160998,0.292719144973357,-2.73049261001956,0.00632397509237791,0.0246866495925483,"RASAL2"
"9466",253.392126302036,-1.08596217232863,0.262756586260567,-4.13295890231926,3.58122781249939e-05,0.000320086814122828,"IL27RA"
"947",8769.52666248018,0.936617567948697,0.228020718952356,4.1075985210993,3.99794260362442e-05,0.00035364697272456,"CD34"
"9470",1931.52580661732,-0.462295500228143,0.122114008280416,-3.78576959955776,0.000153233601889991,0.00112648587903699,"EIF4E2"
"9472",58.5860081661063,1.06339766081872,0.290577377769796,3.65960237159678,0.00025260691432449,0.00172174196174016,"AKAP6"
"9473",316.376369222751,-1.22843724981836,0.249620104811594,-4.92122720141294,8.60032184486468e-07,1.20921465064682e-05,"THEMIS2"
"9486",277.839668322642,-1.24475369476357,0.211989533875149,-5.87176957281612,4.31167773078505e-09,1.07187891800096e-07,"CHST10"
"9498",24.6533578655988,-1.42955320788378,0.453959132814443,-3.14907907903708,0.00163785867931468,0.00818550341764414,"SLC4A8"
"950",4974.09491547593,-0.456500921893859,0.150781324045569,-3.02756939417706,0.00246529103361721,0.0113906959901182,"SCARB2"
"9500",5899.53641975288,-1.60654323222037,0.240328100947922,-6.68479144088313,2.31253745769874e-11,8.93082008053863e-10,"MAGED1"
"9507",448.181132258569,-3.94779659365885,0.389201146204397,-10.1433323929256,3.54785949668944e-24,6.46275574158013e-22,"ADAMTS4"
"9508",44.5908685760771,-1.29989912001449,0.340076119735846,-3.82237694615014,0.000132171439912466,0.000990756343466205,"ADAMTS3"
"9509",7950.5474099497,-3.68860285163271,0.369684935504289,-9.97769315809709,1.90852233091205e-23,3.41608901386902e-21,"ADAMTS2"
"951",393.03647241918,-0.744981031395348,0.281905114716678,-2.64266589183412,0.00822561590213386,0.0305679865913565,"CD37"
"9510",1288.29162415378,-1.81979137135737,0.326707975151203,-5.57008554968748,2.54614285458438e-08,5.23574470716932e-07,"ADAMTS1"
"9516",4040.46179260538,0.634358285424621,0.166430334238115,3.81155447610308,0.0001380956126737,0.00102895197272783,"LITAF"
"952",27.1328750893683,-1.51285973652457,0.572116409987552,-2.64432152288288,0.00818548617621871,0.0304738736573134,"CD38"
"9524",8749.08380179227,0.890322728835568,0.259702731516904,3.42823783036574,0.000607512992251531,0.00358824890459269,"TECR"
"9529",1713.2697095641,0.858704564134769,0.167976785600152,5.11204307825493,3.18693126195082e-07,5.01911194307541e-06,"BAG5"
"953",1163.43767645887,-0.639140606173693,0.179692298980292,-3.55686142255763,0.000375312007402504,0.00239738636097931,"ENTPD1"
"9532",466.729034093617,-1.10510460321975,0.274624608795994,-4.02405526607661,5.72044837384375e-05,0.000482778636027879,"BAG2"
"9535",350.092091369829,-1.21831426236261,0.355029953839856,-3.43158161497594,0.000600072538235984,0.00354939457673836,"GMFG"
"9538",4949.15753397939,0.541694027175451,0.160864271908228,3.36739799801216,0.000758810911972417,0.00430997897683229,"EI24"
"954",276.255263788248,1.40768106017529,0.33388833699332,4.21602345518121,2.48647910174957e-05,0.000230520317634294,"ENTPD2"
"9540",530.329866675241,-1.69319654413426,0.245171882671114,-6.90616120285538,4.97944126372372e-12,2.15329451622876e-10,"TP53I3"
"9542",162.498258302512,1.83620388706668,0.226298581038869,8.11407600806515,4.89494963559446e-16,3.8310890988242e-14,"NRG2"
"9543",32.3566072207954,-4.78867322723526,0.621185886026224,-7.70892149187225,1.26885435124437e-14,8.08609844149041e-13,"IGDCC3"
"9545",4277.83029003287,0.815151725657303,0.197136785987332,4.13495493281342,3.55024299456244e-05,0.000317593228161987,"RAB3D"
"9547",45634.4812471092,0.791711181374525,0.239210309826264,3.30968670183797,0.000934004519566532,0.00511998642630026,"CXCL14"
"9553",546.083118638681,-0.529495591050438,0.203976532808241,-2.59586523881264,0.00943530632856549,0.0340969707632009,"MRPL33"
"9554",1239.53344442381,-0.652569614709299,0.210810687093942,-3.09552434795917,0.00196465242139783,0.00945311020150842,"SEC22B"
"9560",21.3847454862628,-3.17963241693438,0.574825104156869,-5.53147799903092,3.17543696702264e-08,6.28492255088404e-07,"CCL4L2"
"9567",3505.082487017,0.829117046634484,0.211731036712818,3.91589754391586,9.0068494768286e-05,0.000711696697240076,"GTPBP1"
"9568",45.9740001410725,4.23023141634504,1.1685753112632,3.61999040675629,0.000294613938484016,0.00195434524967934,"GABBR2"
"95681",187.662634465794,-0.76398046166735,0.21401603381647,-3.5697346971793,0.000357342943823142,0.00229860848614236,"CEP41"
"9570",1600.70691770619,-0.75389072720759,0.163005629493189,-4.62493675556825,3.74712718073043e-06,4.39225430045794e-05,"GOSR2"
"9572",4091.67963812211,1.70837864695618,0.384220919478839,4.44634469480069,8.73437598269626e-06,9.30100337443455e-05,"NR1D1"
"9576",7.52137651914065,3.49302759557903,1.17223518933777,2.97980100525078,0.00288435691367112,0.0129876403847928,"SPAG6"
"9577",1676.15304298617,-1.20602957548198,0.203466187053599,-5.92742014261208,3.07730916310702e-09,7.9677146935088e-08,"BABAM2"
"9580",983.775820853865,1.11082838946891,0.208579152070511,5.32569232563278,1.00569240064878e-07,1.76030377338048e-06,"SOX13"
"9583",648.395170498309,-1.1457957174245,0.294852598540063,-3.88599497883961,0.000101911612753518,0.000791902090191928,"ENTPD4"
"9590",910.634325427415,-1.69458276137394,0.268075020759989,-6.32130049480113,2.5937108806002e-10,8.25176889741492e-09,"AKAP12"
"9597",36.9641663221781,-1.12996909978899,0.459173818642944,-2.46087440945247,0.0138598873399315,0.0465630685498858,"SMAD5-AS1"
"960",18147.2128162425,0.537842926256621,0.137588416331985,3.90907127645738,9.26516267456108e-05,0.00072875089221691,"CD44"
"9609",195.91079911248,0.760147648371149,0.282882454980537,2.68715021022936,0.0072064537033394,0.0273786716555072,"RAB36"
"962",210.325295510114,-0.729561526996375,0.271600041848655,-2.6861613202656,0.00722781823964883,0.0274395814542478,"CD48"
"9620",2036.83915786433,0.72047147414038,0.214136103109767,3.36454929214371,0.000766687879036016,0.00434752157082021,"CELSR1"
"9622",41.1823090701521,-3.68360123258619,0.564253310843627,-6.52827579705073,6.65311066727547e-11,2.3571020649776e-09,"KLK4"
"9628",63.5636108106379,2.06960679976646,0.319393617613032,6.47980011383301,9.18442102367592e-11,3.19344801269164e-09,"RGS6"
"963",460.119555765442,-1.15303684147714,0.243330403710335,-4.73856461788367,2.15237395770645e-06,2.74015369783672e-05,"CD53"
"9630",66.4917234718318,-0.727760601216252,0.295334957467632,-2.46418712995062,0.0137324395104133,0.0462103212166663,"GNA14"
"9636",413.827385329108,-1.59147577810342,0.387194363650547,-4.11027620107552,3.95186133818182e-05,0.00034972103948897,"ISG15"
"9643",4785.69623586638,-0.566751019755306,0.157785787693048,-3.59190157771273,0.000328273836826701,0.00213902774841431,"MORF4L2"
"9644",7921.20867221508,-1.54135128868445,0.243407599769391,-6.33238769103658,2.41395992134886e-10,7.72767511991367e-09,"SH3PXD2A"
"9645",1401.14050092295,-1.6227823262026,0.324552701583812,-5.00005798221196,5.73130762175289e-07,8.41463880785745e-06,"MICAL2"
"9651",2120.81479157559,0.968012206000089,0.305184175664463,3.17189514788073,0.00151447676403425,0.00765381529852222,"PLCH2"
"9659",795.206774209405,-0.831323438754388,0.203078379259076,-4.09360879177507,4.24710661024933e-05,0.000372327267740086,"PDE4DIP"
"9663",683.241149910501,-1.22118278147626,0.258545666930232,-4.72327692038169,2.32074500654308e-06,2.92889118422335e-05,"LPIN2"
"9666",246.707232872295,-0.76375237820395,0.286807143182037,-2.66294754632103,0.00774594875868856,0.029116619658299,"DZIP3"
"967",18715.4180196336,-0.727368957306213,0.236489370766488,-3.07569407854878,0.00210013200516923,0.00997520875503501,"CD63"
"9671",66.9768385310649,2.03123811664656,0.438479654218053,4.63245693866662,3.61351511518252e-06,4.25761849633182e-05,"WSCD2"
"9674",901.504320908375,0.734688677016145,0.230032351742857,3.19384934966636,0.00140389358879441,0.00719386249234356,"KIAA0040"
"9677",849.949995255453,0.752631160674101,0.194913413729291,3.86136154651421,0.00011275690306352,0.00086571730423704,"PPIP5K1"
"9678",400.852173125744,-0.766062486199506,0.298501266251275,-2.56636260147266,0.0102771332049475,0.0364480547709578,"PHF14"
"9679",2051.12653914656,1.05446579338056,0.277632935992587,3.79805727879747,0.000145834627473753,0.00107786713533922,"FAM53B"
"9684",926.150506609584,0.562084047731254,0.214644472382271,2.61867469258752,0.00882720814344323,0.032313871182915,"LRRC14"
"9686",2080.7288098186,-0.468333997828414,0.181436061912202,-2.58126192165173,0.00984398638053102,0.0352517420306068,"VGLL4"
"9697",1901.61389091392,-1.2577988184457,0.229477174770738,-5.48115000850226,4.22569991139013e-08,8.12155060467362e-07,"TRAM2"
"971",94.2699665618418,-0.915163147252905,0.236614920599531,-3.86773219936461,0.000109852208693404,0.000846573516939357,"CD72"
"9712",618.477978235663,1.23468426317734,0.191795793910136,6.43749395127945,1.21462162110722e-10,4.09865105719196e-09,"USP6NL"
"9717",102.098727944466,0.923080386639351,0.309155104463253,2.98581641807913,0.00282822374341463,0.0127835216369009,"SEC14L5"
"9721",2456.40468930161,2.06796140245725,0.285259800945847,7.24939649961343,4.18632716623119e-13,2.12768786147414e-11,"GPRIN2"
"9723",65.0345778484593,2.59825578255169,0.559967944541475,4.64000807167497,3.48395569816536e-06,4.13335700812886e-05,"SEMA3E"
"9725",1441.94236335482,0.564782896197949,0.195708644323803,2.8858352074807,0.00390376501458431,0.0165885836210164,"TMEM63A"
"973",109.978106576468,-3.02516850660703,0.57232788751923,-5.28572619398245,1.25207053412095e-07,2.15130382924421e-06,"CD79A"
"9732",198.483680291733,-0.7991287973849,0.278475864604122,-2.86965191227948,0.0041092388971311,0.0173080772372717,"DOCK4"
"9739",1684.8953884353,0.824519426981483,0.271863350118777,3.03284509155519,0.00242259925673303,0.0112153547031368,"SETD1A"
"9745",46.3436370388808,-2.01873762075002,0.549596984450252,-3.67312353936824,0.00023960357126139,0.00164619489681056,"ZNF536"
"9757",2806.24109197225,0.443946443192223,0.182495273825332,2.43264624823725,0.0149889369749223,0.0495554575476713,"KMT2B"
"976",1228.44738359372,0.727366217210221,0.279343698602617,2.60383971734026,0.00921858572329822,0.0334783642428318,"ADGRE5"
"9760",102.203985583859,-1.1997567648202,0.379498211463746,-3.16142929947594,0.00156996925598966,0.00788970878058866,"TOX"
"9761",4026.76103892989,-0.538938000034721,0.201515026486839,-2.67443083243184,0.00748562159447564,0.0282826789465284,"MLEC"
"9762",310.975540180243,1.31519845533854,0.307722080025709,4.27398142905008,1.92013035606554e-05,0.000184950693726032,"LZTS3"
"9765",592.896907796879,-0.699653154686027,0.257448469817529,-2.71764347708852,0.00657486420861621,0.025458428305146,"ZFYVE16"
"9770",1103.51000002907,-1.16075916696504,0.250492326628208,-4.6339110765971,3.58821175446449e-06,4.23750721479616e-05,"RASSF2"
"978",411.473158324278,2.12597500472602,0.357021696123322,5.95475016731664,2.60469416980653e-09,6.83865112133899e-08,"CDA"
"9780",3531.14791813282,0.627082782252187,0.22728554013818,2.75900869835779,0.0057976991743156,0.0230876068493156,"PIEZO1"
"9781",1295.62096467708,-2.4923138957287,0.239377699310123,-10.4116377712354,2.19413959441393e-25,4.60858871545065e-23,"RNF144A"
"9783",672.002456213483,0.813469086688886,0.276931335604743,2.93743965417452,0.00330934571425353,0.0144904429232492,"RIMS3"
"9796",1733.03907031576,0.809074212154526,0.296000233968936,2.73335666430397,0.00626924037326223,0.0245283930322791,"PHYHIP"
"98",177.081761109198,0.649205123278505,0.224668191357961,2.88961743696123,0.00385710907272914,0.0164140444806815,"ACYP2"
"9802",7228.28307778925,0.496790177664444,0.14786826770731,3.35968078457367,0.000780325780283601,0.00440718699938679,"DAZAP2"
"9804",5489.10570370113,0.596292258310356,0.18161457870433,3.28328409847055,0.00102605205280393,0.00553465813808073,"TOMM20"
"9805",1317.63632219637,-0.544296878302984,0.21587335228382,-2.52137131584155,0.011689842404895,0.040561222374119,"SCRN1"
"9807",2485.29986035383,0.577755808249524,0.202932561686324,2.84703353394104,0.00441287136210329,0.0184024603155458,"IP6K1"
"9815",1316.5976513414,-0.581416484846954,0.165146179466135,-3.52061722969607,0.000430543629889863,0.00268473495233352,"GIT2"
"9823",750.403875089375,-1.95342440787094,0.234581639246365,-8.32726898041408,8.27286318682954e-17,7.03671966271484e-15,"ARMCX2"
"9825",435.593133085776,0.537179089931415,0.215114422954409,2.49717839721637,0.0125185960206892,0.0429471300816444,"SPATA2"
"9827",1660.24640442467,0.548519106589719,0.224105517408448,2.44759304872447,0.0143813985918679,0.0479162687949188,"RGP1"
"9828",1875.92816083206,-0.670054175823032,0.207218084774126,-3.23356996834234,0.00122253385570282,0.00641137245497753,"ARHGEF17"
"9834",29.1962880036994,-3.40121027056525,0.573922958863268,-5.92624884235649,3.09932819897207e-09,8.01464467935189e-08,"FAM30A"
"9839",1135.67044264956,-0.794794246410556,0.254835837738385,-3.11884801393787,0.00181559588804255,0.00887490519103963,"ZEB2"
"9840",108.317195827152,-1.16058205070949,0.340838408736071,-3.40508000554653,0.00066144672161188,0.00384936932927875,"TESPA1"
"9843",1122.86740897869,-1.81738575475192,0.2553258465149,-7.11790748785736,1.0957787637829e-12,5.19712213679889e-11,"HEPH"
"9846",1521.00479236994,0.808637562935161,0.227296842958304,3.55762778052971,0.000374219075677019,0.00239221287383098,"GAB2"
"9851",244.955383738019,-0.694124828277786,0.251849133430016,-2.75611362574202,0.0058492673455352,0.0232390115885923,"KIAA0753"
"9854",883.373956823368,0.441738243944813,0.180931155675446,2.44147141102223,0.0146275464595004,0.048586964066864,"C2CD2L"
"9859",305.056852784166,-1.38492009704363,0.306010080289031,-4.52573358281386,6.01863628234482e-06,6.67138444996154e-05,"CEP170"
"987",1553.38140089252,0.582631088681736,0.222832917793623,2.61465448844205,0.00893177574404141,0.0326151626601647,"LRBA"
"9871",1524.69291884481,-2.02986406349053,0.299695219312832,-6.77309457302916,1.26056489074965e-11,5.05798590861421e-10,"SEC24D"
"9881",535.600485253289,-1.7906008727872,0.261355381296268,-6.85121103650592,7.32273935061512e-12,3.06988323407457e-10,"TRANK1"
"9886",617.511083916943,-2.34114309311952,0.282441311025909,-8.28895420650687,1.14248517115586e-16,9.63807982093127e-15,"RHOBTB1"
"9890",233.162923257936,-1.63861963044802,0.347859501138484,-4.71057891213291,2.47014132451159e-06,3.08662650227447e-05,"PLPPR4"
"9901",348.693503136856,-0.845646358027023,0.204561392497088,-4.13394897103597,3.56582680208572e-05,0.000318848735421948,"SRGAP3"
"9902",15099.0111505735,-1.41916168733691,0.306767330378976,-4.62618260420265,3.72466941919073e-06,4.37107156924869e-05,"MRC2"
"9903",3310.78389143296,0.995389409302718,0.214635410649313,4.63758243009146,3.52508042659923e-06,4.17733192291989e-05,"KLHL21"
"991",297.405929164091,0.680305222210861,0.26835821260823,2.5350639192251,0.0112426809732503,0.0392835418695269,"CDC20"
"9911",216.959817632859,0.903896616865465,0.249117337563734,3.62839706664018,0.00028518641186899,0.00189915144028188,"TMCC2"
"9912",207.672323325147,1.12793478184894,0.226450471803679,4.98093367995631,6.32782246944782e-07,9.21811024140934e-06,"ARHGAP44"
"9913",859.860513493633,-0.714792147644137,0.196775255285464,-3.63253065842644,0.000280655218324995,0.00187443446268712,"SUPT7L"
"9914",1256.78820401405,0.971138709354333,0.240748828951087,4.0338252675432,5.48761304211852e-05,0.000466379136494499,"ATP2C2"
"9915",256.432196003453,-0.917749283323343,0.280628651405061,-3.27033351273409,0.00107420753633468,0.00574473575679734,"ARNT2"
"9920",347.317480341143,-1.91101338481125,0.314305421316218,-6.08011588476105,1.20095719262672e-09,3.36309112596651e-08,"KBTBD11"
"9926",773.201510849495,-0.893405223996887,0.197480605479,-4.52401501316995,6.06774174272759e-06,6.71173016626339e-05,"LPGAT1"
"9927",5476.11047906018,0.591344279710427,0.17399804440713,3.39856853980937,0.000677394874166296,0.00391967041375057,"MFN2"
"9933",417.474432802175,-1.17970986343361,0.345190715214114,-3.41755966032246,0.000631852440096036,0.00370437215236024,"PUM3"
"9938",259.433224978565,-0.695862104379203,0.244402061796787,-2.8472022668851,0.00441053291813179,0.0183964355799037,"ARHGAP25"
"994",1675.25196780061,-1.25838261409241,0.190974569202155,-6.58926798133191,4.42000368285397e-11,1.60744444890223e-09,"CDC25B"
"9941",199.124449920771,-1.37333989997336,0.300491951506034,-4.57030510497977,4.87014656269611e-06,5.52713996932819e-05,"EXOG"
"9945",820.338078388772,-1.5301812522645,0.311707800321026,-4.90902457586422,9.15305086461786e-07,1.27301620944118e-05,"GFPT2"
"9950",1053.77984968508,-0.633200487782734,0.218080015083743,-2.90352367932285,0.00368989066261002,0.0158267783703198,"GOLGA5"
"9951",39.8542921630045,2.80256281809535,0.601388039570971,4.66015722576507,3.15967936655577e-06,3.8078946183363e-05,"HS3ST4"
"9953",138.276073385794,-1.23585138917968,0.302333576919447,-4.08770802691545,4.35655967303141e-05,0.000380787364372308,"HS3ST3B1"
"9955",42.5435375788977,-3.034237953543,0.524087158399042,-5.78956745059706,7.0567914802503e-09,1.66579123657652e-07,"HS3ST3A1"
"9956",108.091359321492,-1.05378783037977,0.384808845621677,-2.73847091190777,0.00617256205521409,0.0242468660803704,"HS3ST2"
"996",980.641039187081,-0.54030427229561,0.195550775713916,-2.76298710819769,0.00572750286154658,0.0228700133660669,"CDC27"
"9963",87.6082211303713,0.972610513966008,0.31667613655319,3.07130977582406,0.00213121914559236,0.010094112952801,"SLC23A1"
"9975",1001.42019859096,0.595360910985689,0.212128627868933,2.80660331878233,0.00500668538423807,0.0204723106772261,"NR1D2"
"9980",634.312626886817,0.557175217183415,0.21700892265978,2.56752215694345,0.0102428243196494,0.0363827947878624,"DOP1B"
"9982",878.675236996962,1.05729051980252,0.248233075619969,4.25926527785191,2.05099944978875e-05,0.000194731423775146,"FGFBP1"
"9985",388.586341594132,-0.904111425325495,0.229275721221351,-3.9433369591394,8.03556272514107e-05,0.00064484999272633,"REC8"
"9989",2155.76668592137,-0.446657228266334,0.145810826737781,-3.0632651789951,0.00218935956035779,0.0102936905414356,"PPP4R1"
"999",7970.53261003756,0.660928323104824,0.213539016299625,3.09511739146279,0.00196735014782587,0.00945807861886519,"CDH1"
"9993",6571.22544379266,0.888593971252584,0.256650745278251,3.4622692028001,0.000535641097987172,0.00322481320882362,"DGCR2"
