"","baseMean","log2FoldChange","lfcSE","stat","pvalue","padj"
"Il1r2",85.1239596042036,1.36653164655633,0.348899770156407,3.91668829688175,8.977370136192e-05,0.208509178886348
"AW112010",44.1351836235484,1.50384308186138,0.385329155039551,3.90274927861874,9.51062060677368e-05,0.208509178886348
"Gm26802",21.6194233289404,2.03395200396048,0.580305377224444,3.50496839041665,0.000456661498771777,0.379485705479346
"Agt",10.8481026207363,2.84231326259962,0.827561191568509,3.43456567509222,0.000593504235718128,0.410785530800543
"Aldh3a1",21.8051417122305,1.93623786855149,0.565134979737054,3.42615116383768,0.000612199570095833,0.410785530800543
"Inmt",23.5495421725141,1.93666583471209,0.573886966504486,3.37464683421584,0.000739104747896659,0.410785530800543
"Sfrp2",175.387599988766,1.34079514990317,0.403524845330504,3.32270779709984,0.000891482450806244,0.410785530800543
"Klf2",362.615563394067,1.11211931552599,0.337379675436891,3.29634354554953,0.000979521552298295,0.410785530800543
"Pcolce2",144.734549191928,0.919778438562172,0.280280012162705,3.2816412111051,0.00103204833574883,0.410785530800543
"Osr2",86.9228865192336,0.996910055786676,0.306267980482364,3.25502540035876,0.00113382224833599,0.410785530800543
"Tmem100",27.9186713785144,1.65819661789334,0.510108704454906,3.25067304951258,0.00115132177043585,0.410785530800543
"Slc1a5",47.8689156675893,1.27374700114862,0.391903696768394,3.25015306477544,0.00115342908768704,0.410785530800543
"Klf4",803.336797184783,0.886413654506077,0.277990383765164,3.18864862338147,0.00142939509495617,0.462898863814586
"Cd34",270.520321476006,1.06448331953706,0.335005084438645,3.17751392138055,0.00148543558384143,0.462898863814586
"CR974586.5",29.4541499996864,1.84280409108085,0.582458252152172,3.16383892626077,0.00155702941872624,0.465800920906143
"Clec3b",522.604407488471,1.32127574143518,0.425686022530923,3.10387391528505,0.00191004710226469,0.504223556806941
"Tnfaip6",877.39994679571,1.20327117414733,0.388214350316623,3.09950204871602,0.00193846237216148,0.504223556806941
"Ccl19",88.7981772516865,1.08425754633956,0.350103419655696,3.09696359837289,0.00195513880831679,0.504223556806941
"Atf3",576.982264662005,0.976768988093042,0.318399786177211,3.06774385693024,0.00215681403566843,0.537693739092139
"Dapk1",101.799555961361,0.994756858161187,0.332208355162498,2.99437639873508,0.00275006453859132,0.588021717814048
"Lpl",174.781953129581,1.67349703201838,0.560450971294106,2.98598292755957,0.00282668423604434,0.588021717814048
"Mbd1",46.3739725044865,1.1821623092431,0.398705885381936,2.96499839251346,0.00302684511166183,0.611831745678888
"Tmeff2",28.30333414738,1.54387942225906,0.523084329494973,2.9514923984621,0.00316242330125925,0.618863488384081
"Man1a",150.075130240457,1.00180270383597,0.342784238410081,2.92254599710472,0.00347182336704841,0.618863488384081
"Sfrp4",42.313336438737,1.68576054665343,0.576971230549943,2.9217410806543,0.00348080773258121,0.618863488384081
"Procr",40.4850816539797,1.57752408045915,0.541654253828179,2.91241888955895,0.00358641328974913,0.618863488384081
"Osr1",21.2226191287384,1.41533095006401,0.492691411040351,2.87265196500066,0.00407042261591412,0.647716824349398
"Scara3",50.461415840242,1.05563511244007,0.372150908113542,2.83657809083727,0.00455998255744218,0.677605680029036
"Ugdh",287.116763235278,1.26186283145838,0.445517237960133,2.83235467439152,0.00462065646229186,0.677605680029036
"Slc10a6",16.2062190668474,1.55502383856402,0.557886693367038,2.78734706715967,0.00531415306913309,0.749897184982008
"C3",647.82843837133,1.14832142264153,0.418326614824634,2.74503553431071,0.00605043459566699,0.837985191499877
"Rnase4",461.19653824423,0.838297207428948,0.308050837273491,2.72129501366912,0.00650267005619587,0.868454809826587
"Mt2",900.753042921026,1.07661649585773,0.399833939340116,2.69265910151242,0.00708847057120717,0.930081954422078
"Gsn",3395.76633950173,1.21097904325729,0.460116433870436,2.63189695936461,0.00849096104615986,0.999550560551813
"Cd55",60.838888908445,1.20943056510097,0.460587149700365,2.62584521927666,0.00864341112532551,0.999550560551813
"Efemp1",213.272449807994,0.997810644783752,0.381494150364739,2.61553327575211,0.008908824004527,0.999550560551813
"Mmp19",40.7564779127243,1.16271689087009,0.445996342655462,2.607009922878,0.00913367133709353,0.999550560551813
"Gfpt2",158.153753803081,1.17257620820173,0.453088588116186,2.5879623520799,0.00965455319671286,0.999550560551813
"Metrnl",102.416971125701,0.869443907354031,0.336004832936264,2.58759345738028,0.00966489736255456,0.999550560551813
"Ntrk2",35.3370072568418,1.13729565239125,0.440437155827039,2.58219734040301,0.00981734304084506,0.999550560551813
"Amy1",14.9063930840564,1.4757921332819,0.576353872194679,2.56056600723837,0.0104501809692393,0.999550560551813
"Ccl7",402.607287976893,1.09727379813995,0.431978793309913,2.54011033674224,0.0110817502356887,0.999550560551813
"Gja1",181.068287254999,0.661915594124955,0.26084239680916,2.53760739136756,0.0111613118202492,0.999550560551813
"Fosb",1196.65383635388,0.853463832144339,0.336912274815285,2.53319304739567,0.0113028685324566,0.999550560551813
"Opcml",24.627731803398,1.13798979699864,0.449595887984802,2.53113924617812,0.0113692703553047,0.999550560551813
"Slco2b1",32.0631551935328,1.12377560900814,0.460882050055555,2.43831498508714,0.0147559100679547,0.999550560551813
"Lgi2",29.2330706117799,1.02355709859094,0.422430648249561,2.42301808079572,0.0153921605690952,0.999550560551813
"Il33",37.9742687994061,1.18954728928602,0.491027048450047,2.42256978111672,0.0154111656319044,0.999550560551813
"Parp14",18.8651541615064,1.42513346919928,0.59583625536422,2.39182066611259,0.016765031775981,0.999550560551813
"Fbn1",282.731052754607,0.811953782583933,0.340330749303064,2.38577849414626,0.0170430128167835,0.999550560551813
"Anxa1",356.469959361149,0.674419126198493,0.284112663108057,2.37377355454935,0.0176073450613336,0.999550560551813
"Tac1",14.8678253194209,1.6552068045958,0.698259212766886,2.37047614171385,0.0177651904571873,0.999550560551813
"Ghr",50.1697489524043,0.89984592278968,0.382743600616926,2.3510410659754,0.0187209675954985,0.999550560551813
"Sned1",64.5385648643728,0.98465851687737,0.419540615640609,2.34699211511111,0.0189256552831916,0.999550560551813
"Adamts5",130.694078364736,0.968547523645834,0.413771995449217,2.34077592079261,0.0192437130078245,0.999550560551813
"Cpeb2",35.5146657141404,0.955493585715683,0.408958362738393,2.33640798862182,0.0194699879964224,0.999550560551813
"Ppl",10.4574837241764,1.49845294874809,0.642339146965311,2.33280651790791,0.0196583024350715,0.999550560551813
"Ackr1",23.502899754341,1.1915463523967,0.511794289553582,2.32817437927265,0.0199028460536679,0.999550560551813
"Mafk",44.1396293770992,0.838498207683003,0.360174120290252,2.3280356928679,0.0199102084644042,0.999550560551813
"Uap1",142.405470472099,0.837846078013925,0.361413976418775,2.31824481807837,0.0204360195384219,0.999550560551813
"Rora",86.9846365014307,0.719726097998422,0.311166108687457,2.31299642828819,0.0207228355170105,0.999550560551813
"Zc3hav1",44.0215559011602,0.834252215973486,0.362161529148878,2.30353626442343,0.0212486892013256,0.999550560551813
"Il6ra",26.2554785467364,1.14838656674316,0.49918744045795,2.30051173901658,0.0214192449988982,0.999550560551813
"Irx5",18.8499729762883,1.1964732219987,0.520693496759846,2.29784552609947,0.0215705825963757,0.999550560551813
"Creb3l1",96.4972144518251,0.854423657334093,0.37209798351558,2.29623296869685,0.0216625644307601,0.999550560551813
"Glul",109.649441648499,0.853575674834951,0.374232332762114,2.28087099940009,0.0225560814919747,0.999550560551813
"Nfatc1",31.4758468610606,1.10105541432078,0.483164043646676,2.27884386017339,0.0226763486092432,0.999550560551813
"Mt1",2123.71714452531,0.891284036182708,0.39167023957343,2.27559805706303,0.0228700777356444,0.999550560551813
"Ly6c1",252.591618540382,0.822933415102078,0.361696534819889,2.27520403398906,0.0228936929973706,0.999550560551813
"Rbp4",22.8297064360002,1.06112933837182,0.466792223167886,2.27323696862486,0.0230119036144503,0.999550560551813
"Zc3h12a",24.8706334837562,1.08667881844427,0.478885566449728,2.26918264941766,0.0232572209353503,0.999550560551813
"Txnip",133.882317755092,0.767964114568528,0.339409543708389,2.26264737926268,0.0236574349911802,0.999550560551813
"Rreb1",10.2116432947566,1.47425775065385,0.653828819557525,2.25480692584267,0.0241454503725886,0.999550560551813
"Htra3",251.76568757041,0.747032698505731,0.332013215332814,2.25000892737627,0.0244483786121517,0.999550560551813
"Serping1",686.363394168594,0.781579959653492,0.34940813680226,2.23686822753017,0.0252949536903006,0.999550560551813
"Xdh",52.6175537457354,0.868454013959815,0.388683082154303,2.23434992113973,0.0254600580281158,0.999550560551813
"Pi16",468.937366409729,1.06152960035159,0.475918433896555,2.2304864126829,0.0257151684976707,0.999550560551813
"Ccl8",173.286263073171,0.84015917705296,0.377503084962952,2.22556903643691,0.026043062126843,0.999550560551813
"Steap4",58.2038772436362,0.973059287711183,0.437324340407258,2.22502888086454,0.0260792993974068,0.999550560551813
"Adamts1",227.284334407706,0.81483900462085,0.366353689797566,2.22418670075659,0.0261358854621466,0.999550560551813
"Scara5",88.7233667282033,1.0211597990658,0.459212163204889,2.22372114871483,0.0261672114188439,0.999550560551813
"Zfp36l1",429.756248285144,0.687656356300193,0.309866637700677,2.21920101306437,0.0264730521909037,0.999550560551813
"Sod3",63.3060741587938,1.01246882600972,0.458003818291924,2.21061219486251,0.0270627035511571,0.999550560551813
"Gem",319.257618967015,0.695009552902248,0.314511930991793,2.20980345868146,0.0271188055921573,0.999550560551813
"Pnp",312.441992982337,0.725314145768548,0.328881750510025,2.20539493189799,0.0274263933784841,0.999550560551813
"Gpx3",520.793155987572,0.818345592589775,0.373050812479249,2.19365717809634,0.0282600645052849,0.999550560551813
"Timp2",772.591469811268,0.558222920176412,0.255843455912265,2.18189250995671,0.029117466767129,0.999550560551813
"Ablim1",42.3544005448465,0.843921274418902,0.38815398453129,2.1741919651758,0.0296907215466706,0.999550560551813
"Ube2o",17.2273757229031,1.10174243859929,0.509767661023846,2.16126389105674,0.0306749605289957,0.999550560551813
"Rarres2",486.304489615901,0.722231643332551,0.334572953060523,2.15866715084378,0.0308759990073822,0.999550560551813
"Tgfbi",142.77873554837,0.64786916495473,0.300184838286157,2.15823413551998,0.0309096326624178,0.999550560551813
"Zbp1",21.8562999338596,0.994175224759114,0.462078523712933,2.1515287418481,0.0314344897298299,0.999550560551813
"Gas6",533.922355824105,1.0274565375401,0.477720973013318,2.15074613756063,0.0314962425586883,0.999550560551813
"Pcsk6",18.6735206518898,1.28162843292929,0.596164274599737,2.14979073308238,0.0315717715370109,0.999550560551813
"Sgsm2",17.1275564285119,1.07491813919107,0.502132495501708,2.14070618575892,0.0322977393726133,0.999550560551813
"Chpf",36.8996677779602,0.8422729431271,0.396477990671104,2.12438764053817,0.0336377426332848,0.999550560551813
"Plekho2",19.8456279031297,1.0838175189254,0.510470671882851,2.12317294336966,0.0337393623501149,0.999550560551813
"Brd2",158.385543097177,0.649231144966223,0.306102208924774,2.12096197295255,0.0339250026655036,0.999550560551813
"Adnp2",8.30509181284683,1.44780419165419,0.682770350962598,2.1204848593865,0.0339651770392399,0.999550560551813
"Arhgap20",13.8863571672943,1.17426323348251,0.55475414020889,2.11672730020608,0.0342829984775781,0.999550560551813
"Nova1",26.964546752766,0.948251872370362,0.448106107472187,2.11613244398642,0.0343335448269963,0.999550560551813
"Flt3l",24.5279166514977,0.948752652621817,0.449123409593426,2.11245424388073,0.0346475066015082,0.999550560551813
"Serpina3c",23.9288328353265,0.986229981077379,0.467923259504426,2.10767462622373,0.0350591435663936,0.999550560551813
"Gngt2",16.9886973447851,1.13954168534992,0.541164045287071,2.10572320033832,0.0352284033380053,0.999550560551813
"Socs3",552.550097417909,0.767771076306838,0.365486618835994,2.10068176709737,0.0356689109047632,0.999550560551813
"Ism1",16.8438267316106,1.08962600304881,0.519465041278883,2.09759255476795,0.0359411533520142,0.999550560551813
"Klhl21",23.1881606898858,1.14480988505434,0.545867787005593,2.09722924178087,0.0359732871095465,0.999550560551813
"Gpsm3",8.01343911347535,1.44780242204001,0.690789262981833,2.0958670026087,0.0360939905908743,0.999550560551813
"Lrrn4cl",37.0306567624702,0.943867096833129,0.451320754354491,2.0913443215859,0.0364972094302057,0.999550560551813
"Trim12a",11.9061304157949,1.2589369454782,0.602948857327202,2.08796638417877,0.0368008671267245,0.999550560551813
"Cgref1",9.83087760901376,1.38723229821946,0.665221933461518,2.08536764715638,0.0370359412351499,0.999550560551813
"Adh1",14.4000115778456,1.20208250005834,0.581414851284296,2.06751254702739,0.0386858831537601,0.999550560551813
"Ppp1r15a",275.276692408355,0.627264001160642,0.304305031188965,2.06130013266566,0.0392744155711937,0.999550560551813
"Dpt",516.134518581662,0.890810321821691,0.435639597138148,2.04483322377879,0.0408713030741364,0.999550560551813
"Irs2",111.638535843127,0.68059675445366,0.33416261548927,2.03672320872026,0.041677787398178,0.999550560551813
"Crispld2",84.5690391220509,0.757551338853928,0.37458457723115,2.02237728112991,0.0431373902883127,0.999550560551813
"Cd248",123.368886701741,0.699082734664341,0.345870540073361,2.02122659685344,0.0432563136593543,0.999550560551813
"Icosl",11.0038978633105,1.26256244485827,0.627515182951058,2.01200302265315,0.0442196183618463,0.999550560551813
"Trim30a",14.3890175793465,1.29350838889532,0.644827673677101,2.00597530425322,0.0448588829006527,0.999550560551813
"Antxr2",53.0341443015473,0.688428709694182,0.343966713547699,2.00143991432681,0.0453450028875019,0.999550560551813
"Mndal",67.3183014445691,0.920215513881012,0.459938844742358,2.00073449851031,0.0454210095609827,0.999550560551813
"Slc25a24",12.0902653499282,1.17183854904174,0.587584568602195,1.9943317296937,0.046115813905564,0.999550560551813
"Fam102b",81.5709144177674,0.594686025486596,0.29828203446038,1.99370379970232,0.0461844338998977,0.999550560551813
"Cfb",49.3956656167715,0.941515485402507,0.47288671303135,1.99099585473041,0.0464813429760109,0.999550560551813
"Tnfaip2",64.1925856185543,0.796867436966368,0.400545268188524,1.98945662389227,0.0466508249906248,0.999550560551813
"Egr1",1179.23920843688,0.464444426912668,0.23366462366273,1.98765401297136,0.0468499682226311,0.999550560551813
"Phkg1",10.0959871429858,1.2545430995539,0.634933422121157,1.97586558817895,0.048170002553024,0.999550560551813
"Ifi203",111.590485743785,1.10116340129051,0.560254879781327,1.96546864834145,0.0493600208774172,0.999550560551813
"Ifi207",76.9799437455109,0.796643071723252,0.405322205480666,1.96545627392539,0.0493614517986054,0.999550560551813
"C4b",203.607438539657,1.02264838675626,0.521487144684171,1.96102319526132,0.0498763171621797,0.999550560551813
"Apopt1",38.9177996400692,0.957880656113822,0.488812570025483,1.95960725000154,0.0500417133301325,0.999550560551813
"Ppp1r14a",29.1611125302624,0.878254763954349,0.449801794370579,1.95253726184734,0.0508744515090004,0.999550560551813
"B4galt1",83.2862810408781,0.609897462304923,0.312723129289924,1.95027935314465,0.051142832173766,0.999550560551813
"Lrif1",14.8008138688752,1.07175533093915,0.551388824646597,1.94373785436451,0.051927071283879,0.999550560551813
"Fos",2208.04924363735,0.529049388133241,0.272736903303312,1.93977925878583,0.0524065223799733,0.999550560551813
"Klf13",51.2160260083476,0.647903554672379,0.334952068746106,1.93431722066327,0.0530741372120733,0.999550560551813
"Clic4",200.093455293824,0.590408468676388,0.306270926166623,1.92773266488633,0.0538883869027847,0.999550560551813
"Slc43a3",63.3370927718963,0.769923235868534,0.403275078822179,1.90917633223754,0.0562393483852511,0.999550560551813
"Tshz3",16.1964187801522,0.985031733218017,0.516261988199174,1.9080074763087,0.0563902499869565,0.999550560551813
"Slfn5",81.0348728437146,1.08488389153618,0.569002638782224,1.90664123079998,0.0565670620733587,0.999550560551813
"Osmr",59.9358288553973,0.959850016487419,0.504440797038722,1.90280013456909,0.0570666296637368,0.999550560551813
"Igfbp6",345.600606517615,0.892108342533678,0.469976317500331,1.89819850344491,0.0576699378972844,0.999550560551813
"Echdc2",17.5545099728341,0.966068368841243,0.509683966845261,1.89542624779983,0.0580359540498878,0.999550560551813
"AI413582",10.8261700908711,1.12285831925932,0.594261262639755,1.88950279927635,0.0588244880409704,0.999550560551813
"Nrp1",32.1002477951459,0.883278873332259,0.46934193782213,1.88195173316688,0.0598425693825843,0.999550560551813
"Nrip1",63.4721989194679,0.689298141561585,0.366772901086016,1.87935951516748,0.0601954203319194,0.999550560551813
"Has1",363.501388267539,0.945587945830398,0.504938756964736,1.87267848385113,0.0611127962513796,0.999550560551813
"Rhoj",99.8506778778093,0.657231668301379,0.352796034079087,1.86292249576152,0.0624731713119483,0.999550560551813
"Sash1",73.0842370020897,0.599826956712893,0.323592779425801,1.85364753124979,0.0637896027598347,0.999550560551813
"Ptgfr",27.6395447666554,0.821647353556339,0.443622983030122,1.85212981515106,0.0640071840612908,0.999550560551813
"Dock9",19.2691891913381,0.991811690794337,0.535551351359644,1.8519450810391,0.0640337095167376,0.999550560551813
"Zfp36",727.140686074716,0.661115526618125,0.357528334691757,1.84912764239541,0.0644393837697363,0.999550560551813
"Zfp639",14.8586281592197,0.988551332834645,0.534775147791239,1.84853641183144,0.0645247819521046,0.999550560551813
"Ang",27.3360038975219,0.836207418914524,0.452409342263741,1.84834250930884,0.0645528098397938,0.999550560551813
"Nfkbia",559.931685056094,0.490049371237431,0.265147987761242,1.84821078739887,0.064571855482047,0.999550560551813
"Cited2",55.3538674755127,0.897810762217587,0.485850714285369,1.84791487553572,0.0646146582251622,0.999550560551813
"Neat1",662.819447998028,0.588928769870359,0.31938042710659,1.84397264167291,0.0651871273698607,0.999550560551813
"Tgfbr3",125.952223946278,0.616849524186765,0.334640463315972,1.84332019527575,0.0652822742322324,0.999550560551813
"C1ra",151.730473846205,0.773985592199286,0.421139123289075,1.83783825676061,0.066086242463102,0.999550560551813
"Hk2",137.664456621665,1.0537596646085,0.574462764694307,1.83433936779044,0.0666036338142401,0.999550560551813
"Ccdc71l",35.7499944329035,0.768720389272665,0.419129581103455,1.83408765195917,0.0666409840734376,0.999550560551813
"Srxn1",27.2006810242289,0.866796180120344,0.473703415458058,1.82982885880647,0.0672755340217453,0.999550560551813
"Qpct",46.3502079150084,0.711028947646367,0.388658449954165,1.82944420153535,0.0673330910630333,0.999550560551813
"Ifrd1",425.740218757964,0.574144253750252,0.313863705252238,1.82927890081728,0.0673578377880195,0.999550560551813
"Il1r1",56.4856434276226,0.712079883153859,0.389428507005519,1.82852531425946,0.0674707500561764,0.999550560551813
"Gpnmb",102.284466291824,0.532018087806092,0.29230045946589,1.82010691593927,0.0687427246165752,0.999550560551813
"Rtp4",14.2358108580329,1.07095827282875,0.589845990397893,1.81565746018942,0.0694229334016623,0.999550560551813
"Sik1",43.3594360547281,0.682639813494387,0.376209579475816,1.81452001952085,0.0695977034664077,0.999550560551813
"Cav1",60.2930711778185,0.743411868691413,0.410245417849312,1.81211498373024,0.0699684316302908,0.999550560551813
"C1s1",257.542082797393,0.805796785508186,0.445172188802156,1.81007889930496,0.0702835526701294,0.999550560551813
"Dusp5",20.9035165601717,0.85790706969512,0.474165954705474,1.80929706399525,0.0704048648869709,0.999550560551813
"Tnfsf9",51.7860320783917,0.793189257027701,0.438644711579964,1.80827270017845,0.0705640685694329,0.999550560551813
"Rdh10",30.3031390738692,0.924059550101359,0.512540828055897,1.80289939751021,0.0714040156553676,0.999550560551813
"Tnfrsf1a",76.5766744227435,0.5937344308057,0.329327944051544,1.80286684300551,0.0714091293932832,0.999550560551813
"Atf5",97.1366275621397,0.53618045155494,0.297424736236625,1.80274330353063,0.0714285379943606,0.999550560551813
"Pccb",10.2243032361679,1.09728192969459,0.610054463325628,1.79866224355267,0.072072124853031,0.999550560551813
"Cxcl12",271.857975425434,0.929682965022836,0.516935905383703,1.798449199099,0.0721058521718646,0.999550560551813
"Sbno2",146.873226136443,0.507107996337431,0.282063036264879,1.7978534268532,0.0722002382008647,0.999550560551813
"Ssh2",30.4125267338286,0.767910079000257,0.427387212697275,1.79675492430837,0.072374535214373,0.999550560551813
"Sema3c",55.6752478609224,0.723362367916362,0.403550052664329,1.79249727051343,0.0730533460153483,0.999550560551813
"Rtn4r",10.3122890973217,1.17606762092392,0.656298062794012,1.7919718000037,0.0731374833523774,0.999550560551813
"Gsto1",27.7759768589677,0.715165915168369,0.399470411791552,1.79028507258142,0.0734080947583556,0.999550560551813
"Svil",61.3039847989105,0.723067714278912,0.405073306420464,1.78502928437445,0.0742565669788169,0.999550560551813
"Lgals9",30.0588067116132,0.770059052658223,0.432540892627012,1.78031503098196,0.0750244185812458,0.999550560551813
"Medag",81.055528600751,0.763151697082918,0.429086276696197,1.77855069837912,0.0753134530752898,0.999550560551813
"Bcl3",55.9377065173289,0.624060401187043,0.351432702134762,1.77576075702749,0.0757723584166206,0.999550560551813
"Zfp385a",20.1752702663023,0.852598123442839,0.481059974946525,1.77233228255503,0.076339415430824,0.999550560551813
"Celf2",142.349232701515,0.531333063439268,0.299970364281227,1.77128518916334,0.0765132891098702,0.999550560551813
"Itpkc",38.9064694156088,0.899717918253729,0.508406868099782,1.76968088888435,0.0767803153036937,0.999550560551813
"Smad7",81.744837717893,0.578054385830973,0.3267859810673,1.76890815188282,0.0769092035743649,0.999550560551813
"Fam111a",16.6331405371264,1.00849352887607,0.571186053187169,1.7656130139186,0.0774607951873011,0.999550560551813
"Dusp1",866.180543986147,0.496382800983242,0.281187351224351,1.76530985060986,0.0775117048760476,0.999550560551813
"Bdh2",19.8024163840942,0.909341067939371,0.516560841786712,1.76037553445609,0.0783441547243603,0.999550560551813
"Ipmk",20.9769202611232,0.823255570378922,0.467782746913107,1.75991007751264,0.0784230543840556,0.999550560551813
"Fas",25.8813710805699,0.742186541424904,0.421773580311999,1.75968001807009,0.0784620756613213,0.999550560551813
"Vtn",15.536557954409,1.10254941030279,0.627970613789075,1.75573408387723,0.0791338241340827,0.999550560551813
"Ccl11",188.821302222771,0.679106929515367,0.387157032007804,1.7540865162477,0.0794156837461054,0.999550560551813
"Fgl2",337.725752341502,0.576486917367341,0.329265022586006,1.75082950760966,0.0799752821991684,0.999550560551813
"Ehd2",46.0406643172131,0.709109131886473,0.405142980032969,1.7502688355325,0.0800719358206746,0.999550560551813
"Cadm3",59.759698958891,0.731150809499709,0.418997148364174,1.74500187496318,0.0809845425912008,0.999550560551813
"Ly6a",696.678334612935,0.687303232826324,0.394916843477059,1.74037457297323,0.081793267317785,0.999550560551813
"Ntrk3",8.7700961783899,1.28764095727785,0.74067521473794,1.73846907748012,0.0821281941731794,0.999550560551813
"Lbp",98.8431173241609,0.739968976026541,0.425652916362323,1.73843276430571,0.0821345876834267,0.999550560551813
"Tspan5",20.6296370845566,0.798469868866929,0.45954068838734,1.73753900153866,0.0822920760557002,0.999550560551813
"Ecm2",68.3217288989168,0.621051820043072,0.358184989312049,1.73388566962535,0.0829383710155996,0.999550560551813
"Dpp4",39.199422230848,1.02225509388332,0.590229670658581,1.73196154768478,0.0832804090174867,0.999550560551813
"St3gal1",42.0706329354622,0.741133901310389,0.428932305715654,1.72785749973726,0.0840137755604702,0.999550560551813
"Smg7",16.4625833730328,0.867837151756642,0.502286314789038,1.72777383377673,0.0840287803187488,0.999550560551813
"Bclaf1",80.1315140311936,0.551525067994317,0.320945200167949,1.71843999444674,0.0857163906285698,0.999550560551813
"Cdh4",17.9292467712991,0.974546396361255,0.56778833535685,1.71639030898506,0.0860906290983599,0.999550560551813
"Fosl1",23.8936845066174,0.766961078032241,0.446946601165313,1.71600158952448,0.0861617514953353,0.999550560551813
"Ccnl1",293.473942475856,0.471555038901138,0.274833909797423,1.71578186712373,0.0862019741897658,0.999550560551813
"Nfkbiz",175.204436499497,0.525888366408829,0.306759995219503,1.7143316423399,0.0864678349803824,0.999550560551813
"Mustn1",12.436645798188,1.25175389644785,0.730644072932157,1.71321980540323,0.0866721093329059,0.999550560551813
"Serpinb6a",265.020298673973,0.573282113824129,0.337481812325289,1.69870521280584,0.0893747407681139,0.999550560551813
"Ifi204",89.4825856910367,0.905453430946479,0.533389867247929,1.69754524137897,0.0895936253924122,0.999550560551813
"Ccl2",447.771882095781,0.853021821044588,0.503010195628584,1.69583405755546,0.0899173106762948,0.999550560551813
"Plpp3",442.074814220077,0.639061654738924,0.378263072649891,1.68946350026195,0.09113064087532,0.999550560551813
"Mrgprf",20.4636248358712,0.785900052414933,0.469403134013053,1.67425395245248,0.0940807001440584,0.999550560551813
"Sfrp1",78.1492045909346,0.879845979903063,0.527176781608212,1.66897710710816,0.0951219168468849,0.999550560551813
"Itga2b",15.9296939720141,0.881903579113158,0.532001691217798,1.65770822475095,0.0973763729241771,0.999550560551813
"P2rx4",33.299742490218,0.654974557471633,0.396002344441945,1.6539663632412,0.0981343473059062,0.999550560551813
"Adm",46.5059726722121,0.742893840661316,0.450511343654938,1.64900140945247,0.0991473459615962,0.999550560551813
"Arhgap29",28.5226295326814,0.754160797696349,0.457656605165949,1.64787482401327,0.0993783606345177,0.999550560551813
"Ecm1",177.087179089086,0.620060903519324,0.377322548708128,1.64331791365843,0.100317173848887,0.999550560551813
"Osbp",17.5282143402526,0.790498606973905,0.482346416470124,1.63886074402476,0.101242264920593,0.999550560551813
"Cldn10",29.6227742349399,0.678348895792654,0.414728488739477,1.63564576394167,0.101913746580832,0.999550560551813
"Zfp277",13.7653754596186,0.926855950119251,0.566813257312335,1.63520513707484,0.102006051632332,0.999550560551813
"Shc2",12.3875570710755,0.916154606784852,0.560398952064595,1.63482569588968,0.102085592468821,0.999550560551813
"Spock2",9.21872654418637,1.14628256872214,0.701525368868204,1.63398591068984,0.102261809025829,0.999550560551813
"Azin1",97.7878129847253,0.486292194729309,0.297615375961065,1.63396193210437,0.102266844131029,0.999550560551813
"Ube2d3",310.937971251126,0.400237067367616,0.245380832492683,1.63108529424176,0.102872323221699,0.999550560551813
"Crtc3",35.6356858584994,0.597724470022037,0.367017275747564,1.62860036712047,0.103397646508685,0.999550560551813
"Ypel5",32.7589991775223,0.76414567757351,0.469681307233513,1.62694504934512,0.103748768992564,0.999550560551813
"Ifnar2",59.2024758304943,0.536976325511122,0.330338094490931,1.62553557844618,0.104048489281105,0.999550560551813
"Cyp2f2",41.4587895106705,0.829758365532939,0.510617612247457,1.62500929390352,0.104160578532623,0.999550560551813
"Ifitm3",925.03560886187,0.517563768933102,0.31865353686999,1.6242210082365,0.104328648781657,0.999550560551813
"Supt5",55.0968170038138,0.524396228333226,0.323001055893455,1.62351242748322,0.104479908924286,0.999550560551813
"Bcl9l",33.6910227841936,0.632239267785731,0.390050888816618,1.62091482397051,0.105035907179087,0.999550560551813
"Mtg2",28.5309439823963,1.16150524113708,0.717425301015524,1.61899118903802,0.105449158897649,0.999550560551813
"Smtn",19.3842733922431,0.762015208930252,0.472034188876055,1.6143220700701,0.106457585382455,0.999550560551813
"Kazald1",33.3124669420669,0.70132660562738,0.43502868476193,1.61213876278338,0.10693174731232,0.999550560551813
"Casp12",20.5089216360978,0.738546019893044,0.458353133605001,1.61130352504475,0.107113582837772,0.999550560551813
"Srpx",156.083237791945,0.578060763850673,0.359056597397545,1.60994330153095,0.107410234677433,0.999550560551813
"Ick",14.3993112413829,0.898112740112365,0.558472362431687,1.6081596879778,0.107800209497493,0.999550560551813
"Afdn",18.8632983548482,0.845744837620392,0.527498774658026,1.60331147341277,0.10886590466098,0.999550560551813
"Ell2",34.3263061522506,0.688670359022837,0.430305043345088,1.60042362894304,0.109504636692446,0.999550560551813
"Nucb2",46.8696739446765,0.580893595516964,0.363141296619716,1.59963518587444,0.109679537996347,0.999550560551813
"Mapk6",46.6727534828926,0.636946066838316,0.398482821008066,1.59842792024759,0.109947775033583,0.999550560551813
"Gbp2",36.9411186830183,0.883512123967151,0.554450123234616,1.59349251978305,0.11104974507313,0.999550560551813
"Nsg1",16.1495134504008,0.801486606042492,0.503121991981534,1.59302638090984,0.111154273015226,0.999550560551813
"Sat1",191.629279480667,0.50781934098518,0.318815321543453,1.59283229716413,0.111197817648094,0.999550560551813
"Ptp4a1",201.585077135891,0.466754074316451,0.293067921968387,1.59264811782027,0.111239152579656,0.999550560551813
"Pik3ip1",14.2138143693701,0.964015866070705,0.606108775439314,1.59049976693041,0.111722198119209,0.999550560551813
"Vasn",84.1192786958717,0.529434515395446,0.333474715807167,1.58763015694897,0.112369994777751,0.999550560551813
"Arhgap32",17.4797010634318,0.77719147262457,0.494049180749914,1.57310547797059,0.11569439672702,0.999550560551813
"Mfap5",328.10725183149,0.600981814208683,0.382422671565034,1.57151199155953,0.116063771225529,0.999550560551813
"Cmah",13.7255453469632,1.17303517431695,0.746446220304952,1.57149322001754,0.116068128036787,0.999550560551813
"Eif4enif1",16.0132498965769,0.769903430492312,0.490108143262855,1.57088479568355,0.1162094108681,0.999550560551813
"Ncam2",10.2428442530679,1.33402900051123,0.8493180725781,1.57070600942448,0.11625095268516,0.999550560551813
"Dkk2",48.8416200223349,0.676456737641597,0.43067649066931,1.57068414992962,0.116256032640677,0.999550560551813
"Egfr",57.6113377859616,0.597602775387814,0.381390460641788,1.56690540812739,0.117136803379702,0.999550560551813
"Plin2",64.9173493826334,0.663255553612489,0.423571580018491,1.56586415354763,0.117380423386944,0.999550560551813
"Pld1",13.4266929714461,0.90909890331409,0.583314711294409,1.5585050157517,0.119113579931225,0.999550560551813
"Gpx1",181.288141561314,0.441947480066221,0.28412257122685,1.55548177027217,0.119831372892171,0.999550560551813
"Pias3",9.72116175852177,1.02514917084513,0.662222639480509,1.54804307453053,0.121611926115577,0.999550560551813
"Npc2",324.763623856039,0.373587889186509,0.24147429175784,1.54711247506694,0.121836126264789,0.999550560551813
"Raf1",44.1356981366038,0.542273834199053,0.350615927958886,1.54663205792134,0.121951994835326,0.999550560551813
"Jdp2",73.0199196977055,0.736303259952462,0.477133600723784,1.54318048201915,0.1227869915858,0.999550560551813
"Pex5",20.3364224135954,0.718280305045688,0.465787573366509,1.54207700272953,0.123054882659527,0.999550560551813
"Zyx",43.2014146493022,0.54289489634171,0.352988156230052,1.53799748450452,0.124049229839208,0.999550560551813
"Pnrc1",273.751534692753,0.463075904466272,0.301259696909312,1.53713194701139,0.124261001104662,0.999550560551813
"Spsb1",24.9385416474402,1.00498643897908,0.654978692574283,1.53438035522827,0.124936107601494,0.999550560551813
"Itga5",34.2560176731748,0.592981179871863,0.386528148516431,1.53412159540732,0.124999741474483,0.999550560551813
"Thy1",209.375229801875,0.466041969913013,0.303996139952823,1.53305226173378,0.125262978608579,0.999550560551813
"Adh5",102.051037034915,1.6679231155223,1.08966704280818,1.53067226042176,0.125850412837896,0.999550560551813
"Ftl1-ps1",28.822209955835,0.643856669476532,0.420655066939903,1.53060481158668,0.12586709184377,0.999550560551813
"Fxyd6",47.3917861043226,0.634713934161581,0.415002313280045,1.52942264139447,0.126159703082598,0.999550560551813
"Ptgis",28.0238372359682,0.805206658667999,0.526859133438083,1.52831489019375,0.126434374670508,0.999550560551813
"Mecp2",22.7168514242818,0.72552328756077,0.475243661444583,1.52663432765293,0.126851966021807,0.999550560551813
"Arhgap1",15.7533949510699,0.798592785990219,0.52318306951282,1.52641175245571,0.126907352603891,0.999550560551813
"Cfh",30.3531501878894,0.892272152040621,0.58473600346208,1.52594016232572,0.127024767334462,0.999550560551813
"Mylk",35.4671153466472,0.627781147549846,0.41198660708298,1.52379018336245,0.127561132571536,0.999550560551813
"Yae1d1",40.5077848371783,0.942243295823726,0.618585297078676,1.52322290923104,0.127702946414227,0.999550560551813
"Sema4c",17.4789432649147,0.77193729319434,0.507143875343601,1.52212681790022,0.12797730751873,0.999550560551813
"Adamts12",15.4691362734039,0.812041417285788,0.534059819634036,1.52050648154403,0.128383730990825,0.999550560551813
"Scpep1",95.7930891061598,0.47601978976373,0.31338696978125,1.5189520805412,0.128774558292449,0.999550560551813
"Apbb1ip",30.4700665815969,0.689616116890329,0.455775924675728,1.51305955307089,0.130264532374267,0.999550560551813
"Vamp4",24.3610717524564,0.703051216011528,0.465107976553778,1.51158709687327,0.130638936218452,0.999550560551813
"Lyst",10.3262658562597,0.930183773320548,0.615823900934855,1.51047039893788,0.130923437032002,0.999550560551813
"Cdkn1a",190.127373623619,0.534507930624109,0.353887499577971,1.5103894069769,0.130944090005505,0.999550560551813
"Dram1",39.8917914536832,0.69359516472482,0.459680962234608,1.50886206240325,0.131334036593549,0.999550560551813
"Dnajb4",108.292433606709,0.429448517628947,0.285096233967804,1.50632827257004,0.131982923739223,0.999550560551813
"Sh2b3",12.5762034226872,0.855241332934289,0.567828021946031,1.50616260536641,0.132025436401448,0.999550560551813
"Tcf7l1",25.4274062655184,0.636923691417248,0.422879087162064,1.5061602967686,0.132026028896843,0.999550560551813
"BC005537",121.10426819223,0.421807267312652,0.280197682747672,1.50539170480044,0.132223400492511,0.999550560551813
"Ddx3x",278.56570511282,0.450366020183031,0.299529421024247,1.50357857549684,0.132689911016928,0.999550560551813
"Angptl4",71.41356265964,0.504124790137501,0.33535176371598,1.50327162306044,0.132769014581909,0.999550560551813
"Aldh1a1",35.4785427395863,0.795680545352033,0.5293189942102,1.50321555443003,0.132783467762309,0.999550560551813
"Birc3",53.4764242846233,0.588960823182756,0.3924589802579,1.50069396499916,0.133434734724409,0.999550560551813
"Mknk2",52.0241632287886,0.552905552439018,0.3684439555419,1.50065035434172,0.13344602003282,0.999550560551813
"Slc4a4",28.1808214953347,0.837513197865211,0.558501974915682,1.49957070069744,0.133725641973693,0.999550560551813
"Polg2",14.1187687325626,0.877426205128325,0.585848131854052,1.4977024887858,0.134210564947974,0.999550560551813
"Tnxb",193.235827468879,0.6967312250727,0.466246854310709,1.49433978724154,0.135086830835031,0.999550560551813
"Usp2",19.9775995184974,0.690784655227211,0.463849321083822,1.48924364837516,0.136423220738872,0.999550560551813
"Nr4a1",366.971383301766,0.439017468591397,0.295046365150358,1.48796094596071,0.136761193303944,0.999550560551813
"Acap3",9.97382203295284,0.893837954765684,0.601112022347841,1.48697401072517,0.137021675201285,0.999550560551813
"Bcl11b",24.8992502783766,0.699987409261562,0.47230810617583,1.48205673395953,0.138325199752601,0.999550560551813
"Wnt11",10.8617129902911,0.932109906305418,0.630294778375793,1.47884757780696,0.139181056633164,0.999550560551813
"0610009B22Rik",12.7373894633518,0.822327605043422,0.556109870348107,1.47871427732198,0.139216694829655,0.999550560551813
"Rps6ka3",31.4812061093082,0.590908801024368,0.401140813573089,1.47307075478298,0.140731958230361,0.999550560551813
"Steap3",40.96558309387,0.529397172976852,0.359598530002529,1.47218948023266,0.140969717375473,0.999550560551813
"Rhou",24.8775847725662,0.727261972377404,0.494479840655599,1.47076162177446,0.141355594742438,0.999550560551813
"AW549877",16.9295658301391,0.748596583438854,0.509346433959191,1.46971988715019,0.141637634282053,0.999550560551813
"Pdpn",147.370002959901,0.48200072921586,0.328051791211813,1.46928241859422,0.141756203471644,0.999550560551813
"S100a1",27.2847732299901,0.614231431434679,0.418467023761997,1.46781322435582,0.142154964292931,0.999550560551813
"Irf1",153.859636022894,0.626427428221129,0.427047019122456,1.46688163169569,0.142408258100828,0.999550560551813
"Larp6",11.8298092623763,0.900056888561633,0.613667900185161,1.46668399681662,0.142462038228263,0.999550560551813
"Adam33",51.7701834872403,0.569354816473079,0.388410490753421,1.46585849256716,0.142686841890638,0.999550560551813
"Htra1",310.258685395853,0.430265632695713,0.294109764435405,1.46294235936601,0.143483151861421,0.999550560551813
"Leng1",10.0735430391276,0.874860685698831,0.598229204655555,1.46241721214957,0.143626915595736,0.999550560551813
"Jun",1583.24086572688,0.355197943042053,0.243033954644321,1.46151571109429,0.143873967124076,0.999550560551813
"Thbd",21.6245210136449,0.943367134320296,0.645863533936444,1.4606291960325,0.144117229462448,0.999550560551813
"Ppa2",11.1242612431576,0.847903122992869,0.581316786867212,1.45859046590126,0.144677859277856,0.999550560551813
"Rtn2",9.52071732374635,0.974980341288536,0.668773050174413,1.45786428001886,0.144877956058935,0.999550560551813
"Iqsec2",9.60261405003819,0.886774823420902,0.610275690998625,1.453072499037,0.146203625745648,0.999550560551813
"Ube2l6",23.5274123511808,0.67654426714476,0.466310131809425,1.45084616651919,0.146822700990455,0.999550560551813
"Kdm6a",31.8658838987387,0.561071023072906,0.388338127768711,1.44480024739438,0.148514001587866,0.999550560551813
"Fez2",13.0102588170313,0.7863515840332,0.544314212267003,1.44466480262961,0.148552060928258,0.999550560551813
"Spon2",57.3171612919817,0.546271493137781,0.378487635021971,1.44330076491421,0.148935764413388,0.999550560551813
"Mcoln2",14.3347131789227,0.875989441846497,0.607466073445851,1.44203846130443,0.149291523758466,0.999550560551813
"Mmp27",11.7803408877837,0.852392866129195,0.591568371876945,1.44090337930795,0.149611981260646,0.999550560551813
"Hic1",12.4032154350814,0.847669753644028,0.588999381742491,1.43916917388994,0.150102596972986,0.999550560551813
"Tgfbr2",175.856206300248,0.610648374676596,0.424743003693633,1.43768907166522,0.150522295226662,0.999550560551813
"Csnk1d",67.1877824145083,0.498492385900948,0.347139348428418,1.43600081107988,0.151002110469691,0.999550560551813
"Rpain",14.3108746123824,0.771859795025095,0.53779709764967,1.43522491734959,0.151223015325324,0.999550560551813
"Ksr1",21.6856540718085,0.736491293552783,0.51465784619621,1.43103092471265,0.152421352343609,0.999550560551813
"Ubtd2",21.5092565675729,0.625261369213353,0.437343750413799,1.42967944236485,0.152809043120792,0.999550560551813
"Ar",83.4909798537808,0.482593274858935,0.337747414963881,1.42885853000694,0.15304489880551,0.999550560551813
"Adamtsl4",15.7689177407289,0.80193228842472,0.561762629128291,1.42752872270822,0.153427552171338,0.999550560551813
"Samd4b",65.1276205713599,0.513911965665345,0.360299003748345,1.42634856138623,0.153767753703977,0.999550560551813
"Fhl1",26.1680318643572,0.620614904249576,0.435145541209485,1.42622374694356,0.153803767090854,0.999550560551813
"Atp9a",18.8318608392591,0.694735127590666,0.487615617288195,1.42475979636242,0.15422664744228,0.999550560551813
"Chst12",32.5836130004835,0.619174129069307,0.434989786992618,1.42342222181831,0.154613794391242,0.999550560551813
"Gng12",79.6200517961231,0.443507085937754,0.312197332755089,1.42059857470235,0.155433493090165,0.999550560551813
"Cnot10",13.434183709073,0.754364259098855,0.531177635811983,1.42017323064759,0.155557254918674,0.999550560551813
"Sirpa",33.3200005628849,0.555090027721722,0.392120598747718,1.41561047671167,0.156889582193846,0.999550560551813
"Gda",46.9329396039197,0.701597579387359,0.496014925519998,1.41446868489257,0.15722433563784,0.999550560551813
"Kif13b",15.8946832896482,0.756818592924826,0.536732492304694,1.41004802909378,0.158525501499871,0.999550560551813
"Cstb",121.75659420359,0.478067353500851,0.339717359040846,1.40725029433474,0.159353182729657,0.999550560551813
"Axl",114.651872125657,0.481120804430687,0.341981064690545,1.40686387085802,0.159467758653624,0.999550560551813
"Myd88",52.1428215232932,0.560794638152244,0.39877341858734,1.40629894574936,0.159635373070281,0.999550560551813
"Atp6v1a",38.304742743083,0.54937734230623,0.390697139122408,1.4061463146115,0.159680681891953,0.999550560551813
"Cxcl1",632.357239169997,0.705744675533993,0.504387683032999,1.39921076440683,0.161749789551227,0.999550560551813
"Spty2d1",52.93864336434,0.45805900247129,0.32769652904227,1.3978146299261,0.162168739917155,0.999550560551813
"Icam1",213.363811631638,0.498365589025185,0.356952025707052,1.39616966184187,0.162663410221161,0.999550560551813
"Pabpc4",25.5772884991825,0.579149864328092,0.414987227005411,1.39558479548225,0.162839563658476,0.999550560551813
"Eef2k",10.9650769344347,0.81128837305306,0.582428000700453,1.39294191226618,0.163637356925179,0.999550560551813
"Cebpd",852.800323357851,0.395015443606892,0.283600512329688,1.39285870946412,0.163662520664327,0.999550560551813
"Hpcal1",26.3581864895407,0.605515705627351,0.43515279876864,1.39150134697695,0.164073451473158,0.999550560551813
"Col5a3",99.5324734246337,0.618645287006176,0.444855779312281,1.39066483066167,0.164327087080213,0.999550560551813
"Dock4",29.8208478240877,0.651277732186695,0.468686953794755,1.38957939177437,0.164656637262188,0.999550560551813
"Ifngr1",74.9825651366357,0.503011250731814,0.362478937248665,1.38769787439192,0.165229063569472,0.999550560551813
"Ifi211",86.9962033001536,0.775557613228679,0.559951215345633,1.38504496815845,0.166038717628485,0.999550560551813
"Rcan2",8.6349326691147,1.07825968796975,0.779111082273163,1.38396143053669,0.166370264993569,0.999550560551813
"Fth1",2738.96467721557,0.445260476993609,0.321737581479504,1.38392436141929,0.166381616425368,0.999550560551813
"Daglb",14.2704455643908,0.920037909762096,0.666295538275569,1.38082555999584,0.167332602504167,0.999550560551813
"Ndufa4l2",140.282794530995,0.558776293757651,0.404795651580199,1.38039104811615,0.167466274939561,0.999550560551813
"Rgl1",28.8396525085425,0.650935548279443,0.472559694317878,1.37746734667891,0.168367803578931,0.999550560551813
"Htra2",22.0964486219922,0.63842878528109,0.463633061666203,1.37701306931543,0.168508207203049,0.999550560551813
"Hmgcs2",15.5799846932473,0.806238567960446,0.586618780993604,1.37438246793745,0.16932297608229,0.999550560551813
"Med25",31.0259702210279,0.582860440729155,0.424114467103955,1.37429983162138,0.169348618581372,0.999550560551813
"Rnf213",26.4448350490746,0.749314719440041,0.545263622235823,1.37422466653381,0.169371945246797,0.999550560551813
"Cpne2",13.8890517918737,0.760150381594069,0.553236901582031,1.37400520359425,0.169440066966436,0.999550560551813
"Ust",13.3064171510339,0.755060627803768,0.550925798002362,1.37053053340684,0.17052135083745,0.999550560551813
"Plac8",162.862356684606,0.537307251614055,0.392218325256996,1.36991878505929,0.170712255060788,0.999550560551813
"Trnp1",7.84009910592474,0.927068986485179,0.677356661294792,1.36865707456549,0.171106494170284,0.999550560551813
"Rbpj",48.4864976906552,0.476706463649361,0.348719191048715,1.36702101830342,0.171618717552155,0.999550560551813
"Mgst1",319.666286696343,0.420964937122102,0.30795729805486,1.36695879519995,0.171638221254556,0.999550560551813
"Mfap4",988.649353421155,0.525605479957572,0.384552180017612,1.36679885661681,0.171688361283605,0.999550560551813
"Lmbrd2",12.5277608232598,0.793721829221381,0.58102697236024,1.3660670966739,0.171917904573841,0.999550560551813
"Slco2a1",14.4379655358725,0.741469561375781,0.542815442644312,1.36596991007428,0.171948407975583,0.999550560551813
"1600002K03Rik",8.60377188644871,0.882256470263713,0.64668989218238,1.36426513067394,0.172484136113537,0.999550560551813
"Ackr3",115.739371582124,0.638030767066298,0.467799357375026,1.36389834019118,0.172599563305098,0.999550560551813
"Myc",124.692630509192,0.566254216917734,0.415232767646318,1.36370311073343,0.172661024623788,0.999550560551813
"Tob2",75.0956255735348,0.481743850871204,0.353329716620124,1.36343994917683,0.172743897938949,0.999550560551813
"Haus8",12.2040571890711,0.802806953214375,0.59007084071306,1.36052639416013,0.17366340630234,0.999550560551813
"Kpna1",20.1790912932774,0.674043679605444,0.495904365087263,1.35922110604296,0.174076535129447,0.999550560551813
"4930523C07Rik",33.808010967904,0.593550509257731,0.43686031492281,1.35867344545271,0.174250090301437,0.999550560551813
"Tlnrd1",22.8131842537968,0.587238540854852,0.433160955439951,1.35570515643177,0.175192998130609,0.999550560551813
"Gdf15",27.8606786148,0.822054172382664,0.607125585989657,1.35401009503274,0.175733157053098,0.999550560551813
"Dopey1",10.2355418099088,0.831455796057884,0.614415790605817,1.35324613847907,0.175977009922458,0.999550560551813
"Maml2",9.39795473535408,0.873872192073178,0.646876071750668,1.3509112954328,0.176723849463082,0.999550560551813
"Mrpl2",14.7773624659453,0.720618566657425,0.533563330833918,1.3505773823159,0.176830850052903,0.999550560551813
"Csf1",74.6011876257612,0.508356224070893,0.3768435405048,1.34898484232986,0.177341834781651,0.999550560551813
"Capn7",10.8697276199747,0.789349903823475,0.585598664028811,1.34793665407788,0.177678757630369,0.999550560551813
"Podn",74.7700015856213,0.491468089030555,0.364612925037278,1.34791735367118,0.177684965893775,0.999550560551813
"Snx21",11.5842132131234,0.786863206355809,0.583946807669921,1.34749123725082,0.177822073740112,0.999550560551813
"Wdfy2",14.5745520418414,0.709226106761974,0.526485238251075,1.34709590171596,0.177949347904091,0.999550560551813
"Irgm1",43.4221162882643,0.726049932722938,0.539970957289586,1.34460922929519,0.178751461317308,0.999550560551813
"Dvl3",10.8508066485609,0.846175258801653,0.630397754998668,1.34228786840055,0.179502675427738,0.999550560551813
"Irx1",54.237834007363,0.47804612491359,0.356348195063072,1.34151409081496,0.179753597901755,0.999550560551813
"Ifi27l2a",219.920991950847,0.635907112816382,0.474635813827518,1.33977903540054,0.18031719339003,0.999550560551813
"Parp12",10.3665267125376,0.793444283528426,0.592524745660995,1.33909054320304,0.180541198725612,0.999550560551813
"Pi15",12.8389910954365,0.951017110558179,0.710682380850673,1.33817459976963,0.180839527068932,0.999550560551813
"Cygb",127.914204560856,0.679658203739783,0.508246331501577,1.33726140576713,0.181137324142808,0.999550560551813
"Agtrap",24.2889116972903,0.618851344038735,0.46307666247395,1.33639069767103,0.181421605235055,0.999550560551813
"Rock2",122.727920576829,0.378550795088552,0.283470966705351,1.33541293307131,0.181741234185749,0.999550560551813
"Fdx1",49.5627993087876,0.449081942411234,0.336598093928099,1.33417850698573,0.182145361645606,0.999550560551813
"Snrnp200",35.5666716564967,1.45208314994752,1.08885899838358,1.33358235740638,0.182340768098453,0.999550560551813
"Entpd1",15.0540138647951,0.787010595971479,0.59015328090942,1.33356980538802,0.182344884080855,0.999550560551813
"Trim3",10.9902826598676,0.760542194190827,0.571095375313604,1.33172535983713,0.182950452749372,0.999550560551813
"Smim26",19.7002698432071,0.641454919803206,0.481681556920022,1.33169914975531,0.182959068775923,0.999550560551813
"Fmo2",14.2911962209061,0.885795895443308,0.66521273387634,1.3315979239928,0.182992347491792,0.999550560551813
"Cnot7",17.8750847385305,0.629758269927806,0.473223910973645,1.33078286055347,0.183260469113086,0.999550560551813
"Dse",35.2590984406897,0.517787949558562,0.389093400145223,1.33075490194721,0.183269671480772,0.999550560551813
"Tmem167b",16.3689622541396,0.696252618833138,0.524233322620885,1.32813499026016,0.184133516021958,0.999550560551813
"Masp1",31.9619428125402,0.650679447619155,0.490376775546147,1.32689694958428,0.18454277357818,0.999550560551813
"Flnc",22.1440835630238,0.704235099930157,0.530791959725088,1.32676293795953,0.184587113983533,0.999550560551813
"Irgm2",10.5954473747384,0.920818458129124,0.694040199336636,1.32675089859239,0.184591097833034,0.999550560551813
"Hexim1",47.9191281997089,0.540808366791632,0.407889752195598,1.32586897287945,0.184883101825763,0.999550560551813
"Lgals3",503.992427358347,0.377361945140341,0.284975000624113,1.3241931548869,0.185438903624981,0.999550560551813
"Klf3",59.7279332065093,0.477198442051846,0.360538493658477,1.32357140900432,0.185645425837152,0.999550560551813
"Uap1l1",22.4374914513585,0.582941661539677,0.441214151896993,1.32122158601062,0.1864274908344,0.999550560551813
"Agpat4",16.4020225124936,0.696550871690029,0.527352325602855,1.32084535873384,0.186552932063453,0.999550560551813
"Cuedc1",23.83351842079,0.582487998650546,0.441211081625605,1.32020255815973,0.186767398107869,0.999550560551813
"Igsf8",34.5142282997445,0.519126313526328,0.393238104260671,1.32013227584427,0.186790858366137,0.999550560551813
"Isg15",62.1696584160225,0.648480112900592,0.49147856449908,1.31944739759206,0.187019584906652,0.999550560551813
"Reck",37.9809554019038,0.583660113205122,0.442395590888277,1.31931720212944,0.187063089246561,0.999550560551813
"Emp1",358.790807611469,0.481850243243223,0.365378081897186,1.31877161525746,0.187245476396472,0.999550560551813
"Bmper",14.1643423541204,0.838133400677089,0.636192984917311,1.3174200604963,0.18769786034742,0.999550560551813
"Gclm",24.6527140154554,0.600782062861585,0.45642335305424,1.31628247950361,0.188079249176676,0.999550560551813
"Mrpl10",11.723343007954,0.796141000503494,0.604857798081746,1.31624491414079,0.188091853199211,0.999550560551813
"Sntb2",101.227898190432,0.517535568891423,0.393239352244805,1.31608285370493,0.188146235257575,0.999550560551813
"Tmbim1",56.4239464257459,0.422460278916135,0.321350952694271,1.3146383272685,0.188631482621932,0.999550560551813
"Acox1",26.2382308470766,0.552707729395938,0.420427511780182,1.31463263918113,0.188633395194963,0.999550560551813
"Endog",12.289845447685,0.78419344715263,0.596942601787942,1.3136831661936,0.188952848227107,0.999550560551813
"Rhob",205.386940341052,0.396094208087671,0.301747380038898,1.3126682592459,0.189294757583566,0.999550560551813
"Tnfsf12",39.9886860996804,0.494812896968487,0.377447956833693,1.3109433711586,0.189876896401892,0.999550560551813
"Jund",1125.47058160277,0.396858607081758,0.303129258677177,1.30920587743197,0.190464621867533,0.999550560551813
"Aen",9.2910255640511,0.831947656384253,0.636044397290131,1.30800249153796,0.190872464206432,0.999550560551813
"Fmo1",31.0165870382444,0.663781233974003,0.508890525483334,1.30436940900709,0.192107660176046,0.999550560551813
"Ebpl",24.4263595110059,0.545695785827791,0.418465036073003,1.30404152984622,0.192219422870705,0.999550560551813
"Jak1",126.709373814546,0.387052140185444,0.296938341175527,1.30347646805452,0.192412145111221,0.999550560551813
"Dact1",31.6394000099268,0.542903540232033,0.416919667844603,1.30217781050902,0.192855608732305,0.999550560551813
"Fuca1",73.0051553800566,0.417362070848036,0.321483921105026,1.2982362210012,0.194206175082033,0.999550560551813
"Ifi47",15.8672307442522,1.9332018735374,1.49155397236806,1.29609917532395,0.194941319074572,0.999550560551813
"Lhfp",102.4797563431,0.476240560309964,0.367603442965615,1.29552801918264,0.195138142073412,0.999550560551813
"Nfia",143.407823107299,0.435614603203976,0.336369148648323,1.29504921885513,0.195303251097584,0.999550560551813
"Nfib",111.663878593747,0.629014658987721,0.486008549523974,1.29424607777747,0.195580435441306,0.999550560551813
"Fam124a",8.61917442761027,0.86989477013483,0.6721406466295,1.29421539152108,0.195591031762991,0.999550560551813
"Kdelr1",112.618856319849,0.383669220221627,0.296648824022418,1.2933448210556,0.195891825235419,0.999550560551813
"March8",12.7990459538866,0.719212728063984,0.556183541825447,1.29312119827109,0.195969144525653,0.999550560551813
"Ntn1",54.8878383824568,0.483124437275026,0.373691668370351,1.29284241038048,0.196065568890819,0.999550560551813
"Ehbp1",24.044574799509,0.572592834691326,0.443127721604952,1.29216207150721,0.196301023618527,0.999550560551813
"Litaf",157.619304885438,0.388117766237241,0.300552274005207,1.29134862653049,0.196582816126162,0.999550560551813
"Prr13",63.5378750001544,0.450296324325577,0.348820966374962,1.29090957176449,0.196735035942212,0.999550560551813
"Chchd5",12.5274021653407,0.699926823336077,0.542219963254639,1.29085402745929,0.196754299242215,0.999550560551813
"Glt8d2",12.2561068883878,0.743350052421884,0.575915140610787,1.29072844244644,0.196797858426171,0.999550560551813
"Dram2",15.055312353772,0.66104769587055,0.513245679080708,1.28797517994613,0.197754603199458,0.999550560551813
"Lxn",27.9586356658776,0.577770050741336,0.448800048020626,1.28736628547505,0.197966649716368,0.999550560551813
"Crip1",1143.30383077741,0.35336121222464,0.274694948027525,1.28637681457917,0.198311586040626,0.999550560551813
"Lrig1",19.4160352452584,0.673138298369745,0.523621933378337,1.28554259373122,0.198602742463662,0.999550560551813
"H2-T23",98.5961231274803,0.40882996358408,0.31877732515566,1.28249386428111,0.199669455959443,0.999550560551813
"Gadd45g",325.327594323752,0.426683477777474,0.332704999306696,1.28246788796866,0.199678562702293,0.999550560551813
"Exosc7",11.6527903323694,0.781737049493815,0.609836447317304,1.28187984324766,0.1998847998578,0.999550560551813
"Dcn",5794.85265976021,0.443925132273945,0.346489695343522,1.28120731507996,0.200120857419897,0.999550560551813
"Adh7",31.7409543418601,0.58910387215746,0.460379576432182,1.27960470514973,0.200684194249746,0.999550560551813
"Kdm6b",213.309049356395,0.387188417665694,0.302686288978254,1.27917395588906,0.200835804984705,0.999550560551813
"Gdap10",14.6175073993193,0.698372359475644,0.546168152636492,1.27867645908027,0.201011012829342,0.999550560551813
"Vegfd",34.3039146129323,0.613335995080391,0.479910882149887,1.27802060318531,0.201242161770046,0.999550560551813
"Rnf19b",95.0479034411789,0.616922506923054,0.483055099243739,1.27712658015389,0.20155756220841,0.999550560551813
"Hmcn2",35.9017805515169,0.774508916129453,0.60731952742112,1.27529065205309,0.202206385193579,0.999550560551813
"Itm2a",135.294970958974,0.540393702723742,0.423867491732923,1.2749118846421,0.202340432042034,0.999550560551813
"Cpq",89.9932745276256,0.509051327314743,0.39998531630994,1.27267503720134,0.203133379250602,0.999550560551813
"Sgk1",168.733170844057,0.330363588487193,0.259887771561056,1.27117788768134,0.203665371277033,0.999550560551813
"Snhg18",118.344835493649,0.372184873249584,0.292926784897281,1.27057303202947,0.203880586007722,0.999550560551813
"Vwa5a",34.3036119251194,0.540415639969237,0.42549444087051,1.2700886029524,0.204053070873379,0.999550560551813
"Gan",22.8059688162804,0.644579105048693,0.508516043280449,1.2675688674255,0.204951955646918,0.999550560551813
"Nupr1",214.387132451937,0.332642274156067,0.262501470733393,1.26720156358252,0.20508322684847,0.999550560551813
"Map3k14",9.01430084591638,0.823581636854603,0.650065014755062,1.26692195112964,0.205183198878624,0.999550560551813
"Selenbp1",9.5408970681772,0.792216251268054,0.625444479425875,1.26664520565481,0.205282180733811,0.999550560551813
"Klf10",49.3432673909822,0.480068965307296,0.380232101096489,1.26256821536873,0.206744396652248,0.999550560551813
"Fam180a",24.3046002512409,0.548243151295123,0.434337663482696,1.26225100282367,0.206858481411873,0.999550560551813
"Oard1",9.71391338942792,0.795494325621679,0.631436359835774,1.25981710307049,0.207735348509066,0.999550560551813
"Rgs16",21.3112709492214,0.922169841424976,0.735296019534824,1.25414774040036,0.209788310712388,0.999550560551813
"Rnf181",18.2652229329837,0.637884483129252,0.508719016969976,1.25390335696237,0.209877134728876,0.999550560551813
"Carnmt1",18.1907513362389,0.593873288689062,0.474231440793505,1.25228577779526,0.210465749353194,0.999550560551813
"Ano10",12.0271288477709,0.682722224579267,0.546296367121657,1.24972865585106,0.211398685665681,0.999550560551813
"Ctsf",33.1804235289061,0.523065004267086,0.418695645074175,1.24927261704483,0.211565379806197,0.999550560551813
"Ogn",164.217017860646,0.61658337885253,0.493894980741633,1.24840989055339,0.211880988816815,0.999550560551813
"Midn",89.2286243051237,0.455796650167617,0.365105330530009,1.24839768706185,0.211885455627852,0.999550560551813
"Cyp1b1",59.7572768349217,0.470048511659911,0.377802095656341,1.24416597224881,0.213438484545858,0.999550560551813
"Plxna1",15.4983792007578,0.620080709434419,0.498615149754955,1.24360583455829,0.213644667770526,0.999550560551813
"Scn1b",36.4110617586683,0.483032808076621,0.388709835037642,1.24265651274258,0.213994435380286,0.999550560551813
"Sh3d19",29.9925510082097,0.510595628975086,0.410989132289815,1.24235798190165,0.214104511240538,0.999550560551813
"Efs",25.2062903406038,0.525835596716168,0.423376278779049,1.24200533443346,0.214234593875032,0.999550560551813
"Phf11d",14.3151926060792,0.644083457479322,0.519302446340012,1.24028581420857,0.214869697476492,0.999550560551813
"Cry2",14.5920750422213,0.633209937538896,0.510822181094862,1.23958974565614,0.215127175394083,0.999550560551813
"Slit3",88.1613399166178,0.450986155818184,0.364166734340355,1.23840568973191,0.215565671992307,0.999550560551813
"Pde6d",22.4185533452354,0.534098288185078,0.432114462354971,1.23601113759143,0.216454423732704,0.999550560551813
"Il1rap",24.0941037490661,0.542408163889021,0.440559369150121,1.23118063505351,0.218255312417107,0.999550560551813
"Pfkp",24.9880237453817,0.522996099240214,0.42524860476544,1.22985964769641,0.218749667232598,0.999550560551813
"Erlec1",44.7522033516618,0.436404800012105,0.355077427904752,1.22904123359023,0.219056346637859,0.999550560551813
"Mill2",11.9594711691894,0.699296838829347,0.569621182079487,1.22765244838062,0.219577464063495,0.999550560551813
"Aida",43.0212201922424,0.441590542710601,0.360127860139355,1.22620488884065,0.220121582019431,0.999550560551813
"Fn1",462.680542690866,0.425920878723732,0.34779570774458,1.22462948575699,0.220714853143723,0.999550560551813
"Orai3",12.7077695471217,0.673867077021207,0.550307923750248,1.22452730178574,0.220753373519977,0.999550560551813
"Znrf2",10.6659656461918,0.734146991811296,0.599823950078271,1.22393744317061,0.220975827239202,0.999550560551813
"Igfbp5",570.983112478864,0.52095561401471,0.425726067077204,1.22368737623068,0.221070183618564,0.999550560551813
"Srp54a",15.2198316792379,0.6248956977968,0.511048963062696,1.2227706990184,0.22141631535084,0.999550560551813
"Irf2bp2",58.2656789453034,0.39034651598856,0.319285800926556,1.22256146329022,0.221495375897921,0.999550560551813
"Samd9l",8.74290728074706,0.802718302873257,0.656850000149885,1.22207247117315,0.221680222376844,0.999550560551813
"Mitd1",18.8710519487354,0.565367461324772,0.462886960373432,1.2213942273696,0.221936791800111,0.999550560551813
"Ctsl",651.616807299868,0.343813689717808,0.2815369314451,1.22120280260585,0.222009243379596,0.999550560551813
"Phactr2",21.5185314939015,0.556862886479077,0.456605599563454,1.21957086599787,0.222627596310844,0.999550560551813
"Gga2",19.1171000627082,0.584066349186157,0.479070343863429,1.21916615517461,0.222781134859037,0.999550560551813
"Prkg2",8.69643144164211,0.934438570389183,0.766838249165621,1.21856020015424,0.223011162778694,0.999550560551813
"Adamts15",17.2329018955832,0.707320952893761,0.581809506886851,1.2157260143075,0.224089310885496,0.999550560551813
"Col6a6",12.0612946573061,1.76313202385373,1.45156123254857,1.21464529660807,0.224501404778019,0.999550560551813
"Nrtn",7.36998619996988,0.932114409165255,0.767411556029655,1.21462128351014,0.224510567479539,0.999550560551813
"Mcl1",282.698992729661,0.337783168071453,0.278278873116076,1.21382972515688,0.224812752800144,0.999550560551813
"Poldip2",20.4282600821857,0.538805723409771,0.444075581948803,1.21331986110394,0.225007552313016,0.999550560551813
"Ddr2",103.523877235462,0.363098712598624,0.299286345701326,1.21321509589008,0.225047594014507,0.999550560551813
"Fkbp14",47.1362892337081,0.430219700681855,0.354650346935278,1.2130812909098,0.225098742237308,0.999550560551813
"Aff4",67.0506399797736,0.371866313430624,0.306690735188366,1.21251238059809,0.22531630630442,0.999550560551813
"Casp4",52.9629473006188,0.602426223047526,0.496935558850373,1.21228238212858,0.225404305493359,0.999550560551813
"Dhx40",24.2989729561476,0.545873421140852,0.450796333474639,1.2109091858254,0.225930211699597,0.999550560551813
"Gstm1",65.8110965053898,0.55850199132942,0.461246578271756,1.21085340821838,0.225951591880583,0.999550560551813
"Zfp36l2",161.802032658094,0.367682997077775,0.303735475788113,1.21053688616299,0.226072945675481,0.999550560551813
"Fam114a1",39.5046899299963,0.436406081512605,0.360810539984049,1.20951589033928,0.226464710007488,0.999550560551813
"Dpep1",199.280108618209,0.423204045258641,0.349983201525902,1.20921245195055,0.226581235070994,0.999550560551813
"Jade1",11.9432896846159,0.825516112784733,0.68282057244962,1.20897955640556,0.226670699591077,0.999550560551813
"Exosc10",9.77472341180845,0.75370692995213,0.623730788162445,1.2083850024024,0.226899205890335,0.999550560551813
"Nfkb1",226.006873818589,0.446150193835759,0.369373122705719,1.20785776335764,0.227101978267641,0.999550560551813
"Gmds",10.3615877721494,0.719404346518033,0.596001776773114,1.20705067426652,0.227412629199004,0.999550560551813
"Enpp5",12.3304829541257,0.709466088762657,0.587879024371634,1.2068232737526,0.227500210985538,0.999550560551813
"Ccng2",25.871015659264,0.510519916660679,0.423223025116253,1.20626687671458,0.227714604950543,0.999550560551813
"Xxylt1",16.4856579591329,0.587722233046927,0.487856326498591,1.20470351848276,0.228317777261393,0.999550560551813
"Abhd16a",25.6728408446703,0.499584988662899,0.415082006056024,1.20358141613942,0.228751405869993,0.999550560551813
"Creb5",59.9579107119759,0.537317114700786,0.446707589897184,1.2028385611815,0.229038799363285,0.999550560551813
"Micall1",12.4807105467315,0.688428616920746,0.57372548337923,1.19992685851414,0.230167747803216,0.999550560551813
"Ypel3",88.6222530049032,0.395970065991424,0.330254263000277,1.19898547983646,0.230533591649107,0.999550560551813
"Sirt1",41.635082397494,0.47120700391604,0.393300741055805,1.19808318349744,0.230884634883814,0.999550560551813
"Adamts4",34.121094846681,0.563872326453861,0.471227212670504,1.19660391270344,0.231460974696535,0.999550560551813
"Fam171a1",11.9688673182783,0.670963130526048,0.560958925248671,1.19610028529025,0.23165742632092,0.999550560551813
"Zeb2",187.721924414549,0.313529455544521,0.262400104483048,1.19485263225105,0.232144612423188,0.999550560551813
"Arhgef10",11.0284671363659,0.695227291158866,0.58297846570269,1.19254369082206,0.233048129972872,0.999550560551813
"Entpd2",110.971773869883,0.408526412762251,0.342617879316787,1.19236746656914,0.233117191019181,0.999550560551813
"Dap",99.934276322068,0.339151929945054,0.284511389424049,1.19205045053422,0.233241463913071,0.999550560551813
"Serpina3n",337.072709508637,0.436221784976565,0.365970394972352,1.19195921574345,0.233277237405651,0.999550560551813
"Abca1",52.4249708495863,0.452192297690627,0.380645428521668,1.18796198196004,0.234848388259316,0.999550560551813
"Prrg1",7.89369851636053,0.815199670122606,0.686587439836652,1.18732097737843,0.235101036739635,0.999550560551813
"Ddi2",18.553397245443,0.559290127979877,0.471802358789587,1.18543308985301,0.23584625507754,0.999550560551813
"S100a13",197.646488924267,0.37910005475417,0.319976162441506,1.18477592787391,0.236106052670127,0.999550560551813
"Dlat",15.0041764469851,0.644407637928383,0.544952694804655,1.18250197507396,0.237006582299865,0.999550560551813
"Commd2",21.4484297378633,0.511890090356738,0.433010469858475,1.18216561951503,0.237139991467855,0.999550560551813
"Pdxdc1",25.4045590969222,0.50598379775164,0.428123073790301,1.18186528297112,0.237259159203549,0.999550560551813
"Zbtb20",413.104127064504,0.395914418202949,0.335132387451971,1.18136722389951,0.237456872672076,0.999550560551813
"Copg1",40.4305808088986,0.45548461627823,0.385674853755217,1.18100677771261,0.237600030821064,0.999550560551813
"Id3",450.605760667741,0.349133132132719,0.295718647555499,1.18062602753922,0.237751319290589,0.999550560551813
"Nr4a3",59.6134335455011,0.494455784647381,0.419037685558853,1.17997927558221,0.238008457655927,0.999550560551813
"Stim1",26.5351791770187,0.513507895743533,0.435450401488344,1.17925691189719,0.238295890130979,0.999550560551813
"Aff3",14.5481947330192,0.598200063331206,0.507734710346096,1.17817445043977,0.238727066058763,0.999550560551813
"Tacc2",19.3013673991429,0.572787217277181,0.487146998091831,1.17579954207006,0.239674989440252,0.999550560551813
"Emilin2",43.3388818683412,0.562242454427644,0.478503258460506,1.17500235262045,0.239993774575268,0.999550560551813
"Copa",86.0303870411949,0.35591977873563,0.303108980122234,1.17423039921846,0.240302752869609,0.999550560551813
"Ramp2",74.488021342276,0.391827642253998,0.333786945514158,1.17388546053063,0.240440906913501,0.999550560551813
"Slc25a25",23.1871285052461,0.58167412790523,0.495655348867752,1.17354554779642,0.240577102709573,0.999550560551813
"Wdcp",10.7733547381938,0.793561021800558,0.676238618688656,1.17349261025555,0.240598318545433,0.999550560551813
"Diaph1",31.2448147928402,0.4902774595274,0.418283426876211,1.17211782257033,0.241149755340448,0.999550560551813
"Adam17",32.0054356080855,0.474595569777802,0.405646265669526,1.16997396486437,0.242011446245361,0.999550560551813
"Fcgrt",127.564731886754,0.375414325017605,0.320974033052415,1.16960964551391,0.242158093934127,0.999550560551813
"Rad54l2",7.88015816475649,0.838881706865494,0.717421957650331,1.16930029520279,0.242282664271185,0.999550560551813
"Nav1",50.6024723793237,0.592695498039733,0.506905723753538,1.16924207059833,0.242306115411478,0.999550560551813
"Cmip",17.2290839982307,0.591719642207642,0.506272962095389,1.16877591044681,0.242493928430565,0.999550560551813
"Guca1a",11.6145444583436,0.6610203679617,0.565883966694793,1.16811998018353,0.242758371986857,0.999550560551813
"Gnpda2",14.0910022935122,0.602809510890424,0.516114013623765,1.16797741386239,0.24281587555907,0.999550560551813
"Pim1",313.181562693449,0.439273845033599,0.376288946177479,1.16738439833524,0.24305516883274,0.999550560551813
"Zmym5",46.8028466777876,0.419369678498558,0.359356840130201,1.1670006847417,0.243210093016345,0.999550560551813
"Ehd1",46.3442336397365,0.413750873454307,0.354581960164878,1.16686949686306,0.243263075977722,0.999550560551813
"Tomm34",24.729249926584,0.552770319167836,0.474766992018935,1.16429812615488,0.244303215688617,0.999550560551813
"Ms4a4d",52.0966915425566,0.520171976241996,0.447711067016238,1.1618474828167,0.245297422671679,0.999550560551813
"Wsb1",169.972538909186,0.312275668342364,0.268835672672585,1.16158568257674,0.245403800556847,0.999550560551813
"Slc16a1",26.0708241754502,0.500640696183615,0.431323159772295,1.16070905269245,0.245760239134521,0.999550560551813
"Arid5b",87.9717011412714,0.358019650042601,0.308657533537635,1.15992519586096,0.246079263388941,0.999550560551813
"Fnbp1",27.3808004627829,0.500978110117802,0.431931234215067,1.15985617717184,0.246107367412965,0.999550560551813
"Gls",150.480101392838,0.301199808751152,0.259828972791648,1.15922333647017,0.246365161502482,0.999550560551813
"Secisbp2",8.92714255447173,0.739066524670928,0.637679117814654,1.15899439706248,0.246458468895033,0.999550560551813
"Zfp609",15.3297739573941,0.594952380285197,0.513733472762732,1.15809541684269,0.246825100132346,0.999550560551813
"Myg1",13.234077066035,0.624341133418443,0.539487576044441,1.15728547077238,0.247155747595036,0.999550560551813
"Ski",81.1796563649184,0.490301915564073,0.424234523924254,1.15573318038495,0.24779031185573,0.999550560551813
"Ralbp1",77.0997732998941,0.361782093115765,0.313129560802824,1.1553750855978,0.247936859954223,0.999550560551813
"Ifi205",264.006474538582,1.18503454840148,1.02604519448356,1.15495355835466,0.248109445106936,0.999550560551813
"Hspb8",52.7123170588229,0.475895735487774,0.412051529010059,1.15494228751219,0.248114060861575,0.999550560551813
"Slc16a10",14.148167131474,0.664771123062759,0.576158144080179,1.15379975080288,0.24858227637723,0.999550560551813
"Sdc2",106.119112403326,0.32319271863614,0.280206350117077,1.15340968718625,0.24874226721841,0.999550560551813
"Fbln1",178.609206221287,0.462696883671415,0.401282277766432,1.15304589638701,0.248891546728366,0.999550560551813
"Sec24d",42.819085024233,0.408498017640423,0.354415057148485,1.15259780700931,0.249075503769001,0.999550560551813
"Dusp8",22.77860930461,0.59405451386808,0.515839946348051,1.15162565069603,0.249474936173255,0.999550560551813
"Slc12a4",20.1599068392508,0.536867038176077,0.466413102850145,1.15105479433447,0.249709693920548,0.999550560551813
"Kctd13",8.83766890747342,0.782664501115645,0.680092402256822,1.15082082746175,0.249805954536395,0.999550560551813
"Tbk1",16.574247959649,0.602742360513411,0.523935628606488,1.15041300420154,0.249973806580396,0.999550560551813
"Gt(ROSA)26Sor",24.9802455379889,0.532598870811833,0.463338687221093,1.14948068335526,0.250357827411343,0.999550560551813
"Eps8",13.1023343648891,0.644182806392379,0.56067929424525,1.14893275532769,0.250583709820695,0.999550560551813
"Mepce",21.3292647744195,0.508491094017008,0.442612065538086,1.14884146549153,0.250621357725713,0.999550560551813
"Ncbp1",10.3764411055483,0.694894471331085,0.604888191308492,1.14879820984419,0.250639197722318,0.999550560551813
"Zfp395",15.8729351076996,0.620086039305685,0.541804877526424,1.14448220203673,0.252423714859206,0.999550560551813
"Akr1c14",11.2617776828918,0.702892223059486,0.6142599179558,1.14429120721184,0.252502888586354,0.999550560551813
"Apoe",1002.48027994251,0.356364985956611,0.311559163633836,1.14381160162387,0.252701777394741,0.999550560551813
"Itgb5",80.4867645726258,0.423842679861135,0.370825691641485,1.14297010540172,0.253051003248614,0.999550560551813
"Npr1",11.6240359380726,0.745959843632365,0.653792108686386,1.14097407068918,0.253880713396743,0.999550560551813
"Prkag1",15.7575253038322,0.58654934466628,0.51410952478846,1.14090347753745,0.253910092132615,0.999550560551813
"Lpar1",97.6306229833301,0.455389049396053,0.399331687424995,1.14037794579371,0.25412887693944,0.999550560551813
"Arhgap10",18.1862988208046,0.650781506270438,0.570737041988849,1.1402475367687,0.254183188001693,0.999550560551813
"Manba",11.7288113911995,0.685578925102286,0.601352691254984,1.14006129027464,0.254260767534326,0.999550560551813
"Clec11a",51.4908497168301,0.528889066760496,0.464979592198494,1.13744576242546,0.255351985930442,0.999550560551813
"Sgpp1",29.1302518616669,0.527486521991083,0.463982623890748,1.13686697481863,0.25559389984328,0.999550560551813
"Zfp521",10.4792701537748,0.696019320540015,0.612637808352959,1.13610245898996,0.255913686037153,0.999550560551813
"Iigp1",65.2163572102272,1.32461961961952,1.16619758787082,1.1358449317649,0.256021468608843,0.999550560551813
"Cd47",240.465074408259,0.33662132621053,0.29662119142361,1.1348525862058,0.256437088720302,0.999550560551813
"Cish",17.2941108195895,0.616677533659,0.544242425802395,1.13309346060225,0.257175007248954,0.999550560551813
"Zfc3h1",38.8084124069762,0.426077291234946,0.376684844997243,1.13112406005627,0.258002878836056,0.999550560551813
"Mat2a",156.519733047081,0.338135871229629,0.299429027163316,1.12926884354869,0.258784439960606,0.999550560551813
"Baiap2",57.0294734391728,0.383385335423161,0.340722384906069,1.12521323049806,0.260498687985652,0.999550560551813
"Prpsap1",16.5790672178921,0.578321384012455,0.514573382746206,1.12388515108581,0.261061751452862,0.999550560551813
"Mmp2",575.822594530542,0.366132544909482,0.325813798671133,1.12374781670633,0.261120024844267,0.999550560551813
"Fcf1",18.7019278826288,0.525196580558021,0.467376578479177,1.12371180915181,0.26113530497081,0.999550560551813
"Tcea3",16.8767836877524,0.562648528674348,0.500814595684317,1.12346671507355,0.261239329253864,0.999550560551813
"Ext1",39.5103005948515,0.515983795363978,0.459432482372242,1.12308949663232,0.26139948651854,0.999550560551813
"Ly6e",143.280927041901,0.407811230434561,0.363221800976772,1.12276088422523,0.261539062220325,0.999550560551813
"Rasl11a",17.3888199615329,0.588369376143636,0.524067762413624,1.1226971364044,0.261566144603049,0.999550560551813
"Mapk7",11.0540360179093,0.674003024203503,0.600729099955168,1.12197498715112,0.261873075114449,0.999550560551813
"Faap20",11.1165664527088,0.659044471072248,0.58819358768529,1.12045504213294,0.262519900618798,0.999550560551813
"Pdhb",40.3897152624829,0.403569989289878,0.360617005474954,1.11910970132524,0.263093341607814,0.999550560551813
"Basp1",96.9445206916156,0.454256331444284,0.405975763266195,1.11892475498945,0.263172241082939,0.999550560551813
"Dmac1",20.3230715502998,0.505915085716524,0.452302577065927,1.11853239704797,0.263339677951275,0.999550560551813
"Fbxo4",13.7739789619505,0.579394893882227,0.518341674704978,1.11778566562682,0.263658545057364,0.999550560551813
"Mmp11",28.3387213049254,0.529538363447083,0.473766437194795,1.11772029817586,0.263686470752175,0.999550560551813
"Htatip2",16.8063149001306,0.577708088920395,0.5176985599737,1.11591596652257,0.264458106676014,0.999550560551813
"Ripk1",56.8313794482987,0.367594495773233,0.329747124305175,1.11477695688115,0.264946013388166,0.999550560551813
"Il4ra",31.5041284932305,0.550841635017092,0.494221436960299,1.1145644316949,0.265037119398236,0.999550560551813
"Cdr2",21.5448159186215,0.526180877379498,0.472109469044381,1.11453150567932,0.265051236164004,0.999550560551813
"Cd302",231.899365332169,0.322356314175061,0.289310130416244,1.11422408095863,0.265183067053585,0.999550560551813
"Grn",134.590006678184,0.351962737956745,0.315970324074013,1.11391074142235,0.265317480830957,0.999550560551813
"Nfyb",14.3150434451158,0.565619594927345,0.508777603428951,1.11172266844158,0.266257410172171,0.999550560551813
"Mpdu1",24.9587924766488,0.469977694527385,0.422834843790255,1.11149235080663,0.266356480739533,0.999550560551813
"Pltp",42.1079164459789,0.638151821099557,0.574928207908811,1.10996784002077,0.267012884992862,0.999550560551813
"Dnal4",15.0465831268544,0.571889465255847,0.51534042611746,1.10973142465151,0.267114777238737,0.999550560551813
"Nbl1",280.838938142704,0.276438220100355,0.249162933293483,1.10946767420957,0.267228482131083,0.999550560551813
"Olfml1",19.0389721223504,0.520331214752365,0.469097085196735,1.1092186056414,0.267335888102429,0.999550560551813
"Fech",25.4204601657672,0.476355212673347,0.429723597910113,1.10851536892556,0.267639305440701,0.999550560551813
"Cop1",48.0495337769354,0.390787068478219,0.35262807777213,1.10821313761279,0.267769778354715,0.999550560551813
"Carhsp1",43.7293990200167,0.394777449669036,0.356240337477063,1.10817728409112,0.267785259179237,0.999550560551813
"Hebp1",16.5240819902264,0.586848378637565,0.52971788778735,1.10785078655518,0.267926262508081,0.999550560551813
"Il11ra1",291.695563049357,0.302925113310623,0.273443816203676,1.1078148246914,0.267941796348894,0.999550560551813
"Ttc37",12.1119608634396,0.663381796309505,0.598974858817435,1.10752861584079,0.268065447229958,0.999550560551813
"Cryzl2",11.3971723617646,0.644329194018814,0.582165564739695,1.10677998329722,0.268389064514873,0.999550560551813
"Rnf145",25.1086794522462,0.468488702344227,0.423346654152636,1.10663140419037,0.268453323876775,0.999550560551813
"Lsp1",71.0529806544108,0.341870288637994,0.30948212577718,1.10465277366013,0.26931007434069,0.999550560551813
"Sec16a",20.6581924466782,0.5396879235706,0.489155751683525,1.10330487112368,0.269894791960952,0.999550560551813
"Vat1",93.8007685111145,0.365398150938958,0.331356955992731,1.1027327005834,0.270143261565819,0.999550560551813
"Upf3b",17.6791553132234,0.55325343142379,0.502334812505945,1.10136390640305,0.270738307678834,0.999550560551813
"Clec2d",64.5835361706586,0.351586566240022,0.319446107583413,1.1006130858809,0.27106508777506,0.999550560551813
"Sar1a",151.071008354201,0.286501690629793,0.260532354872425,1.09967796809761,0.271472457446782,0.999550560551813
"Fkbp11",52.5037449809208,0.463942296615893,0.422326506139132,1.09853937622151,0.271969033327707,0.999550560551813
"C1galt1",33.7762098057913,0.482957452146385,0.440072597285004,1.09744950066411,0.272444944662431,0.999550560551813
"Cpne8",38.2237395592943,0.426050099574905,0.388241211929456,1.09738504435825,0.272473108361402,0.999550560551813
"Mafb",110.979087616171,0.448213855462051,0.408808896108268,1.09638968165543,0.272908277555911,0.999550560551813
"Dip2a",9.18281430673275,0.681602227239065,0.621807097645334,1.09616347227326,0.273007241790822,0.999550560551813
"Fbxo28",12.1479113768633,0.604558679885164,0.552045952921607,1.09512383287232,0.273462388749,0.999550560551813
"Copb1",59.0475176729207,0.35899775914553,0.327887307107059,1.09488153815089,0.273568538203537,0.999550560551813
"1110059E24Rik",13.8784584563289,0.586432095186829,0.538302058612348,1.08941083505895,0.275972755459965,0.999550560551813
"Ago2",50.8114360732895,0.35764527141188,0.32846975325016,1.08882254111081,0.276232149372646,0.999550560551813
"Mcu",13.8925995942773,0.615161585520991,0.56527365184501,1.08825448260882,0.276482778687382,0.999550560551813
"Etnk1",36.3284823607772,0.393689065749244,0.361872696216203,1.08792144272203,0.276629789068467,0.999550560551813
"Lrrk1",15.514063256517,0.583693889732518,0.537011422702105,1.08693011928037,0.277067694115988,0.999550560551813
"Fam20b",12.4407317327982,0.640768949390083,0.589909366809112,1.08621592644998,0.277383472667203,0.999550560551813
"Dcaf13",22.4457304175903,0.498545342337107,0.460315787182235,1.08305071479058,0.278785913161595,0.999550560551813
"Arid5a",46.7921539985326,0.419001442907479,0.387466630767278,1.0813871689486,0.279524926818221,0.999550560551813
"Nagk",29.0831520579318,0.427307911555101,0.395376349486293,1.08076244851341,0.279802796303219,0.999550560551813
"Hivep2",85.9470084630836,0.363320461069363,0.336193489977303,1.08068856744933,0.279835670280926,0.999550560551813
"Cryl1",7.96932378761055,0.732168277179275,0.678644941124467,1.07886795113528,0.280646597641594,0.999550560551813
"Il13ra1",40.9860826775356,0.412130012286601,0.382006711157318,1.07885542386944,0.280652182979385,0.999550560551813
"1810030O07Rik",19.0857809276211,0.517540725325727,0.48022764935419,1.07769872480628,0.28116822774887,0.999550560551813
"Tbcel",11.7755352072312,0.612668851424297,0.568855156573639,1.07702082743621,0.28147096113722,0.999550560551813
"Yme1l1",43.5009392719887,0.414745996832986,0.385286236414081,1.07646201092749,0.281720682008109,0.999550560551813
"Golga3",43.9628039858047,0.583738819727309,0.542506026967923,1.07600430356477,0.281925331716544,0.999550560551813
"Galnt16",20.0561418548341,0.559891841767987,0.520369286535239,1.07595097607682,0.2819491820125,0.999550560551813
"Dnajc14",14.4321329349813,0.593602802909406,0.552506184310707,1.07438218750433,0.282651422601491,0.999550560551813
"Slc8b1",12.3365680698762,0.59502449212144,0.554068793882507,1.07391807423758,0.282859401791927,0.999550560551813
"Ptp4a2",151.367074050529,0.285727320201172,0.266099893511735,1.07375961872969,0.282930432874218,0.999550560551813
"Eng",33.9708402107404,0.420454130230725,0.392143886000095,1.07219351172193,0.283633124059588,0.999550560551813
"Alas1",23.5669948823511,0.525569053582845,0.490337475034638,1.07185169468379,0.283786649768061,0.999550560551813
"Tmem135",12.0183962678353,0.615150794608205,0.575194198163532,1.06946627169093,0.284859619030663,0.999550560551813
"Phf13",19.2042491140281,0.566860261688415,0.530411883749826,1.06871712164688,0.285197154099317,0.999550560551813
"Ftl1",1566.1058992954,0.26109976282735,0.244504597293943,1.06787261146446,0.285577978540299,0.999550560551813
"Slco3a1",23.5390785314698,0.478679089500812,0.448282355794848,1.06780711601301,0.285607527494634,0.999550560551813
"Larp4",49.0071664434773,0.360972578479645,0.338385423707847,1.06674978645445,0.286084838714931,0.999550560551813
"Nov",17.526471733099,0.645894914543895,0.605562073771634,1.0666039742566,0.286150705107915,0.999550560551813
"Itm2b",808.24083671367,0.274459054330202,0.257702719528692,1.06502195565556,0.286865994303014,0.999550560551813
"3632451O06Rik",15.0509627131536,0.613666246602369,0.576406181139624,1.06464202966921,0.287037952520005,0.999550560551813
"Mfge8",107.659835787976,0.311160821549881,0.292327624945651,1.06442496362679,0.287136229961556,0.999550560551813
"H6pd",15.1308501889665,0.605808765402887,0.570130696310608,1.06257875487701,0.287973025745124,0.999550560551813
"Usp33",20.3747365531694,0.507165102562549,0.477437831622826,1.06226417131353,0.288115774868671,0.999550560551813
"Tm2d2",77.1796177219675,0.332604448851042,0.313218744336716,1.06189190418785,0.288284760796696,0.999550560551813
"B830012L14Rik",19.0101009198464,0.583724108052016,0.54984613385606,1.06161355351973,0.288411158199499,0.999550560551813
"Cnppd1",24.2990524295571,0.461721360589927,0.435751562241133,1.05959771713778,0.28932765261851,0.999550560551813
"Psap",458.43268095858,0.298945669695147,0.28257354057593,1.05793935655068,0.290083090872074,0.999550560551813
"Fuom",14.7015275424057,0.533522037498343,0.5054154143808,1.05561093373454,0.291146003556706,0.999550560551813
"Sh3bp4",7.97411266083394,0.716550973715913,0.678821127679075,1.05558142564867,0.291159490625013,0.999550560551813
"Mia3",57.642122587575,0.398867112952593,0.377908677155286,1.05545899595392,0.291215453254338,0.999550560551813
"Cdon",31.7741564556991,0.501912321611005,0.476115708978591,1.05418139361072,0.29179987697237,0.999550560551813
"Ebf2",22.0599463410783,0.707818642571898,0.67158249269055,1.05395636466963,0.291902895316179,0.999550560551813
"Tapbpl",18.3970100896155,0.694694089771507,0.659482910159407,1.05339210322158,0.292161321903216,0.999550560551813
"Parp9",12.0381965879066,0.58713445019992,0.557666652295115,1.05284124088024,0.29241376004356,0.999550560551813
"Myadm",78.0256842938359,0.36475055076683,0.34646859878215,1.05276654810549,0.292448000024384,0.999550560551813
"Mageh1",19.7778923434376,0.508157463808522,0.48307277410569,1.05192735142085,0.292832881990444,0.999550560551813
"Slc6a8",28.1040429773105,0.486342835910305,0.462494040663685,1.05156562712115,0.292998884951802,0.999550560551813
"Rdh14",13.1872646687743,0.698963213400106,0.66574183829397,1.04990128784946,0.293763499424747,0.999550560551813
"Usp9x",66.2150288334486,0.363615676066635,0.346338255587026,1.04988597188123,0.293770541946358,0.999550560551813
"Trim25",13.6368918088619,0.605529736320158,0.577001763901601,1.04944174212858,0.293974855007582,0.999550560551813
"B2m",976.400479604901,0.317163297979955,0.302497952702498,1.04848080837056,0.294417139909569,0.999550560551813
"Hfe",24.8225698326252,0.494713839352198,0.472426727496309,1.04717580644517,0.295018501480135,0.999550560551813
"Sestd1",10.5940149995734,0.658970680825026,0.629472098051081,1.04686241513369,0.29516303865568,0.999550560551813
"Mpp1",14.6350697858715,0.62577881061498,0.598209557324222,1.04608628022273,0.295521198983411,0.999550560551813
"Ubl4a",19.8116927354451,0.482221683388834,0.461726929400122,1.04438717493766,0.296306294854218,0.999550560551813
"Gm2000",46.3879508035099,0.359498244212924,0.344369799498963,1.04393081140092,0.29651740169679,0.999550560551813
"Poglut1",10.1003927447845,0.612824706754184,0.587309766999481,1.04344375181271,0.296742819041776,0.999550560551813
"Antxr1",112.401875348399,0.308311835601495,0.295490981422881,1.04338830957506,0.296768485675675,0.999550560551813
"Med7",15.0096605760244,0.527177058172889,0.505650345851805,1.04257232788958,0.297146410987223,0.999550560551813
"Nqo2",9.35976623974435,0.691830628103484,0.663897092085313,1.0420750992152,0.297376862230935,0.999550560551813
"Dtx3",49.4377760040322,0.355921534812517,0.342655547098377,1.03871522824153,0.298937196713708,0.999550560551813
"Dip2b",13.6630050215222,0.549682840651605,0.529511407840378,1.03809442537508,0.299226096521642,0.999550560551813
"Ier5",310.911759180918,0.376752876816785,0.362994359173557,1.03790284145063,0.299315290544264,0.999550560551813
"Tmem159",38.3985482502434,0.380547362372382,0.366853269189903,1.03732852977627,0.299582774003163,0.999550560551813
"Cdkn1b",41.9114905114119,0.383401125018555,0.369904595085452,1.03648651601634,0.299975226852186,0.999550560551813
"Fam102a",24.1840500369196,0.49722337214447,0.479792210862597,1.03633064665751,0.30004791333867,0.999550560551813
"Pxdc1",80.1012902110268,0.310154757477162,0.299714900635653,1.03483262533617,0.300747083668438,0.999550560551813
"Smim14",88.0375212925557,0.317335422673241,0.306868146689653,1.03411001140556,0.301084736516722,0.999550560551813
"Bin1",34.7570987725198,0.399220288197721,0.386119693150742,1.03392884455097,0.301169429183059,0.999550560551813
"Rpe",13.4983477826954,0.536317824719133,0.51882267690139,1.03372086186022,0.301266677394657,0.999550560551813
"Heg1",45.6597436787337,0.556855660248768,0.538701398675994,1.03370004536352,0.301276411889819,0.999550560551813
"Snx2",31.7558935617734,0.417390678414071,0.403993245955907,1.03316251593876,0.301527851299443,0.999550560551813
"Il1rl2",26.1193116258052,0.564400753140069,0.546523679139579,1.03271052048218,0.301739388706966,0.999550560551813
"Arhgap6",10.6564910135331,0.605404725945458,0.587440061907978,1.03058127152433,0.302737222404515,0.999550560551813
"Micu3",12.6012503685775,0.573327757551594,0.556751570213567,1.0297730410202,0.303116558822444,0.999550560551813
"Prss23",123.640191792232,0.468790144488466,0.455480807087773,1.02922041322836,0.303376111997888,0.999550560551813
"S100a16",101.008588525458,0.304714564677559,0.29635869863914,1.02819510976661,0.303858058313105,0.999550560551813
"Ext2",35.7478950549458,0.392595611460956,0.381946747423188,1.02788049409927,0.304006046074443,0.999550560551813
"Inpp5a",20.0684182936388,0.519078983444404,0.505376949191943,1.02711250339844,0.304367491746678,0.999550560551813
"Angptl1",43.6461798562002,0.551825450221798,0.537491014871294,1.02666916274672,0.304576274592441,0.999550560551813
"Abr",16.0177159897017,0.519204735484593,0.505942021778045,1.02621390028039,0.304790770710534,0.999550560551813
"Mcub",16.3040734539442,0.59383636025636,0.579987632950328,1.02387762517553,0.305893079717003,0.999550560551813
"Igf1r",53.7117437572202,0.354571163227889,0.346326302972312,1.02380662451802,0.30592662081312,0.999550560551813
"Ubl7",13.5285622197085,0.535499135593913,0.523438292984868,1.02304157485359,0.306288189112544,0.999550560551813
"Eya4",10.4511714827136,0.652283956695906,0.638578113249476,1.02146306483429,0.30703509964188,0.999550560551813
"Adgrd1",50.6639880598057,0.534766139164687,0.523701407496921,1.02112793952694,0.307193827461621,0.999550560551813
"Vps4b",22.1944380078866,0.451253175632187,0.44216021802648,1.02056484784247,0.307460650972768,0.999550560551813
"Zfp513",9.18852506743724,0.646140347077335,0.633952914646872,1.01922450729208,0.308096394406861,0.999550560551813
"Slc11a2",18.5713192347212,0.572069115529989,0.561397697465313,1.01900866019376,0.30819885513865,0.999550560551813
"Kdsr",27.2214075633057,0.481890069857085,0.473164383201868,1.01844113159188,0.30846836354681,0.999550560551813
"Nrm",7.75898185079183,0.717226513689274,0.704804581752428,1.01762464697088,0.308856369717563,0.999550560551813
"Scn7a",47.0160234706921,0.510925327312482,0.503039363807799,1.01567663302726,0.309783398888195,0.999550560551813
"Camk1",43.275756106908,0.35368742254194,0.348618717735413,1.01453939375215,0.310325441937707,0.999550560551813
"Dimt1",11.8863050550965,0.563246368438387,0.55520584056712,1.01448206644054,0.310352782456024,0.999550560551813
"Fstl1",843.439991970586,0.320360320648673,0.316125125594745,1.01339721113898,0.310870470975499,0.999550560551813
"Prmt3",10.2353492923286,0.656912882161534,0.64849238966082,1.01298472061502,0.311067459192378,0.999550560551813
"Vstm4",22.7751333645144,0.505350619914258,0.499186893492403,1.01234753256187,0.311371915362013,0.999550560551813
"Hipk3",44.378253347818,0.363695876644508,0.359414794189962,1.01191125831143,0.311580485786465,0.999550560551813
"Rerg",7.20519219295568,0.746784961272618,0.738188339910122,1.01164556644656,0.311707550702294,0.999550560551813
"Tep1",7.6970216339375,0.730127975070314,0.721733290558206,1.01163128349756,0.311714382370864,0.999550560551813
"Tshz1",16.5979729712589,0.488382632907305,0.483564088988182,1.00996464383699,0.31251222956028,0.999550560551813
"Ube2g1",27.8336938906765,0.40425586445349,0.40043077489136,1.0095524365308,0.312709767148414,0.999550560551813
"Ipo4",15.6210419116515,0.518389685566939,0.513544676056224,1.00943444599197,0.312766325596639,0.999550560551813
"Btg2",285.886721204737,0.311929011694898,0.309073252002192,1.00923975036405,0.312859667153061,0.999550560551813
"Isyna1",16.8444010884124,0.504402197891258,0.499792984717099,1.00922224463948,0.312868060698327,0.999550560551813
"Lta4h",20.8936937343743,0.451184477348983,0.447263053909614,1.00876759974939,0.31308610318219,0.999550560551813
"Ankrd39",12.5244084846795,0.595407393052383,0.591102050221804,1.00728358636036,0.313798515111593,0.999550560551813
"Slc16a3",13.5512872670421,0.660857364128524,0.65668573692287,1.00635254730094,0.314246011545459,0.999550560551813
"Agtr1a",10.2811491695043,0.6492958570573,0.645299767271639,1.00619260999048,0.314322926346166,0.999550560551813
"1810058I24Rik",98.2201972677119,0.294504361910923,0.292979029461072,1.00520628542137,0.314797529237575,0.999550560551813
"Pcf11",68.4033454550118,0.315202960065085,0.314118861947169,1.00345123534192,0.315643194144298,0.999550560551813
"Ugcg",88.0475749346572,0.335972624959749,0.334886514276112,1.00324322012782,0.315743524373698,0.999550560551813
"Irak3",25.6749147109823,0.573321169148711,0.571609255497811,1.00299490190971,0.315863321031036,0.999550560551813
"Mvb12a",36.8623923087708,0.376352580402868,0.375768176904939,1.00155522349642,0.316558456009703,0.999550560551813
"Eed",17.2398191676423,0.475706531960497,0.475593674449051,1.00023729817596,0.317195683065259,0.999550560551813
"Lims2",8.74550190444854,0.650990054714456,0.651006871903656,0.999974167416772,0.317323009482146,0.999550560551813
"Wnk1",126.104648702076,0.295532192784929,0.295573131544102,0.999861493637942,0.317377541474439,0.999550560551813
"Lag3",10.4484319958734,0.601017661746904,0.60203588593863,0.998308698508664,0.318129690914497,0.999550560551813
"Bin3",11.6021165440643,0.569117109420557,0.570244769053519,0.998022498944034,0.318268448817837,0.999550560551813
"Mylip",45.9974199741279,0.354610518002868,0.355450040354676,0.997638142477154,0.318454858416149,0.999550560551813
"Gxylt2",87.6831124317852,0.344579471098997,0.345539885756752,0.997220538938213,0.318657473595846,0.999550560551813
"Atp6v1e1",58.9999797378569,0.323499518947971,0.32503736078085,0.995268722865627,0.31960558546553,0.999550560551813
"Junb",1452.30031481587,0.306959791357259,0.308650038517662,0.994523742266419,0.319967952486048,0.999550560551813
"Abi3bp",131.462264489965,0.357018080526472,0.359087419965513,0.994237226580536,0.320107388478166,0.999550560551813
"Trib1",113.27778329123,0.315156800443403,0.317922135764887,0.991301847180817,0.321538211298738,0.999550560551813
"Idnk",21.3296194132272,0.443807281940704,0.447820695092582,0.991037901562258,0.32166707340372,0.999550560551813
"Fxr2",21.8685947283952,0.446406127957079,0.450552630339885,0.990796852346244,0.321784786603048,0.999550560551813
"Ptx3",172.973956333445,0.960427173422157,0.969643157381871,0.990495489098692,0.321931992912595,0.999550560551813
"Ergic1",31.918838299753,0.423420589568604,0.427829259703057,0.989695258015983,0.32232309349144,0.999550560551813
"Cpz",123.264104308842,0.538510989428996,0.545208024507907,0.987716550788197,0.323291486452277,0.999550560551813
"Gnptab",9.56739773449415,0.602183434087785,0.610087112464314,0.987045000271184,0.323620578500075,0.999550560551813
"Peli1",71.2046274952506,0.316566301528914,0.321105066735029,0.98586517101002,0.324199280023379,0.999550560551813
"Nop10",85.3349265448447,0.301760896678659,0.306323064175765,0.985106679742248,0.324571672624957,0.999550560551813
"Zfp608",13.9064777376188,0.525722682660486,0.534022058584577,0.984458739502096,0.324890009005564,0.999550560551813
"Ibtk",14.8130968214103,0.51025921262142,0.518361917314558,0.984368634302622,0.324934294242283,0.999550560551813
"Ifitm2",714.054140220338,0.226630899786127,0.230334618282852,0.983920269891098,0.325154716446248,0.999550560551813
"Socs1",79.3690591546243,0.449401123866989,0.456874893196117,0.983641540735924,0.325291792615704,0.999550560551813
"Scrib",9.5197489667383,0.600874720921702,0.61179263169485,0.982154229705413,0.326023872477542,0.999550560551813
"Acvr2a",14.2797159694994,0.553689851843535,0.564757714469129,0.980402458714533,0.326887496571928,0.999550560551813
"Bicc1",83.9790795073459,0.347554963582436,0.355158934171199,0.978589949858622,0.327782627062734,0.999550560551813
"Aff1",40.6815625705506,0.356962785960856,0.365226376277372,0.97737405934165,0.328384000599638,0.999550560551813
"Panx1",14.8955198695881,0.558900720851357,0.572729083879286,0.975855315511018,0.32913616834447,0.999550560551813
"Mtmr9",8.58290214695624,0.655769108722243,0.672414413373961,0.975245467199019,0.329438513607964,0.999550560551813
"Fam216a",13.4918925224512,0.5326633486991,0.546651379370438,0.974411423442401,0.329852299745339,0.999550560551813
"Sdcbp",126.121322265393,0.268844497588133,0.276024914698583,0.973986344246167,0.330063319638617,0.999550560551813
"Gpatch11",9.65111296634645,0.593595912897683,0.61015402020566,0.972862413817422,0.330621687651424,0.999550560551813
"Colec12",48.7836008850134,0.371284163463314,0.381810284508007,0.972431017518931,0.33083616732755,0.999550560551813
"Vti1a",9.17191830640369,0.634832524352649,0.65304002704336,0.972118856522248,0.330991422252075,0.999550560551813
"Abhd5",33.2540551981369,0.373308347955292,0.384058194245276,0.972009850457404,0.331045648095736,0.999550560551813
"Tra2a",173.666984834311,0.27637982410214,0.284457444516052,0.971603413552227,0.331247883681519,0.999550560551813
"Inafm1",16.2603684595516,0.507554643185341,0.522833886656942,0.970776103344606,0.331659784915339,0.999550560551813
"Pik3r4",8.22001046866982,0.671849413119602,0.693899107893057,0.968223485917994,0.33293276793379,0.999550560551813
"Il17ra",48.4315489979777,0.377911085382042,0.390894560982243,0.966785223187613,0.333651412959896,0.999550560551813
"Ulk1",20.8486268701637,0.438077540843581,0.453296551959183,0.966425927905641,0.333831095214811,0.999550560551813
"Ipo5",27.9340333480591,0.431281335409773,0.446326835821408,0.966290397072034,0.3338988898976,0.999550560551813
"Ppa1",74.7937285576994,0.314073914459852,0.325053696830389,0.966221635140284,0.333933289106851,0.999550560551813
"Tmem150a",18.6303996215451,0.447970321149577,0.463878574335566,0.965705997073102,0.334191317775819,0.999550560551813
"Pcgf5",20.2704453621847,0.448532381008257,0.464624279262849,0.965365782691936,0.334361633654273,0.999550560551813
"Sgpl1",34.4489902368139,0.353064305675571,0.366224271719374,0.964065827799948,0.33501292377338,0.999550560551813
"March2",33.5310848761728,0.371590125153515,0.386299054578178,0.961923465122832,0.336088050525575,0.999550560551813
"Ripk3",13.9817496717042,0.56301545747836,0.585803636584773,0.961099287059283,0.336502248138209,0.999550560551813
"Thbs3",41.6324382786279,0.441203336517898,0.459175181162985,0.960860592248108,0.336622267517067,0.999550560551813
"Lysmd3",39.721435192777,0.342540779472313,0.357087071234835,0.959264020082778,0.337425756148706,0.999550560551813
"Rab30",12.4755072661962,0.54268105838049,0.565885111765049,0.958995115965883,0.337561205632336,0.999550560551813
"Trmt6",8.53379688457697,0.670286541301374,0.699437166041585,0.958322739832104,0.337900040571145,0.999550560551813
"Serinc3",95.0056470476612,0.309601778887423,0.323088884326537,0.958255742944461,0.33793381471981,0.999550560551813
"Pnp2",10.9280108221092,0.584715073690299,0.610516440781252,0.957738456546828,0.338194659653408,0.999550560551813
"Src",12.4937924115849,0.549100574189751,0.573428099816616,0.957575281653192,0.338276968442924,0.999550560551813
"Qtrt1",12.7295511114074,0.520180957392552,0.543826350964061,0.95652032394239,0.338809421296403,0.999550560551813
"Get4",15.4842034583115,0.491034557133722,0.513852405859673,0.955594547255691,0.339277117421974,0.999550560551813
"Zfp87",8.25292705772563,0.641628484988348,0.672694147903353,0.953819037950858,0.340175250902132,0.999550560551813
"Sostdc1",272.611470724823,1.05049368877267,1.10160655871807,0.953601519942951,0.340285386095434,0.999550560551813
"Parp3",31.3960825536879,0.397346687958781,0.417412427849084,0.951928264345885,0.341133364045985,0.999550560551813
"Errfi1",444.751111111914,0.243043596926253,0.255989094914696,0.949429494280776,0.342402215460705,0.999550560551813
"Slc38a10",58.2059115403884,0.331138960762455,0.349195927269547,0.948289870823281,0.342981906041476,0.999550560551813
"Wbp1l",20.9503338624862,0.423214465542819,0.44642055357844,0.948017429194053,0.343120581359816,0.999550560551813
"Elovl5",21.2761355093554,0.420969530320875,0.444225449984463,0.947648385151277,0.343308485329139,0.999550560551813
"Tpst2",14.1225938353774,0.503981417507141,0.533366728179889,0.944905992218477,0.344706872047428,0.999550560551813
"Ubap1",16.0989993365065,0.472354882122476,0.499930143164259,0.944841771557826,0.344739662595224,0.999550560551813
"Rrs1",18.5602641274693,0.452203437801453,0.478950939388828,0.944153984494724,0.345090965846128,0.999550560551813
"Csrnp1",109.066727659754,0.361248874790103,0.383846251829687,0.941129092880632,0.34663870821112,0.999550560551813
"Nod1",11.2486613458458,0.543005415243016,0.577229729813992,0.940709369591887,0.346853816120107,0.999550560551813
"Pacsin2",12.8013786842574,0.517409963936504,0.550305151489104,0.940223733207681,0.347102810454384,0.999550560551813
"Clptm1",27.5343843530803,0.4046969704734,0.430731926917006,0.939556473953642,0.347445111499552,0.999550560551813
"Zdhhc5",20.3908831715191,0.464906108233264,0.494884946849297,0.939422609624935,0.347513809161263,0.999550560551813
"2610507B11Rik",25.900695767848,0.395540776671292,0.421242458380819,0.938986013403492,0.347737925450743,0.999550560551813
"Hoxc4",14.657855823958,0.514111849388267,0.54778838854205,0.938522721806108,0.347975845673923,0.999550560551813
"Ubr3",22.9322451742225,0.444516512916244,0.474248663773272,0.937306832621374,0.34860074933944,0.999550560551813
"Ncoa1",29.971865931454,0.365478191989716,0.39059110474206,0.935705364388858,0.349424907892959,0.999550560551813
"Nfix",235.319042337768,0.295961280290088,0.316328398470978,0.935614006585128,0.349471960337912,0.999550560551813
"Kdelr2",216.818479076,0.258163772863986,0.276023756196178,0.935295484786105,0.349636041594424,0.999550560551813
"Eri3",30.0845780814701,0.3580210028875,0.383149811380141,0.934415187620413,0.350089766433163,0.999550560551813
"Nrp2",31.9033360644724,0.366740969144499,0.392966092819853,0.933263647539748,0.350683859590369,0.999550560551813
"Pramef8",8.16983080482814,0.624370584638176,0.669346110589262,0.932806771803767,0.350919744198391,0.999550560551813
"Chpt1",36.2033743591918,0.386976739071091,0.415235685402759,0.931944803095961,0.351365051810693,0.999550560551813
"Ets2",71.9784678293913,0.310461903879757,0.333590102620518,0.930668810138319,0.352024908318606,0.999550560551813
"Tmem147",50.3995219976567,0.314732975480104,0.338671204252598,0.929317200659789,0.352724723665198,0.999550560551813
"Pgm3",18.4920180553194,0.447555883741267,0.481889763934489,0.928751588510834,0.353017838595731,0.999550560551813
"Zfhx4",42.0994986018776,0.432420601246136,0.465720515440708,0.928498073220889,0.353149266802358,0.999550560551813
"Add3",76.0002067901694,0.292686112387555,0.315334530870512,0.928176535502046,0.353316003920562,0.999550560551813
"Col1a2",7616.35239394433,0.351328167498096,0.378957997468178,0.927089993733666,0.353879811005889,0.999550560551813
"Wrn",11.7404243686535,0.526898378491356,0.569285719450161,0.925542940020093,0.354683558458275,0.999550560551813
"Pink1",33.5744220878397,0.359455750700594,0.388513418583458,0.925208071348451,0.354857685849261,0.999550560551813
"Trak2",17.2786325690548,0.448116056886328,0.484698199572706,0.924525936513428,0.355212554066207,0.999550560551813
"Zim1",10.3666016877557,0.717782295683029,0.776724038240486,0.924114949897807,0.3554264704383,0.999550560551813
"Amotl2",48.5740784447096,0.371781795607074,0.402490356755555,0.923703610203187,0.355640651951527,0.999550560551813
"Aars",22.268706940725,0.395780664259259,0.428516385497712,0.923606838976692,0.355691051835023,0.999550560551813
"Zbtb21",13.9391609503683,0.47953918310721,0.519317731468961,0.923402291215376,0.355797598153524,0.999550560551813
"Tspan11",50.4167203535769,0.365103847683486,0.395453233790557,0.923254171381627,0.355874764448606,0.999550560551813
"Drosha",11.5103338907119,0.563952783309774,0.612361945504022,0.920946814952057,0.357078195180235,0.999550560551813
"Stat5b",21.6581327357469,0.436756479999217,0.474259510298671,0.920922976798427,0.357090641630922,0.999550560551813
"Dnajc13",21.045373851159,0.410913932190739,0.446397085105139,0.920512131242877,0.357305196521501,0.999550560551813
"Gk5",21.4768578667384,0.465103983856209,0.505451990308251,0.920174403849046,0.357481627867203,0.999550560551813
"Tcf7l2",60.6821116722485,0.347212328254895,0.377387196850869,0.920042680706263,0.357550455898889,0.999550560551813
"Zbtb4",25.9383327605781,0.390148954343997,0.424078913594874,0.919991402158489,0.357577252242928,0.999550560551813
"Slc38a2",367.972325125692,0.324104155500896,0.352435150453689,0.919613594397942,0.357774720100532,0.999550560551813
"Ugp2",66.783979050429,0.33818395409237,0.368216600655303,0.918437554120361,0.35838983741992,0.999550560551813
"Prnp",181.553189433958,0.326149052211644,0.355132609364907,0.918386663491436,0.358416470313313,0.999550560551813
"Elf4",11.3624976031407,0.510775575375235,0.556207220013411,0.918318851313938,0.358451960795096,0.999550560551813
"Zzef1",17.8233194627206,0.492437033616468,0.536673815797355,0.917572311376579,0.358842819338742,0.999550560551813
"Cd99l2",17.0319229373037,0.452902019149414,0.493635290282516,0.917483065058437,0.358889563076006,0.999550560551813
"Vegfa",66.611897981291,0.348609955038778,0.379972672466453,0.917460597300076,0.358901331413792,0.999550560551813
"Tmem140",28.0298020904777,0.453260915416866,0.494197280016837,0.917165945149321,0.359055689067837,0.999550560551813
"Abhd11",16.3415231331202,0.441381039233509,0.482006598051677,0.915715762019896,0.359815995717164,0.999550560551813
"Ccdc80",292.607547596584,0.270182523957065,0.295211786237524,0.915215911263376,0.360078293219208,0.999550560551813
"Zmynd11",42.6872312863942,0.33101402752485,0.361702969163136,0.915154299923799,0.360110632179237,0.999550560551813
"Apbb2",45.1074355895731,0.385917187726747,0.421785464928315,0.91496085051754,0.360212183010733,0.999550560551813
"Tmem45a",34.363564228109,0.362570816750874,0.396344375659153,0.914787339035377,0.360303282766134,0.999550560551813
"Ctso",24.0075028000765,0.41988022285909,0.458995671984771,0.914780353033526,0.360306950970674,0.999550560551813
"Srsf2",204.873707904964,0.248976476982828,0.272257535570649,0.914488836685365,0.360460041051671,0.999550560551813
"Selenop",279.526498640501,0.432720872518652,0.473784265699177,0.913328921719411,0.361069575761037,0.999550560551813
"Oasl2",14.4163208631536,0.50273340296238,0.552312783087794,0.910233147514289,0.362699566404131,0.999550560551813
"Ube4b",20.9341082498069,0.400644551155336,0.440587093136816,0.909342460086372,0.363169384351288,0.999550560551813
"Retreg2",24.6160432079957,0.385278161010193,0.423764944090857,0.909178936065054,0.363255681023578,0.999550560551813
"Ctsk",937.205407127665,0.279662117670819,0.307682939761825,0.908929555494055,0.363387311550997,0.999550560551813
"Dnajc10",34.1350042699105,0.382181524930044,0.420677491393103,0.908490548577779,0.363619105038269,0.999550560551813
"Lgals3bp",45.0806322778662,0.429024608347676,0.472436845533289,0.90810996729815,0.363820124903304,0.999550560551813
"Rps12",1464.7231914901,0.200750205019298,0.221223895776238,0.907452625381622,0.36416749108674,0.999550560551813
"Nab1",27.4240832730042,0.420509218364836,0.463431541183819,0.907381524551956,0.364205076077135,0.999550560551813
"Klf11",13.5289859068863,0.489174080934976,0.539928942890025,0.905997145321793,0.364937363409124,0.999550560551813
"Tgm2",20.0430568090092,0.463679487515992,0.512072076741709,0.90549652788405,0.365202398488319,0.999550560551813
"Atg2a",16.9281215242908,0.443687485902794,0.490091085491226,0.905316376971188,0.365297802738581,0.999550560551813
"Yif1a",42.4949755397762,0.330908943971294,0.36574738936829,0.904747247937524,0.365599304101088,0.999550560551813
"Ccdc88a",37.5928682192229,0.345575950359893,0.382158828335154,0.904273105152034,0.365850604197313,0.999550560551813
"Mpg",20.1476722976789,0.449370726493457,0.497305042305885,0.90361184437188,0.366201258529947,0.999550560551813
"Cdc27",16.5999623104246,0.436535197044833,0.483336987338156,0.903169441777938,0.366435973440802,0.999550560551813
"Slc30a5",24.8382197912867,0.424568785062994,0.470223469257782,0.902908537791933,0.366574438970032,0.999550560551813
"Esr1",22.4586196325582,0.421796598381699,0.467216780841663,0.902785635442842,0.366639676332355,0.999550560551813
"Has2",33.4261233057394,0.367237364276203,0.406955523592937,0.902401719563678,0.366843507988215,0.999550560551813
"Slc25a30",8.4657107768843,0.610503697411531,0.677233957625566,0.901466458581024,0.367340359745347,0.999550560551813
"Tubb6",69.083915912152,0.283480738999047,0.314494375351309,0.90138572011783,0.36738327121857,0.999550560551813
"AW551984",9.54314428156205,0.597376019156391,0.662881135953514,0.901181202414369,0.367491983769291,0.999550560551813
"Man1a2",50.6846408185016,0.31726806983968,0.352392955802909,0.900324664881002,0.367947498864697,0.999550560551813
"Klhl22",11.4449928693271,0.502359204665347,0.557978521133984,0.900319968669044,0.367949997325161,0.999550560551813
"Tmem173",19.3150590028263,0.446798391519042,0.496437627046625,0.900009119327047,0.368115397676602,0.999550560551813
"Atp2b4",37.6910933446019,0.331501534969644,0.368530899880822,0.899521682108197,0.368374852152618,0.999550560551813
"Dlgap4",55.3536270482733,0.31323875106926,0.348408538454285,0.899055897019469,0.368622887887206,0.999550560551813
"St5",18.0640539936201,0.439995125859456,0.489490279722718,0.898884296760092,0.368714293119977,0.999550560551813
"Golga2",14.5075820518715,0.472560924716563,0.52575539371605,0.898822780260022,0.368747064161274,0.999550560551813
"Toe1",6.51347168807341,0.702359614182079,0.781580100156087,0.898640605155905,0.368844123026693,0.999550560551813
"Phtf1",11.4747993649563,0.520208010142705,0.579001835742289,0.898456581706327,0.368942182783145,0.999550560551813
"Tnks1bp1",19.7001367067508,0.411158261070657,0.45765150846307,0.898409059005288,0.368967508627605,0.999550560551813
"Tppp3",94.521652698309,0.367993768241071,0.410183220407574,0.897144860960959,0.369641623238687,0.999550560551813
"1110012L19Rik",10.6477721280165,0.548440061051555,0.61153888116683,0.896819610234951,0.369815182035854,0.999550560551813
"Rasa3",16.9569952169865,0.536602036569312,0.59854785425632,0.896506491090886,0.369982315069411,0.999550560551813
"Yeats4",18.2370579220948,0.437880573013804,0.488510811493491,0.896357998045328,0.370061592334178,0.999550560551813
"Ltv1",13.8517503841722,0.46860592560528,0.522808877775081,0.896323581189989,0.370079968264378,0.999550560551813
"Kri1",8.09215140526152,0.62644194848168,0.698937234825637,0.896277830494976,0.370104396463161,0.999550560551813
"Cand1",29.1203991899299,0.367905404469859,0.410686440953055,0.895830414113706,0.370343343473532,0.999550560551813
"Kdm3b",12.4543483612635,0.527148912064304,0.588548247007597,0.895676632705186,0.370425494030856,0.999550560551813
"Irf7",14.4815303884385,0.501710878616382,0.560257914393754,0.895499850563066,0.370519945640569,0.999550560551813
"Gnptg",18.7029271921446,0.436056500606678,0.487182773771334,0.895057305148779,0.370756455493875,0.999550560551813
"Ostm1",9.74296499544928,0.540062718058924,0.603438300977336,0.894975869420672,0.370799987454637,0.999550560551813
"Btd",14.9519097743235,0.49202250474585,0.550600183983904,0.893611224728965,0.371529938544908,0.999550560551813
"B4galt5",32.7025153388488,0.440488574183822,0.494386290388072,0.890980560642281,0.37293959909007,0.999550560551813
"Copz2",98.5650102796266,0.271691432948053,0.305455967856184,0.889461858790633,0.373754912776298,0.999550560551813
"Galnt15",32.1727770284684,0.567531627984897,0.638762683007472,0.888485885419606,0.374279444898086,0.999550560551813
"Thbs1",180.2004196479,0.401546798393907,0.452032493080565,0.888314014015671,0.37437186347039,0.999550560551813
"Srgap2",21.8446139892748,0.398752337271331,0.449099592084631,0.887892895694698,0.374598366566495,0.999550560551813
"Pkdcc",15.7245597100248,0.480550361071609,0.54129790020626,0.887774293764111,0.374662173200476,0.999550560551813
"Nfe2l2",97.7447743267767,0.261310241575677,0.295171240214593,0.88528354383612,0.376003723212843,0.999550560551813
"Isca1",27.3684551745643,0.372443969490201,0.420985978036893,0.884694476587915,0.376321435501559,0.999550560551813
"Chd4",113.017491124839,0.260461628268421,0.294599823747611,0.884120108950111,0.376631379053346,0.999550560551813
"Wipi1",46.9158287560855,0.318251439908701,0.360269032626818,0.883371622557299,0.377035517815247,0.999550560551813
"Slc35a5",11.5959011657955,0.518158172302006,0.586907189704621,0.882862199324538,0.377310729365446,0.999550560551813
"Tomm5",74.0699223160198,0.30946364172657,0.350616488831592,0.882627176941503,0.377437739935428,0.999550560551813
"Tmem184b",30.0623535758609,0.386133072571507,0.437620791687425,0.882346268518491,0.377589582763221,0.999550560551813
"Hebp2",12.6687286962509,0.528422695242677,0.599052040592786,0.882098147466089,0.377723733943663,0.999550560551813
"Paf1",20.5878906569296,0.400921678417667,0.454656214411202,0.881812819685916,0.377878037920797,0.999550560551813
"Nfatc3",16.6879794627995,0.421256685784477,0.477954646918879,0.881373763180454,0.378115553542913,0.999550560551813
"Stx3",11.1768101326173,0.502767374225867,0.571698408046327,0.879427626786614,0.379169458202935,0.999550560551813
"Gm20186",11.090247228416,0.51740076518947,0.588866837477107,0.878637974259477,0.379597599090894,0.999550560551813
"Pogz",13.247094759164,0.463579911882309,0.527614609929108,0.878633576777938,0.379599984188942,0.999550560551813
"Mbnl1",109.850495034273,0.312380249977033,0.355535262469497,0.87861959966301,0.379607565132339,0.999550560551813
"Hccs",12.1372316181312,0.47839816818565,0.544539794899618,0.878536651804923,0.37965255651974,0.999550560551813
"Trip10",35.662214364414,0.33568614056444,0.382205316421872,0.878287470480697,0.379787733598492,0.999550560551813
"Fopnl",18.8636801104316,0.404011475802168,0.460326785843341,0.877662322130569,0.380126997293413,0.999550560551813
"Sult5a1",38.446353012012,0.361832458245313,0.412545411714864,0.877073039647326,0.380446967308006,0.999550560551813
"Sdhaf4",23.6709504335987,0.412700623643144,0.470789052358671,0.876614741943336,0.380695929245319,0.999550560551813
"Ubxn8",7.37188040357038,0.640460213710128,0.730666185091114,0.876542841010581,0.38073499720541,0.999550560551813
"Anapc4",15.104523265164,0.45705039017725,0.521540983779069,0.876346067504567,0.380841928290023,0.999550560551813
"Eif2a",33.1675557825792,0.33193477146131,0.378897435005713,0.876054416827355,0.381000451654047,0.999550560551813
"Brox",21.0613953712754,0.379408233808966,0.43318732145036,0.875852581600644,0.381110180582291,0.999550560551813
"Maob",18.8846970431508,0.410841508472578,0.469351082977361,0.87533942793181,0.381389247000814,0.999550560551813
"Mdn1",12.3779549500953,0.513957114820299,0.587165968520837,0.875318295634602,0.381400741986153,0.999550560551813
"Srm",42.7492761140331,0.308563584655113,0.352519704010142,0.875308759042402,0.381405929517725,0.999550560551813
"Dctn4",31.7512820717215,0.333004988747057,0.380795443574289,0.874498354343075,0.381846916023519,0.999550560551813
"Socs4",18.7433100209144,0.399357595296781,0.456728347629084,0.874387581523855,0.381907217996672,0.999550560551813
"Atp10a",9.61560413234427,0.536223419967352,0.613266327684824,0.874372838945322,0.381915243930902,0.999550560551813
"Pcolce",460.931432450191,0.251261450974405,0.287532644068915,0.873853651602018,0.382197958118561,0.999550560551813
"Pcdh19",19.1857040586222,0.412544590529767,0.472250799276826,0.873570973646864,0.382351939289139,0.999550560551813
"Etfb",53.0088144655845,0.332519198616141,0.380882752304111,0.873022463224182,0.382650833991951,0.999550560551813
"Cyp7b1",16.3166246140383,0.447740641959577,0.513449738956167,0.872024285901527,0.383195128816208,0.999550560551813
"Atp2a2",98.5237373587932,0.253937222007122,0.291360165186854,0.871557791176663,0.383449665648604,0.999550560551813
"Gm10600",21.7168334978445,0.403442770732868,0.46306924727347,0.87123637146781,0.383625104399274,0.999550560551813
"Stag1",45.81330561136,0.306415817505819,0.351764544159793,0.871082155928218,0.383709296461787,0.999550560551813
"Cops7a",26.2139997292457,0.355835479728918,0.408674812588216,0.870705677884437,0.383914877492769,0.999550560551813
"Tapbp",120.142584414624,0.247999934090177,0.285020552221266,0.870112460864404,0.384238948604229,0.999550560551813
"Exoc2",10.7150754951706,0.529602627584276,0.608940751782839,0.869711258498828,0.384458218040504,0.999550560551813
"Aga",31.2021259989307,0.367524214553119,0.422766616937232,0.869331209771667,0.384665996940064,0.999550560551813
"Mirg",25.2319398198617,0.633006685307063,0.728219055008294,0.869253119584811,0.384708698635022,0.999550560551813
"St6galnac6",19.4924186821468,0.41560475763667,0.478653301414298,0.868279308653391,0.385241446593796,0.999550560551813
"Nploc4",11.1259835516176,0.501991131673221,0.578196212193019,0.868202041257305,0.385283736980475,0.999550560551813
"Klhl13",13.6826113900649,0.524681755827178,0.604337944432223,0.868192640659222,0.385288882357513,0.999550560551813
"Sik2",13.1933698281433,0.47690080879483,0.549311579667852,0.868179056198295,0.385296317828121,0.999550560551813
"Dhx30",17.0265612159391,0.424751761447936,0.489400397433583,0.867902363127075,0.385447785188011,0.999550560551813
"Nox4",17.0244557913882,0.539943399409228,0.622348302388295,0.867590378791371,0.385618615330605,0.999550560551813
"Ndrg4",23.6770355980162,0.417910588158409,0.48196531890696,0.867096805027757,0.385888971033386,0.999550560551813
"Smim1",18.0571422313491,0.462547720995714,0.533735106187012,0.86662412802512,0.386147988991689,0.999550560551813
"Ccdc90b",19.8814713840047,0.390241570540275,0.450345071230188,0.866539006354102,0.386194645316477,0.999550560551813
"Rai14",17.3695480714507,0.419325602355234,0.483989783677841,0.86639349940153,0.386274407590249,0.999550560551813
"St6galnac5",10.5428709978351,0.563377233850058,0.650315995214511,0.866313050879557,0.386318511222802,0.999550560551813
"Fbxl17",11.0086468563143,0.51107891379462,0.590090132453027,0.866103135244858,0.386433606021711,0.999550560551813
"Bag3",183.90113107265,0.293343086721726,0.339607516709127,0.863770889302705,0.387713762475059,0.999550560551813
"Rbpms",50.4995879404216,0.31530445973982,0.365467877605147,0.862741923602041,0.388279376678858,0.999550560551813
"Abcb1b",12.3731840691156,0.476514283387841,0.55308087483038,0.861563480266749,0.388927774630613,0.999550560551813
"Insr",11.77744912707,0.481702490485274,0.559434205980994,0.861052980556644,0.389208864034043,0.999550560551813
"Deptor",42.0538259896281,0.43906144536496,0.509958857035702,0.860974251760512,0.389252224383203,0.999550560551813
"P4ha1",78.2141057434312,0.256635156703043,0.298128652894774,0.86082016676748,0.389337096108087,0.999550560551813
"Id4",18.8150846696426,0.39916295118556,0.463895747870044,0.860458309907556,0.389536455147197,0.999550560551813
"Wdr45",11.137365359474,0.556148633328875,0.646493994694451,0.860253363361442,0.389649394588632,0.999550560551813
"Slc37a3",10.8193871252155,0.569635078755055,0.662237467235184,0.860167397554928,0.389696773504483,0.999550560551813
"Triobp",18.9587199667991,0.477705212121146,0.555367388737478,0.860160718487843,0.389700454730538,0.999550560551813
"Tmem106b",41.2983764489364,0.33003008379321,0.383858658387839,0.8597698048008,0.389915947058207,0.999550560551813
"Opa1",9.99154920953393,0.526411326381384,0.612350598251099,0.859656752005857,0.389978281250499,0.999550560551813
"Lepr",27.8194017354648,0.384176459542793,0.446974646601388,0.859503916975859,0.390062559900919,0.999550560551813
"Rnf44",17.73952614274,0.409560835487656,0.477437997398046,0.8578304150899,0.39098611236982,0.999550560551813
"Arfip1",20.1756459783093,0.396110037459108,0.462107505402961,0.857181571014947,0.391344545749554,0.999550560551813
"Ssr3",162.440153601063,0.234470172045316,0.273809047512461,0.856327335328995,0.39181674530223,0.999550560551813
"Cdc42ep2",16.2978505084711,0.440980022363761,0.515092025655251,0.856118907689919,0.391932011193339,0.999550560551813
"Ctps",22.4854782339723,0.421390784795555,0.492680450303002,0.855302426829391,0.392383744392472,0.999550560551813
"Adam15",29.582084871292,0.361261712728855,0.422719135387629,0.854614051000038,0.392764846294699,0.999550560551813
"H2-Q6",13.3031671595226,0.577284974100038,0.675602243921878,0.854474625112098,0.392842063231774,0.999550560551813
"Smim20",21.0655103339444,0.399600596359784,0.467819565679813,0.854176750344129,0.393007063254637,0.999550560551813
"Tmem176b",153.05092538656,0.285938796521577,0.334866840154499,0.85388806007084,0.393167015829874,0.999550560551813
"Smco4",17.8531018956197,0.428675403376268,0.502917687778291,0.852376867614264,0.39400495494723,0.999550560551813
"Heatr3",14.2906721224414,0.434728058515288,0.510525349247546,0.851530798923158,0.394474562111091,0.999550560551813
"Atxn10",59.841929635279,0.296150639681434,0.348298143263157,0.850279122670134,0.395169920887602,0.999550560551813
"Serpinf1",591.706702076897,0.260958832786941,0.307280537388177,0.849252721975296,0.395740682176375,0.999550560551813
"Dmtf1",20.6922300301027,0.39108244429142,0.460528710735282,0.84920317707666,0.395768245716619,0.999550560551813
"Sav1",44.6073867602512,0.287230855186309,0.339034880852171,0.847201486951278,0.396882824865695,0.999550560551813
"Mospd3",20.73570890359,0.374018343814365,0.441715720801865,0.846739942004766,0.397140090305266,0.999550560551813
"Bmp2k",26.7584233840407,0.359366447472523,0.42443339102665,0.846696925996472,0.397164072578122,0.999550560551813
"Jcad",14.3654960061486,0.526076212373382,0.621430649587675,0.8465565911859,0.397242318075365,0.999550560551813
"Gm15417",12.6923727377332,0.523913827575884,0.618992094668539,0.846398253044624,0.397330612725185,0.999550560551813
"Ptgs2",112.617090919268,0.373268422479861,0.44184429150395,0.844796299640605,0.39822458099403,0.999550560551813
"Srcap",7.02166326617995,0.601551186262432,0.712115050575494,0.844738762052971,0.398256712305468,0.999550560551813
"Zbtb16",20.8860740358721,0.44408023187027,0.526163303095694,0.843996966830476,0.398671100548772,0.999550560551813
"Tiparp",137.767849224363,0.331228830257385,0.392739197347258,0.843381135610241,0.399015318820878,0.999550560551813
"Galnt1",35.1202127757207,0.324347967605354,0.384645428434537,0.843238847073816,0.399094876296083,0.999550560551813
"Mdm2",42.5015303898799,0.322922823838518,0.38313165818198,0.842850798002017,0.399311893832764,0.999550560551813
"Strip1",11.483669175172,0.48266535342799,0.572851600141332,0.842566125867342,0.399471142668557,0.999550560551813
"Usp4",17.7380229384819,0.412166128454616,0.489184137759907,0.842558244717469,0.399475552017054,0.999550560551813
"Aimp2",12.4660024874898,0.465043462114081,0.552398253283627,0.841862658597702,0.399864834106702,0.999550560551813
"Tmem63a",19.9172898711744,0.37636588388366,0.447168789512482,0.841664026449579,0.399976039679618,0.999550560551813
"Prdm4",11.6768906052266,0.476966235947997,0.566854375568722,0.84142639892205,0.400109101510169,0.999550560551813
"Adk",68.8245855017666,0.282528125320524,0.336035155774386,0.840769545881126,0.400477051140231,0.999550560551813
"Ppp2r3d",14.8452745103942,0.443106606426241,0.527140401686796,0.840585553693749,0.400580154561286,0.999550560551813
"Derl1",66.4430815788581,0.272948508577513,0.324802280409317,0.840352808587248,0.400710600426624,0.999550560551813
"Fzd4",17.3916628456442,0.501712914295726,0.597722872271081,0.83937379272344,0.401259585526241,0.999550560551813
"Jak2",39.1563993500984,0.346528649208017,0.412894442052088,0.839266926156155,0.401319538491106,0.999550560551813
"Tubb4a",8.55777269838453,0.57275708869063,0.682457289858594,0.839257045388593,0.401325081949163,0.999550560551813
"Ptpn23",13.8108837992499,0.455362695877436,0.542826735767788,0.838873006565087,0.401540576847787,0.999550560551813
"Bckdk",15.9553362962218,0.410959067833015,0.489954129528248,0.838770495165959,0.401598110595119,0.999550560551813
"Adss",26.6028307170524,0.410386984656759,0.48938528793038,0.83857646475703,0.401707022238,0.999550560551813
"1110008P14Rik",25.7948079610346,0.339526901504828,0.405011756743081,0.838313693002761,0.401854547491639,0.999550560551813
"Usp3",16.2610581158998,0.444604619455187,0.53104500792611,0.837225871290084,0.402465617831874,0.999550560551813
"Armcx1",14.0331278392217,0.43498637439456,0.519713380301022,0.836973591371868,0.40260741248753,0.999550560551813
"Serpinb1a",19.4999290012997,0.371783821055922,0.444765574009907,0.835909617967961,0.403205751214972,0.999550560551813
"Gm9844",23.7048651869968,0.347833590910613,0.416752174031467,0.834629337492909,0.403926438652278,0.999550560551813
"Uso1",42.0070664486112,0.306195779712482,0.367070827553953,0.834159940611125,0.404190861648188,0.999550560551813
"Tmem259",31.2062742772858,0.319577822450214,0.383412614355272,0.83350888960083,0.404557786374659,0.999550560551813
"Appl2",15.4198858091726,0.428947748788554,0.514856386720792,0.833140580270539,0.404765449410329,0.999550560551813
"Gm14305",14.0041185282819,0.431175290825202,0.518160075035826,0.832127582958587,0.405336934119917,0.999550560551813
"Pdgfrb",87.1678249702458,0.309200654216554,0.372452376872298,0.830175006031897,0.406439844363443,0.999550560551813
"Mpv17l2",11.7379508509837,0.468383560984647,0.564788156516918,0.829308397458608,0.406929920320784,0.999550560551813
"Tbl1x",35.5095409972668,0.321672800266507,0.388224974229526,0.828573176944376,0.407345971258644,0.999550560551813
"Arfgef2",9.00162212943935,0.555929943084796,0.671632881522248,0.827728895322676,0.407824051067477,0.999550560551813
"Tmub2",14.8002774173756,0.413553308984699,0.500670836201332,0.825998398713201,0.408805000161512,0.999550560551813
"Tex264",42.9062504274402,0.314610374386768,0.381084648608386,0.825565594246938,0.409050559037439,0.999550560551813
"Flcn",17.0089207412585,0.400537209327408,0.485391585848439,0.825183668207372,0.409267324072819,0.999550560551813
"Herpud2",29.1081112403863,0.335512440280263,0.406841941201756,0.824675153424949,0.409556041561796,0.999550560551813
"Cdkn2c",18.2440298856457,0.410724209311962,0.498141812721174,0.82451261633373,0.409648350164316,0.999550560551813
"Sec14l1",29.632301269353,0.33168370867085,0.402397021608445,0.824269790430001,0.409786279702166,0.999550560551813
"Eif4a2",146.267409804119,0.258620898443382,0.3138420670619,0.824047906848554,0.409912337760245,0.999550560551813
"Il17d",10.1117388468666,0.484614913197357,0.588233102402686,0.823848422025057,0.41002569015669,0.999550560551813
"Plk4",15.1474000993309,0.584648908065016,0.709716843968322,0.823777698153535,0.410065881749091,0.999550560551813
"Slc1a3",9.95641702569459,0.541839862059416,0.657825535703344,0.823683230052909,0.410119570576625,0.999550560551813
"Sec13",45.3687456577752,0.284884624488404,0.346089331973179,0.823153440945939,0.410420741748956,0.999550560551813
"Pappa",34.7731166325847,0.410924210142287,0.499254826868433,0.82307508716501,0.410465294964337,0.999550560551813
"Fars2",12.0863078501915,0.453329109020699,0.551178011731818,0.822473138208698,0.410807668610649,0.999550560551813
"Arsa",18.5996436276119,0.385379557724682,0.468720206393439,0.822195314961945,0.410965744774195,0.999550560551813
"Thoc1",14.8237823119155,0.435928445469164,0.530377517133201,0.821921049416737,0.411121832094947,0.999550560551813
"Csgalnact2",27.067397286346,0.341946605958252,0.416275552665074,0.821442921086875,0.411394023951001,0.999550560551813
"Asap1",50.8600388772819,0.289066094499671,0.352372446830443,0.820342501520179,0.41202088381891,0.999550560551813
"Marveld1",48.4744518862494,0.286578104843824,0.349523410229239,0.819911045889225,0.412266819332686,0.999550560551813
"Twist2",52.7914399888401,0.301872080746204,0.368427499857537,0.819352737955042,0.412585191516418,0.999550560551813
"Kat6b",22.5454638562821,0.361386541399265,0.441262289148315,0.818983516803082,0.412795817975263,0.999550560551813
"Gga1",19.6381245158732,0.376446957832259,0.459806382910678,0.818707551315979,0.412953287264952,0.999550560551813
"Clk2",8.9083055107618,0.523548297319087,0.639588404444046,0.818570652127714,0.413031416823873,0.999550560551813
"Slc9a1",20.897087789215,0.412288573130061,0.503687462196426,0.818540472165412,0.413048641969089,0.999550560551813
"Arfgap3",16.7933718435064,0.392652672360509,0.480106633048266,0.817844714761594,0.4134458619052,0.999550560551813
"Ctsh",176.175003509688,0.25402559192656,0.31100876906963,0.816779516173986,0.414054440224303,0.999550560551813
"Sidt2",42.4399577589874,0.280609917831294,0.343696686329255,0.816446387156829,0.414244875074671,0.999550560551813
"Lrp4",10.8061136489833,0.517551436695667,0.634166741865571,0.816112549789588,0.414435766824096,0.999550560551813
"Itgb1bp1",30.7748693240974,0.351966465275336,0.432099925655625,0.81454877535861,0.415330642011842,0.999550560551813
"Mindy1",15.7513601322169,0.399805989489079,0.490894301596628,0.814444144470031,0.415390558109758,0.999550560551813
"Serpine1",112.892090204584,0.267872898158285,0.328912741211134,0.814419341652483,0.415404762006889,0.999550560551813
"Cc2d1b",9.1702732646445,0.498901977145283,0.612673271228263,0.814303480458848,0.415471116352989,0.999550560551813
"Glrx2",31.1088900205933,0.319032773134721,0.3918496380198,0.814171412144065,0.415546760242406,0.999550560551813
"Ndufaf3",12.961309632303,0.433287082846378,0.532506447700244,0.813674810357004,0.415831268335541,0.999550560551813
"2310022B05Rik",37.7711600787587,0.297417793850591,0.365573217846923,0.813565598711691,0.415893852196221,0.999550560551813
"Dnajc25",38.0207917009093,0.306339536815757,0.377103001751793,0.81234977020254,0.416590959640968,0.999550560551813
"Eif3l",48.4077759203817,0.26936057802755,0.331961539322857,0.811421041657411,0.417123919534078,0.999550560551813
"Gaa",51.8758073499577,0.284356950690733,0.350986022373976,0.810166025323227,0.417844761131471,0.999550560551813
"Cpt1c",12.5501132679501,0.431452257764815,0.53255526355282,0.810154902772869,0.417851152850621,0.999550560551813
"Cdc42ep3",18.5086826171206,0.465162004928061,0.574289874215332,0.809977723468701,0.417952979023169,0.999550560551813
"Ndel1",88.8278814161742,0.270278336791362,0.333709347989094,0.809921383443521,0.417985361088071,0.999550560551813
"Loxl2",120.596854351836,0.289514216634151,0.357495068131804,0.809841148710366,0.418031479456473,0.999550560551813
"4833420G17Rik",22.8083979994363,0.363398519611732,0.449202411905029,0.808986127368707,0.418523125900152,0.999550560551813
"Tmbim4",49.6406719168018,0.27086362119849,0.335214239512011,0.808031370006241,0.419072523647436,0.999550560551813
"Chchd10",9.44240286071768,0.578394652860755,0.716197042982434,0.807591512039993,0.419325774587026,0.999550560551813
"Rnf114",15.8612990573552,0.421863634586534,0.522771837826036,0.806974676258131,0.41968107315674,0.999550560551813
"Dhx15",52.7926025491799,0.283561751442746,0.351487952240316,0.806746716737739,0.419812423039805,0.999550560551813
"Acot13",17.9393884892495,0.38681803846343,0.479810767350343,0.80618874103129,0.420134029610563,0.999550560551813
"Pigt",41.9810158622902,0.288818170537486,0.358549776379133,0.805517642359615,0.420521029781734,0.999550560551813
"Emx2",10.6986155999836,0.479040517655196,0.596932627007735,0.802503491987863,0.422261769254861,0.999550560551813
"Wdr12",14.4591307003252,0.508283734190082,0.633792079189234,0.801972367405245,0.422568942654509,0.999550560551813
"Gstp2",11.9942613471049,0.530331601913184,0.661738313950105,0.801421937846522,0.422887419084731,0.999550560551813
"Prkca",40.5687596881894,0.285585496446243,0.357677405002363,0.798444331266485,0.424612686084865,0.999550560551813
"Col1a1",11602.0372169702,0.337962409238395,0.423389657700153,0.798230195499348,0.42473691770075,0.999550560551813
"Bmp1",158.326720852917,0.257854958294192,0.323101585205791,0.79806156979997,0.424834761437586,0.999550560551813
"Ppox",9.67907577542159,0.507951266854541,0.636500138710398,0.798037951544979,0.424848466795797,0.999550560551813
"Abl2",27.1049348842916,0.367344199669563,0.460471980106849,0.797755814771453,0.425012206974271,0.999550560551813
"Rabac1",224.920884830204,0.203608718106691,0.255468367130476,0.797001681240248,0.425450054902496,0.999550560551813
"Rapgef6",24.7861517440257,0.349782861114497,0.439186718813225,0.796433148205584,0.425780317716294,0.999550560551813
"Nfil3",70.3799588638145,0.27852680846495,0.349783675012707,0.796283041096275,0.425867540418278,0.999550560551813
"Fut11",24.5591691247563,0.372471718331314,0.468200627058543,0.795538700303237,0.426300208364933,0.999550560551813
"Frmd6",68.0550640857827,0.302906753775251,0.380888832384191,0.795262890432341,0.426460595291726,0.999550560551813
"Fam46a",137.789666639741,0.353140800790283,0.444062804229888,0.795249675105561,0.426468281054641,0.999550560551813
"Tmem123",38.7675150302594,0.305498870705246,0.384550751064984,0.794430565690458,0.42694481592446,0.999550560551813
"Cdk12",40.0620889792045,0.29319235551247,0.369180025587501,0.794171773096046,0.427095438682475,0.999550560551813
"Vti1b",37.5727731253178,0.288502445075503,0.363403742037245,0.793889582584251,0.427259714807969,0.999550560551813
"Pla2g12a",15.0110770670489,0.447751543645137,0.564432155424804,0.793277879975052,0.427615941500167,0.999550560551813
"Hsd17b11",29.2237436568073,0.339993974011142,0.428652748135643,0.793168772368525,0.427679498785832,0.999550560551813
"Shisa5",85.5804069391253,0.258997197092853,0.327159597874417,0.791653977983772,0.428562463913779,0.999550560551813
"Zfand6",48.686563323877,0.267013069930823,0.337685467999435,0.790715311241258,0.429110139202282,0.999550560551813
"Abce1",28.1520698689186,0.314567660406252,0.397857493588591,0.790654104737144,0.429145864925006,0.999550560551813
"Lsamp",14.9432240966905,0.454313472952714,0.575907374586365,0.78886552421562,0.430190607604569,0.999550560551813
"Fabp4",27.8297362672256,1.13042641248121,1.43325253705231,0.788714049518512,0.430279154524327,0.999550560551813
"Nbeal1",48.1955609224502,0.289763484034718,0.367573995531793,0.788313339782101,0.430513446720354,0.999550560551813
"Tnrc6b",59.342309499157,0.269101314810967,0.341510522787168,0.787973713415189,0.430712081851267,0.999550560551813
"Slc38a7",7.70313244144132,0.53572559701859,0.68029852989821,0.787486042486007,0.430997395847862,0.999550560551813
"Csnk1g1",16.2064658505432,0.390980966776979,0.496555139617669,0.787386808800371,0.431055466366731,0.999550560551813
"Taf12",17.0367207630127,0.372801025546061,0.473853182579952,0.786743740996524,0.431431892914221,0.999550560551813
"Mau2",12.5257608039797,0.446909413636867,0.568984740866485,0.785450613238391,0.432189415547777,0.999550560551813
"Dip2c",19.4316287033849,0.380048755437637,0.484068838559357,0.785113035924197,0.432387297259513,0.999550560551813
"Scamp3",35.2545662248164,0.29217678730796,0.372289324814574,0.784811080611791,0.432564342441187,0.999550560551813
"Washc4",20.9963788913177,0.405175964134936,0.516394780042769,0.784624438111823,0.432673797351675,0.999550560551813
"Rgma",16.7472446482997,0.395932766417772,0.50495337935142,0.784097666454519,0.432982804583175,0.999550560551813
"Gba",10.7277938765332,0.480777528398644,0.614116356190385,0.782876931305175,0.433699385365964,0.999550560551813
"Mmp16",9.07552493689551,0.503017893911914,0.642558907841102,0.782835453331393,0.433723745288734,0.999550560551813
"Kdm7a",31.5779059473782,0.299715834247375,0.382973642348877,0.782601727913022,0.4338610264989,0.999550560551813
"Tpst1",57.2364654559074,0.286356077918752,0.366049344987532,0.782288185568274,0.434045228504609,0.999550560551813
"Sqstm1",144.123693569508,0.24524680973487,0.313569185423042,0.782113871948234,0.4341476550092,0.999550560551813
"Dtnbp1",58.738588090162,0.288832392856645,0.369365019466058,0.781970077388951,0.434232159056581,0.999550560551813
"Prelp",103.000045026362,0.275536851834705,0.352878196914395,0.780827079269927,0.434904205046254,0.999550560551813
"Trpm7",40.696776469605,0.287544820700598,0.368294223230287,0.780747572358205,0.434950974868959,0.999550560551813
"Glud1",100.767338853349,0.255856405597233,0.327812775889668,0.780495527981943,0.435099258788649,0.999550560551813
"Ttc39b",9.05722609708779,0.485411898150626,0.622300212500133,0.780028494929242,0.435374102955861,0.999550560551813
"Hmbox1",11.9847143130581,0.423174038544823,0.543399086558375,0.778753680329132,0.436124827967948,0.999550560551813
"Rpl38",1508.16030427882,0.191290928328287,0.245755044859233,0.778380474093044,0.436344746347795,0.999550560551813
"Tmem106a",16.111719769244,0.404424355685221,0.520017666755383,0.777712723124584,0.436738389851802,0.999550560551813
"Ulk2",20.1293538763453,0.381873691642309,0.491023995000043,0.777708819794591,0.436740691491217,0.999550560551813
"Clk1",183.594615800711,0.2188358323718,0.281582117676264,0.77716523399187,0.437061290786446,0.999550560551813
"Fzd2",62.51110176806,0.302063311829293,0.389008432432579,0.776495537488496,0.43745645465879,0.999550560551813
"Adamts10",26.7509045914821,0.333137145666362,0.429438135018848,0.775751193246358,0.437895906668356,0.999550560551813
"Epn2",21.5254519186119,0.358169190426181,0.462123201605488,0.775051304894119,0.438309343987228,0.999550560551813
"Stt3b",65.5899270177792,0.243552639951756,0.31440920751089,0.774635838052928,0.438554874240495,0.999550560551813
"Clock",29.5481713028085,0.31106782512657,0.402072104803642,0.773661792027289,0.439130820291221,0.999550560551813
"Txnrd1",71.4881529607205,0.277857654057034,0.359200500601222,0.77354472945322,0.439200067736808,0.999550560551813
"Slit2",57.1187914772192,0.349793581408872,0.452626435940271,0.772808553884448,0.439635690311236,0.999550560551813
"Txndc12",28.178867755886,0.33083252427049,0.428661437218813,0.771780467160646,0.440244462442029,0.999550560551813
"Nsd3",105.367965715359,0.222786429718524,0.288980084457508,0.770940427042758,0.440742243240225,0.999550560551813
"Tmem161a",13.8698730696201,0.404264309959674,0.524576232161579,0.770649307334902,0.440914826680639,0.999550560551813
"Spg21",34.7693270882715,0.293148488162104,0.380606745178656,0.770213591523454,0.441173202853465,0.999550560551813
"Trp53bp2",26.0102392790908,0.370633139438094,0.48191734936676,0.769080299609688,0.441845642451047,0.999550560551813
"Col3a1",6714.94601200298,0.287766695315845,0.374470835318254,0.768462235707298,0.44221261823566,0.999550560551813
"Ephx1",18.2354336954431,0.355995794003096,0.463377785271736,0.768262539375579,0.442331225310611,0.999550560551813
"Vangl1",8.5000333832582,0.572166761020709,0.745296188343715,0.76770386051785,0.442663142118267,0.999550560551813
"Angpt1",6.67901702767667,0.595519609768233,0.775798779799892,0.767621225083443,0.442712248761905,0.999550560551813
"Phf20l1",59.4531533863596,0.3235233853184,0.421556103328305,0.767450364884035,0.442813793424104,0.999550560551813
"Lamp2",196.733080258886,0.234557674064709,0.305768154843377,0.767109557844097,0.443016379695549,0.999550560551813
"Prkx",19.8204840620909,0.361561224310624,0.471361729318416,0.767056809710532,0.443047739555542,0.999550560551813
"Siah1a",19.6271643438198,0.342279835417016,0.44643060664946,0.766703336014272,0.443257919742353,0.999550560551813
"Arhgap17",33.2365198886193,0.30251717874518,0.394689738753552,0.766468314328472,0.443397698311652,0.999550560551813
"Rab2a",164.752344953006,0.211460934239083,0.276964191304675,0.763495574077535,0.445167900866833,0.999550560551813
"Prkd3",24.4611872343707,0.325419100381983,0.427317605805012,0.761539182943178,0.446335084531019,0.999550560551813
"C2cd2l",10.3439266146667,0.534548853680728,0.702579232820885,0.760837822567701,0.446753940249369,0.999550560551813
"Fmod",59.1956153562617,0.904872996488797,1.18987190110207,0.760479338700829,0.446968114848086,0.999550560551813
"Apaf1",19.760640756362,0.33608985432739,0.442079625823088,0.760247328072718,0.447106759698223,0.999550560551813
"Cdk5",16.4611262278926,0.379474814630425,0.499212916213145,0.760146226802361,0.447167183419744,0.999550560551813
"Mcfd2",55.9782583227422,0.286798825299599,0.377423182052336,0.759886617827915,0.447322361400265,0.999550560551813
"Ccni",43.7910376903541,0.27090087165248,0.356679537806374,0.759507745576199,0.447548882437998,0.999550560551813
"Ece1",41.3410699130837,0.29026334552486,0.382303207610521,0.759249045643823,0.447703592020804,0.999550560551813
"Itsn2",18.8656176706489,0.350045274013331,0.46106746899548,0.759206184673946,0.447729226979148,0.999550560551813
"Dlg4",48.3937221990944,0.291850973269496,0.384661677145294,0.758721210377445,0.448019346096677,0.999550560551813
"Zmym2",18.836445042234,0.400148288969035,0.527790050314006,0.758158075793526,0.44835635587409,0.999550560551813
"Slc35b2",25.405498242492,0.310618071418065,0.409758962337733,0.758050707776945,0.448420626959868,0.999550560551813
"Stk19",25.0868487278751,0.334134193698996,0.440843368310427,0.757943110224378,0.448485040695201,0.999550560551813
"Cyp4b1",52.9518777715826,0.296769371073697,0.391553482299777,0.757928059611759,0.448494051227674,0.999550560551813
"Slmap",20.7469342270206,0.352148540495939,0.464835169418502,0.757577230949345,0.448704115191182,0.999550560551813
"Mfap2",295.635634688064,0.301998584770883,0.398703430289804,0.757451684203898,0.448779301769353,0.999550560551813
"Gas2l1",21.6271445106808,0.340661014246192,0.450719237003051,0.75581645130422,0.449759251782092,0.999550560551813
"Clip1",36.2136581649484,0.29249499746662,0.387433068633615,0.754956200559185,0.450275262891008,0.999550560551813
"Map3k20",17.4781889427949,0.359588783273463,0.476623435905528,0.754450486871859,0.450578765664277,0.999550560551813
"Zfp771",34.4154054689767,0.2947663675061,0.391016782719164,0.75384582077595,0.450941806498863,0.999550560551813
"Wdr44",10.5847566085116,0.431609318238641,0.57266023253569,0.753691794395277,0.451034310216104,0.999550560551813
"Hacd2",19.4103517964046,0.363605671321212,0.482554103947376,0.753502391435188,0.451148074789442,0.999550560551813
"Exosc8",17.1642288680115,0.364044372969681,0.483208147922964,0.753390385767501,0.451215358447931,0.999550560551813
"C1qtnf7",15.5446084968843,0.422694872747064,0.5614743867783,0.752830196177704,0.451551958812939,0.999550560551813
"Gtpbp4",70.3594511217935,0.317415435966617,0.421708453627148,0.752689288622272,0.451636648096574,0.999550560551813
"Tbc1d15",25.71786027279,0.318229195805496,0.422902991370623,0.752487455276965,0.451757971089412,0.999550560551813
"Ankrd44",10.6505753424724,0.43838066864959,0.583117057504752,0.751788449690511,0.452178289112677,0.999550560551813
"Il3ra",22.3440553906437,0.359820813117536,0.479008717711132,0.751178005354232,0.452545535226109,0.999550560551813
"Pmm1",34.0776218453333,0.302991302956822,0.40382252430287,0.750308080213911,0.453069177222478,0.999550560551813
"Rps14",1047.09347899292,0.173337209218649,0.231136543230908,0.749934245773861,0.453294307847852,0.999550560551813
"Nelfa",11.0450852286402,0.422435214051444,0.564130082118431,0.748825895731545,0.453962149514707,0.999550560551813
"Samhd1",44.406151511743,0.292838129862362,0.391192567062404,0.748577949886373,0.454111626392563,0.999550560551813
"Kctd2",12.8645859871876,0.418775848766718,0.559608415520431,0.74833729649555,0.454256733468605,0.999550560551813
"Rbbp6",91.550314913989,0.220045293670106,0.294309686777437,0.747665821262989,0.454661751911697,0.999550560551813
"Aldh2",119.736036863787,0.235137107758315,0.31465991675884,0.747273787460281,0.454898311741904,0.999550560551813
"Lsmem1",21.8304072456537,0.417814580733742,0.559889044978845,0.746245322141512,0.455519234505424,0.999550560551813
"Spry2",69.7121129192482,0.337976016736147,0.45312326103227,0.745880968384179,0.455739322797406,0.999550560551813
"Huwe1",66.7432099298885,0.241261058329611,0.323608596385586,0.745533527305137,0.455949250687091,0.999550560551813
"Rps15",410.723189923231,0.198719383768272,0.266652158951366,0.745238233021454,0.456127713637951,0.999550560551813
"Abca8a",60.3856118813042,0.380269852448491,0.510568930932818,0.74479630351524,0.456394869879043,0.999550560551813
"Grb10",72.3530988835977,0.246757251782336,0.33133691212658,0.744732152535024,0.456433657887582,0.999550560551813
"Ecsit",10.3488851763218,0.444863587762365,0.597430174292939,0.744628589088028,0.456496280013146,0.999550560551813
"Hk1",13.5957614115393,0.393593806950608,0.528653007047883,0.744522024283044,0.456560722023239,0.999550560551813
"Pros1",111.780639349748,0.238153087626562,0.320229951450092,0.74369398161583,0.457061631278816,0.999550560551813
"Mrpl27",27.2831515735343,0.305228483779072,0.410427702090462,0.743683923439936,0.457067717685328,0.999550560551813
"Rbl2",15.7464063522362,0.363259455818777,0.488840693532065,0.743103961321398,0.457418741529349,0.999550560551813
"Zbtb10",31.2152078637841,0.321939239915086,0.433377109444978,0.742861662276973,0.457565438583033,0.999550560551813
"Trim8",24.3919370668745,0.348938434880663,0.469867241789702,0.742631968876088,0.457704528082968,0.999550560551813
"Gnb5",14.7595456815711,0.373557022855297,0.503633561411252,0.741723847411078,0.458254668060223,0.999550560551813
"F3",38.7187746146479,0.452105575203316,0.609786356706488,0.741416350548051,0.458441033676907,0.999550560551813
"Pcbp2",215.377805494262,0.189489763720016,0.255737910851442,0.740952966609985,0.458721958540606,0.999550560551813
"Akap12",30.5613157796313,0.387824530657064,0.523560223564032,0.740744833549473,0.458848169866205,0.999550560551813
"Slc39a7",76.3069167795632,0.232937329933092,0.314630364845373,0.740352349804414,0.45908622389476,0.999550560551813
"Washc3",30.5886539230115,0.288683583670482,0.390087100901909,0.740049037773935,0.459270239799239,0.999550560551813
"Smim19",18.3989356704825,0.35105984871113,0.474811250094672,0.7393671667239,0.459684073897258,0.999550560551813
"Mrpl48",37.9891087988484,0.30150868411721,0.407924856823682,0.739128001330725,0.459829275114458,0.999550560551813
"Tmem43",33.3476655688543,0.276890449580079,0.37468365997762,0.7389979312058,0.459908253588946,0.999550560551813
"Arntl",27.821805365214,0.326173701248933,0.441857807472933,0.738187026985856,0.460400805154013,0.999550560551813
"Edem3",11.713433480256,0.44369825912294,0.601159943812911,0.738070231873308,0.460471772008882,0.999550560551813
"Ppp2r2c",8.53237597899932,0.534539120399916,0.72427526612631,0.738033100672936,0.460494334889667,0.999550560551813
"Laptm4a",466.330081919357,0.177839535021771,0.24108220264773,0.7376717694986,0.460713931100609,0.999550560551813
"Adamts2",210.143015535535,0.28018016669428,0.379971651805295,0.737371236414896,0.460896622338898,0.999550560551813
"Tpp1",32.1583561962474,0.337366973552956,0.458121346871498,0.736414000039136,0.461478787169704,0.999550560551813
"Gxylt1",19.6287299958076,0.334789516976064,0.454923072695328,0.735925559880934,0.461776001233646,0.999550560551813
"Cltc",91.2498863730364,0.220256585130739,0.299862741884255,0.734524682015202,0.462629022933475,0.999550560551813
"Commd10",15.7423752775299,0.369789675445188,0.504212199444793,0.733400889253328,0.463313956996746,0.999550560551813
"Zfyve1",11.5789357468428,0.437563784515251,0.597213177272945,0.73267603791547,0.463756042153243,0.999550560551813
"Klhl5",9.40369481954303,0.469941896427602,0.641862787554498,0.732153203986298,0.464075063153512,0.999550560551813
"Rnf2",26.352593566624,0.293924961244058,0.401682518443237,0.731734511084015,0.464330627815997,0.999550560551813
"Egr2",40.0681114444513,0.262411602133621,0.358661933701875,0.731640515694483,0.464388012134667,0.999550560551813
"Fam107b",14.4475226392582,0.428252723857974,0.585449588606418,0.731493765120529,0.464477611458753,0.999550560551813
"Rpl5",404.252022837,0.173986890453497,0.237985714512942,0.7310812365758,0.464729534422745,0.999550560551813
"Sgms1",17.6222657242979,0.349824895749166,0.479148995162605,0.730096273353237,0.465331339118517,0.999550560551813
"Mrpl14",34.9524238544637,0.288573657053587,0.395442324451053,0.729749041036971,0.465543598528263,0.999550560551813
"Foxj3",15.8485001410478,0.375541888715908,0.514747093255339,0.729565826862516,0.465655617078195,0.999550560551813
"Penk",59.8781695703093,0.394142286650547,0.540578385021757,0.729112183489697,0.465933042547502,0.999550560551813
"Fam98c",11.6158410282509,0.442843152807456,0.608049683068192,0.728300935168469,0.46642939000883,0.999550560551813
"Asns",13.4279384248645,0.466432599606716,0.640568210660304,0.728154460125195,0.466519039355995,0.999550560551813
"Rab23",10.3555105473494,0.431057529001906,0.592176966887925,0.727920120343836,0.466662485780563,0.999550560551813
"Sh2b1",13.3570674223399,0.413696047749147,0.569407479983358,0.726537782329867,0.467509154244096,0.999550560551813
"Krtcap2",210.666571628436,0.193269088566605,0.266128108218834,0.726225763449543,0.467700380460304,0.999550560551813
"Dok1",7.73378205220689,0.544768806631414,0.75096625044513,0.725423820722311,0.468192063860175,0.999550560551813
"Btg1",426.083649068547,0.206244483902142,0.284739814067221,0.724326117082638,0.468865546648309,0.999550560551813
"Adamtsl1",44.2178528978281,0.327973521420145,0.452918664074608,0.724133376332045,0.468983855703027,0.999550560551813
"Polr2f",62.9082648309749,0.236096729767951,0.326197880653787,0.723783763691998,0.469198498757834,0.999550560551813
"Lamc1",121.83272552412,0.32027453312167,0.443024775423697,0.722926912643584,0.46972478816113,0.999550560551813
"Plk2",30.3745401746211,0.343560153163355,0.475423224462595,0.722640660964145,0.469900680459453,0.999550560551813
"Tdrd3",17.5300233506132,0.337612889101846,0.467563066095189,0.722069200036243,0.470251933343461,0.999550560551813
"Prrx1",254.095482857772,0.217866089897788,0.301735545263504,0.722043170974527,0.470267935760118,0.999550560551813
"Acaa2",42.0405534559789,0.308948883935248,0.427951718659148,0.721924624822729,0.470340820597406,0.999550560551813
"Ints2",14.647522281702,0.359073151138476,0.498065413756084,0.72093572695719,0.470949060228452,0.999550560551813
"Tmem127",16.289200998705,0.364290672312443,0.50532293227235,0.7209066698681,0.470966938881685,0.999550560551813
"Atp6v1h",41.0261224774518,0.305017786911662,0.423141348604044,0.720841364045193,0.471007122530903,0.999550560551813
"Mir17hg",8.98373458403346,0.449459059185154,0.623966569062888,0.720325545421736,0.471324579914099,0.999550560551813
"Cd164",79.8431788242701,0.229888946456879,0.319192997867275,0.720219265437866,0.471390003932655,0.999550560551813
"Pip5k1a",42.1057188361708,0.282350629900224,0.392073714392899,0.720146797745484,0.471434616593222,0.999550560551813
"Pex7",15.5453521786308,0.375104855683239,0.521848941828127,0.718799686302288,0.472264350989627,0.999550560551813
"Elk3",16.4768073260756,0.422643183913607,0.588824420424242,0.71777455087392,0.472896307413294,0.999550560551813
"Rps7",1166.35935916484,0.166713911523756,0.232392083056118,0.717382061089826,0.473138385377577,0.999550560551813
"Fyco1",9.78470374027921,0.452550062368791,0.631178752834033,0.716991914472426,0.473379085695853,0.999550560551813
"Chmp4b",116.942239101811,0.205430278080164,0.286558712166085,0.716887218424891,0.473443689212266,0.999550560551813
"Kdm5a",49.1400982745974,0.260402249127542,0.363484014329796,0.716406331122101,0.473740486771512,0.999550560551813
"Igfbp3",239.721051987056,0.294629167818083,0.411910640065256,0.715274477424054,0.474439456117751,0.999550560551813
"Rgs2",30.1275026098196,0.2951521981666,0.412649972236239,0.715260433842045,0.474448132202626,0.999550560551813
"Cul9",16.0920700440845,0.384134490158161,0.537295953482107,0.71494022552871,0.474645979630563,0.999550560551813
"Man1c1",19.5496186868029,0.385935108488097,0.540000528928331,0.714693945307818,0.474798179853513,0.999550560551813
"Qars",21.1637110011516,0.313845841086843,0.439151519406292,0.714664135766044,0.47481660385269,0.999550560551813
"Igfbp2",183.324644531062,0.716029662612425,1.00191902498656,0.714658215639765,0.474820262875533,0.999550560551813
"Rab8b",28.3571271790271,0.293299564999901,0.410933971123277,0.713738910896497,0.475388640771171,0.999550560551813
"Tmcc3",7.82159061382743,0.477986808459595,0.669709426553334,0.713722682566317,0.475398677601034,0.999550560551813
"Jpt2",8.52823422330062,0.450173310250175,0.630783608012985,0.713673127410927,0.475429326986039,0.999550560551813
"Lpar4",15.512504059124,0.397650530822203,0.557257858538656,0.71358442905587,0.475484188768428,0.999550560551813
"Rchy1",21.2561234856197,0.310526521105865,0.435449693756458,0.713116866444599,0.475773443388105,0.999550560551813
"Hacd1",26.8025629130021,0.31603560647033,0.443310875110774,0.712898383986994,0.475908639233705,0.999550560551813
"Cnot3",34.7965595145776,0.289601703600824,0.406683346494775,0.712106128999174,0.476399059248033,0.999550560551813
"Plau",13.7038695064026,0.457410758147298,0.642404011829183,0.71202973475347,0.476446363285604,0.999550560551813
"Blvrb",72.2564639298765,0.248164691889575,0.348543975459301,0.712003963237497,0.476462321831853,0.999550560551813
"Mzt2",23.941140590126,0.315524589784705,0.443175997672345,0.711962271065913,0.476488139576877,0.999550560551813
"Cog8",11.8196230456524,0.398814852037079,0.56035668257719,0.711716063066922,0.476640618724417,0.999550560551813
"Isy1",23.2018587535435,0.324739641524421,0.456442777356736,0.711457509318015,0.476800772486586,0.999550560551813
"Pttg1",31.3663010837184,0.286820976735239,0.403586386136652,0.710680505060751,0.477282242955481,0.999550560551813
"Ctdnep1",47.4448790930998,0.262080719941203,0.368887638634535,0.710462190902666,0.477417569126176,0.999550560551813
"Fndc3b",119.321507500862,0.256830026169161,0.361726408133358,0.71001182217936,0.477696805034142,0.999550560551813
"Akap1",7.55742095958022,0.500631826664082,0.705763501204978,0.709347856341866,0.478108637487366,0.999550560551813
"Dctn5",13.3176490637719,0.383515129810097,0.540731371927179,0.709252596984044,0.478167739116836,0.999550560551813
"Dab2",44.3312370856333,0.26212621414989,0.369920090367929,0.70860226566547,0.47857132993608,0.999550560551813
"Dcaf1",17.2171836077391,0.340016388734653,0.481535137595381,0.706109195753765,0.480120233496781,0.999550560551813
"Acvrl1",29.0619935201204,0.291958350767096,0.413706555245776,0.705713620113292,0.480366249160572,0.999550560551813
"Micu1",20.862467256356,0.322122259476974,0.456756365169832,0.705238687494158,0.480661709106345,0.999550560551813
"Abl1",32.497084197807,0.274846532886701,0.389813021241094,0.705072734645035,0.480764973235329,0.999550560551813
"Pabpc1",363.26598741497,0.186206517335534,0.264241550009926,0.704682958938665,0.481007558611847,0.999550560551813
"Abhd14b",14.1712552116264,0.366132985837042,0.51974948461072,0.704441267722019,0.48115801386331,0.999550560551813
"Camkk2",32.1075272738266,0.279719775385886,0.397236267338623,0.704164746235115,0.481330182735671,0.999550560551813
"Serpinb8",8.0556773271614,0.507214241548314,0.720640933588816,0.703837678248958,0.481533866343874,0.999550560551813
"Pex2",15.7464885162043,0.364056424034476,0.517375348929286,0.70366016623694,0.481644432678465,0.999550560551813
"Pik3r1",88.2971236401747,0.239756533652639,0.341354543436396,0.702368075254027,0.48244964926052,0.999550560551813
"Shmt2",15.3674402736087,0.356809670882386,0.508057048130296,0.702302373710755,0.482490613262412,0.999550560551813
"Svep1",73.1005861357505,0.304157555474993,0.433528490072128,0.70158608359139,0.482937332845105,0.999550560551813
"Usp45",10.6686655915257,0.439899620970592,0.627376872709416,0.701172835828046,0.483195159993987,0.999550560551813
"Anpep",46.5200326763827,0.287213048729202,0.409991642480312,0.700533910866229,0.483593935226079,0.999550560551813
"Arf4",345.296650623593,0.18528108781631,0.26450379579868,0.700485553550738,0.483624123972447,0.999550560551813
"Sys1",44.6207487110456,0.255116516906409,0.364348870759601,0.700198456425946,0.483803375456029,0.999550560551813
"Oat",163.235785217898,0.185307093526061,0.264800943053121,0.699797709892923,0.484053645153421,0.999550560551813
"Hdlbp",188.911710777563,0.194058700236423,0.277490893416841,0.699333581174182,0.484343585303141,0.999550560551813
"Nfatc4",24.7687792898905,0.296303606723201,0.423834535767967,0.699102082812372,0.484488236984503,0.999550560551813
"Wnt5b",10.7001279324079,0.441324749030092,0.631784113366656,0.698537268812217,0.484841259078635,0.999550560551813
"Gmppa",25.7813326386893,0.281154601195607,0.402565652611939,0.698406829721838,0.484922806395157,0.999550560551813
"Ifi35",19.9240973234097,0.328560229424436,0.470585902682529,0.698193948334428,0.485055910567682,0.999550560551813
"Pcyox1",21.4945818906683,0.307990480303625,0.441827877279757,0.697082497826663,0.485751166677326,0.999550560551813
"Rdh13",11.5833344319539,0.386906696687439,0.555622643072984,0.696347964776189,0.486210941829733,0.999550560551813
"Fnbp4",28.0431590092925,0.279190352485174,0.40104854170228,0.696151022766796,0.486334256117875,0.999550560551813
"Tsc1",11.0996352825535,0.431262760860902,0.620135802669035,0.695432772958386,0.486784128022033,0.999550560551813
"Fam162a",59.1578557350228,0.233522742151791,0.335809872135275,0.695401658881908,0.486803621236557,0.999550560551813
"Cp",66.8819952317158,0.353572999816833,0.508719655835452,0.695025237890942,0.487039485373601,0.999550560551813
"Cercam",24.6347018906372,0.300847125761769,0.433250271277253,0.69439570083788,0.487434089098624,0.999550560551813
"Arhgap23",27.7165554844675,0.288644731952723,0.415779105884164,0.694226159678979,0.487540389656718,0.999550560551813
"Eri1",16.9977942337913,0.364853829738342,0.525858277801818,0.693825399618119,0.487791711823407,0.999550560551813
"Sppl2a",43.5800945834449,0.26101153670466,0.37653764427364,0.693188425311801,0.488191311021129,0.999550560551813
"Mpzl1",16.3736771817256,0.342130265303384,0.493599120315521,0.69313386353826,0.488225547988599,0.999550560551813
"Flrt2",56.5384354284412,0.246733590782204,0.356197609915952,0.692687384512275,0.488505757758678,0.999550560551813
"Akt1s1",27.4699357355885,0.28379859048526,0.409933557639706,0.69230387509454,0.488746517069304,0.999550560551813
"Ncbp3",16.504504366347,0.347956763490284,0.50272980739495,0.69213473792877,0.48885271821322,0.999550560551813
"Arl13b",53.690101810031,0.229949161938584,0.332662307904354,0.691239002660617,0.489415357191645,0.999550560551813
"Tmem165",35.2047183308928,0.263410031731225,0.381370008642332,0.690694144169749,0.489757770102081,0.999550560551813
"Il6",225.844584445578,0.712759828931349,1.03324662657818,0.689825459476026,0.490303956090159,0.999550560551813
"Hagh",13.5663653041105,0.35595709286679,0.516315299220073,0.68941806180155,0.490560220395067,0.999550560551813
"Rab1a",98.8840182802039,0.216692744901271,0.314329964954781,0.689379852577671,0.490584258736985,0.999550560551813
"Helz2",23.1927188496505,0.369103951402747,0.535933135027538,0.688712690592982,0.491004088426321,0.999550560551813
"Sptlc2",32.4634411014552,0.256613996316789,0.37284105597627,0.688266466912704,0.491284994412488,0.999550560551813
"Maf1",22.728275071778,0.304736650174102,0.442930823260153,0.688000550359343,0.4914524347901,0.999550560551813
"Zcchc24",56.436350811693,0.24513362582502,0.356532431772982,0.687549305419446,0.491736641482397,0.999550560551813
"Sparc",5430.05903650927,0.233368686323525,0.339445798153929,0.68749911647956,0.491768257331805,0.999550560551813
"Stat2",30.1696463384572,0.301271768210472,0.438373390817462,0.687249213846378,0.491925696381806,0.999550560551813
"Akr7a5",26.4711732891505,0.27750446914733,0.403886021179467,0.687086095074383,0.492028476049883,0.999550560551813
"Prkaa1",9.83367018309622,0.418772783226837,0.609504442461364,0.687070928532868,0.492038032936364,0.999550560551813
"Mcts1",33.8680762754108,0.265528735947916,0.386558725998311,0.686904002133627,0.492143224778403,0.999550560551813
"Ddx58",14.0379232181142,0.364927900337061,0.531602548836924,0.686467552000034,0.492418319118084,0.999550560551813
"Adarb1",10.2587869022339,0.402054735920229,0.585920647018994,0.686193152546808,0.492591315187257,0.999550560551813
"Prrc1",38.3663182485229,0.264453616963676,0.385595642746483,0.685831445293446,0.492819404528469,0.999550560551813
"Crtc2",23.2112352326983,0.302306165585237,0.441300909908869,0.685034086260246,0.493322411813556,0.999550560551813
"Hexb",41.5601621613525,0.267926799833014,0.391207547890724,0.684871243608658,0.493425173540434,0.999550560551813
"Them4",8.95591092190082,0.438401560601351,0.640655699070585,0.684301351314523,0.493784893855224,0.999550560551813
"Fus",189.864507816079,0.175986585466564,0.257273034402202,0.684045982026391,0.493946130403254,0.999550560551813
"Ppp2r5c",35.8603779711463,0.252574906499382,0.36930850038277,0.683913059779564,0.494030066772382,0.999550560551813
"Smurf1",15.8078871325199,0.334085686866248,0.488608932077712,0.68374862785585,0.494133911105639,0.999550560551813
"Brip1os",18.8311189099152,0.319392010088914,0.467128043677798,0.683735464850863,0.494142224494216,0.999550560551813
"Ube2j1",39.1059693631389,0.246867596168623,0.361265853693101,0.683340519578526,0.49439169576334,0.999550560551813
"Gpr153",56.628706375447,0.235118967719856,0.344118031057171,0.68325093863156,0.4944482898652,0.999550560551813
"Sra1",73.2027470298817,0.206741596253256,0.302846482713224,0.682661374836,0.494820842011288,0.999550560551813
"Elmo1",12.3166607492107,0.414988620467347,0.608136205145569,0.682394202081771,0.494989720933833,0.999550560551813
"Tsc22d3",120.083474999741,0.211362505305541,0.309864489877412,0.682112704779951,0.495167687663484,0.999550560551813
"Nhsl1",11.1329759542288,0.383043259976321,0.561591163784872,0.682067818508364,0.495196068583175,0.999550560551813
"Tgif1",37.4147092945497,0.333223631172238,0.488576485596665,0.682029612549392,0.495220226325445,0.999550560551813
"Eci2",38.6949054010873,0.247395042034873,0.363518565095479,0.680556829249956,0.496151951284694,0.999550560551813
"Man2b2",24.6636217141465,0.348902318028129,0.512920072705267,0.680227459588258,0.496360447861233,0.999550560551813
"Il10rb",19.242444147871,0.317297468435739,0.466666832483094,0.679922905057182,0.496553277610912,0.999550560551813
"Eif4e",79.8152660110576,0.243935460279914,0.359406729595829,0.678717008315987,0.4973171872935,0.999550560551813
"Kremen1",40.0426608947429,0.264288948476397,0.389463612016333,0.678597281805402,0.49739306560936,0.999550560551813
"Sqor",16.5800557636552,0.387490395157545,0.571550243526809,0.67796383528156,0.497794623601898,0.999550560551813
"Trmt13",10.4661335293682,0.408808996769953,0.603018598535029,0.677937625411741,0.497811242427105,0.999550560551813
"Mrgbp",8.25427937702578,0.432969757433984,0.63869262443662,0.67790004278803,0.497835072860615,0.999550560551813
"Snx10",19.8159986637461,0.353511762400318,0.521920941831372,0.677328181467252,0.498197754242618,0.999550560551813
"Irgq",9.43570412173814,0.445546116336753,0.658898651769279,0.676198251643664,0.498914782463606,0.999550560551813
"Lum",1430.3700555329,0.239823325831443,0.354861597414729,0.675822144685777,0.499153573134834,0.999550560551813
"E130309D02Rik",11.5897636050031,0.375591609299311,0.556252373324588,0.675217989730973,0.499537278765272,0.999550560551813
"Usp36",20.3720446310912,0.347982007265187,0.51552203944717,0.675008982425566,0.499670058117172,0.999550560551813
"Map3k8",39.1026195711164,0.261095360705568,0.38689035152905,0.674856221339403,0.499767116900716,0.999550560551813
"Acan",9.5361879957436,0.503517957744576,0.746224834648461,0.674753685974252,0.499832269718237,0.999550560551813
"Nol7",52.3133081440439,0.22854867720258,0.338941785653709,0.674300681935054,0.50012017058946,0.999550560551813
"Srd5a3",11.8889061844671,0.377365457664509,0.559829900310916,0.674071637572286,0.500265770258958,0.999550560551813
"Cdc14b",21.8328179574859,0.312488877941077,0.464117596610049,0.673296768369741,0.500758508299664,0.999550560551813
"Clcc1",13.1425482677903,0.37990056219053,0.5644273071936,0.673072612449317,0.500901096636538,0.999550560551813
"Mgll",23.509937761764,0.29917730506404,0.444612209752111,0.672894937435128,0.501014133182786,0.999550560551813
"Hnrnpab",134.012711925872,0.2049806522082,0.304748408521259,0.672622551838202,0.501187450683998,0.999550560551813
"Ftsj1",11.1384331385388,0.388054284453952,0.576980597828897,0.672560370165218,0.501227021003128,0.999550560551813
"Elmsan1",20.151594833583,0.331397902519569,0.492955412470353,0.672267499526643,0.501413416249656,0.999550560551813
"Fh1",22.8722772054431,0.297158739845747,0.442024862719727,0.672267025925565,0.501413717699115,0.999550560551813
"Insig1",38.576653814385,0.26341760651418,0.392335691208653,0.671408725784493,0.5019601877027,0.999550560551813
"Daam1",20.0163674402226,0.30508121338984,0.454583724694445,0.671122164778127,0.502142708011267,0.999550560551813
"Slc7a6os",10.9967973896439,0.40572708110034,0.605028404677302,0.670591790342041,0.502480613872297,0.999550560551813
"Smad1",30.1529891440154,0.266041126377462,0.397190751756996,0.669806950943882,0.502980861956377,0.999550560551813
"Ltbr",31.4714552383831,0.268378900682333,0.401010287658886,0.669256896747312,0.503331617300263,0.999550560551813
"Fgf7",76.4797345272566,0.390620105592779,0.583834225133987,0.669059963901798,0.50345722768466,0.999550560551813
"Npdc1",123.8872005698,0.196708550979622,0.294301743589454,0.668390708734729,0.503884224797786,0.999550560551813
"Nacc2",10.5578154476877,0.398784595018882,0.596804833338405,0.668199338782432,0.504006357479008,0.999550560551813
"Ak3",31.2815116507704,0.269082473549261,0.403017588051269,0.6676693065689,0.504344706610612,0.999550560551813
"Dctn1",24.4303209378995,0.293401909146923,0.439661429554668,0.667336021365597,0.504557522480534,0.999550560551813
"Dvl2",12.9995222473711,0.352764055478771,0.529949922474879,0.66565545255928,0.505631353460701,0.999550560551813
"Chp1",39.3888457985778,0.237622950453638,0.357079460196074,0.665462388464346,0.505754792390725,0.999550560551813
"Atp6v1b2",51.4173823082669,0.228473491337156,0.343440179063611,0.665249744395337,0.505890768476337,0.999550560551813
"Eml1",18.2086502526266,0.32352894480551,0.486472654613178,0.665050628719853,0.506018111217512,0.999550560551813
"Slc35b4",8.86014127328083,0.419962740956717,0.631907919754308,0.664594837045249,0.506309672396618,0.999550560551813
"Marf1",29.6964458781779,0.285559775279241,0.429888227753596,0.664265166718915,0.506520611224276,0.999550560551813
"Ldb1",42.0162524615606,0.237282477982248,0.357351982329971,0.664002131554279,0.506688946827139,0.999550560551813
"Fam110b",9.9283620386305,0.418961001029001,0.631147636166466,0.66380823918431,0.506813051681755,0.999550560551813
"Emc10",115.670966966439,0.185348202156626,0.279276510062993,0.663672723906565,0.506899800545297,0.999550560551813
"Inf2",14.354607077841,0.400214104947665,0.604067601721939,0.662531981200159,0.50763034572586,0.999550560551813
"Edem1",25.8161273581714,0.281294580016708,0.424617544758635,0.662465749446609,0.507672778298197,0.999550560551813
"Bag6",36.3639099256796,0.252087866162106,0.380992940364362,0.661660202735048,0.508189015385624,0.999550560551813
"Stox2",12.69468220618,0.351238912576438,0.53112611656431,0.661309812532838,0.508413649929841,0.999550560551813
"Agmo",7.56348473006906,0.459943660763435,0.696172095067787,0.660675232492117,0.508820610583781,0.999550560551813
"Uba1",51.9999404502606,0.229049670971916,0.347108364528198,0.65987943356896,0.509331203228254,0.999550560551813
"Ostc",191.295610837007,0.188453904836177,0.285627621954926,0.659788796147722,0.509389374131373,0.999550560551813
"Cdk5rap3",26.3361316200621,0.286577922838575,0.434472644522215,0.659599462593834,0.509510899224506,0.999550560551813
"Lysmd2",30.6037475338274,0.276110213073839,0.418970440591352,0.659020747822032,0.509882445517028,0.999550560551813
"Ccng1",16.255843587762,0.319704011688683,0.485330821022758,0.658734203228547,0.51006646526076,0.999550560551813
"Map3k3",11.6318364611723,0.36355598059003,0.552205136493434,0.658371240258018,0.510299610970102,0.999550560551813
"Rab8a",22.2553583725461,0.292497960257,0.444306843236595,0.658324229548822,0.51032981191489,0.999550560551813
"Top3b",8.5145674449103,0.430538220054118,0.655051533086144,0.657258548843819,0.511014684557826,0.999550560551813
"Megf8",14.6265751201748,0.330103404386267,0.50228360071136,0.657205220156019,0.511048969497847,0.999550560551813
"Fam103a1",29.8023565028066,0.258079883081576,0.393020638000497,0.656657330756381,0.511401276419082,0.999550560551813
"Cavin1",206.144764035004,0.178449218586025,0.272069057410392,0.655896779606402,0.511890540416026,0.999550560551813
"Sypl",46.4948127275123,0.250249983970748,0.381943670544726,0.655201285608012,0.512338166724252,0.999550560551813
"Gstt1",33.9508699032651,0.257968811584781,0.393766012285744,0.655132244876383,0.512382613105461,0.999550560551813
"Elmo2",18.4039840956154,0.326325360426144,0.498115891728933,0.655119352433199,0.512390913101863,0.999550560551813
"Gm42047",11.8119546324449,0.440748151514312,0.673032225843878,0.654869313221492,0.512551899134955,0.999550560551813
"Kctd10",31.4105529057083,0.272763943340073,0.416776856159515,0.65446038883617,0.512815239108317,0.999550560551813
"Ank2",38.883314539525,0.267161113842382,0.408500586680783,0.654004235374944,0.513109076925816,0.999550560551813
"Spopl",10.7626324803792,0.374620256732374,0.572811632002362,0.654002530330651,0.513110175419127,0.999550560551813
"Pxk",28.4968787100221,0.278408323865925,0.425946424180223,0.653622869124326,0.513354806776471,0.999550560551813
"Rpl17",701.684180823015,0.153775810038978,0.235512718748517,0.652940575167754,0.513794589466379,0.999550560551813
"Slain2",32.3257886163555,0.262979394239521,0.40333707797927,0.652008973628348,0.514395383489029,0.999550560551813
"Osbpl5",13.3393138198505,0.352693413190939,0.54117273353014,0.651720590005106,0.514581437389163,0.999550560551813
"Gabarapl1",48.5389569723218,0.222054942138676,0.340809284236795,0.651551916010573,0.514690275501368,0.999550560551813
"Rnf220",13.9520342244673,0.349856343159775,0.537753229962441,0.650589013076147,0.515311824571337,0.999550560551813
"Myo9b",15.8363534139858,0.348374382639924,0.535496507041101,0.650563314716795,0.515328418072562,0.999550560551813
"Inpp5k",10.3834994436195,0.376443280849754,0.579029362060935,0.650128137733607,0.515609455166422,0.999550560551813
"Ankrd13a",21.4215500979463,0.294632726582851,0.454228886176402,0.648643746686838,0.516568672276015,0.999550560551813
"Trpc4ap",39.7196260993877,0.236888065040955,0.365631512883701,0.647887440479736,0.517057754598355,0.999550560551813
"Prkab2",30.8757215979806,0.246871898960721,0.381091595627655,0.647802002964995,0.517113019750097,0.999550560551813
"Ap3b1",19.8945712411017,0.288629002543068,0.446161205258578,0.646916404073703,0.517686048442032,0.999550560551813
"Abhd17b",20.0603480890159,0.332812120383251,0.514858002094354,0.646415359243575,0.518010396060901,0.999550560551813
"Galnt11",16.1689256224015,0.37397971639658,0.579275301531333,0.645599277939095,0.518538905090867,0.999550560551813
"Pofut1",17.4901484243641,0.300793378501119,0.466074686643842,0.64537591746744,0.518683605933649,0.999550560551813
"Pqlc3",15.8557172586616,0.338755829543796,0.525308529106942,0.644870225350619,0.519011288309144,0.999550560551813
"Evc",14.1196755253761,0.355716648640824,0.551874417251202,0.644560859357446,0.519211806425723,0.999550560551813
"Tmem50a",146.368170528748,0.170862835532946,0.265510460397858,0.643525815430829,0.51988296931062,0.999550560551813
"Lig3",7.78169769533458,0.43647041254642,0.678940902059197,0.642869521077055,0.520308767889504,0.999550560551813
"Clcn7",12.7159210286309,0.351392635403342,0.547565718839584,0.641736002297629,0.521044609015881,0.999550560551813
"Txndc5",123.271008967021,0.194128043487441,0.302513890754378,0.641716130797646,0.521057513682749,0.999550560551813
"Tcn2",44.910187967112,0.256995334354022,0.400507163903346,0.641674750207571,0.521084387005097,0.999550560551813
"Mical1",12.0839174026912,0.361664257283427,0.563688893923044,0.641602595301092,0.521131247445945,0.999550560551813
"Sowahc",24.4792011578958,0.306609741036717,0.4779079066164,0.641566579652388,0.52115463833959,0.999550560551813
"Itm2c",157.122624091249,0.170592051402547,0.265922687857568,0.641509954554606,0.521191415436462,0.999550560551813
"Fam76a",20.618910256855,0.300220389782208,0.468424674185348,0.640914978068418,0.521577923917493,0.999550560551813
"Cflar",55.8578980238507,0.233450101936395,0.364388359551488,0.640662896651638,0.52174172545084,0.999550560551813
"Rev1",14.8449448972463,0.322504703584748,0.503738605199638,0.640222330104986,0.522028067415375,0.999550560551813
"Larp1",38.6484079729787,0.242195273362611,0.378348961010846,0.640137276221219,0.522083356667801,0.999550560551813
"Bfar",32.6391936912406,0.258083452947204,0.403173363917122,0.64013021703551,0.522087945624717,0.999550560551813
"Tceal9",247.255418719586,0.166770228461244,0.260546842602503,0.640077718061902,0.52212207422401,0.999550560551813
"Zfp740",20.4584253591133,0.282776072125749,0.441817224835936,0.64002953309653,0.522153399376731,0.999550560551813
"Adam9",39.3336666193835,0.241017479048192,0.37696308303488,0.639366266605717,0.522584688545928,0.999550560551813
"Lsm10",15.5005636763666,0.352195030645198,0.55086873152663,0.639344748555894,0.522598683726484,0.999550560551813
"Ptpn2",23.9558920896228,0.301904694509114,0.472782932384348,0.638569359910144,0.523103119213234,0.999550560551813
"Spaca6",21.5682885001461,0.28381180430052,0.444924339594938,0.63788779134651,0.523546725590498,0.999550560551813
"Rbm22",29.59351154806,0.263526319921963,0.413211520749562,0.63775162765048,0.523635372348864,0.999550560551813
"Man2c1",10.0151472280052,0.416702759409181,0.653641258421909,0.637509878760146,0.523792777285854,0.999550560551813
"Sfxn3",28.8600781904679,0.257520122998949,0.404002688395929,0.637421805338522,0.523850128734359,0.999550560551813
"Atraid",111.076193180304,0.188604087029969,0.296247630586697,0.636643360341656,0.524357174725923,0.999550560551813
"Sun2",19.6664292435997,0.310837599254397,0.488886350969225,0.635807480896442,0.524901910923047,0.999550560551813
"Tmed5",65.1814453329573,0.209993389787818,0.330365076930965,0.635640400427979,0.525010830711519,0.999550560551813
"Iah1",40.7864803799996,0.235517365049947,0.370617805915105,0.63547234183318,0.525120399810742,0.999550560551813
"Ppp2r2d",36.636290697635,0.254419518704785,0.400784014365597,0.634804557031816,0.525555890832127,0.999550560551813
"Bag5",26.4612312853169,0.266907766051815,0.420611194797705,0.634571236698028,0.525708092532187,0.999550560551813
"Hnrnpul2",58.98560887568,0.208462025373058,0.328597427555719,0.634399444097018,0.525820172292579,0.999550560551813
"Malsu1",26.1695380545996,0.270736357384185,0.426798297804144,0.634342636268959,0.525857237157108,0.999550560551813
"Ascc1",10.7740455794566,0.377301444413203,0.595102846524369,0.634010485106549,0.526073979407923,0.999550560551813
"Ttc19",37.8553931104241,0.234904167275263,0.370795648505666,0.633513818789255,0.526398159699146,0.999550560551813
"Rac1",129.763974199862,0.180715335960778,0.285289360128208,0.633445761452744,0.526442589518846,0.999550560551813
"Ctsb",491.422327605349,0.180774576767312,0.285395188086741,0.633418446818271,0.526460421849736,0.999550560551813
"Elf1",69.5782002417833,0.248310554936346,0.392153241995036,0.633197761347307,0.52660450744698,0.999550560551813
"Tmem88",16.65153859499,0.405610090738701,0.641001147628887,0.632775919729761,0.526879983968186,0.999550560551813
"Armc5",9.75932071531303,0.419146442960673,0.66369362869643,0.631536035360056,0.527690095087778,0.999550560551813
"Icmt",12.4587983812142,0.348107558394589,0.551284906469962,0.631447649498737,0.527747868558754,0.999550560551813
"Nr4a2",106.106329933603,0.229758032917314,0.36391403806344,0.631352486812451,0.527810075310217,0.999550560551813
"Tram2",17.0666438664823,0.339587096825072,0.538134612009644,0.631044889599085,0.528011173627926,0.999550560551813
"Timm10",21.180924348364,0.287272257150264,0.455237804527468,0.631037787928113,0.528015816959714,0.999550560551813
"Dusp11",66.1371046872034,0.199806155568563,0.316856946272398,0.630587897532762,0.528310014135421,0.999550560551813
"Coch",326.970150916366,0.901920486283855,1.4307685437961,0.630374836093957,0.528449370696807,0.999550560551813
"Atp6v0d1",58.982012395905,0.208260777181513,0.330566212372651,0.63001229220226,0.528686541893057,0.999550560551813
"H2-K1",687.490021167754,0.183193102934093,0.29115744708986,0.629189137235271,0.529225239602962,0.999550560551813
"Mif4gd",18.6283084858113,0.315640598852616,0.501709129066773,0.629130666686766,0.529263515131073,0.999550560551813
"Clasp1",15.8858458002344,0.325420512176819,0.517933405938022,0.628305701941458,0.529803697069068,0.999550560551813
"Fbxo33",33.0933221681347,0.244919511470494,0.389820051430186,0.628288643880489,0.52981486954061,0.999550560551813
"Rpl37a",2273.41146619086,0.144774847519333,0.230570270130578,0.627899023743798,0.530070090574041,0.999550560551813
"Iscu",42.6865073095529,0.228111596493151,0.363398082177863,0.627718217790438,0.530188548896519,0.999550560551813
"Med13l",52.2643061905276,0.221660221363972,0.353503553206557,0.627038170771802,0.530634214488569,0.999550560551813
"Igfbp7",1066.59186602617,0.231827226228182,0.369735408415325,0.627008452400561,0.53065369461806,0.999550560551813
"Mtmr2",15.2186207496959,0.318169771697212,0.507547064986722,0.626877374821458,0.530739619142942,0.999550560551813
"Atxn1",21.9108340036165,0.289204676654339,0.4615399100263,0.626608166210066,0.530916114043054,0.999550560551813
"Angel2",26.3753471683158,0.265190246676891,0.423260199743998,0.626541892758371,0.530959567912528,0.999550560551813
"Npepps",50.5022281441612,0.204437715486568,0.326810610317967,0.625554094732916,0.531607456550479,0.999550560551813
"Tns1",46.5284437584684,0.252972527034286,0.404439847696119,0.625488631932133,0.531650407219008,0.999550560551813
"Ccnc",10.5999505589188,0.382612736391054,0.612089938637138,0.62509234711972,0.531910450406049,0.999550560551813
"Twsg1",70.5933634185902,0.204019390819552,0.32643092184965,0.625000198092511,0.531970928084949,0.999550560551813
"Rpl28",1204.27171089647,0.139365914657826,0.223089483030557,0.624708582245167,0.532162339379135,0.999550560551813
"Rbfa",15.7531845646253,0.305491938632936,0.489275998273805,0.624375484819875,0.532381021087103,0.999550560551813
"AI837181",26.3943530405604,0.303320337767818,0.485866715527596,0.624287130758579,0.53243903402322,0.999550560551813
"Cxcl5",53.7141929100833,0.712293434681153,1.14116828311087,0.624179137488307,0.532509946334198,0.999550560551813
"Aph1a",38.9658727835952,0.238912020622725,0.382979469174364,0.623824616859429,0.532742771080453,0.999550560551813
"Pttg1ip",94.4187445878236,0.181071071175806,0.290286466723881,0.623766837012214,0.532780721787838,0.999550560551813
"Pip4k2c",15.9438694991264,0.319933275441834,0.513522136378646,0.623017495794828,0.533273024689183,0.999550560551813
"Dlc1",58.6880145223125,0.225869154674151,0.362791662107539,0.622586399483453,0.533556350931966,0.999550560551813
"Efcab14",31.1219517931611,0.246868335013888,0.396604068816604,0.62245537659384,0.533642477208983,0.999550560551813
"Zzz3",24.9608694239165,0.259612327317961,0.417673993177579,0.62156689561369,0.534226694473041,0.999550560551813
"Evi5",23.6561064684739,0.264803480618014,0.426728062996297,0.620543862896384,0.534899785432471,0.999550560551813
"Rab20",21.5110659563879,0.30913358028402,0.498532005723008,0.620087731048865,0.535200029200574,0.999550560551813
"Clasp2",24.5179438433095,0.273231909446132,0.440838771693185,0.619800087902196,0.535389410806336,0.999550560551813
"Aes",161.55436578458,0.159212319817915,0.257056390622546,0.619367289147454,0.535674425153327,0.999550560551813
"Cast",69.5435187247779,0.196364588302012,0.317306374344226,0.618848545692903,0.536016138011174,0.999550560551813
"Mid1ip1",19.5798325526938,0.296923628286657,0.479983555589202,0.618612085412321,0.536171938347362,0.999550560551813
"Ppp1r10",65.1256387231596,0.217828888682162,0.352679760574274,0.617639323355182,0.5368131171982,0.999550560551813
"Sertad1",105.50993421048,0.225678940130036,0.36558096207782,0.61731589863806,0.537026382239555,0.999550560551813
"Efemp2",82.8659193024729,0.202006834708279,0.327430700086949,0.616945309815592,0.53727079946497,0.999550560551813
"Selenom",284.122817663533,0.157818031690804,0.255883953327741,0.616756266418424,0.537395502202127,0.999550560551813
"Lacc1",11.6707731367199,0.366722684911458,0.595320035225997,0.616009311314782,0.537888374368421,0.999550560551813
"Fam189b",12.1909433385827,0.387074406972058,0.6288817969436,0.615496280625805,0.538227024852001,0.999550560551813
"Fbxw11",19.2481605080432,0.274513809563439,0.446126634590697,0.615327102842211,0.538338722204887,0.999550560551813
"Smim27",27.1790139297458,0.246559584126038,0.40069865944815,0.615324205141101,0.538340635474311,0.999550560551813
"Tmed2",249.205381722649,0.152662200241222,0.248322378706121,0.614774234350788,0.538703827262354,0.999550560551813
"Gpsm1",15.8731952734014,0.306457675754182,0.499450095594857,0.61359018339797,0.539486172064728,0.999550560551813
"Cope",104.54180246026,0.189168035257811,0.308678761426232,0.612831392687245,0.539987831208715,0.999550560551813
"Arhgap21",33.0226642593257,0.267023272153792,0.435739402912307,0.612804970973742,0.540005303595533,0.999550560551813
"Blvra",13.5495904836685,0.320858898064378,0.524104791703527,0.612203710295174,0.540402987084945,0.999550560551813
"Fam3a",17.7301649652705,0.287679647024525,0.470000656837246,0.612083499968691,0.540482513694701,0.999550560551813
"Lamtor2",90.5133421878627,0.180977777320078,0.295971156395534,0.611470994417512,0.540887815076524,0.999550560551813
"Rcn3",271.484566793208,0.16946179652809,0.277494369503256,0.610685531499051,0.541407786345738,0.999550560551813
"Rbbp9",8.18330506563825,0.408816075109631,0.669463242702931,0.610662466633796,0.541423058905763,0.999550560551813
"Fkbp10",80.3849284877323,0.208256544866697,0.341144069838509,0.610465088738847,0.541553762840169,0.999550560551813
"Cc2d2a",16.1953633108346,0.331457189463136,0.543414892169627,0.609952348084844,0.541893374052457,0.999550560551813
"Zufsp",8.55787581217256,0.389131769901912,0.639111964575013,0.608863221893634,0.542615103748343,0.999550560551813
"Ttf1",10.795404650405,0.432203777221227,0.710481608955694,0.608325073827744,0.542971894314088,0.999550560551813
"Araf",27.4351670352399,0.255123443923875,0.42003328428989,0.607388636724798,0.54359302779495,0.999550560551813
"Eif4ebp2",27.2858841990048,0.247801768835456,0.408443619020169,0.606697613320333,0.544051606369736,0.999550560551813
"1190002N15Rik",22.2612283918731,0.262813798747005,0.4335793971962,0.60614918616181,0.544415691763806,0.999550560551813
"Kat2b",20.3083378877129,0.307394669801587,0.507135766875285,0.606138809131129,0.544422581950284,0.999550560551813
"Zfand3",35.6205067554713,0.233329083505885,0.384995220201579,0.606057091783417,0.544476842508666,0.999550560551813
"Ankrd46",13.2379682596438,0.329192906737324,0.54385416058466,0.605296291901916,0.544982144806645,0.999550560551813
"Exoc7",11.7449565525723,0.337039420008823,0.556970716564564,0.605129515762888,0.545092944027849,0.999550560551813
"Rxra",12.302891319125,0.339767299748478,0.562267952960621,0.604280037586055,0.545657475958329,0.999550560551813
"Mfap1b",19.4099147035826,0.305234198259868,0.505372051232662,0.603979182298202,0.545857482831147,0.999550560551813
"Dnajc4",13.3649119412401,0.316136071333325,0.523592717636539,0.603782406982934,0.545988317595401,0.999550560551813
"Atad2b",19.4996847047711,0.271759006795732,0.451095318573022,0.602442533997923,0.546879604496722,0.999550560551813
"Sgce",54.5225732234855,0.201745056955302,0.335178216490398,0.601903844073593,0.547238145307332,0.999550560551813
"Rp9",54.4899025358173,0.197513071200731,0.328208592363191,0.601791286993991,0.5473130756463,0.999550560551813
"Drg2",14.1838055335806,0.307781795919833,0.512557638677386,0.600482312026486,0.548184845550931,0.999550560551813
"Fbxo6",12.8161321401577,0.328572366891626,0.547276082037716,0.600377721000024,0.548254532168827,0.999550560551813
"0610037L13Rik",35.6510974641929,0.224138227209784,0.373329172004343,0.600376943506511,0.548255050211426,0.999550560551813
"Setd7",26.2601982566064,0.262394631649543,0.437403423685322,0.599891581640468,0.548578493179801,0.999550560551813
"Kif2a",23.4286959989144,0.267372002320568,0.445865953739279,0.599669026258315,0.548726834586428,0.999550560551813
"Timm21",19.1000402590579,0.275489133811429,0.459879663672235,0.599046132224222,0.549142121773393,0.999550560551813
"Gm26523",15.95403264296,0.352214521061498,0.588351838404316,0.598646078878156,0.549408921480807,0.999550560551813
"Vkorc1",137.987677109727,0.162036305392099,0.270780446091397,0.598404750900685,0.549569896504456,0.999550560551813
"Rusc2",15.8008590241345,0.297375395533263,0.497205584597923,0.598093434074645,0.549777591115213,0.999550560551813
"Ptbp2",23.2285059389323,0.293223591887785,0.490426362094979,0.597895249013953,0.549909830165823,0.999550560551813
"Pdzrn3",24.3590397475412,0.258898248240202,0.433343120425267,0.597444002309599,0.550210983140579,0.999550560551813
"Ctdsp2",95.5572842739971,0.16836349673206,0.281887785098987,0.59727134566309,0.550326232194318,0.999550560551813
"Kif1c",19.2375477463064,0.266070036827283,0.445581591422088,0.597129778135834,0.550420737995324,0.999550560551813
"Crk",59.2852828146638,0.203248735281309,0.340680766280626,0.596595861575258,0.550777234915227,0.999550560551813
"Zfp948",13.0793663689743,0.332463900640886,0.557301141712874,0.596560594903956,0.550800786526052,0.999550560551813
"Pigk",29.5592105259199,0.246745357489644,0.41378813259475,0.596308443991307,0.550969191113975,0.999550560551813
"Fto",34.0285367149808,0.236433942689367,0.396521494416713,0.596270179595595,0.550994749053771,0.999550560551813
"Gprc5b",15.4212786598186,0.308096717262957,0.516802331307384,0.596159689302382,0.551068552113897,0.999550560551813
"Qrich1",19.5824620643763,0.28804085612839,0.483487882253158,0.595756102068282,0.551338173417217,0.999550560551813
"Triap1",14.3833683732486,0.325851006214047,0.546960091590609,0.59574914371987,0.55134282259416,0.999550560551813
"2810004N23Rik",17.5747585503011,0.293781010939699,0.493742276105102,0.595008823747478,0.551837572826129,0.999550560551813
"Sec31a",80.2615629496622,0.199454194277321,0.335404236659484,0.594668082501936,0.552065360884955,0.999550560551813
"Btbd3",9.57927537947553,0.387704667678956,0.652062841975979,0.594581753047107,0.552123080097896,0.999550560551813
"Cltb",70.7377434359998,0.201667681844623,0.339200990036378,0.594537421081805,0.552152721262084,0.999550560551813
"Snx1",27.8885251204741,0.269633062216572,0.45368540117554,0.59431725490379,0.552299939976148,0.999550560551813
"Camk2d",77.526145024466,0.183318745242382,0.308680847514604,0.593877938065818,0.552593755924245,0.999550560551813
"Wdr48",13.5772573339951,0.322034569514217,0.542285427301285,0.593846991457692,0.552614455966361,0.999550560551813
"Anxa5",462.323223632419,0.152320519823052,0.256706552278363,0.593364362814865,0.552937333240116,0.999550560551813
"Ankfy1",17.7032361972225,0.300098887065535,0.505995258680887,0.593086361812724,0.553123357147268,0.999550560551813
"Dym",9.84365717256995,0.387172993604317,0.652991639415993,0.592921823548289,0.553233472103127,0.999550560551813
"Golim4",45.8326809312773,0.242556778252447,0.409243892739415,0.592694924849849,0.55338533853809,0.999550560551813
"Timp1",255.126901469228,0.259120847668487,0.437214210066991,0.592663371185452,0.553406459459579,0.999550560551813
"Fam208a",42.3067878867026,0.204763819804237,0.345713190089773,0.592293917831326,0.553653788021642,0.999550560551813
"Arhgap12",13.0646478846933,0.32704758564251,0.552380914865743,0.592068945253113,0.553804421221585,0.999550560551813
"Pef1",10.9931838238265,0.343673298336376,0.580953525044468,0.591567627221249,0.554140157139523,0.999550560551813
"Trappc1",22.4105096874931,0.264008546280255,0.446506283422301,0.591276217339497,0.554335361986493,0.999550560551813
"Arcn1",60.1178804100269,0.204324770472667,0.345697490124048,0.591050777948513,0.554486398686274,0.999550560551813
"Eif2s3y",11.8166269862361,0.411282175508612,0.695853372547789,0.591047182832137,0.55448880745463,0.999550560551813
"Peak1",26.6144037372118,0.253136823970519,0.428962164986304,0.590114571010245,0.555113840673321,0.999550560551813
"Nadk",30.3388459075289,0.235151655604306,0.398603437825989,0.589938854734519,0.555231643646497,0.999550560551813
"Ranbp9",21.4658698401201,0.254913571400986,0.432224371084163,0.589771397576628,0.555343920941135,0.999550560551813
"Cds2",14.079897786067,0.317011964092729,0.53755443002403,0.589729981536117,0.55537169143172,0.999550560551813
"Rps27",1755.36226558477,0.140100738947213,0.237695753154516,0.589412040761783,0.555584901257252,0.999550560551813
"Nudcd1",9.52700938989479,0.376488135337869,0.64012628631957,0.588146656970614,0.556433858472131,0.999550560551813
"Gps2",25.5529711302106,0.244748340713324,0.416160969224247,0.588109791193422,0.55645860152894,0.999550560551813
"Rplp1",2242.06316297913,0.13152375725582,0.223841278727044,0.587575973492372,0.55681694194208,0.999550560551813
"Lpcat1",10.1139804607837,0.362458258446054,0.617118139336633,0.587340146630071,0.556975283278696,0.999550560551813
"Serpinh1",1230.68616171706,0.149761690740137,0.255032134871526,0.587226746212118,0.557051431582198,0.999550560551813
"Tab2",39.5308898162368,0.230692265305947,0.393020340935286,0.586972839006143,0.557221948485569,0.999550560551813
"Cep85",9.02338570148128,0.377266288537069,0.642830952865942,0.586882580645966,0.557282569572719,0.999550560551813
"Etv6",16.3429324353948,0.290124149688979,0.494648883631854,0.586525431046775,0.557522476870143,0.999550560551813
"Ikbip",74.7066755921309,0.175934845870009,0.299979360030512,0.586489836674478,0.557546389352306,0.999550560551813
"S100a6",2482.46041418154,0.161902787133012,0.276156383371274,0.586272115663337,0.557692666310584,0.999550560551813
"Thoc2",50.6636606211373,0.214121778560168,0.366118091561959,0.584843479454037,0.558652965789228,0.999550560551813
"Zbtb2",16.1102399616223,0.303857324183646,0.519586892327249,0.584805599738395,0.558678438673837,0.999550560551813
"Pck2",14.7552514118911,0.301513122715021,0.515758587707776,0.5846012648186,0.558815857035261,0.999550560551813
"Lpin1",10.0818629074255,0.388525929506565,0.664684931774154,0.584526458978881,0.558866169212796,0.999550560551813
"Pias1",18.9118829115218,0.292493378961376,0.500668234920129,0.58420598424431,0.559081735863561,0.999550560551813
"Bicd2",27.8572585821286,0.252027659170129,0.431601014284625,0.583936670278364,0.559262920544246,0.999550560551813
"Psd3",21.5426346293637,0.28324866486851,0.485110573593044,0.583884747699038,0.559297855451573,0.999550560551813
"Rce1",15.2823439177928,0.307863129192571,0.528038009467909,0.583032137218299,0.559871666149443,0.999550560551813
"Dnajc18",11.8017355002465,0.32271151422283,0.554024015749597,0.582486507892983,0.56023902687876,0.999550560551813
"Pbxip1",37.3576525399483,0.239368136720608,0.411215686263002,0.582098749432227,0.560500167466453,0.999550560551813
"Minpp1",11.9800028618694,0.315415997764548,0.542395656235819,0.581523827003906,0.560887464363652,0.999550560551813
"Fzd8",10.7230126541524,0.372638238905071,0.640813684483244,0.581507929571712,0.560898175520432,0.999550560551813
"Aldh18a1",21.801526450209,0.257928945198545,0.444078641904662,0.580818172412623,0.561363006093688,0.999550560551813
"2700081O15Rik",27.2114831912453,0.257724038122141,0.443765949783539,0.580765690219934,0.561398381715683,0.999550560551813
"Usf2",37.2988420030596,0.21431044808797,0.369371653980791,0.580202746416257,0.561777901786153,0.999550560551813
"Rev3l",40.1166495465653,0.208907475929497,0.360107079807401,0.580125989306373,0.56182965876704,0.999550560551813
"Calu",235.197354707173,0.15574888757963,0.26868072428661,0.57968016869527,0.562130319202094,0.999550560551813
"Kcnq1ot1",124.85553601864,0.18274801544161,0.315610524871589,0.579030168642077,0.562568817037155,0.999550560551813
"Extl2",10.6480023914127,0.342756437446242,0.593393423732306,0.57762088984806,0.563520100172743,0.999550560551813
"B3galnt2",9.13745978937673,0.35014995437964,0.606581786482606,0.577251019042395,0.56376989659461,0.999550560551813
"Wipf1",31.9177324914768,0.226911882266989,0.393257744427055,0.57700550207239,0.563935738706112,0.999550560551813
"Mrpl42",38.9596443067158,0.209769313831324,0.363703761249756,0.576758714593757,0.56410246270069,0.999550560551813
"Sfxn1",31.291246692873,0.234735879384167,0.407019594238242,0.576718867364327,0.56412938480602,0.999550560551813
"G0s2",24.0124582927187,0.250790264220785,0.43487451409055,0.576695704380978,0.564145034767564,0.999550560551813
"Zcchc11",40.0743874860927,0.21447187267222,0.372067735300796,0.576432332942901,0.564322995150812,0.999550560551813
"Timm8b",57.5559638907868,0.204104147594281,0.354239003460584,0.576176382612795,0.564495966970935,0.999550560551813
"Copz1",47.8225395507287,0.192851946236789,0.334988821421303,0.575696661812624,0.564820232096675,0.999550560551813
"Rbck1",30.8544788050851,0.227827341150737,0.395817516231459,0.575586809092885,0.564894499155547,0.999550560551813
"Ccs",29.0627567230303,0.233074609637658,0.405084839881838,0.575372333621879,0.56503951103337,0.999550560551813
"Ddx42",20.9856630994311,0.300210708137497,0.521804269634011,0.575332026984106,0.565066765290832,0.999550560551813
"Yod1",11.4685539484425,0.368041405848605,0.640002919901207,0.575062073006506,0.5652493171538,0.999550560551813
"Tspan31",64.2800582474545,0.180756518651682,0.314404471892334,0.574917136399959,0.565347339803819,0.999550560551813
"Mrpl38",27.1950478426381,0.229755464660858,0.399767446825132,0.574722795679156,0.565478787964824,0.999550560551813
"Siae",10.1994779646753,0.345825858811328,0.602181780746829,0.574288146649726,0.565772828975707,0.999550560551813
"Dusp3",24.8102831733916,0.240137420645609,0.418310947648019,0.574064393953345,0.565924226783181,0.999550560551813
"Aplp2",132.36231388585,0.156521698378975,0.272805280494887,0.573748785562488,0.566137809979123,0.999550560551813
"Numa1",36.4616191858918,0.214669222496408,0.375219625016618,0.572116190582783,0.567243261111014,0.999550560551813
"Cxcl14",213.466580333391,0.573048053740716,1.00180348760231,0.572016429202333,0.567310844339613,0.999550560551813
"Ifnar1",20.2456990183708,0.268418457702414,0.469259142138205,0.572004748760677,0.567318757493154,0.999550560551813
"Ddt",32.8270713921745,0.225929986089118,0.395289781674191,0.571555341330163,0.567623257870276,0.999550560551813
"Ucp2",17.2363505316147,0.423403149167757,0.740869425673246,0.571494968607998,0.567664169956621,0.999550560551813
"Pole3",17.2577549349778,0.281420297009638,0.492567515213423,0.57133344834505,0.567773632470294,0.999550560551813
"Ppm1a",62.873852823216,0.189904551213715,0.332522651154226,0.571102601746179,0.567930095076831,0.999550560551813
"Fam168b",31.0882402541701,0.235017817413802,0.411611397078456,0.57097014096771,0.568019883313163,0.999550560551813
"Plagl1",30.6714390401261,0.307848812198951,0.53961826141461,0.570493688245324,0.568342901840411,0.999550560551813
"Itpr1",12.6872630034809,0.30110940129618,0.527999482177978,0.570283516290802,0.568485419097397,0.999550560551813
"Snrpa",34.5083578700085,0.216271126464061,0.379559439516087,0.569795146551467,0.568816647773932,0.999550560551813
"Sptlc1",9.38941801468355,0.35253579175406,0.619181657528689,0.569357614954421,0.569113474614452,0.999550560551813
"Maip1",12.0801959811524,0.311867860203186,0.5481106335451,0.568987064137161,0.569364918705131,0.999550560551813
"Gna12",31.176547016094,0.232114834560302,0.408273886607168,0.56852726117073,0.569677000198449,0.999550560551813
"Ltbp4",101.842920238622,0.275676529702096,0.485343224790946,0.568003251350298,0.570032760204888,0.999550560551813
"Golga4",34.5008424815421,0.2179860236641,0.383823746852563,0.567932613475929,0.570080725672435,0.999550560551813
"Fbln5",134.582743898225,0.245653676281357,0.432541933510564,0.567930314380392,0.570082286867155,0.999550560551813
"Xpr1",22.6857666634019,0.257751981159738,0.453860976929425,0.567909545569541,0.5700963899654,0.999550560551813
"Spsb3",14.7518942477392,0.285596908573048,0.504080461192884,0.566570082675286,0.571006305777176,0.999550560551813
"Dcaf10",17.3144736350678,0.279136853729785,0.493521176172032,0.565602586488574,0.571663969167296,0.999550560551813
"Fyn",56.2443407029878,0.203860601182049,0.360484492879452,0.565518365446641,0.57172123614289,0.999550560551813
"Rpl36a",750.758097714556,0.13308317489183,0.235542469684199,0.565007130434946,0.572068914239792,0.999550560551813
"Tcf12",50.8848772082536,0.213115288737312,0.377643601617813,0.564329139496426,0.572530153774364,0.999550560551813
"Dnase2a",11.4901281158143,0.320941061462053,0.568739580601842,0.564302314114365,0.572548406803727,0.999550560551813
"1500009L16Rik",16.3973954486942,0.286347568266249,0.507631804310808,0.564085161399632,0.572696176095731,0.999550560551813
"Mrpl23",70.0682251929626,0.174126758005321,0.30890100117689,0.563697616200372,0.572959939994234,0.999550560551813
"Ccnd2",54.183913005987,0.225858208553243,0.4009729387324,0.563275440151276,0.573247339287208,0.999550560551813
"Me1",13.1102920952365,0.31016356674905,0.550769854546503,0.563145502951383,0.573335808700984,0.999550560551813
"Rap1b",142.407315569688,0.150668484671247,0.267650234068221,0.562930517119755,0.573482198785749,0.999550560551813
"Fkbp5",20.477276559335,0.269085370861654,0.478586828741336,0.562249846217744,0.573945804162995,0.999550560551813
"Wac",57.5275788898414,0.189135019008114,0.336416048342632,0.562205697201117,0.573975880215793,0.999550560551813
"Mpp5",28.5144891464576,0.236805593712855,0.421768066836684,0.561459276632599,0.574484484342041,0.999550560551813
"Aggf1",16.5324043053408,0.273434183080593,0.487086897934647,0.561366327528029,0.574547833940013,0.999550560551813
"Gbp5",10.3534236258019,0.48518090967589,0.864416585254313,0.561281352015185,0.574605752017294,0.999550560551813
"Emc7",73.2544317863237,0.174784628273173,0.311951260590227,0.560294668925113,0.57527846309139,0.999550560551813
"Glis2",17.0328023257023,0.288296206025555,0.514675783237319,0.560151099809217,0.575376378151553,0.999550560551813
"Corin",24.8785140785687,0.279615963910499,0.499320433910428,0.559993032371391,0.575484190268114,0.999550560551813
"Zfp560",26.0253089594819,0.238626824117527,0.426136398846461,0.55997756766022,0.575494738704182,0.999550560551813
"Ranbp3",11.5013270246697,0.352412949587311,0.629693826124418,0.559657622429474,0.575712992939816,0.999550560551813
"Psmb9",17.8230961840734,0.327503655830628,0.586709808845542,0.558203818809592,0.57670521347728,0.999550560551813
"Inpp1",11.7611281398534,0.344989638200525,0.618612362801438,0.557683064460934,0.577060824189809,0.999550560551813
"Use1",49.4130915085054,0.184238403347939,0.331273843807214,0.556151373831848,0.578107377598476,0.999550560551813
"Dync2h1",9.29405315479627,0.346010910516289,0.623389816312261,0.555047422114077,0.578862224356177,0.999550560551813
"Rpl13a",225.412083435941,0.160833797937489,0.290248170078641,0.554125105746272,0.579493229464149,0.999550560551813
"Tm2d3",18.1021177751051,0.26363966022075,0.47602481829756,0.553835955788235,0.579691118583427,0.999550560551813
"Ahcyl1",43.6140226821246,0.204190251355957,0.36885955010225,0.553571816967608,0.579871918222032,0.999550560551813
"AC130815.2",7.99178940877675,0.464130524751276,0.83892021209778,0.553247517532906,0.58009393318594,0.999550560551813
"Cst3",632.949653573012,0.148435358646962,0.268331620215327,0.553178781270161,0.580140995057627,0.999550560551813
"Hsf2",17.6579607422576,0.259604431709048,0.469374887501135,0.553085473087694,0.580204883525694,0.999550560551813
"Ccpg1",15.097264554669,0.302538205259382,0.547834522708724,0.552243775663327,0.58078134593324,0.999550560551813
"Creg1",37.7182942873814,0.215093752985439,0.38963785841528,0.552035045722354,0.580924342546951,0.999550560551813
"Arl15",7.78289157380546,0.388640093547639,0.704293897983772,0.551815221827456,0.581074957216408,0.999550560551813
"Ndufaf8",33.0874963605517,0.208655882660819,0.379688310868154,0.549545184005611,0.582631365287366,0.999550560551813
"Tmcc2",8.97752165258123,0.353255048770817,0.644241488292657,0.548327071742925,0.583467342020596,0.999550560551813
"Atf6b",16.41046368719,0.263013075303239,0.479696727584989,0.548290326322146,0.583492568672373,0.999550560551813
"Idh2",63.5861811061987,0.18517633020123,0.337920502933774,0.547987850969555,0.583700244887655,0.999550560551813
"Nt5dc3",15.3465547883224,0.288265468171836,0.526050320743041,0.547980785877411,0.583705096112891,0.999550560551813
"Arpc4",73.627227307975,0.178954226442785,0.326639806426516,0.547864108788724,0.583785214816996,0.999550560551813
"Snapc1",9.58637531042788,0.355426493213728,0.648777998930831,0.547839929528224,0.583801818640352,0.999550560551813
"Rps4x",1673.58509388012,0.135516111419036,0.247543776711895,0.54744301480363,0.584074410187316,0.999550560551813
"Ppp2ca",136.057760091919,0.153479822202195,0.280378468606581,0.547402312898548,0.584102366632226,0.999550560551813
"Klhdc2",44.8498087602967,0.195304380204111,0.356932443083472,0.547174637634264,0.584258758783394,0.999550560551813
"Dnm2",28.2687447588044,0.241852342430042,0.442519472820961,0.546534914923152,0.584698294236515,0.999550560551813
"Jmjd8",11.6669365359973,0.335085424061207,0.613653485874131,0.546049899128151,0.585031637373525,0.999550560551813
"Ivd",10.8740886315749,0.307621801354622,0.563906503258024,0.545519158898342,0.585396507311294,0.999550560551813
"Thap11",13.0407618856964,0.289313512131957,0.530851114178148,0.544999349921052,0.585753964715122,0.999550560551813
"Snx5",34.5900100210586,0.22823801807282,0.418998605476388,0.544722619812351,0.585944305218848,0.999550560551813
"Tpcn1",18.0528543992768,0.306516338013557,0.562783898863844,0.544643047948522,0.585999041650445,0.999550560551813
"Sdf4",98.3493032299077,0.152752606750868,0.280550291449576,0.544474952999014,0.586114679739195,0.999550560551813
"Gpr108",20.6435765448041,0.25152874333046,0.46211276117377,0.544301660684667,0.586233904347528,0.999550560551813
"mt-Nd1",896.100817661217,0.162838112079203,0.299313346536129,0.5440389276445,0.586414685365086,0.999550560551813
"Pigs",14.8100550421989,0.275745801872934,0.506981578140785,0.543897083764178,0.586512295865084,0.999550560551813
"Ppp2r2a",45.3880269997696,0.190758009463976,0.351181159360015,0.543189759415366,0.586999156657757,0.999550560551813
"Vps13a",14.1883441834274,0.279600068092539,0.51492475101801,0.542992092611139,0.587135246813434,0.999550560551813
"Pi4k2a",30.9828940042769,0.22065565403861,0.406681858062223,0.542575602191847,0.587422041031453,0.999550560551813
"Ston2",9.82211917065788,0.34146556120137,0.629577052300563,0.542372946970679,0.587561612333164,0.999550560551813
"Erp29",121.145499798321,0.152768899479544,0.281771026610292,0.542173910913961,0.587698706002252,0.999550560551813
"Aifm1",10.6908510383427,0.314924231874256,0.581023920638455,0.542015949237001,0.587807518657332,0.999550560551813
"B3galnt1",12.8906663193446,0.281557504330802,0.519550659554671,0.541925025313484,0.587870156260926,0.999550560551813
"Elk4",30.5270854190331,0.226337532734112,0.417940715368121,0.541554159265757,0.588125678306623,0.999550560551813
"Maff",100.630957799311,0.185400742181045,0.342564134901676,0.541214690306851,0.588359613144808,0.999550560551813
"Sec22b",62.7799070281833,0.169113674233399,0.312562582897971,0.541055402938624,0.588469396068554,0.999550560551813
"Man2a1",84.7570499712161,0.231129656303796,0.427282143359074,0.540929827974493,0.588555950635423,0.999550560551813
"Ebp",45.624881668301,0.183303380737793,0.338987058460922,0.540738580316407,0.58868778246018,0.999550560551813
"Zfp469",11.1613435520367,0.327789682680297,0.60631909773321,0.540622394883773,0.588767878661128,0.999550560551813
"Lemd2",29.0732486574485,0.215143372082807,0.398013696739394,0.540542634199033,0.588822867191802,0.999550560551813
"Pld2",8.76441530865791,0.351407163303509,0.650116052355131,0.540529897747473,0.58883164816289,0.999550560551813
"Tmem42",13.190017489563,0.291261037687272,0.539349023241065,0.540023296857054,0.589180966181079,0.999550560551813
"Gas1",205.827604596483,0.191850990687724,0.355343026566682,0.539903632108347,0.589263492928142,0.999550560551813
"Atp13a1",11.4086721627426,0.308104313556333,0.571038052257914,0.539551282682603,0.589506521532431,0.999550560551813
"Arnt",44.6647201570481,0.195902908388224,0.363375365008531,0.539119949376934,0.589804091181099,0.999550560551813
"Birc6",54.4873034975626,0.176223683098798,0.326948041165428,0.538995989915208,0.589889621548757,0.999550560551813
"Edn3",15.9895879181687,0.348531260386203,0.646972880704815,0.538710772554349,0.590086439406484,0.999550560551813
"Tifa",11.6506976073534,0.419908665663952,0.779512529094946,0.538681098752175,0.590106917927194,0.999550560551813
"Lrp1",296.993800969823,0.173097215448935,0.32169888972657,0.538072156842259,0.590527233930353,0.999550560551813
"Crebbp",63.8739003891849,0.170991731824659,0.318193953841116,0.537382089635936,0.591003712332974,0.999550560551813
"Mysm1",20.0544356362607,0.269400025883332,0.501474664202717,0.537215626459703,0.59111867848287,0.999550560551813
"Gna13",62.209759254741,0.208294243445219,0.387861162703344,0.537032999110903,0.591244820086467,0.999550560551813
"Eif4ebp1",56.4361657740447,0.18552945443254,0.345523284003498,0.536952104306412,0.591300698477879,0.999550560551813
"Vmac",8.91326612379182,0.3426492012228,0.638593595542094,0.536568489904646,0.591565714615476,0.999550560551813
"C1qtnf1",19.8272132697283,0.244242356731328,0.455313030408073,0.536427337720658,0.591663241908609,0.999550560551813
"Plvap",13.6887110383743,0.294989928086326,0.550605501893359,0.53575550384431,0.59212753811778,0.999550560551813
"Commd3",56.9038098439007,0.174065599237351,0.325045128957345,0.535512098875947,0.5922957935835,0.999550560551813
"Rps20",2106.71513599048,0.128357236053093,0.239757220235618,0.53536338103583,0.592398606673564,0.999550560551813
"Gm17018",13.5602221438504,0.275280032453925,0.514510979718411,0.535032376966153,0.592627469069,0.999550560551813
"Cd2bp2",13.5185797681673,0.276186998249582,0.516315303287035,0.53491925668537,0.59270569183801,0.999550560551813
"Olfml2b",93.767309411832,0.212654797659989,0.39798014382537,0.534335194756099,0.59310964644893,0.999550560551813
"Ggh",57.8671875803069,0.172007888574246,0.322306707424586,0.533677657373895,0.593564569743074,0.999550560551813
"Exosc1",13.7066199290418,0.277310336657598,0.519807493232773,0.533486608538398,0.59369677858109,0.999550560551813
"Rrp15",13.1939924874963,0.303487718203968,0.56899465360283,0.533375342425993,0.59377378271329,0.999550560551813
"Pds5a",42.7212365170623,0.191613142065105,0.359332288747217,0.533247771117782,0.593862076834411,0.999550560551813
"Rab3d",10.2519729840706,0.309599105624682,0.581552046531782,0.532366978108059,0.594471851460872,0.999550560551813
"Cpd",34.8186795050144,0.218980499204099,0.41177836456047,0.531792143664076,0.594869964659601,0.999550560551813
"Comt",201.995252680587,0.223685564953583,0.420858780452953,0.531497916505009,0.59507378471937,0.999550560551813
"Ascc3",40.1319016931818,0.196490051725308,0.369978776928932,0.531084656683027,0.595360116133531,0.999550560551813
"Zdhhc1",12.3450215537103,0.296552544605775,0.55859005621569,0.530894779285627,0.595491695760022,0.999550560551813
"Chpf2",21.6809903087611,0.232384219464145,0.438123771203374,0.530407694670085,0.595829292170143,0.999550560551813
"Setd5",52.1802148362594,0.188996531970325,0.356390711795716,0.530307120008947,0.59589901093508,0.999550560551813
"Surf2",12.7330336408104,0.296813623177147,0.560326080810359,0.529715880345757,0.596308935845824,0.999550560551813
"Arl5b",45.2748988134183,0.18535640676563,0.34992907905613,0.529697066804493,0.596321981969637,0.999550560551813
"Slc5a3",76.5297442695319,0.185566452911654,0.350478648325388,0.529465785714204,0.596482372910284,0.999550560551813
"Stx2",15.7274372822723,0.261741507883373,0.494385767950636,0.529427675412993,0.59650880387809,0.999550560551813
"Ankib1",17.3402803472118,0.255883288298888,0.483437406382049,0.529299729232514,0.596597543403042,0.999550560551813
"Kazn",8.47248424734,0.349191968383162,0.659764370371028,0.529267696263727,0.596619761423014,0.999550560551813
"Stard7",9.83976524480615,0.329612893193851,0.622890105703529,0.529167007431539,0.596689601501552,0.999550560551813
"Cyba",127.802417647035,0.145710249312163,0.275516291890636,0.528862552237024,0.596900801228254,0.999550560551813
"Rbms1",134.36392386986,0.163493895617055,0.309195872153879,0.528771275237751,0.596964126457378,0.999550560551813
"Ap1g1",16.5796888157098,0.253910859361915,0.480305067429791,0.528644972914075,0.597051756240831,0.999550560551813
"Ppm1m",19.8702950539925,0.234168893085014,0.442977090273574,0.528625290622584,0.597065412533522,0.999550560551813
"Ift20",114.205003704791,0.15835340633763,0.29978789981493,0.528218138341765,0.597347941521609,0.999550560551813
"Scmh1",19.7076115035089,0.280977018620525,0.532033004704945,0.528119526675511,0.597416378757636,0.999550560551813
"Gli2",15.1979764966951,0.313319101760186,0.593278330175988,0.528114859120582,0.597419618164115,0.999550560551813
"Fbxo31",10.9469251325199,0.296961388365817,0.56480274722714,0.525778937556037,0.599041810379557,0.999550560551813
"Trabd",14.5417154936831,0.269184946594478,0.512395317336762,0.525346226803164,0.599342527530586,0.999550560551813
"Ehbp1l1",18.3526786081992,0.252648691717672,0.48115416791572,0.525088856264311,0.599521422477416,0.999550560551813
"Sdk1",8.16671629684841,0.378800719834869,0.721514948578128,0.525007445211443,0.599578015285713,0.999550560551813
"Il15ra",18.4807514663879,0.249009072528648,0.474677333147865,0.524585976914723,0.599871037202419,0.999550560551813
"Nuak1",13.9816521729607,0.289054342912613,0.55234764987826,0.523319585004701,0.600751874087138,0.999550560551813
"Slc39a14",51.1791710136847,0.179156980681085,0.34253910888416,0.523026352420598,0.600955914844255,0.999550560551813
"Itgbl1",106.634807503547,0.211185315431193,0.403954128492171,0.522795289206423,0.601116718181413,0.999550560551813
"Gabpa",14.4657167249215,0.268710411711342,0.514865092183901,0.521904506230077,0.601736820652401,0.999550560551813
"Pogk",7.78100329705293,0.3956056892991,0.75955979675767,0.520835477322286,0.60248138645344,0.999550560551813
"Stard3nl",18.1945045678198,0.260950798630548,0.501107104814382,0.520748550805736,0.602541947967545,0.999550560551813
"Tram1",72.1546171787001,0.175465974011962,0.337414923665903,0.5200302704622,0.603042477201114,0.999550560551813
"Rpl7",997.156575252007,0.123266727498139,0.237197906785472,0.519678816599444,0.603287453805789,0.999550560551813
"Arl8b",32.082727522041,0.201645972028574,0.388739588775973,0.518717356941952,0.603957856051406,0.999550560551813
"Tfpi",31.4968891758373,0.216921071985221,0.418681421986195,0.518105319687132,0.604384788855184,0.999550560551813
"Timm29",12.3840632621155,0.291598511416866,0.562876249960968,0.518050835218374,0.604422801614857,0.999550560551813
"Mrpl3",18.5385211665339,0.239925666118464,0.463330303995554,0.517828564308124,0.604577886844411,0.999550560551813
"Prg4",111.200801513817,0.717307491390738,1.38529840653633,0.517799983026202,0.604597830176605,0.999550560551813
"Phactr4",12.1424197203607,0.291131682506683,0.562251051968901,0.517796599023146,0.604600191472219,0.999550560551813
"Layn",13.9363236591615,0.350988364771074,0.678231112490021,0.517505549815423,0.604803295780085,0.999550560551813
"Birc2",35.5111470252666,0.216621350706071,0.418701942785486,0.51736409261672,0.604902020605453,0.999550560551813
"Gbf1",21.4467895614168,0.228480439961574,0.441650569391993,0.517333058748495,0.604923680513677,0.999550560551813
"Rpl34",1302.14684543944,0.116127541793911,0.224633099712678,0.516965406889931,0.605180307453069,0.999550560551813
"Pptc7",12.9943486290336,0.274638754384969,0.53147010933551,0.516752964204038,0.605328618120157,0.999550560551813
"Tob1",74.1492378216169,0.19112701735453,0.37028515116559,0.51616171146182,0.605741469685979,0.999550560551813
"Marcks",356.389484651039,0.173411802138172,0.336078163005513,0.515986521074049,0.605863823347047,0.999550560551813
"Ift57",14.8231602200505,0.270754549091032,0.525003146130844,0.515719860131188,0.606050081636343,0.999550560551813
"Ube2e3",51.9697629923444,0.177251192975221,0.343716346228737,0.515690321161692,0.606070715697581,0.999550560551813
"AC160336.1",1653.48491528782,0.25135302662175,0.487567240617538,0.515524845974872,0.606186312039496,0.999550560551813
"Idh1",39.1188707758078,0.191535749279754,0.371873755181822,0.515055839813448,0.606514000216916,0.999550560551813
"Ubtd1",15.2947237335219,0.255988712476072,0.49709764938858,0.514966652509689,0.606576323124127,0.999550560551813
"Pbx2",11.092249817892,0.28834307604265,0.560063646369075,0.514839836350733,0.606664945505907,0.999550560551813
"Rftn1",13.3276817886175,0.285374692840466,0.555253255932749,0.513954109753172,0.607284075230975,0.999550560551813
"Rpl10",902.665496591716,0.114917226892394,0.223742778720162,0.513613121056846,0.607522504135152,0.999550560551813
"P4hb",198.196794790739,0.151442376650929,0.294909567469626,0.513521409123244,0.607586638830555,0.999550560551813
"Erp44",57.2253006575027,0.162000288844002,0.315747523277692,0.51306907228383,0.607903004827404,0.999550560551813
"Tnmd",53.0357462412349,0.221503289972892,0.431874468300866,0.512888133545744,0.608029574589248,0.999550560551813
"Tpt1",3638.56704299727,0.112504257451136,0.219619025961911,0.51227008661193,0.608461997626866,0.999550560551813
"Lrrc49",9.93384056820215,0.312882574161396,0.610821788364359,0.512232176588238,0.608488526232027,0.999550560551813
"Med15",16.1997979804331,0.244871551251117,0.478400947057992,0.511854235985518,0.608753028960816,0.999550560551813
"Lrch3",15.9025412309051,0.259551149432689,0.50787759144561,0.511050603146143,0.609315623582452,0.999550560551813
"Cox6a1",124.136349650169,0.147769001665222,0.289173100259246,0.511005351233385,0.609347309704373,0.999550560551813
"Gbp7",16.2408076827424,0.258333595288531,0.505821940957539,0.510720422288318,0.609546838394061,0.999550560551813
"Sod1",60.8797455744851,0.18346397709932,0.359258854292197,0.510673501591982,0.609579698581554,0.999550560551813
"Dpf2",20.8056985897204,0.255291284505667,0.499975886511291,0.510607194052951,0.609626137388506,0.999550560551813
"Fam109b",7.96415384967118,0.351861118357825,0.689717475308326,0.510152534848463,0.60994460251471,0.999550560551813
"St3gal4",48.7060372273487,0.207555955245183,0.407067832547909,0.509880512901385,0.610135175065973,0.999550560551813
"Dusp7",22.8838973059927,0.228062600637632,0.447303704040479,0.509860746909873,0.610149023712141,0.999550560551813
"Mthfr",9.51789810842152,0.311386777001023,0.611031356855273,0.509608506187969,0.610325763376646,0.999550560551813
"Rassf1",70.005688064596,0.188895042791516,0.370719027576752,0.509536950466909,0.610375905073084,0.999550560551813
"Clstn1",39.9172652400121,0.204731000209697,0.40205183506111,0.509215435314651,0.610601224994143,0.999550560551813
"Traf3",11.2606597694787,0.299615969411085,0.588650118457045,0.508988208813124,0.610760489063353,0.999550560551813
"Rpp25l",15.5156624912086,0.264549012353875,0.520954340237415,0.507816121146647,0.611582302981368,0.999550560551813
"Numbl",34.7455968395454,0.189622670524628,0.373680024451665,0.507446633795527,0.611841471977288,0.999550560551813
"Aoc3",11.2391662254598,0.359631912243721,0.70896695516767,0.507261882408424,0.611971080111054,0.999550560551813
"Plce1",15.5556544207398,0.275500548955967,0.543146669565466,0.507230485600466,0.611993107035249,0.999550560551813
"Cnpy2",126.472390080963,0.152642162808231,0.301176845991696,0.506819049471151,0.612281788931949,0.999550560551813
"Xylt2",6.56943143970297,0.384249400740188,0.758523025101042,0.506575790087588,0.612452498862581,0.999550560551813
"Mettl24",10.5554373929634,0.35837685507023,0.707620774523924,0.506453269848302,0.612538486746129,0.999550560551813
"Tmem132a",8.55450740041813,0.331237372847397,0.654336385090182,0.50621878959359,0.612703065950661,0.999550560551813
"Camsap2",22.3859598317038,0.214800735932872,0.42465649663843,0.505822323768103,0.61298138554895,0.999550560551813
"Usp8",22.3197856411422,0.223337901585931,0.441894442437258,0.505410071133993,0.613270846708334,0.999550560551813
"Ptbp1",97.4991571464567,0.17553892524619,0.347368477897463,0.505339247558341,0.613320581205921,0.999550560551813
"Grina",51.5763921800614,0.18505115455176,0.366357802503316,0.505110450186428,0.613481261934659,0.999550560551813
"Sec23a",34.1765257952464,0.19195656222187,0.380749845534327,0.504154012071855,0.614153154101418,0.999550560551813
"Msrb3",17.2963698919621,0.244661641891719,0.486035544084747,0.503382200889115,0.614695583217049,0.999550560551813
"Ndufb7",66.3382520286374,0.156480577105535,0.310897303727038,0.50331918363281,0.614739881073378,0.999550560551813
"Pkn1",13.9753550261656,0.264858849223287,0.527114893446172,0.502468916200968,0.615337712212382,0.999550560551813
"Nfat5",97.4097562655607,0.154217127541807,0.306994971322117,0.502344148758039,0.615425458892908,0.999550560551813
"Mrpl22",17.2516230223201,0.23830773682975,0.475012290701338,0.50168751734381,0.615887346475296,0.999550560551813
"Slc41a1",25.8138075880646,0.216061818676823,0.430855550680408,0.501471591431555,0.616039266308903,0.999550560551813
"Rps25",465.473324896285,0.119120905869065,0.237665526256181,0.501212387616807,0.616221657071334,0.999550560551813
"Plpp5",30.6766409690799,0.200256777401897,0.399553356144105,0.501201590031625,0.61622925538958,0.999550560551813
"Timp3",160.864947898426,0.198946291218628,0.397344032062842,0.500690271314215,0.616589120164396,0.999550560551813
"Dnajb6",85.5618258299436,0.145530839135935,0.290743905175576,0.500546482816384,0.616690334734697,0.999550560551813
"Zmym1",9.71594535105545,0.320950064862836,0.641228429511515,0.500523760475396,0.616706329948951,0.999550560551813
"Pop5",22.8190657764109,0.215891801975681,0.431397313138314,0.500447720467054,0.61675985904119,0.999550560551813
"Atf4",277.169791952903,0.151331433447282,0.302416246352173,0.500407750154571,0.616787997342349,0.999550560551813
"Sbds",55.3861664931191,0.164965175040127,0.329677277487647,0.500383818676458,0.616804844894024,0.999550560551813
"Agpat5",13.6065639053265,0.275262139023497,0.55013349212681,0.500355173722176,0.616825010957039,0.999550560551813
"Wwp2",10.7314829453157,0.287362910537017,0.57435041920956,0.500326805598043,0.616844982416341,0.999550560551813
"Hoxd8",21.7662867380284,0.225201082680188,0.450372379316462,0.500033068240062,0.617051793282984,0.999550560551813
"Ppp1r2",117.910234408904,0.168681570316987,0.337895481868538,0.499212269380432,0.617629851916602,0.999550560551813
"Rpl14",605.776059080323,0.118123153904638,0.236886210339048,0.498649346180058,0.618026435122256,0.999550560551813
"Ier2",291.676502822699,0.20968844908459,0.420768472043215,0.498346390038114,0.61823991586511,0.999550560551813
"Pex6",15.5650629626046,0.261774826558694,0.525760269023754,0.497897695930438,0.618556151380262,0.999550560551813
"Cinp",10.7518572587016,0.282463452369264,0.567755660004043,0.497508826890872,0.618830279887821,0.999550560551813
"Dnm1",43.1300386585455,0.201915025470776,0.40592392147486,0.497420858413937,0.618892299554915,0.999550560551813
"Mnt",16.8279076272341,0.238411431175896,0.479359099009155,0.497354554589028,0.618939046970303,0.999550560551813
"Adam10",24.9734341900214,0.209372088972372,0.421393971630964,0.496855918849569,0.619290658753917,0.999550560551813
"Fbxl14",16.0361969943555,0.267280010505604,0.538377329748544,0.496454801747392,0.619573568740631,0.999550560551813
"Isg20",17.4413267279573,0.250449989590156,0.504502388043358,0.496429740524107,0.619591246422729,0.999550560551813
"Mnat1",17.2970385984904,0.275796434448949,0.555860016711097,0.496161670488151,0.619780351382953,0.999550560551813
"Plat",80.6659525759505,0.223075711548092,0.449750234781932,0.495999099714209,0.619895046128329,0.999550560551813
"H2-D1",920.81845539403,0.137657400742612,0.277596829664254,0.495889671755636,0.619972253477596,0.999550560551813
"Slc25a51",28.6134932128414,0.200593997688427,0.40453023517093,0.495868986414992,0.619986848576207,0.999550560551813
"Lrrc59",67.4749249386538,0.172830861065965,0.348696263292166,0.495648732894946,0.620142263655582,0.999550560551813
"Plekhg2",37.6257328253295,0.187840014591487,0.379193968403093,0.495366567623797,0.620341389636885,0.999550560551813
"Chd9",36.9693583208241,0.195717243826485,0.395674163013881,0.494642466254787,0.620852520316186,0.999550560551813
"Capn2",61.1826618845905,0.15608120450738,0.316000669696613,0.493926815589444,0.621357865702319,0.999550560551813
"Igf1",187.931938227909,0.25051196832757,0.507540325878617,0.493580422193846,0.621602530092673,0.999550560551813
"Ndufa13",221.79112251913,0.127790717619523,0.259044144015219,0.49331637318161,0.621789061144488,0.999550560551813
"Lrrfip2",29.6184078206921,0.229535055092268,0.465342959102927,0.493259972246616,0.621828907373566,0.999550560551813
"Tfpt",9.32554363424837,0.29808154843417,0.604679221351562,0.492958146912849,0.622042160288892,0.999550560551813
"Ltbp3",56.8728632267706,0.224398281994112,0.455499178683383,0.492642561162754,0.622265169479903,0.999550560551813
"Usp32",14.3666023049255,0.251125330003348,0.510034253440671,0.492369538534455,0.622458129346025,0.999550560551813
"D10Wsu102e",28.0926998612126,0.237694849714515,0.483071459128794,0.492049044137676,0.622684673177882,0.999550560551813
"Col6a1",678.624945486103,0.156376719864346,0.317854248530725,0.491976182754186,0.622736180770229,0.999550560551813
"Derl2",26.4816227731533,0.225664299810874,0.458921526335364,0.491727423668435,0.622912048899421,0.999550560551813
"Crim1",16.4411142041569,0.234288239177403,0.476634329694516,0.491547134944231,0.623039523180637,0.999550560551813
"Tigd2",13.1455746736208,0.27083139852082,0.551835061719615,0.490783238159718,0.62357976653264,0.999550560551813
"Tango2",12.8859292250696,0.291346118918425,0.593944816161595,0.490527252685304,0.623760849998559,0.999550560551813
"Csde1",111.833735852918,0.157024219940851,0.320620448528492,0.489751108082854,0.624310031651469,0.999550560551813
"Mrpl12",40.4953779949589,0.185370798210831,0.379138224695789,0.488926692526369,0.624893597365043,0.999550560551813
"Dcaf11",13.7974375216758,0.277696491056753,0.568192646231302,0.488736510228799,0.625028252041891,0.999550560551813
"Rps3a1",1769.08789027815,0.115071636997567,0.235458102444667,0.488713855258426,0.625044293263594,0.999550560551813
"Sec63",56.5185865271056,0.162723857033137,0.33301086402547,0.48864428945685,0.625093551575313,0.999550560551813
"Hsd17b10",58.5498844207439,0.167403216037876,0.342997402298973,0.488059719740849,0.62550754117199,0.999550560551813
"Zdhhc6",14.1153123907054,0.251026889188628,0.514657255947128,0.487755464997111,0.625723059737867,0.999550560551813
"Mff",39.0857099388904,0.188423950273164,0.386325028001119,0.487734256431914,0.625738083998072,0.999550560551813
"Rassf2",20.9180479110062,0.224270692358994,0.460295776861864,0.48723169673203,0.626094145420799,0.999550560551813
"Sh3gl1",42.4062988734665,0.191272474414237,0.39259300261363,0.487202963733098,0.626114505264904,0.999550560551813
"Fbln2",343.910774788526,0.126501250123901,0.259777876221396,0.486959289851498,0.626287180989959,0.999550560551813
"Rbm7",37.9556915513396,0.175067015357337,0.359763157066004,0.486617409033962,0.626529484080958,0.999550560551813
"Sacm1l",15.9505013758231,0.239848478324013,0.49341689247853,0.486097014472299,0.626898383587262,0.999550560551813
"2510009E07Rik",20.0771498517802,0.23076546923666,0.475426318585331,0.485386399985852,0.627402277722969,0.999550560551813
"Ift172",8.08423432963937,0.326012138426802,0.67228115320946,0.484934222639479,0.627723005539261,0.999550560551813
"Lrrc45",11.0518947322504,0.275980409905028,0.569701111403435,0.484430176422093,0.628080606663456,0.999550560551813
"Zbtb8os",16.5731892926474,0.252129566651976,0.520611174849331,0.484295341383987,0.628176281669738,0.999550560551813
"Mfsd14b",18.4769677897872,0.231682759654906,0.478607236107132,0.484077009656923,0.628331216737197,0.999550560551813
"Il6st",137.801388321908,0.163699527206223,0.338515215255802,0.483581002651599,0.628683259775549,0.999550560551813
"Sigmar1",34.0202329109311,0.187215181195439,0.387172858179526,0.483544177336497,0.628709400064893,0.999550560551813
"Trappc2l",49.4966872415921,0.164865714409235,0.341081098061912,0.483362213110118,0.628838573409596,0.999550560551813
"Ube2k",68.2611499416191,0.149097254112744,0.308969865181149,0.482562446746474,0.62940644877096,0.999550560551813
"2810403A07Rik",35.1694612005198,0.196179744529811,0.406635979279957,0.482445613585873,0.629489424696892,0.999550560551813
"Rps29",2447.98842976302,0.115884554051488,0.240371168501087,0.482106713438739,0.629730140983858,0.999550560551813
"Usp7",44.5439388809317,0.165379633188654,0.343315054088313,0.481713898703994,0.630009201303734,0.999550560551813
"Rnf122",37.5222569496246,0.25575051155998,0.531944475675256,0.480784223269408,0.630669864266897,0.999550560551813
"Asah1",62.4476501649671,0.165473703389029,0.344466823337444,0.480376315448322,0.630959832438697,0.999550560551813
"Dennd4a",31.9549847390928,0.18826834609584,0.392124639334014,0.48012373416676,0.631139412603039,0.999550560551813
"Anapc13",72.0668673804146,0.164403628331946,0.34244352857917,0.480089750897241,0.631163575680317,0.999550560551813
"Gm12216",14.4959778715694,0.256408132717499,0.534786320944674,0.479459033777391,0.631612105137343,0.999550560551813
"Ufc1",82.2238801496923,0.144404419468207,0.301788671640877,0.478495162469337,0.63229781656175,0.999550560551813
"Os9",50.6355349080127,0.161924638162658,0.338600032259941,0.478218023435834,0.63249503568989,0.999550560551813
"Map3k7",21.663457689802,0.220853146447318,0.462199527847555,0.477830748715435,0.632770673934682,0.999550560551813
"Pcgf2",13.3593673208745,0.260119045956101,0.544663663811919,0.477577380755702,0.63295103321747,0.999550560551813
"Ddb1",69.6172001601876,0.159295647606207,0.333622547924068,0.47747266663302,0.633025580051218,0.999550560551813
"Cyth3",60.9576703284814,0.155800397989535,0.326336332902286,0.477422776078647,0.633061098852777,0.999550560551813
"Hspa2",18.3087589128247,0.223398756070031,0.467975979079174,0.477372271349499,0.633097055768197,0.999550560551813
"Slc33a1",9.93076176599665,0.283612663417002,0.594151380668588,0.477340746221708,0.633119500568265,0.999550560551813
"Isoc2b",9.05387170713261,0.307959805151839,0.645262656849365,0.477262711367057,0.633175060137149,0.999550560551813
"Trp53i13",29.6819298924077,0.196781579368194,0.412577007153378,0.476957212729597,0.633392590187818,0.999550560551813
"Tmem55a",17.1162018608106,0.243980599224535,0.51185652123821,0.476658182715603,0.633605544959529,0.999550560551813
"Kmt2e",103.396177780148,0.15322814239459,0.32165093474044,0.476380217947259,0.633803525301701,0.999550560551813
"Vkorc1l1",17.6196233294264,0.254116649579104,0.533507736048221,0.476312961197878,0.633851432845686,0.999550560551813
"Pdzd8",20.9537172858796,0.22864264681893,0.480030549478646,0.476308533003276,0.633854587139517,0.999550560551813
"Pole4",40.2719685424663,0.175136384207314,0.367740448694574,0.47624998780804,0.633896290708172,0.999550560551813
"Sectm1a",34.1832897854696,0.243022414304592,0.510321348736329,0.476214477223754,0.633921586571527,0.999550560551813
"Rad50",11.8714185511481,0.284644552918234,0.597769758855978,0.476177572888585,0.633947875722632,0.999550560551813
"Txn1",424.434893653943,0.137457675529596,0.289058496291139,0.475535842375481,0.634405092343575,0.999550560551813
"Slc7a2",15.2624015574467,0.281144337964372,0.591478406908938,0.475324770406464,0.634555506242229,0.999550560551813
"Ginm1",56.4889293247451,0.154402654920242,0.324859894021539,0.475289987350684,0.634580294757709,0.999550560551813
"Nptxr",9.61156864308481,0.285167167898583,0.600096474638399,0.475202204896166,0.634642855681787,0.999550560551813
"Gpc4",22.4851573218692,0.208470359851397,0.439029250469598,0.474843896228808,0.634898242673211,0.999550560551813
"Timm17a",47.3042949604159,0.189951226128166,0.400255597424058,0.474574815069778,0.635090060710341,0.999550560551813
"Srprb",21.5541219978246,0.210726757941085,0.44516402065985,0.473368799277023,0.635950085690674,0.999550560551813
"Mynn",10.7531445487431,0.268991946266155,0.568584318770325,0.473090687495397,0.636148480409345,0.999550560551813
"Mapk1ip1l",54.3096948284471,0.158495213462836,0.335862143835206,0.47190556117156,0.636994198445479,0.999550560551813
"Mgea5",31.87888338429,0.177624339949458,0.37711178314681,0.471012436862277,0.637631853584621,0.999550560551813
"Rhoq",44.6859259156163,0.16906149333202,0.358937733899597,0.471005072370881,0.637637112653618,0.999550560551813
"Scamp1",10.6090272358942,0.31034595342719,0.658915984001486,0.470994726129591,0.637644501055727,0.999550560551813
"Tspo",184.773215781318,0.137291025014723,0.292395330599268,0.469539047471597,0.638684381063825,0.999550560551813
"Ahdc1",20.9538617049096,0.209072253617215,0.445631788087266,0.469159200950614,0.638955845630522,0.999550560551813
"Smarcd2",19.2952271875331,0.227765515173599,0.485651947734538,0.468989193260887,0.639077360545824,0.999550560551813
"Klf9",213.17267942171,0.137328869619254,0.292829098025042,0.468972757644154,0.639089108602078,0.999550560551813
"Stx5a",45.9518847121784,0.172649416842801,0.368353513500159,0.468705769091914,0.639279962709288,0.999550560551813
"Lasp1",55.2108233172713,0.158776669968271,0.338783973608475,0.468666413812614,0.639308097458796,0.999550560551813
"Fndc1",105.947870683897,0.172758912064208,0.369066050539045,0.468097544631596,0.639714835072982,0.999550560551813
"Ing1",35.3863650424764,0.199176780248888,0.425528213298981,0.468069505203277,0.639734885876489,0.999550560551813
"Tnfaip3",69.7407316945959,0.165030593893264,0.352654522001615,0.467966759525938,0.639808360856752,0.999550560551813
"Ash1l",97.0299671593126,0.137023707551072,0.293817445594983,0.466356608858257,0.640960264943005,0.999550560551813
"Sec61g",450.801475538565,0.135604934746571,0.290860355190043,0.466220068589167,0.641057985878748,0.999550560551813
"Rack1",642.156287959301,0.123023062685769,0.264202733011319,0.465638872405226,0.641474013587843,0.999550560551813
"Vps13c",16.1810865059751,0.252519859329091,0.542663086206296,0.465334506340633,0.641691927666865,0.999550560551813
"Ttc39c",10.3900172863059,0.269772169397217,0.580501379590147,0.464722701585455,0.642130049065587,0.999550560551813
"AI314180",46.8382550891698,0.170940001384249,0.368092590280047,0.464394029921103,0.642365466599576,0.999550560551813
"Tmem41b",22.5609796088909,0.208033855764678,0.448794627650113,0.463539095496624,0.642977998428881,0.999550560551813
"Numb",17.8423355583664,0.215933581417392,0.466005507345225,0.463371307879038,0.643098241138835,0.999550560551813
"Cyb5a",234.870310351151,0.140417493362505,0.303270890747135,0.46301012608422,0.643357108870128,0.999550560551813
"Nme2",25.0556355488342,0.208377627670229,0.450182619397398,0.462873551069469,0.643455006769857,0.999550560551813
"Lcmt1",16.306054870205,0.225876259786757,0.488285837694005,0.462590233731717,0.64365811029941,0.999550560551813
"Rps28",2085.29859902064,0.120390535577976,0.260302590575071,0.462502256746675,0.643721184346022,0.999550560551813
"Gorasp2",51.8795018628741,0.150981746837704,0.326595663975848,0.462289501947794,0.643873726960298,0.999550560551813
"Cops2",32.7982490366811,0.194378217645746,0.420939207748983,0.461772659964853,0.644244358889003,0.999550560551813
"Wbp1",15.7423969501718,0.228745787198378,0.495438088383679,0.461704080815911,0.644293544249242,0.999550560551813
"Mpdz",21.4017851449359,0.218539677964301,0.473516656443661,0.461524795359132,0.644422136167756,0.999550560551813
"Ggt5",25.20750030508,0.303532523453666,0.657680154246235,0.461519967561654,0.644425599037142,0.999550560551813
"Arf3",23.4992948937207,0.1953552189519,0.424176895995731,0.460551295452607,0.645120561520745,0.999550560551813
"Fbrsl1",20.6393889856721,0.205442599925225,0.446327756225132,0.460295370520489,0.645304223682033,0.999550560551813
"Ppm1b",16.364486510481,0.218288111850645,0.475454532142805,0.459114588448346,0.646151881076657,0.999550560551813
"Nbr1",23.1518429349238,0.194923035407046,0.424876026393173,0.45877626248243,0.646394842582535,0.999550560551813
"Ptges",43.0351083857116,0.202526155957204,0.441661922203305,0.458554712950729,0.646553964043309,0.999550560551813
"Ngly1",18.0463511085438,0.219633540517464,0.479783220395349,0.45777661906659,0.647112935231018,0.999550560551813
"Slc25a1",15.1634576436758,0.225409163138176,0.493225399498037,0.457010452761716,0.647663532404423,0.999550560551813
"Yipf3",65.2616886441878,0.161259664756733,0.353160393147537,0.456618771203385,0.647945084643936,0.999550560551813
"Zmat3",11.4331426287606,0.266762137845356,0.584220580453617,0.456612017396287,0.647949939921149,0.999550560551813
"Yeats2",19.1901750940471,0.259403812616807,0.568776441248365,0.456073412688227,0.648337188272758,0.999550560551813
"Slc36a4",15.3843446224141,0.227190363753689,0.498550773196382,0.455701557330044,0.648604601973403,0.999550560551813
"Herpud1",82.8985205671978,0.135563215257703,0.297837922955956,0.455157670696454,0.648995810761327,0.999550560551813
"Uqcc3",30.4704120319634,0.174553064859363,0.383602905588319,0.455035825632386,0.649083465212429,0.999550560551813
"Smyd2",16.5062490816039,0.234050210355746,0.514620603637056,0.454801476469476,0.649252067954365,0.999550560551813
"1700017B05Rik",12.1667305517089,0.259042912959246,0.569780389627747,0.454636413739135,0.64937083328949,0.999550560551813
"Rsl1d1",51.6088368563756,0.150320473354207,0.33105068816138,0.45407086808691,0.649777820207534,0.999550560551813
"Atp8b2",31.3359182315962,0.17630637612738,0.388326640598887,0.45401566025827,0.64981755534102,0.999550560551813
"Rpl10-ps3",43.162294836391,0.182721884824848,0.402626435236696,0.453824858065839,0.64995489046441,0.999550560551813
"Usp10",13.9316576159645,0.235832781324276,0.52027050829134,0.453288774908255,0.650340814688188,0.999550560551813
"Phc3",18.4686784785554,0.223839676143179,0.494320117831533,0.45282331847045,0.650675971078715,0.999550560551813
"Ctps2",13.0322122047618,0.253186927972588,0.559153976997274,0.452803589687823,0.650690178539751,0.999550560551813
"Anxa3",81.0887738823318,0.486422573227696,1.0748287806459,0.452558195301942,0.650866907154289,0.999550560551813
"Nras",54.7325104552097,0.149969647387809,0.331663700896532,0.452173834466721,0.651143756345862,0.999550560551813
"Otud5",17.561409654742,0.211654120190862,0.468219021652234,0.452040840724465,0.651239560897987,0.999550560551813
"Galnt10",20.1133470404876,0.212479863252898,0.470496897499656,0.451607363156,0.651551864619686,0.999550560551813
"Mob3c",14.5311492412144,0.277189969440439,0.614469161292563,0.451104769615056,0.651914040250942,0.999550560551813
"Exoc1",13.5231247889708,0.278761609862846,0.619187523468618,0.450205469744053,0.652562292660566,0.999550560551813
"Hmox2",27.0950092887113,0.204720543890373,0.455354344808076,0.449585133478103,0.653009609626248,0.999550560551813
"Aldoa",212.741827057371,0.12750210436425,0.284027762491906,0.448907188669218,0.653498610099492,0.999550560551813
"Mertk",9.21739937392534,0.289053717184584,0.64412781620293,0.448752110859809,0.653610488392005,0.999550560551813
"Pde4b",36.7245719590629,0.250963258213119,0.560259992679119,0.447940708764574,0.654195987761902,0.999550560551813
"Gm8797",9.84586840146737,0.28898064373407,0.64515078948017,0.447927288389303,0.654205673556217,0.999550560551813
"Rgl2",11.3143599149474,0.256422625617872,0.572843157207696,0.447631471881056,0.654419185935876,0.999550560551813
"Sspn",22.3567273293893,0.219194321905637,0.49043842811017,0.446935454773128,0.654921663818012,0.999550560551813
"Calcrl",16.4144262923473,0.247727189624313,0.554597814562368,0.446678986320554,0.655106856343845,0.999550560551813
"Mob1a",39.4346320186684,0.175804099287011,0.393766251946436,0.446468173486145,0.655259097430973,0.999550560551813
"Tet3",20.4517536135302,0.209270131109431,0.469181036701604,0.446032799152803,0.655573553722938,0.999550560551813
"Fbxl6",13.345973835117,0.233826732499003,0.524691343464398,0.445646255482523,0.65585279244512,0.999550560551813
"Vgll3",38.15804392274,0.196444540849732,0.440832723410251,0.445621503163492,0.655870675132386,0.999550560551813
"Sec24b",21.2477663595993,0.22228329739159,0.499035222712602,0.445426068691759,0.656011876648796,0.999550560551813
"Cep170",33.6893837427233,0.17313690740894,0.388708432384167,0.44541587726048,0.656019240300921,0.999550560551813
"Tfpi2",17.5651893995037,0.294148742706131,0.660429442622322,0.445390110922635,0.65603785749635,0.999550560551813
"Rpl36",1160.07615780215,0.102646744922963,0.230524513949884,0.445274748286764,0.656121214170757,0.999550560551813
"Slc35e4",16.1533430911481,0.214582297590723,0.48197800046578,0.445211809218165,0.656166693364995,0.999550560551813
"Ddx5",520.574269595975,0.107081719933722,0.240553821996201,0.445146616441674,0.656213802411569,0.999550560551813
"Pex3",11.5478332487943,0.247947219649712,0.557291141875319,0.444915056096808,0.656381141618481,0.999550560551813
"Arhgef12",94.3360315743963,0.133182131168602,0.29944820498218,0.444758488956472,0.656494296068426,0.999550560551813
"S100pbp",11.5422989698298,0.274611184588464,0.617463806500564,0.444740536526027,0.656507271180795,0.999550560551813
"Loxl1",163.882509544203,0.175999378996253,0.396620846361238,0.443747172169449,0.657225386261034,0.999550560551813
"Ces2g",10.0464752475165,0.289041128106137,0.65359360045667,0.442233718176222,0.658320088890149,0.999550560551813
"Cisd2",65.7121922520694,0.135312191841002,0.306405303074656,0.441611781790972,0.658770156848042,0.999550560551813
"5031425E22Rik",28.5395147470862,0.178426197742577,0.405047331268242,0.440507032064396,0.659569920303035,0.999550560551813
"Rnft1",20.0124402021262,0.201146231145825,0.457663902777976,0.43950643676481,0.660294619053568,0.999550560551813
"Ptpn12",41.7700487206964,0.153828847137601,0.350298553640821,0.439136403901141,0.6605627026369,0.999550560551813
"Slc30a4",15.9831900533279,0.243541900624936,0.554838285020315,0.438942133591267,0.660703466174666,0.999550560551813
"Pnpla2",12.5218624102879,0.257806234052018,0.587540438198289,0.438788919521164,0.66081448982735,0.999550560551813
"Luc7l2",119.799276998801,0.121977207424067,0.278043520613684,0.438698255420031,0.660880191353888,0.999550560551813
"Ebag9",10.4165047023125,0.255953900979112,0.583674450815426,0.438521680401687,0.661008157419135,0.999550560551813
"Gon4l",14.8640074624191,0.223748248299419,0.51031767003728,0.438448953341305,0.661060866486433,0.999550560551813
"Hspa8",1510.9686734846,0.114712878611392,0.262431143533946,0.437116102405559,0.662027150020279,0.999550560551813
"Brd4",56.9008373081344,0.142613562911965,0.326573073139335,0.436697249840676,0.662330923989888,0.999550560551813
"Ehd4",10.9251010691518,0.243126505482569,0.557409268821801,0.436172340651002,0.662711694267884,0.999550560551813
"Dirc2",21.7995756307554,0.190719900410848,0.438307956414132,0.435127625724978,0.663469792132048,0.999550560551813
"Rmnd5a",24.2985415861726,0.20427377879433,0.470614905567852,0.43405718003736,0.664246919066263,0.999550560551813
"Abi1",42.9899742050033,0.163761754371796,0.3781900847004,0.433014404651902,0.665004305077953,0.999550560551813
"Ccdc58",12.5454612465523,0.236172780235691,0.545431414295999,0.43300179279282,0.665013467386841,0.999550560551813
"Smarca5",73.4708418992584,0.13733026139464,0.317379805600954,0.432700061475579,0.665232685158106,0.999550560551813
"Capg",89.7452987054637,0.140839280526648,0.325876182438483,0.432186480990321,0.665605884163041,0.999550560551813
"Crtap",70.7305526239316,0.137648198873803,0.319023210090105,0.431467662916833,0.666128360460121,0.999550560551813
"Ech1",51.0467654058449,0.145486879007302,0.337352327178015,0.43126093192928,0.666278653868355,0.999550560551813
"Tmem189",17.9117008611492,0.201617225694503,0.467789205488209,0.431000167017716,0.666468249044867,0.999550560551813
"Eprs",71.927157270342,0.131163719443888,0.304382894592035,0.430916854311694,0.666528827972209,0.999550560551813
"Cnih1",70.2226415272078,0.140918070032671,0.327296944351044,0.430551132434431,0.666794779988503,0.999550560551813
"Tspan18",11.9321475547341,0.244424749441699,0.568002425233956,0.430323425716048,0.66696038889075,0.999550560551813
"Zfp651",34.9813994067444,0.173490122427423,0.403742954928994,0.429704395604711,0.667410685532419,0.999550560551813
"Prps1",12.9506388260565,0.230145584075068,0.535654935117507,0.429652690541497,0.667448302399158,0.999550560551813
"Tanc1",19.3890598036827,0.204703436550413,0.476793381032544,0.429333637365324,0.667680440914018,0.999550560551813
"Psmd5",9.21873844291515,0.286363134606328,0.66784787341859,0.428784976345718,0.668079713155182,0.999550560551813
"Cant1",15.9800351089736,0.218946669634724,0.510866082675595,0.428579381289161,0.668229353233073,0.999550560551813
"Fam198b",22.3481716266354,0.196853371999823,0.459340095218346,0.42855691033514,0.668245709266764,0.999550560551813
"Slc2a1",15.9360832161767,0.243245591162771,0.568532480641412,0.42784818712265,0.668761651587542,0.999550560551813
"Eif4b",67.2624132039217,0.139077000403398,0.325553380090985,0.427201832045267,0.669232327053406,0.999550560551813
"Pam",126.513451480419,0.16423060587492,0.384563059353693,0.427057674626707,0.669337320152018,0.999550560551813
"Ppp1r9b",24.5109653457691,0.187817545359462,0.439900822375994,0.426954294709023,0.669412618057218,0.999550560551813
"Uqcrh",314.705276158668,0.105574902063164,0.247737462349974,0.426156387740907,0.669993894184141,0.999550560551813
"Decr1",15.8407299312722,0.20831613163255,0.489377776618145,0.425675503845154,0.670344314137874,0.999550560551813
"Fbxo7",8.02743174158667,0.288708351227163,0.678292651030829,0.425639804276813,0.670370331264187,0.999550560551813
"Cmtm3",77.2622619570591,0.136241670516808,0.320104285497232,0.42561651527151,0.670387304035218,0.999550560551813
"mt-Nd3",462.017965532007,0.149740965589512,0.351898692444225,0.425522938290673,0.670455503606108,0.999550560551813
"Rpl22l1",502.666622595676,0.105989676461908,0.249153383134535,0.425399306758265,0.6705456113125,0.999550560551813
"Plekha3",14.8017409454151,0.229077152910807,0.539657226727158,0.424486399079809,0.671211122309005,0.999550560551813
"Zbtb44",19.5469267647246,0.20328266059687,0.47907735874565,0.424321160008724,0.671331609410212,0.999550560551813
"Aamp",73.5570080095747,0.133611803451415,0.315078355599921,0.42405897160728,0.671522806231202,0.999550560551813
"Kansl1",34.9735705386668,0.154679829498987,0.364784322971913,0.424030912948243,0.671543268832134,0.999550560551813
"Coq10b",73.1896617474919,0.156896257862173,0.370190006643608,0.423826292029598,0.671692502005683,0.999550560551813
"Fam160b1",21.2642797090623,0.184801812811209,0.436506754059448,0.423365299832316,0.672028758101018,0.999550560551813
"B4galt3",10.9278144687969,0.245227256517891,0.57943671244365,0.423216636522214,0.672137209822434,0.999550560551813
"Gabpb2",18.985380112452,0.214126470570005,0.505968478022217,0.423201206934877,0.672148466287919,0.999550560551813
"Fkbp9",185.618734667752,0.133061779185489,0.31459828640178,0.422957736697753,0.672326096731277,0.999550560551813
"Sertad3",20.9197606122201,0.192516427166367,0.45518481322014,0.422941235241215,0.672338136487178,0.999550560551813
"Ndufa10",46.8168595012172,0.152807552043781,0.361574177056664,0.422617437140245,0.672574402333053,0.999550560551813
"Slc26a2",11.4885247066773,0.238964811067741,0.565460021225938,0.422602486643807,0.672585312046815,0.999550560551813
"Itpripl2",32.0068579542624,0.172241389130816,0.407734064291608,0.422435612364315,0.672707088642639,0.999550560551813
"Canx",183.460542937955,0.114089021474881,0.270710737906508,0.421442541796338,0.673431959889214,0.999550560551813
"Man1b1",18.144157750771,0.20650363278592,0.490230392671591,0.421237923786293,0.67358135427974,0.999550560551813
"Utp6",8.6708030586121,0.272383874906644,0.647175951905952,0.420880711195256,0.67384219090806,0.999550560551813
"Tmem248",27.1771317802079,0.166869606207844,0.396561929633389,0.420790786352362,0.673907860207079,0.999550560551813
"Babam2",15.4326673007243,0.208740018167253,0.496353191309078,0.420547347780163,0.674085648247003,0.999550560551813
"Meox2",16.5688638712287,0.263780434633891,0.628287235291389,0.419840512137023,0.674601967524459,0.999550560551813
"Zcchc14",50.0499623359046,0.141646106655571,0.337980158763097,0.41909592318659,0.675146030039295,0.999550560551813
"Rpp14",11.1719889066376,0.260987833839809,0.622869136104956,0.419009096311736,0.675209484489952,0.999550560551813
"Unc93b1",12.9277853955331,0.224560441208734,0.536012289923572,0.418946441024241,0.675255275397078,0.999550560551813
"Exoc4",19.1069868582357,0.203183638982954,0.485405264189254,0.418585569570039,0.675519037605523,0.999550560551813
"Rexo1",16.4519023487646,0.234240435011736,0.559979558584633,0.418301760163864,0.675726502885883,0.999550560551813
"Clk3",27.2636373059931,0.175324643125409,0.41926039121714,0.41817602329767,0.675818424677213,0.999550560551813
"Zdhhc3",28.1889547462376,0.165663141150153,0.396554503926365,0.417756297078686,0.676125306712827,0.999550560551813
"Rasa2",20.8894309960232,0.195675458243715,0.469590468643047,0.416693845616479,0.676902356516384,0.999550560551813
"Rab11b",50.0628696598446,0.147696814964602,0.354869662678949,0.416200172901857,0.677263533233559,0.999550560551813
"Ggnbp2",49.2273015866534,0.140069515361472,0.336547699554061,0.416195135331692,0.677267219161314,0.999550560551813
"Tbx3",9.83059433846697,0.272414368908989,0.654596439213981,0.41615620340999,0.677295705427326,0.999550560551813
"Bcl2l11",36.5016301972475,0.191731913635157,0.461555256659213,0.415404029894348,0.677846157070895,0.999550560551813
"Smim11",62.6232167645985,0.135729314978888,0.326871493450392,0.41523754043571,0.677968019766494,0.999550560551813
"Fkbp8",67.9286857892916,0.129401182019578,0.311752569128558,0.415076553759582,0.678085862688022,0.999550560551813
"Ddx52",11.8373538189934,0.251075792304456,0.606288897762875,0.414119066390449,0.678786910067472,0.999550560551813
"Cyld",17.8446466160954,0.199740281840399,0.482679511723093,0.413815538031345,0.679009203711094,0.999550560551813
"Paxx",14.6343566125241,0.212609247209205,0.513979131191125,0.413653462381813,0.679127913732784,0.999550560551813
"Pim3",54.3840429428122,0.178099699095254,0.431333829612516,0.412904546010797,0.679676550273459,0.999550560551813
"Aldh1a3",14.9828455032735,0.283886349561379,0.687608674301734,0.41286033782175,0.679708941342449,0.999550560551813
"Ppp1cc",89.0412677361,0.127208246010664,0.30822320464373,0.412714695370524,0.679815656855118,0.999550560551813
"Ly96",9.83336980979457,0.251255918325862,0.608815481858409,0.412696335446174,0.679829110041597,0.999550560551813
"Tbl2",12.1790790762169,0.233419954571471,0.565889541579168,0.412483245263892,0.679985258770791,0.999550560551813
"Gtf2a1",15.422946280421,0.214272460879185,0.519500719979688,0.412458448349335,0.680003430404304,0.999550560551813
"Hdac7",34.5466571033389,0.174121565936624,0.422662176187512,0.411963917630936,0.680365870380783,0.999550560551813
"Pusl1",8.61598818070182,0.277331596585974,0.674181652325925,0.411360344247252,0.680808327436139,0.999550560551813
"Fam168a",24.8860841548927,0.179143839152674,0.436596689201446,0.410318821886477,0.681572086790638,0.999550560551813
"Naa15",40.7783037138625,0.151816702027487,0.370161517073919,0.410136372974639,0.681705912128918,0.999550560551813
"Bnc2",11.8147466877064,0.246678151603809,0.602001011537646,0.409763682910993,0.681979309490953,0.999550560551813
"Il18",8.7479353698523,0.366192878233807,0.894130179142041,0.40955208399876,0.682134552457285,0.999550560551813
"Cacfd1",13.3662890460922,0.227237160461993,0.554913789844997,0.4094999342609,0.682172815023161,0.999550560551813
"Tmx2",16.8776327747696,0.198727214926099,0.485293490325612,0.409499032828076,0.68217347641685,0.999550560551813
"Maoa",18.1940280888254,0.194678931995312,0.475807698587085,0.409154649185822,0.682426173301717,0.999550560551813
"L3hypdh",14.9556769879626,0.210003294772864,0.513970266969092,0.408590356814343,0.682840308621907,0.999550560551813
"Slc31a2",14.1574730103103,0.212279436335258,0.520154239434192,0.408108634404612,0.683193921241402,0.999550560551813
"Mtmr3",17.9552363902307,0.197610616187447,0.484538632966287,0.40783252922001,0.683396630057054,0.999550560551813
"Dnajc15",22.6188098401042,0.17804497650724,0.436626518792564,0.407774078861727,0.683439545627068,0.999550560551813
"Pld3",45.8937635632098,0.150176157957958,0.368343790335716,0.407706501095308,0.683489164020731,0.999550560551813
"Mtch2",52.7998808851856,0.156703934365858,0.385214379041155,0.4067966900818,0.684157317955334,0.999550560551813
"Smarca2",54.6370042608822,0.149677032162577,0.368424787143191,0.406262112066862,0.684550020813179,0.999550560551813
"Meg3",778.721153399762,0.209322884441392,0.515273824724975,0.406236207618574,0.68456905247797,0.999550560551813
"Oaf",78.1877667211428,0.153069365054478,0.376991330948977,0.406028872518542,0.684721386123385,0.999550560551813
"Ube2h",59.4509422719156,0.127669778978606,0.314742607613379,0.40563233540796,0.685012766349849,0.999550560551813
"Parg",11.2422198636589,0.230360827328813,0.567962252627101,0.405591791115136,0.685042561424534,0.999550560551813
"Dpm2",32.3950883584985,0.156352860533806,0.385511887676821,0.405572086183962,0.685057042305289,0.999550560551813
"Pspc1",14.3225257977451,0.205177417453612,0.505996569504375,0.405491716385714,0.685116106154429,0.999550560551813
"Ldb2",24.0258522405689,0.191310496536594,0.471818374451678,0.405474875282092,0.685128482943113,0.999550560551813
"Oxsr1",9.65181060091755,0.240780732742457,0.593971600298834,0.405374150247786,0.685202509099905,0.999550560551813
"Dusp10",28.3713009934779,0.164416814600433,0.405646803258081,0.405320128939429,0.685242212390206,0.999550560551813
"Hyou1",21.761778673568,0.209531340814,0.517081349306297,0.40521929691547,0.685316321827278,0.999550560551813
"Ahnak",527.434428026035,0.100207757814113,0.247305756647551,0.405197837577735,0.685332094384293,0.999550560551813
"Kitl",45.1756913039403,0.2138171100666,0.527688948682389,0.405195353437835,0.685333920229469,0.999550560551813
"Smim10l1",49.7002425810242,0.139224779907317,0.343708484288876,0.405066462631464,0.685428657615309,0.999550560551813
"Faf2",23.8924300537916,0.170731418046743,0.42164680949998,0.40491571191825,0.68553946875665,0.999550560551813
"Ap3m1",9.8177551297858,0.24698488124511,0.610385205603844,0.404637725452032,0.685743823818155,0.999550560551813
"Cpsf7",27.5438048886453,0.171468120546024,0.42417013604415,0.404243736122377,0.686033494968845,0.999550560551813
"Pafah1b2",43.1663371100328,0.143764698288335,0.356066029896429,0.403758534140853,0.686390291415435,0.999550560551813
"Bcap31",103.472644757272,0.114763717573654,0.284322926720492,0.403638633357464,0.686478472014123,0.999550560551813
"Pank2",11.9023851385436,0.229377512226339,0.568439332338844,0.403521535504175,0.686564595327245,0.999550560551813
"Stat3",160.422690148281,0.124962515045498,0.310086532088041,0.402992397651174,0.686953817195576,0.999550560551813
"Ccny",20.9252566038814,0.187325307846819,0.465083380214403,0.40277790137429,0.687111619467364,0.999550560551813
"Txlng",12.0425238614692,0.218369216519374,0.542666408942742,0.402400467249879,0.687389326207501,0.999550560551813
"Cd276",14.7512262640328,0.20344771015373,0.505602632092899,0.402386572458248,0.687399550458446,0.999550560551813
"Kctd3",8.36765509619511,0.259326583373793,0.64597406405453,0.401450457230589,0.688088506828774,0.999550560551813
"Wdr45b",44.4288507275662,0.142667903586128,0.355424962560232,0.401400910500063,0.688124979149357,0.999550560551813
"Atp1a2",37.0802747661078,0.177990089631474,0.444025041883821,0.40085597171802,0.688526167125404,0.999550560551813
"Chtf8",15.8277937190304,0.204810283050365,0.511131976344305,0.400699413320215,0.688641442791499,0.999550560551813
"Wasf2",56.1430990460421,0.130721112127154,0.326613230384253,0.400232139933106,0.688985544307448,0.999550560551813
"Nol3",9.91365680465981,0.241484852230444,0.603515051391305,0.400130620891294,0.689060311744998,0.999550560551813
"Smg1",40.198254321887,0.150836080149777,0.377333223338149,0.399742378408604,0.689346275233477,0.999550560551813
"Tmem131",29.2408527119679,0.158115470814878,0.395665891481248,0.399618653563853,0.68943741520701,0.999550560551813
"Hes1",182.067379571412,0.152254634670579,0.381311799795349,0.399291694493309,0.689678286183318,0.999550560551813
"Hdac5",21.1204825911487,0.180575310893812,0.452623348600281,0.398952708587026,0.68992805054237,0.999550560551813
"Phf10",27.3164930346825,0.167149164255433,0.418974577007316,0.39894822604598,0.689931353498925,0.999550560551813
"Nrbf2",18.4555361223758,0.182907594787056,0.460139862722916,0.397504345102128,0.69099558301177,0.999550560551813
"Zmynd8",20.4813934784075,0.19547053945677,0.491820574984944,0.397442785842691,0.691040969584595,0.999550560551813
"Txn2",52.2699501059364,0.140795087874117,0.354586229223581,0.397068685330529,0.691316811268782,0.999550560551813
"Dgka",9.34203726747301,0.248008128008938,0.625569571186115,0.396451712858572,0.691771823232802,0.999550560551813
"Safb",44.4572316924128,0.140469893543501,0.354437228631313,0.396318112761281,0.691870366837401,0.999550560551813
"Slc39a9",12.6235009330614,0.232749819670912,0.587663878501154,0.396059428162479,0.692061187763479,0.999550560551813
"Arsi",20.9613647006,0.211100059488118,0.534861356395594,0.3946818310276,0.69307771321094,0.999550560551813
"Ppp1cb",66.5606932511355,0.131141713262142,0.3323734430371,0.394561346610066,0.693166644672406,0.999550560551813
"6030419C18Rik",13.6283708339852,0.20575033778369,0.52180782889503,0.394302895415316,0.693357425862615,0.999550560551813
"Arl4d",15.6797898161594,0.244919361685638,0.621226359250168,0.39425139973336,0.693395440807594,0.999550560551813
"Ctsa",56.9845325723075,0.152182962602321,0.386205408861468,0.394046688913435,0.693546569276122,0.999550560551813
"Tmsb10",2321.16147167089,0.121272712183631,0.307857535148757,0.393924781230488,0.693636573835451,0.999550560551813
"Anapc16",43.9680612419318,0.135047494041529,0.343402046073297,0.393263510179271,0.694124866170801,0.999550560551813
"Pcif1",23.8279856504861,0.164509774879269,0.418762866336217,0.392847093436379,0.694432419638466,0.999550560551813
"Plpp1",66.7661075220785,0.151184100965398,0.385044733089676,0.392640355712093,0.694585128888471,0.999550560551813
"Lama2",94.1307319898169,0.128232448373786,0.326860829044937,0.392315129189605,0.694825386369596,0.999550560551813
"Cabin1",14.881131322201,0.196409111628899,0.501268984957353,0.391823786276362,0.695188418625904,0.999550560551813
"Ap3d1",16.4451092457088,0.186452461863535,0.476122459789434,0.391606104752954,0.695349276537596,0.999550560551813
"Ift27",35.5348930108607,0.155770352811202,0.397823184248857,0.391556749276233,0.695385750161885,0.999550560551813
"Usp15",23.2039039257402,0.174877959506835,0.446824869955273,0.391379198575809,0.695516965695145,0.999550560551813
"Plekhm2",22.095695484787,0.173070661387096,0.442348539011069,0.391254059014232,0.695609453232295,0.999550560551813
"Stxbp5",22.1495239737044,0.191170309515846,0.488613346052166,0.391250691493466,0.695611942145702,0.999550560551813
"Sod2",102.261609436196,0.126828821865379,0.324439731797496,0.39091643049607,0.695859008658934,0.999550560551813
"Clmp",89.7570398218436,0.119326281963444,0.30529544067958,0.390855106443209,0.69590433937904,0.999550560551813
"Cmc1",25.4122184103714,0.168844858961645,0.432229700485489,0.390636873801118,0.696065665690099,0.999550560551813
"Tmem192",7.64143550319892,0.27549595699496,0.706485995492775,0.389952467214585,0.696571695627152,0.999550560551813
"Lsm1",23.0150238023805,0.168297101443968,0.431964042702467,0.389609052621747,0.696825657097891,0.999550560551813
"Igsf3",33.7717606553176,0.163395872066562,0.419933077837203,0.38909978920476,0.697202329408547,0.999550560551813
"Rabgap1l",17.2765182767923,0.206580496911867,0.531423541688663,0.388730420664904,0.697475576384961,0.999550560551813
"Urod",17.6147871754461,0.181641543163176,0.467284119327754,0.388717561008686,0.69748509025238,0.999550560551813
"Atxn7",27.8530895453944,0.155586643125651,0.400655494397752,0.388330237076923,0.697771663626323,0.999550560551813
"Syne2",20.7673106315225,0.176615931646951,0.455514030774855,0.387728850737083,0.698216702986212,0.999550560551813
"Rps8",1832.8555482675,0.0852636744384871,0.220040608864256,0.387490631291094,0.698393019416569,0.999550560551813
"Wdr43",23.9532161084134,0.170781296766238,0.440807965349059,0.387427882867322,0.698439464925189,0.999550560551813
"Ppp2r3a",16.9793964226864,0.200167948480874,0.517209407405137,0.387015289387572,0.698744888981833,0.999550560551813
"Eif3f",215.735497964306,0.0952746010591964,0.246257268040702,0.386890514205855,0.698837263941663,0.999550560551813
"Sipa1l3",10.2772068480734,0.228682539414855,0.591128618838947,0.386857499581084,0.69886170644451,0.999550560551813
"Zfp503",42.4672835368639,0.148664263780973,0.384309779062607,0.38683445459959,0.698878768069099,0.999550560551813
"Fbxo18",16.2212822843272,0.186332277051943,0.482132626197368,0.386475145898269,0.699144806183771,0.999550560551813
"Stxbp1",18.5684493470161,0.179181228521666,0.464207512536883,0.385993814581856,0.699501249755329,0.999550560551813
"Spry1",42.9298424473678,0.141420806047154,0.366495984042997,0.385872730410499,0.699590927473672,0.999550560551813
"Oxr1",31.1111404702676,0.161743895198975,0.419449267906715,0.385610150200444,0.699785414802397,0.999550560551813
"Rnaset2b",37.9901163653002,0.146815629521744,0.380942320479196,0.385401205455622,0.699940189604402,0.999550560551813
"Lamp1",289.149433600887,0.0952440138603596,0.247184728180862,0.385315122666764,0.700003958636622,0.999550560551813
"Vegfb",17.1284432524191,0.190752147274371,0.495134665283034,0.385253064770433,0.700049931646931,0.999550560551813
"Med21",39.0336498056084,0.140963789462594,0.366046318200869,0.385098230615829,0.700164638879726,0.999550560551813
"Mdfic",21.8953169457305,0.171901345863375,0.44653239035679,0.384969488385874,0.700260021396387,0.999550560551813
"Erf",55.9964777931698,0.159138563625099,0.41446244852402,0.383963768471238,0.701005301565996,0.999550560551813
"Lrp3",15.4720119176558,0.208368650094344,0.542960321003795,0.38376404689964,0.701153337812224,0.999550560551813
"Puf60",53.0176107411812,0.131485669211197,0.343295705957465,0.38300994428252,0.701712390816612,0.999550560551813
"Fnip1",56.806144678704,0.126808424284958,0.3314246991091,0.382616095378015,0.702004434409665,0.999550560551813
"Aco1",11.8487556704683,0.20683014640711,0.540670839988173,0.382543557206885,0.702058227117027,0.999550560551813
"Chchd7",25.1871735346988,0.154359465556664,0.403798291617417,0.382268743481743,0.70226203645067,0.999550560551813
"Pgpep1",8.9700017148492,0.259473805587138,0.678850379562277,0.382225322985673,0.702294240230748,0.999550560551813
"Pdlim5",31.7885110460804,0.166936118172485,0.43683714046687,0.382147264296419,0.702352135543998,0.999550560551813
"Ciapin1",12.4376471271241,0.221020661984892,0.579264006330407,0.381554281932759,0.702792000730678,0.999550560551813
"Kxd1",28.9177052353196,0.166288252259422,0.435829632591455,0.381544162728605,0.702799507864635,0.999550560551813
"Atn1",33.5203487686054,0.143697257895661,0.377336292857435,0.380820134759612,0.70333671768024,0.999550560551813
"Herc2",27.8890115904608,0.155520525567447,0.40840113495961,0.380803362808548,0.703349163785767,0.999550560551813
"Ifngr2",25.4434866046501,0.158867417390382,0.417358052813761,0.380650178711835,0.70346284209994,0.999550560551813
"Smarcb1",35.6720996409578,0.138166226635621,0.362989359834003,0.380634370932539,0.703474573471179,0.999550560551813
"Insig2",26.5634963698264,0.16078463120382,0.422451204796248,0.380599296151535,0.703500603646196,0.999550560551813
"Emg1",49.127795098081,0.126029248424382,0.331212412036898,0.380508833136187,0.703567740897168,0.999550560551813
"Rnf103",19.4919077503542,0.168856643082215,0.443864867112524,0.380423537867907,0.703631045014349,0.999550560551813
"Lypla2",13.3132605647281,0.207509176447935,0.545927226148712,0.380104099060649,0.703868143139779,0.999550560551813
"Tspan3",91.0852037354749,0.109030751362151,0.286938649711578,0.379979314295042,0.703960770371308,0.999550560551813
"Fam171b",21.7393549520418,0.175427542395407,0.461870047008986,0.379820132375881,0.704078936846912,0.999550560551813
"Mrps33",60.8988865359554,0.122105029880009,0.321663934383486,0.379604353574921,0.704239128633775,0.999550560551813
"Plekha5",32.4676363487638,0.149830529685225,0.394930858045689,0.379384205191408,0.704402577873396,0.999550560551813
"Dexi",14.0983469717527,0.197719484558369,0.521559356790723,0.379092968008441,0.704618827990747,0.999550560551813
"Smg6",21.9678749013497,0.164680345759607,0.434642315429855,0.378887052441592,0.704771739310978,0.999550560551813
"Phip",64.9556784879213,0.13273024230826,0.350521412426002,0.378665147414584,0.704936537637484,0.999550560551813
"Unc45a",17.378203352731,0.177474057099124,0.468692070630292,0.378658117387091,0.704941758731429,0.999550560551813
"Ganab",27.3401270863082,0.155477700249995,0.410863931959765,0.378416522249562,0.705121196191214,0.999550560551813
"Eif4g2",218.33168591155,0.094860852333207,0.251046254102543,0.37786205045091,0.705533075317241,0.999550560551813
"Pde10a",9.14862208625648,0.245342011859124,0.650028582481882,0.377432652149511,0.705852105211077,0.999550560551813
"Clpp",25.0536626782843,0.185000705371761,0.490560813207602,0.377120838825481,0.706083805449595,0.999550560551813
"Dbn1",32.7964654143318,0.159303207649316,0.422481526469404,0.37706549912509,0.706124929765671,0.999550560551813
"Nufip2",91.7703360500647,0.115177914824047,0.305501714759175,0.377012334987518,0.706164438174777,0.999550560551813
"Mut",11.1189939629443,0.229943393952754,0.610252521473289,0.37680039960772,0.70632194375015,0.999550560551813
"Map3k1",11.5585290807006,0.211715648178397,0.563860798650267,0.375475026256814,0.707307216265238,0.999550560551813
"Nipa1",7.8525665297558,0.246496371689402,0.656601914243234,0.37541220386709,0.707353930140126,0.999550560551813
"Ddx6",62.1235678689817,0.118408591931891,0.315833899120073,0.374907798883472,0.707729038749586,0.999550560551813
"Nelfb",21.8063150357932,0.169181620680603,0.451388595470746,0.374802603296095,0.707807278027018,0.999550560551813
"Atf6",20.483092880644,0.165523115365147,0.441995384181795,0.374490597162134,0.708039350905583,0.999550560551813
"Rnf4",40.4195822572249,0.138423334532958,0.369758372075938,0.37436159661729,0.708135310558757,0.999550560551813
"Igdcc4",12.8375427024153,0.213113675717384,0.569991503225759,0.373889215034448,0.708486740657865,0.999550560551813
"Psmg2",12.5645161608825,0.207799248733497,0.555822193997143,0.373859214291406,0.708509061923335,0.999550560551813
"Fkbp7",119.443705280129,0.105121718668734,0.281281393138605,0.37372439568704,0.708609373257728,0.999550560551813
"Egln1",41.1644803533606,0.133063565790681,0.356112482316407,0.373656000275928,0.708660264568566,0.999550560551813
"S100a11",463.509529162482,0.105636429436991,0.28285487159949,0.373465123084631,0.708802298380742,0.999550560551813
"E2f5",15.1036586007651,0.192410755930833,0.515520821159414,0.373235663882787,0.708973054892044,0.999550560551813
"Atp9b",18.0240930165967,0.174120137176579,0.467279361907238,0.37262535299204,0.709427300726116,0.999550560551813
"Peli2",19.6253404788994,0.179023199369949,0.480896807695799,0.372269469260427,0.70969222769177,0.999550560551813
"Ak1",28.534854352024,0.154478183405687,0.415089960227689,0.372155913674596,0.70977676812867,0.999550560551813
"Mmp14",305.316437989978,0.122516184020016,0.329329374887334,0.372017176001775,0.709880061102056,0.999550560551813
"Exosc5",14.9210523792637,0.191130993579161,0.513816498450333,0.371982982554298,0.709905519626849,0.999550560551813
"Cib1",31.8243843378362,0.145650322614248,0.392046573651337,0.37151280588357,0.710255619655651,0.999550560551813
"Cxxc1",20.957314862161,0.164441714982662,0.442695870275698,0.371455272171961,0.710298464251382,0.999550560551813
"Pdlim1",29.5182843558727,0.146135544146897,0.393652210115728,0.371230086842229,0.710466165598815,0.999550560551813
"Casp6",14.1170537529443,0.188384830586955,0.507999365759213,0.37083674367469,0.71075913207153,0.999550560551813
"Islr",115.014408282995,0.166643560191628,0.449417360438215,0.370799116503061,0.710787159457928,0.999550560551813
"H2-M3",15.6656561286869,0.181382731632429,0.489214196268664,0.370763426359807,0.71081374436956,0.999550560551813
"5031439G07Rik",14.5846211235876,0.194943596687009,0.529488013124305,0.368173767592436,0.712743669097281,0.999550560551813
"Sh3pxd2a",95.2645115880805,0.121802775322569,0.330952511337268,0.368037017850099,0.712845632139222,0.999550560551813
"Slc25a17",30.9835864348219,0.144060586881411,0.391575530897966,0.367899869920497,0.712947897230934,0.999550560551813
"Atic",21.2889206813053,0.169668342183486,0.46144733875899,0.367687334896739,0.713106385308678,0.999550560551813
"Gm26518",16.3631474414912,0.209637863670019,0.570442071032362,0.367500705708163,0.713245565531954,0.999550560551813
"Gm49359",42.1318492336179,0.39736182028723,1.08172005365386,0.367342566077988,0.713363506908872,0.999550560551813
"Twf1",30.7070158982972,0.150736846915732,0.410664302723881,0.367056123251802,0.713577154934675,0.999550560551813
"Rpn2",136.403687380834,0.101916647324626,0.277723338810606,0.366971849615162,0.71364001607032,0.999550560551813
"Cgnl1",16.9418644604067,0.226245789817556,0.616773155205515,0.366821720284128,0.713752004902164,0.999550560551813
"Pofut2",77.0269722574347,0.113512142209541,0.309516076395455,0.366740699001727,0.713812445213291,0.999550560551813
"Cse1l",12.8361363090499,0.200775405354459,0.547725750539651,0.36656192475275,0.713945813701457,0.999550560551813
"Zfp703",40.1581209889019,0.139735760129985,0.382355137078791,0.36546065837528,0.714767568884351,0.999550560551813
"Ppid",44.1368372405542,0.157061531635567,0.430699043837398,0.364666543571112,0.715360335614176,0.999550560551813
"Cdc34",13.1418588515498,0.191924651506007,0.526661490345181,0.364417476926625,0.715546286710414,0.999550560551813
"Gpbp1l1",20.6442665285326,0.158167138481972,0.434654264567893,0.363891836283287,0.715938781052517,0.999550560551813
"Tpp2",33.803351447451,0.134459518554248,0.370029035711215,0.363375588339466,0.716324334975288,0.999550560551813
"Mob1b",21.9271347432136,0.161143276389624,0.443496291010921,0.363347517568429,0.716345301386615,0.999550560551813
"Gns",86.8027083423425,0.135062412490023,0.372018020629387,0.363053414083333,0.716564983826954,0.999550560551813
"Asxl1",15.174973529161,0.189732120936779,0.523211047081973,0.362630189088981,0.71688115555007,0.999550560551813
"Pdgfra",183.377426337514,0.117895655314401,0.325159665259654,0.362577736141584,0.716920344090107,0.999550560551813
"Cdipt",21.2764382138808,0.167303885827592,0.461699184119271,0.36236556524729,0.717078868383479,0.999550560551813
"Prr16",9.26095571811433,0.255487445515995,0.705832244507365,0.361966242693138,0.717377256805471,0.999550560551813
"2310011J03Rik",16.4544099318521,0.17664769544682,0.488588127218074,0.361547253414891,0.717690387293806,0.999550560551813
"Pwwp2a",21.0326411490249,0.1614142978011,0.447631103731396,0.360596697717318,0.718400958304513,0.999550560551813
"Hoxd3os1",16.5551041206066,0.210859610846314,0.585244524669434,0.360293179958266,0.71862789894554,0.999550560551813
"Tmed3",188.460702343573,0.0943217804567693,0.261959195034018,0.360062873320865,0.718800116093224,0.999550560551813
"Cdk13",30.1966691294608,0.140755000462909,0.391251037070771,0.35975623609005,0.719029433383231,0.999550560551813
"Acsl5",17.8946352859848,0.165549748728479,0.460202839669898,0.359732132133795,0.719047460492499,0.999550560551813
"Pycard",21.6228759724952,0.156259118873551,0.434804629326819,0.359377771840831,0.719312501069052,0.999550560551813
"Chchd3",31.2265172666182,0.138656971982154,0.386968812379003,0.358315625307684,0.720107126065374,0.999550560551813
"Tusc3",44.4958640628197,0.125907080725545,0.351834618659544,0.357858704198123,0.720449056114082,0.999550560551813
"Txndc16",15.4400183612546,0.182921027814804,0.51259279689908,0.356854464052912,0.721200760548011,0.999550560551813
"Kctd20",27.7878405069236,0.15547532889548,0.435766211516886,0.356786104076945,0.721251939880913,0.999550560551813
"Ubr1",16.6011410105896,0.17623858249824,0.494062611246531,0.356713053136294,0.721306632596547,0.999550560551813
"Dnajc11",11.3311836890669,0.22133304768851,0.621081179270798,0.356367339851408,0.72156548498288,0.999550560551813
"Lars2",266.96844019847,0.106998947706617,0.300398921110472,0.356189520625037,0.721698639327112,0.999550560551813
"Wdr37",9.69217898553659,0.210871988930055,0.592225126364202,0.356067278375444,0.721790181489445,0.999550560551813
"Adamtsl5",24.8680012268945,0.166334645708308,0.467307890026146,0.355942301121862,0.721883775902398,0.999550560551813
"Sdf2",78.6009557390739,0.106164704980024,0.299011956466291,0.355051705071173,0.722550856261664,0.999550560551813
"Isca2",17.9318798827582,0.165457399171748,0.46607597642618,0.355000917319226,0.722588904014659,0.999550560551813
"Rhno1",11.4515031448091,0.215500714098515,0.607076637546751,0.354981069555521,0.722603773195719,0.999550560551813
"Elp3",13.1737653673371,0.193233680260058,0.544740348236786,0.354726212011863,0.722794711971027,0.999550560551813
"Hilpda",19.7226384447097,0.163589719707817,0.461862612777741,0.354195631302463,0.72319227737126,0.999550560551813
"Tnks2",38.2014247797985,0.130862882480904,0.369586471606888,0.354079200767111,0.723279529051987,0.999550560551813
"Psmb10",39.6364541395242,0.143443107822499,0.406575952789806,0.352807653375055,0.724232645719101,0.999550560551813
"Grasp",48.6834628964696,0.159728459499981,0.454945022594939,0.35109398183744,0.725517842724202,0.999550560551813
"Ifi27",167.142176265766,0.0916069360431487,0.260945458639829,0.351057790086278,0.725544993693107,0.999550560551813
"Ppp2r5a",46.7466036905825,0.127601652274052,0.363843454135938,0.350704817754885,0.725809810812069,0.999550560551813
"Tmem107",15.4328398583242,0.170016993675956,0.485064631363469,0.350503794098645,0.725960643251809,0.999550560551813
"Bdp1",30.3312366340662,0.139549998866897,0.398268694787461,0.350391584107228,0.726044841481391,0.999550560551813
"Fam171a2",10.8666457884973,0.204312300588971,0.583185565511955,0.35033840456873,0.726084746597553,0.999550560551813
"C1qtnf12",21.7510644053094,0.157400287943652,0.449528897524798,0.350144982470162,0.726229893864928,0.999550560551813
"Pde12",19.0848424729186,0.182966486785336,0.523126131507316,0.349755968523582,0.726521846380032,0.999550560551813
"Ifih1",9.13526553985482,0.213228241612981,0.610294813627586,0.349385636010167,0.726799815507822,0.999550560551813
"Smad3",11.704194383081,0.193136917988361,0.552822033017773,0.349365449372659,0.726814968498067,0.999550560551813
"Cul4a",21.2343600856241,0.163604427493791,0.468465796960704,0.349234519478729,0.726913252908838,0.999550560551813
"mt-Nd2",899.507994372802,0.11758172348751,0.337033740355217,0.348872262354459,0.72718520985169,0.999550560551813
"Arfgap2",22.0702832199746,0.150932640205705,0.433108602916853,0.348486821063402,0.727474609563663,0.999550560551813
"Rer1",112.348901375666,0.0974867359181721,0.279842556832719,0.348362797358396,0.727567738173537,0.999550560551813
"Thap3",15.9806488158409,0.170077006280291,0.488244554312442,0.348343887869468,0.727581937541834,0.999550560551813
"Cwc27",7.80275357011749,0.239251911603574,0.687412237631221,0.34804721025628,0.727804728660678,0.999550560551813
"Rrm2b",17.6107071446552,0.17904699098714,0.514850632154369,0.347764924047827,0.728016733861914,0.999550560551813
"Eml4",16.4331221533166,0.166983978822232,0.480554914830238,0.347481575297635,0.728229557994136,0.999550560551813
"mt-Nd5",238.307173860132,0.109014411173295,0.314262340596243,0.346889834036317,0.728674084266449,0.999550560551813
"Nans",23.3321092056246,0.157995953094242,0.455893724199277,0.346563123613387,0.728919553898116,0.999550560551813
"Syngr2",15.7121130693468,0.166958966523429,0.482902094802325,0.345740820593818,0.729537503554967,0.999550560551813
"Msx1",9.19510826676254,0.251069854258004,0.726939608149946,0.345379246698325,0.729809277111924,0.999550560551813
"Atp8b1",21.8856121936763,0.181587597597525,0.526280297116111,0.345039703353102,0.730064522519458,0.999550560551813
"Glrx",10.9834453414336,0.253872229804795,0.736404377001856,0.34474568285212,0.730285571134622,0.999550560551813
"Nrf1",16.4193182793587,0.166806187496805,0.48385576748294,0.344743617224086,0.73028712418118,0.999550560551813
"Tmco1",74.1260563956358,0.105733971589984,0.306755268860961,0.344685103478725,0.730331118316735,0.999550560551813
"Meis2",40.2700216253957,0.141293223088477,0.41013088251451,0.344507641614817,0.730464550192116,0.999550560551813
"Surf4",105.249863996065,0.101501915651258,0.294769583421266,0.344343247607736,0.730588163750119,0.999550560551813
"Rpl27",489.462411423696,0.0831686548055009,0.241874329640049,0.343850688616978,0.730958577827649,0.999550560551813
"Sec23ip",21.0977499392768,0.147890359352124,0.430282600082002,0.343705181952372,0.731068013718114,0.999550560551813
"Srsf11",131.980504245684,0.0974644638742339,0.283886001647851,0.343322542529359,0.731355823806316,0.999550560551813
"Pnpt1",10.0377528139071,0.208515317550975,0.607926038161832,0.342994549438048,0.731602560634248,0.999550560551813
"Otub1",28.5798530740658,0.13846293940307,0.404101067849897,0.34264432939955,0.73186604860027,0.999550560551813
"Nek1",10.5885186011373,0.196160523503708,0.573028999837226,0.342322157446533,0.732108462519743,0.999550560551813
"Cluap1",9.96116675285339,0.210672613093132,0.615531689767182,0.34226119726316,0.73215433419228,0.999550560551813
"Atp6ap2",66.7737896490993,0.108765364815148,0.318316527267278,0.341689342205666,0.73258469358475,0.999550560551813
"Fam58b",8.39410557284588,0.241908331959573,0.709255084736204,0.341073807105024,0.733048019123976,0.999550560551813
"Rps24",2394.33008152076,0.0840494966313382,0.246835567943186,0.340508044815826,0.73347396548029,0.999550560551813
"Zyg11b",14.4526979702572,0.173702538133579,0.51029430133506,0.340396782168896,0.733557741626776,0.999550560551813
"D930016D06Rik",13.0608594661592,0.187533332970026,0.550958495594626,0.340376515598746,0.733573001852993,0.999550560551813
"Egln2",28.1469705597056,0.134857821846685,0.396679404321643,0.339966785211105,0.73388154127386,0.999550560551813
"Esd",131.586860519362,0.107007886252756,0.315048580286816,0.339655192717699,0.734116208655182,0.999550560551813
"Chd2",30.7193765766091,0.135852649370303,0.401121590353695,0.338681967356863,0.734849326617196,0.999550560551813
"Timm22",29.3073709212229,0.149522927418709,0.441595272251581,0.338597210645689,0.734913184190894,0.999550560551813
"Mxi1",21.8254654130688,0.147831716522884,0.437188509347724,0.33814181608626,0.735256319852096,0.999550560551813
"Cat",25.5593637796923,0.156437790886165,0.462954295441402,0.337911954649886,0.735429538426798,0.999550560551813
"Zfp931",10.5281390592429,0.217090976898342,0.642572418551232,0.337846708994767,0.735478708584148,0.999550560551813
"Renbp",13.1787808235585,0.191787242191125,0.568077446461735,0.337607562816778,0.735658942190843,0.999550560551813
"2610037D02Rik",13.546602402475,0.174200051755171,0.516600394967269,0.337204642993369,0.735962637460136,0.999550560551813
"Meaf6",17.4524610866339,0.177832796540232,0.527418260500096,0.337176032493853,0.735984203799831,0.999550560551813
"Btaf1",20.0033619358687,0.153511135972418,0.455731499813609,0.336845568136507,0.736233319964485,0.999550560551813
"Ist1",50.3744514848287,0.115331629138977,0.34249138143707,0.336743157316992,0.736310526629828,0.999550560551813
"Stat1",19.1234311593285,0.153273592135439,0.455440022922258,0.336539575841365,0.736464012918337,0.999550560551813
"Bcr",10.7890461060822,0.193597293891439,0.575297060547072,0.336517092069513,0.736480964765169,0.999550560551813
"Adcy7",24.0789066140531,0.148330015695866,0.441809235508636,0.335733171184391,0.737072089277519,0.999550560551813
"Phf2",22.5594592699233,0.143045986216305,0.426932259991459,0.335055463410441,0.737583247992846,0.999550560551813
"Prdm5",15.2950872170127,0.172462089604793,0.515408119661128,0.334612674938424,0.737917282358669,0.999550560551813
"Slc7a6",14.5443723724465,0.175388501326962,0.524738101883378,0.334240072709532,0.738198407407116,0.999550560551813
"Stk38",38.7702091054737,0.13965615509675,0.417841319315683,0.334232515169803,0.738204109865639,0.999550560551813
"Ubc",1661.97117479309,0.090217459671612,0.270177802846828,0.333918844261084,0.738440799503663,0.999550560551813
"Lage3",31.322566183386,0.129387203318458,0.387749392000429,0.333687701355094,0.738615231069663,0.999550560551813
"Heatr5a",18.9743340449581,0.18098876668502,0.543386795548751,0.333075386018986,0.739077378711694,0.999550560551813
"Efna5",18.2968757081167,0.188022995110665,0.56467685372469,0.332974503683723,0.739153529138211,0.999550560551813
"Parl",25.1216070754895,0.13686175973007,0.411165562512952,0.332862895651088,0.739237778773556,0.999550560551813
"Fryl",21.1166163551383,0.170956033173025,0.513612854993255,0.332849989074495,0.739247521772174,0.999550560551813
"Atad3a",8.91402555133217,0.21260818137749,0.638757655157914,0.332846392776192,0.739250236576164,0.999550560551813
"Rpl23",2001.20236622688,0.0752357954061282,0.226236906138166,0.332553148336376,0.739471614344741,0.999550560551813
"Pcyt1a",21.2741839557468,0.158680388195254,0.477188158012744,0.332532116589147,0.739487492581512,0.999550560551813
"Khdrbs1",60.1678356193204,0.10983312865609,0.330579589668601,0.332244131484934,0.739704922474852,0.999550560551813
"Hr",11.0519834018875,0.187454519870598,0.564760282072621,0.331918737597227,0.739950621181242,0.999550560551813
"Rtn4",234.868877840681,0.0887370618101211,0.268348974526442,0.330677849493244,0.740887835444675,0.999550560551813
"Nit2",21.1031397992113,0.146818091108672,0.444403766746418,0.330370942135708,0.741119694899704,0.999550560551813
"Rcbtb2",19.0931533220799,0.168343313940062,0.509782231918184,0.330225934526255,0.741229252050417,0.999550560551813
"Zfp655",25.0456737800952,0.138648282829213,0.420181404284451,0.329972439083363,0.741420787279296,0.999550560551813
"Mbd2",75.1071462583789,0.0980109255997039,0.297352767133812,0.329611614327429,0.741693445658109,0.999550560551813
"Ccdc167",11.5164843631013,0.184873039354705,0.561010257464094,0.32953593431674,0.741750637615119,0.999550560551813
"Nelfe",14.0416404254666,0.180036457021401,0.546862355046323,0.329217133635302,0.741991573359577,0.999550560551813
"Sec61a1",101.555797777895,0.0936987071708555,0.284671187486992,0.329147139891483,0.742044474985365,0.999550560551813
"Kars",20.8874267661908,0.155219679899622,0.471586167774693,0.329143835223302,0.742046972700432,0.999550560551813
"Rcor3",18.1150353120223,0.166189611831999,0.505024662642104,0.329072269386918,0.742101063840708,0.999550560551813
"Mrpl28",36.1225316652445,0.125419296941239,0.381821057450477,0.32847663714175,0.742551306082006,0.999550560551813
"Gulp1",33.8285387851985,0.13504432191236,0.411458269433449,0.328209035872112,0.742753616291162,0.999550560551813
"Apc",24.501851817846,0.137289741236288,0.418337368973509,0.328179482442989,0.742775960176419,0.999550560551813
"Scd1",28.2749789163826,0.139797188954929,0.426265465230253,0.327958045767126,0.74294338438276,0.999550560551813
"Map1lc3b",271.179338931849,0.0882751836927294,0.269337670297975,0.327749117288601,0.743101362519069,0.999550560551813
"Flywch1",14.6146843482624,0.163372964336201,0.498934360603317,0.327443802705128,0.743332241017163,0.999550560551813
"Snx12",15.8659489556824,0.160257990803171,0.489537635040223,0.327366027312697,0.743391058359341,0.999550560551813
"Lrrc8a",32.3819146430364,0.126898893922656,0.388455033422884,0.3266758903971,0.743913037320186,0.999550560551813
"Scp2",61.3424623867383,0.105560970524716,0.323308099990991,0.326502709111394,0.744044039937301,0.999550560551813
"Trp53inp1",13.5809880353998,0.183703307253931,0.563332528715059,0.326101011196621,0.74434793198732,0.999550560551813
"C1qtnf2",48.6685202352179,0.117615926233688,0.361109673138889,0.325706938867989,0.74464609382208,0.999550560551813
"Ncstn",31.834314276274,0.125555876494327,0.385497304695267,0.325698454866182,0.744652513383326,0.999550560551813
"Eif1",1296.71341949817,0.0787050879911703,0.242146441990456,0.325030949636139,0.745157647899029,0.999550560551813
"Mgat1",33.2630062828318,0.121334860461909,0.374555400525118,0.3239436950897,0.745980662239506,0.999550560551813
"Becn1",26.9610221881184,0.13141804472744,0.405918236913161,0.323754965351691,0.746123553723037,0.999550560551813
"Slc29a3",14.9864676261348,0.178393632936258,0.551114622935871,0.32369606160317,0.746168152849551,0.999550560551813
"D10Jhu81e",12.2112571606424,0.179647097875999,0.555265933294744,0.323533440652552,0.7462912861398,0.999550560551813
"Snx18",41.908293093976,0.139812318445249,0.432144515995378,0.323531395795254,0.746292834505582,0.999550560551813
"Cxcl9",24.2665505131734,0.82870887688688,2.56507453067115,0.323073995308062,0.746639203848151,0.999550560551813
"Fam46c",25.015867284466,0.131364848526648,0.406685644178405,0.323013242309141,0.746685213284034,0.999550560551813
"mt-Co1",3257.6839782445,0.12182515804619,0.377429840870795,0.322775638950855,0.746865163629973,0.999550560551813
"Bcl6",17.8082336478837,0.152760467327343,0.473333564706654,0.322733223920039,0.746897288363092,0.999550560551813
"Rgs3",11.6595694859311,0.21103764139257,0.654564028853239,0.32240946964699,0.747142511195716,0.999550560551813
"Nagpa",7.37577556762364,0.234569075883544,0.728224164403869,0.322111085225473,0.747368540682007,0.999550560551813
"Pnpla8",44.2719943236425,0.109858239892265,0.341481056359223,0.321711081321883,0.74767158212589,0.999550560551813
"Ace",72.7144996515492,0.3298578627425,1.02712962272725,0.321145311598215,0.748100273708802,0.999550560551813
"Lmbrd1",32.0181496596689,0.140275947716565,0.437032525099669,0.320973702551256,0.748230319671813,0.999550560551813
"H3f3b",963.077191606418,0.0838707682153822,0.261427039701383,0.320819025878824,0.748347540357674,0.999550560551813
"Psenen",92.2943842122132,0.0968303800441263,0.302047580559243,0.320579889647996,0.748528779605043,0.999550560551813
"Ppp6c",22.6638415773617,0.136445971728114,0.426112494025001,0.320211149969493,0.74880827139398,0.999550560551813
"Smarcd3",9.89331062984375,0.197480563648539,0.6169478729931,0.320092786268099,0.748897993941635,0.999550560551813
"Psmb4",123.018209707497,0.0872474775967206,0.272969739598202,0.31962325833312,0.749253940946914,0.999550560551813
"Glt8d1",30.168953652837,0.138183512882322,0.432911297182931,0.31919590406053,0.749577962730776,0.999550560551813
"Senp6",78.3652857088886,0.0960888753543051,0.301571564260499,0.318627107930186,0.750009294877857,0.999550560551813
"Golga5",16.1921024671625,0.161245157331675,0.507057695686904,0.318001597654954,0.7504837250167,0.999550560551813
"Pkm",179.159036123392,0.100353665959339,0.315971802933001,0.317603232401781,0.750785921907093,0.999550560551813
"Ptgfrn",78.9153400673874,0.0987297634356088,0.311166053051963,0.317289635123281,0.751023841348455,0.999550560551813
"Top1",210.54668408108,0.0918628224664436,0.28978186234987,0.317006805469185,0.751238438366558,0.999550560551813
"Vcam1",59.265676382874,0.156668355300027,0.494309224565267,0.316944025145015,0.75128607555163,0.999550560551813
"Wdr61",30.8211955954642,0.128407805061196,0.405466928041895,0.316691192747361,0.751477932254781,0.999550560551813
"Rbm17",31.4829574861776,0.124484755251716,0.393240009591862,0.316561774527767,0.751576144573666,0.999550560551813
"Polg",12.3381093473306,0.182690865295583,0.577314125154042,0.3164496715663,0.751661220019285,0.999550560551813
"Tnfrsf23",11.8608018652712,0.205397587512779,0.649533662591596,0.316223160310517,0.751833129647178,0.999550560551813
"Trafd1",24.9130537816667,0.131121418963436,0.41514135580289,0.315847643532997,0.752118153424252,0.999550560551813
"Scarf2",82.568516776153,0.105645815978658,0.33475747400281,0.315589118042428,0.752314398427563,0.999550560551813
"Minos1",160.91453861849,0.0873198032437596,0.276803748247208,0.31545744519968,0.752414356573541,0.999550560551813
"Lox",196.499957159097,0.136199739063618,0.43176557790389,0.315448349831019,0.7524212613867,0.999550560551813
"Mtap",15.514264847555,0.184932345830845,0.58665437563054,0.315232193797376,0.752585363590392,0.999550560551813
"Bap1",10.7769374635496,0.1783026932108,0.565729283076014,0.315173173008339,0.752630173173258,0.999550560551813
"Fer",13.2277425731092,0.174282765370675,0.55329400745744,0.314991239777852,0.75276830520811,0.999550560551813
"Ppp4c",32.3558714019349,0.118572800136066,0.376463941058827,0.31496456155289,0.752788561203058,0.999550560551813
"Rfc1",18.863900889961,0.146111180893531,0.465144138675144,0.314120223700324,0.753429730076901,0.999550560551813
"Map4k3",17.2098370851413,0.14574981925726,0.46477585699875,0.313591631455271,0.7538312162909,0.999550560551813
"Eif4a3",35.1203976105038,0.117516538479423,0.375686159738332,0.31280507794398,0.754428757216889,0.999550560551813
"Pon2",23.9843985637212,0.133364921030371,0.426462452750773,0.312723711478324,0.754490579327794,0.999550560551813
"Rps15a",1597.13611891778,0.0763121489128089,0.244081704376477,0.3126500165498,0.754546573974638,0.999550560551813
"Rpl35",1148.17811064249,0.0834090593951092,0.267169572853991,0.312195204356945,0.754892176473221,0.999550560551813
"Rpl18a",1336.27004067328,0.0724438969196226,0.232628570611267,0.311414443760133,0.755485574907295,0.999550560551813
"Arf6",60.0036100085603,0.101413111249613,0.326733836062405,0.310384478301303,0.756268596220489,0.999550560551813
"Gnl3",66.7627577494503,0.113951258443084,0.367238654871448,0.310292113674616,0.756338827781381,0.999550560551813
"Ip6k1",28.1735026339721,0.133009674353687,0.428815827668623,0.31017902272132,0.756424821820766,0.999550560551813
"Naalad2",12.8377444998614,0.165979177736614,0.536016389439731,0.309653176668914,0.756824713271206,0.999550560551813
"Tshz2",27.2464008022521,0.136189023802294,0.439975263893532,0.309537910375001,0.756912378820463,0.999550560551813
"Arsk",11.5736836449354,0.190192788879225,0.614467128380345,0.309524757460254,0.756922382442307,0.999550560551813
"Svbp",69.4202339328262,0.11352243430259,0.367598452403175,0.308821850474172,0.757457046775752,0.999550560551813
"Cul7",15.7868974719103,0.15810593772651,0.51262516140355,0.308424068170242,0.757759670275102,0.999550560551813
"2510039O18Rik",11.3355733730253,0.172765853819615,0.560961692810648,0.307981553881134,0.75809636845125,0.999550560551813
"Atp6v0e",153.589103780441,0.0798849088374296,0.259450403344646,0.30790049970095,0.758158045546318,0.999550560551813
"BC028528",9.49552574349204,0.193525858033714,0.628963765323378,0.307689995359612,0.758318233200291,0.999550560551813
"Naga",43.9528529357819,0.125426844287076,0.408497034203742,0.307044687684362,0.758809358117487,0.999550560551813
"Amd1",20.6448365514029,0.141654616274516,0.46203116976192,0.306591038755045,0.759154675400204,0.999550560551813
"Scyl2",10.1456623962808,0.185379742885739,0.6047978864471,0.306515196299307,0.759212411318356,0.999550560551813
"Zhx3",16.7242766523848,0.149753796791534,0.488665944635638,0.306454334367814,0.759258744115509,0.999550560551813
"Ezh1",7.74327452177548,0.209060693815131,0.682715463846024,0.306219362071285,0.759437631260673,0.999550560551813
"Abcc4",9.36021527996217,0.194173568602011,0.635197957478539,0.305689850409463,0.759840801827536,0.999550560551813
"Rab6a",75.5126854533785,0.0939908533904401,0.307575331016781,0.305586449601552,0.75991953889827,0.999550560551813
"Dnajb11",61.4283795189551,0.095768026322917,0.314435777173099,0.30457102300479,0.760692892346482,0.999550560551813
"Arfrp1",21.8734362267682,0.13386597580113,0.439616282765254,0.304506409451198,0.760742110421236,0.999550560551813
"Faf1",17.0661526995951,0.144037426902714,0.473282249964886,0.304337267905991,0.760870955176017,0.999550560551813
"Psme3",15.0441302202913,0.153482547099349,0.504352931906291,0.304315762613365,0.760887337458376,0.999550560551813
"4833439L19Rik",27.4522247555608,0.121420988383669,0.399362885612812,0.304036736406669,0.761099903507026,0.999550560551813
"Rpl12",778.799879896198,0.0727877631959658,0.239457786463102,0.303969080609461,0.7611514473522,0.999550560551813
"Eef1b2",604.106587173001,0.0793391390669046,0.261235526533822,0.30370731010291,0.761350888263999,0.999550560551813
"Trnt1",26.0246495328195,0.126163498459182,0.415845982387648,0.303389966003264,0.761592691526033,0.999550560551813
"Ephb3",17.7848687180797,0.151777103947818,0.500516752735286,0.303240806862843,0.761706352752581,0.999550560551813
"Srek1",51.9485298529994,0.0993296088119619,0.327942044563923,0.302887691464034,0.761975451818176,0.999550560551813
"Plcg1",13.5713853469315,0.155634448858092,0.514675957717241,0.302393081558311,0.762352428155197,0.999550560551813
"Bcat2",17.8132884902775,0.140329355671546,0.465148351773169,0.301687311449355,0.762890441867882,0.999550560551813
"4932438A13Rik",40.5251405948912,0.11808525917844,0.391516128242086,0.301610203668097,0.762949228639692,0.999550560551813
"Ap1s2",19.4204187870348,0.152384159521275,0.505553864651398,0.301420224779314,0.763094073883459,0.999550560551813
"Etf1",85.0382820520413,0.0952614505243023,0.316093813017745,0.301370816514382,0.763131745492459,0.999550560551813
"Fem1c",14.3387041296674,0.163058681858527,0.54139328762201,0.301183419866061,0.763274632216895,0.999550560551813
"Sptan1",70.8687395145355,0.0974834426846644,0.324527416721188,0.30038584619313,0.763882858589331,0.999550560551813
"Ifit3",10.0395851409001,0.223598467061506,0.74480133155065,0.300212227864822,0.7640152785331,0.999550560551813
"Gas7",47.9391177250554,0.134419120522161,0.44778438462053,0.30018715511054,0.764034402272996,0.999550560551813
"Slc39a3",8.82530160789964,0.187650738184298,0.625240681131897,0.300125605782059,0.764081348397792,0.999550560551813
"Ring1",17.1061917148082,0.161317821542587,0.537540780598477,0.300103410504002,0.764098277833326,0.999550560551813
"Rab11fip2",24.1915348761065,0.129878007527582,0.432877547525314,0.300034058754194,0.764151176567103,0.999550560551813
"Lhfpl2",22.6402054062997,0.156081831350871,0.520377959795564,0.299939358331374,0.764223412029872,0.999550560551813
"Dedd2",16.536988268208,0.14470079405835,0.48252987376479,0.299879451875937,0.764269108455962,0.999550560551813
"Rnf7",80.2747200351333,0.0920525992244933,0.307023751426421,0.299822403956763,0.764312625164108,0.999550560551813
"Bcat1",11.5966586255992,0.172207191656727,0.574711796058424,0.299640955410668,0.764451040829653,0.999550560551813
"Guk1",32.7797260120248,0.126012718739974,0.421130984327812,0.299224524980296,0.764768737821138,0.999550560551813
"Ncaph2",20.6021210759004,0.132127609642644,0.44175280005977,0.299098522125422,0.764864873873723,0.999550560551813
"Impdh2",72.1309150299384,0.0926158379633536,0.309922575412372,0.298835403778257,0.765065636238219,0.999550560551813
"Trim33",19.5719886012816,0.136929096694849,0.458668309790346,0.29853620529711,0.765293947346475,0.999550560551813
"Rplp2",957.891999933094,0.0731602477243314,0.245241569477088,0.29831911400798,0.765459617214918,0.999550560551813
"Erap1",16.8965925535346,0.141388001348064,0.474009684543193,0.298280828342823,0.76548883544286,0.999550560551813
"Eloc",100.635099678911,0.0888991592837343,0.298303344618881,0.298015965584677,0.765690978208717,0.999550560551813
"Taf4b",13.9674203537414,0.157248698953679,0.52814853422034,0.297735748118305,0.765904857029938,0.999550560551813
"Trip11",51.1505185252327,0.101025548796989,0.339861694353675,0.297254884782213,0.766271922421969,0.999550560551813
"Sp3os",9.50345079733702,0.185281484558009,0.624802536054107,0.296544066111095,0.766814619524781,0.999550560551813
"Il1rl1",33.4004660579582,0.176324803084412,0.594674286516922,0.296506519757509,0.766843288664924,0.999550560551813
"Gtf2a2",51.5287422237567,0.103305029217769,0.348453437514281,0.296467240945314,0.766873280994128,0.999550560551813
"Ldlrap1",10.4675869110815,0.167992658080935,0.567023920415984,0.296270848604925,0.767023246564312,0.999550560551813
"Ubb",2385.5806781996,0.0726574921771849,0.245323342035056,0.296170317811838,0.767100015448899,0.999550560551813
"Lrrc58",79.3983611917882,0.0925376138946791,0.312854159797993,0.295785147796755,0.767394166103583,0.999550560551813
"Ppan",17.1276021886577,0.14985391492999,0.506666408970127,0.295764456212107,0.767409969017679,0.999550560551813
"Phf20",17.8401289160685,0.136420389563668,0.461725413520137,0.295457831795777,0.767644160543875,0.999550560551813
"Cox7a2l",108.163793907928,0.0830465479368577,0.281149318731207,0.295382355225461,0.767701810784031,0.999550560551813
"Dap3",30.2596412436819,0.118117155272047,0.39993242309641,0.295342784057229,0.767732036403806,0.999550560551813
"Naa25",9.9799140653909,0.174335417023339,0.590328580257282,0.295319289720579,0.767749982234868,0.999550560551813
"Acin1",61.0609473667236,0.0946829910904994,0.320794632388899,0.295151419415631,0.767878211317953,0.999550560551813
"Chmp1b",9.98380072106722,0.189381091325147,0.641703436092502,0.295122451701892,0.767900339182032,0.999550560551813
"Prdm2",38.2173681063912,0.115084235161134,0.390290305606352,0.294868290367448,0.768094496112264,0.999550560551813
"Col4a1",191.75256231567,0.114111366066635,0.388156042223587,0.293983227500304,0.768770719875915,0.999550560551813
"Ankle2",10.8731692793184,0.169420279960175,0.576345440538732,0.293956138183051,0.768791419985889,0.999550560551813
"Bicral",10.6110447136297,0.176466633895271,0.600903875965342,0.293668656424924,0.769011107289934,0.999550560551813
"Gcc2",16.5722772638533,0.143645377705205,0.489953399733694,0.293181714390147,0.769383260103662,0.999550560551813
"Snu13",144.42080217416,0.087660340157967,0.29906483546972,0.293114835852517,0.76943437718911,0.999550560551813
"Xrn1",26.0503153740264,0.12268997946825,0.420227192284902,0.291961067062671,0.770316391641401,0.999550560551813
"Eif2s3x",34.3736536369569,0.107145049688013,0.36700790029523,0.291942079725867,0.770330909261047,0.999550560551813
"Cdh13",18.1120262810089,0.136654837823062,0.468381201708649,0.29175986850998,0.770470231106503,0.999550560551813
"Cnot2",24.0743788333544,0.146606525755717,0.502684760959211,0.291647046303862,0.7705565006288,0.999550560551813
"Zfx",21.1730345935185,0.128158664279839,0.439526355567348,0.291583570942884,0.770605038324045,0.999550560551813
"Pbld1",77.3025119799871,0.521178338783563,1.78859678568996,0.291389508777696,0.770753437383277,0.999550560551813
"Aebp1",570.005831116806,0.0843311841947477,0.289500050027004,0.29129937693234,0.770822363930293,0.999550560551813
"St3gal2",23.2892453406477,0.141915163163394,0.487537253422249,0.291085783019095,0.770985712878142,0.999550560551813
"Mitf",31.0816903591978,0.144945011712597,0.498060001584321,0.291019176909467,0.771036652914517,0.999550560551813
"Ppp4r2",68.6737628806348,0.0911997616506923,0.314250544051568,0.290213536227726,0.771652881224563,0.999550560551813
"Tmem60",12.1418682174811,0.158920881463855,0.551488027168789,0.288167419118267,0.773218587201039,0.999550560551813
"Mrpl50",18.2925473219447,0.138791024963557,0.482300814302935,0.2877685893277,0.773523882832724,0.999550560551813
"Rps3",1291.90184916798,0.0732625844424577,0.254788597935455,0.287542633524822,0.773696862695515,0.999550560551813
"Pla2r1",10.2558425050376,0.165566172651125,0.576621352517166,0.287131532553152,0.774011608769289,0.999550560551813
"Snw1",37.6064048584743,0.110718435131069,0.385649490200765,0.287096023576824,0.774038796804793,0.999550560551813
"Bgn",1237.40131394232,0.100753054188761,0.35110798676933,0.286957454644726,0.774144897052325,0.999550560551813
"Thoc6",37.0180189255842,0.108956883441967,0.380335719124912,0.286475547688916,0.774513919147265,0.999550560551813
"Pdcd6ip",51.2116396974987,0.0970826032654003,0.339580085415421,0.285890155032606,0.774962254340339,0.999550560551813
"Polr2d",17.6337049942086,0.150680267268901,0.527190372697951,0.285817562444813,0.775017856122443,0.999550560551813
"Mrpl54",49.64498767211,0.1077594909705,0.37806743845918,0.285027167136307,0.775623328456637,0.999550560551813
"Slk",45.7967875946759,0.106712959759647,0.374802623379647,0.284717750365249,0.775860390436792,0.999550560551813
"Fam214a",18.0408835828326,0.149249777483231,0.524493262096917,0.284559951993534,0.775981296885851,0.999550560551813
"Preb",23.3048095702611,0.124031983026536,0.436786894624013,0.28396452492766,0.776437567018155,0.999550560551813
"Atg4b",15.019036804874,0.146293675437654,0.515273301637928,0.283914720542715,0.776475735146234,0.999550560551813
"Htatsf1",19.6247989219793,0.12716533583271,0.448086467593287,0.283796421069636,0.776566397387887,0.999550560551813
"Gpr180",26.3566038148897,0.122727803237787,0.433530791780565,0.283089011356561,0.777108604876683,0.999550560551813
"Imp4",15.2272856495553,0.14647265972613,0.517455246085634,0.283063435599782,0.777128209932349,0.999550560551813
"Plekhj1",37.7581020613014,0.100527773611824,0.355398359378495,0.282859419462774,0.777284603258373,0.999550560551813
"Rsbn1",26.3575274263654,0.112771063822463,0.398864552267797,0.282730223032577,0.777383646461698,0.999550560551813
"Mrps10",14.5076977985434,0.144481182471573,0.511143345671119,0.282662747534887,0.777435375253639,0.999550560551813
"Ids",14.4629223948899,0.163556120683054,0.578955747524222,0.282501937984839,0.777558660778058,0.999550560551813
"Bmt2",18.1349357883053,0.130008505394381,0.460306788071592,0.282438818551946,0.777607053168632,0.999550560551813
"Fbxl20",15.2670425713497,0.14756060875747,0.522545890785201,0.282387846425772,0.777646133094872,0.999550560551813
"Cdc16",29.5809132111939,0.114527541464133,0.406007275000131,0.282082485995099,0.777880262299164,0.999550560551813
"Pcnx",20.0517769244731,0.128244093462695,0.455739477329991,0.281397815730228,0.778405293258117,0.999550560551813
"Seh1l",17.5795182234194,0.131659328191193,0.467915852063441,0.281373942794617,0.778423601751233,0.999550560551813
"Aldh3a2",13.688886370171,0.148851565713726,0.52919180075546,0.281280937273082,0.778494930178368,0.999550560551813
"Bmp2",14.120391731012,0.147272578107704,0.523870790970228,0.281123858489896,0.778615402343963,0.999550560551813
"Aasdhppt",16.8867893692632,0.134664237733768,0.479704457208864,0.280723340611227,0.778922605112437,0.999550560551813
"Sp100",18.4577675899667,0.155115756741132,0.553209505379071,0.280392428605947,0.779176445271728,0.999550560551813
"Qsox1",44.0351917638468,0.104427738018625,0.374481189813388,0.278859768819533,0.780352444070684,0.999550560551813
"Sbf2",31.6382042201729,0.118297665320584,0.424414713475428,0.278731301165017,0.780451039245986,0.999550560551813
"Rpia",16.3133955893342,0.143381183806324,0.514610203775273,0.278620949904323,0.780535733436688,0.999550560551813
"Xpot",19.7426349627594,0.130930823697742,0.469941797443774,0.278610722455278,0.780543583098456,0.999550560551813
"Hbegf",27.1097899206141,0.177038001013543,0.635721068796465,0.278483771740816,0.780641020808095,0.999550560551813
"2510002D24Rik",9.56714472558773,0.168334586278199,0.604510270164046,0.27846439438079,0.780655893698435,0.999550560551813
"Plgrkt",42.6924088602088,0.101500586999266,0.364704916270263,0.27830879834932,0.780775322716599,0.999550560551813
"Tm9sf4",39.3643741079918,0.117296585579284,0.421590329558551,0.278224089490159,0.78084034387501,0.999550560551813
"Ankrd50",14.8614084241644,0.143830655616725,0.517484839497415,0.277941776528978,0.781057053826954,0.999550560551813
"Arih1",82.3694592212785,0.0903250622298395,0.325192447352167,0.277758794723858,0.781197523972332,0.999550560551813
"Ddx39",24.6350827002781,0.117255871547279,0.422678824827725,0.277411274612751,0.781464325343676,0.999550560551813
"Ubxn6",32.0425852377059,0.107079576445544,0.386330632830918,0.277170815218293,0.781648948124453,0.999550560551813
"Gsk3a",60.3807954782588,0.121954579264901,0.441118072605198,0.276466975258233,0.782189421446945,0.999550560551813
"Serpinc1",8.01160167751529,0.197518091073628,0.714716811123138,0.276358535296294,0.782272701021435,0.999550560551813
"R3hdm4",53.8217538068774,0.0957095255273784,0.346742540638148,0.276024757017797,0.78252905126954,0.999550560551813
"Srp72",44.6310694448249,0.0954886916282897,0.346138851107442,0.275868170599116,0.782649321781804,0.999550560551813
"Naa20",37.863911623517,0.102513766418757,0.371611466364361,0.275862764466593,0.782653474203605,0.999550560551813
"Tex10",18.2393198197383,0.131860021544042,0.478746519312841,0.275427634927361,0.78298771520041,0.999550560551813
"Kdelr3",83.3500482770727,0.0884976109363541,0.321408888446226,0.275342761565103,0.783052914611278,0.999550560551813
"Zfp131",50.4231292242982,0.0924998272635933,0.336225031031386,0.275112852186661,0.7832295378196,0.999550560551813
"Tnrc6a",69.0081129682936,0.0884155978456299,0.321465714294671,0.275038966564826,0.783286301319727,0.999550560551813
"Dctpp1",19.1817982980927,0.141213255657064,0.514017547001391,0.27472458183744,0.783527843986383,0.999550560551813
"Sf3a2",17.1558598793692,0.14761653995279,0.537702821556997,0.274531830659443,0.783675945574434,0.999550560551813
"Tcf25",91.2379514604138,0.0841027920008486,0.306469124241913,0.274425008420952,0.783758026493285,0.999550560551813
"Cblb",41.2426156375275,0.0994240253705562,0.362594532663798,0.274201667190452,0.783929646972954,0.999550560551813
"Rps9",1309.55452555745,0.0708642153190862,0.258698012722784,0.273926400026208,0.784141182979895,0.999550560551813
"Pprc1",13.7944910731046,0.151684114025304,0.554333080665825,0.27363352344607,0.784366268901341,0.999550560551813
"Oxa1l",13.4015616785171,0.14885316335503,0.544058742177648,0.273597594920046,0.78439388247599,0.999550560551813
"Ano6",40.1688574405621,0.103005310506968,0.377137592444668,0.273123954149653,0.784757933760119,0.999550560551813
"Bag4",10.1627986488387,0.164095185645604,0.600896179941156,0.273084088605245,0.784788577492339,0.999550560551813
"Gtf3a",24.2439665415707,0.122517648732414,0.448676230967033,0.273064718557415,0.784803466925523,0.999550560551813
"Anxa2",435.09156962043,0.0715890628927421,0.262841278455521,0.272366134092049,0.78534050976773,0.999550560551813
"Sptbn1",213.287408708038,0.0854751304954714,0.313852285829016,0.272341908454468,0.785359135270672,0.999550560551813
"Snx9",44.1532778329285,0.0960611397732862,0.352913508496947,0.272194567395306,0.785472418788033,0.999550560551813
"Drg1",20.8640919824343,0.12744402154488,0.468693496440447,0.271913355983752,0.785688641447154,0.999550560551813
"Ctsz",178.698336283969,0.0698309093376046,0.257009481271398,0.271705576744323,0.785848412939224,0.999550560551813
"Shoc2",29.2527694157414,0.110691687577531,0.407685548766451,0.271512414193867,0.785996953043979,0.999550560551813
"Map4k5",17.8199001668861,0.137478516467428,0.506733354493132,0.271303468083216,0.786157639322812,0.999550560551813
"Lrrc42",17.0041384573425,0.131885636989328,0.486882143867763,0.27087794993186,0.786484904623845,0.999550560551813
"Coa5",16.0885336126626,0.130364692486965,0.482881741539543,0.26997229605603,0.787181567029263,0.999550560551813
"Ndufs4",63.9024341864671,0.0847283860145312,0.313925699732654,0.269899489231649,0.787237580132312,0.999550560551813
"Vezf1",41.6293118736646,0.0992661724952945,0.368559298996246,0.269335688356368,0.787671371172584,0.999550560551813
"Ndufa4",223.029977265487,0.0714846701238644,0.26557429151342,0.269170143376819,0.787798754774004,0.999550560551813
"Zfand2a",10.9104318683356,0.15468801536211,0.574849279293026,0.269093170913169,0.787857985502263,0.999550560551813
"Rrp7a",19.5286886563509,0.129891929257524,0.48294354859097,0.268958824766363,0.787961368530051,0.999550560551813
"Pitpnb",32.1701113349485,0.101833396652664,0.379328286417236,0.26845716572967,0.788347441859242,0.999550560551813
"Col5a1",381.336238713348,0.0923649679816869,0.344365987646964,0.268217452637562,0.788531941764146,0.999550560551813
"Aftph",13.1207591760413,0.155689659838336,0.580767404791248,0.268075753828329,0.788641008624224,0.999550560551813
"Dnajc7",39.2639000529322,0.101026877329541,0.378767329734045,0.266725425871545,0.789680575886905,0.999550560551813
"Nup62",18.0156573696724,0.133489961222257,0.501382696037471,0.266243654352763,0.790051564588251,0.999550560551813
"Bnip3l",76.5649354716175,0.08377110803353,0.314873667900694,0.266046724681818,0.790203224210065,0.999550560551813
"Vps72",19.8329201947008,0.125515128891992,0.47224170144567,0.265785779840607,0.790404195480913,0.999550560551813
"Slu7",13.2320457952748,0.144130622771396,0.54347487543129,0.265201997897359,0.790853855893819,0.999550560551813
"Dync1h1",65.7637761364032,0.0902195173436862,0.340318530779933,0.265103158317367,0.790929994377348,0.999550560551813
"Tsc22d2",93.0496038248113,0.118810055160823,0.448391140640145,0.264969675786198,0.791032822317977,0.999550560551813
"Phldb2",36.8871609480326,0.133899572489805,0.505712106475788,0.264774306913327,0.791183330806894,0.999550560551813
"Coq2",17.0577369615769,0.125111319900325,0.47253002478548,0.264769037601628,0.791187390292935,0.999550560551813
"Map3k10",15.763334097678,0.127254291228653,0.481467888615637,0.264304835769104,0.791545034331157,0.999550560551813
"Bloc1s2",15.145193448107,0.130139962752887,0.492492898194509,0.264247389617156,0.79158929673905,0.999550560551813
"Lmf2",18.2191713665286,0.149437225598706,0.565649004205554,0.264187198223018,0.791635675083952,0.999550560551813
"Rps17",388.324253860648,0.0652983805415953,0.247180264403514,0.264173115516203,0.791646526120907,0.999550560551813
"Plaur",42.5856256315638,0.0984394155336226,0.372660055921761,0.264153385825418,0.791661728351756,0.999550560551813
"Maml1",18.4825547052344,0.122515409357338,0.463878404113317,0.264111043478131,0.791694354479667,0.999550560551813
"Stx16",21.8269115662911,0.114796386404375,0.435264165059383,0.263739576146162,0.791980597531711,0.999550560551813
"Washc5",7.87449725500484,0.187129555026439,0.709569986040005,0.263722477990901,0.791993773600297,0.999550560551813
"Coro1c",18.3165736130575,0.130026183861888,0.49360470453552,0.263421686760953,0.792225577083705,0.999550560551813
"Rbms2",22.6526559674837,0.110183960755848,0.418503183562088,0.263281057548995,0.792333958690781,0.999550560551813
"Tap2",34.4090369503742,0.0974841137224668,0.370759794153326,0.262930650139893,0.792604031828016,0.999550560551813
"Arl6ip5",97.0618332467867,0.0802859937444789,0.306559180520471,0.26189394689851,0.793403206468264,0.999550560551813
"Tiprl",37.6479084145951,0.0966974599483849,0.369992284108697,0.261349936475911,0.7938226605337,0.999550560551813
"Tbcc",10.9076258286088,0.174978925280661,0.669624423395138,0.261309054997547,0.793854184219812,0.999550560551813
"Taf3",14.1669004506202,0.132133514154204,0.505711634114716,0.261282330167297,0.793874791904164,0.999550560551813
"Rpl39",2245.19979418719,0.0597497290086282,0.22872010443662,0.261235142209308,0.793911179186104,0.999550560551813
"Rspo2",12.2424949699014,0.173818511302048,0.665682233671831,0.261113339833758,0.794005104742331,0.999550560551813
"Rcl1",12.4716741021298,0.160310965033358,0.615020944935849,0.260659358601323,0.794355209933206,0.999550560551813
"Ccdc127",37.1782988245615,0.0977666587670699,0.375360281043593,0.260460852424915,0.794508308673798,0.999550560551813
"Pih1d1",25.3010410832148,0.108301292753546,0.415955355500851,0.260367588303175,0.79458024176158,0.999550560551813
"mt-Nd4",1225.71611228378,0.0802821886543196,0.308762379058144,0.260012858105363,0.794853855298263,0.999550560551813
"Mia2",38.4391259164842,0.0950598556364207,0.36566215490706,0.259966349704912,0.794889730428391,0.999550560551813
"Smc6",60.3659521890377,0.0849164646155767,0.326787372375823,0.259852343737194,0.794977672912227,0.999550560551813
"Tomm70a",23.2045096941258,0.115709394489187,0.445840655662357,0.259530827930631,0.795225699386354,0.999550560551813
"Pts",14.773644848184,0.131828381638568,0.508052101471851,0.259478075686833,0.795266395950705,0.999550560551813
"Cebpb",772.984337606252,0.0947956423552051,0.365787541601117,0.259154923484457,0.795515709053337,0.999550560551813
"Rcn1",95.8697312117769,0.0908122062090384,0.350928482341328,0.258776961058153,0.795807334934396,0.999550560551813
"Cdc42ep5",44.5292107563143,0.103616456493483,0.400749331095798,0.258556779646162,0.79597723428001,0.999550560551813
"Pid1",29.3683954612057,0.102238721451428,0.39582327769868,0.258293857920244,0.796180126152595,0.999550560551813
"Picalm",98.4324045947889,0.0796531989095621,0.309119323487244,0.257677837836136,0.796655551490137,0.999550560551813
"Cops6",54.0343970944377,0.0897772128970143,0.348417411673111,0.257671430557679,0.796660496827282,0.999550560551813
"Tmem109",49.1937154222018,0.0887391907992067,0.344997134391208,0.257217182269639,0.797011120605744,0.999550560551813
"Crip2",83.5832812268357,0.0797517148750465,0.310411784011246,0.256922317331088,0.797238741985141,0.999550560551813
"Rap1gds1",21.0860027288601,0.112812680509907,0.439124790191291,0.256903465779657,0.797253295051896,0.999550560551813
"Klf16",14.4921489216894,0.141957870954809,0.553029817417797,0.25669117013914,0.797417188424333,0.999550560551813
"Dhrs7b",11.8690044632694,0.13952992169769,0.543975647717544,0.256500308944234,0.797564541914445,0.999550560551813
"Rpl22",768.517064124188,0.063702645127556,0.248579183501693,0.25626701411674,0.797744665889123,0.999550560551813
"Mrps35",11.2914531818477,0.144798694539536,0.565163176522123,0.256206880693452,0.79779109588789,0.999550560551813
"Gm9493",12.84801439814,0.203032071081515,0.792897387581752,0.256063488493435,0.797901814235051,0.999550560551813
"Usp25",37.3613958742368,0.0940057664366749,0.367352098127137,0.255900992306679,0.798027288380878,0.999550560551813
"Ccbe1",11.693171560524,0.1784801488659,0.698568254380157,0.255494216559077,0.798341409943581,0.999550560551813
"Rnaseh2b",11.447573132516,0.14743313312727,0.578208155715786,0.254982797578766,0.798736385731259,0.999550560551813
"Herc1",28.8875858171432,0.0986891866699935,0.388918073748696,0.253753150936777,0.799686269073509,0.999550560551813
"Cpeb4",45.7568955823845,0.0893172308889199,0.351991701690154,0.253748115253986,0.799690159672319,0.999550560551813
"Cpox",14.5478182062357,0.128545464497592,0.507136963560476,0.253472875641144,0.799902819011839,0.999550560551813
"Ywhaz",149.136890079906,0.0671451476540878,0.265069410632343,0.253311566558766,0.800027458706006,0.999550560551813
"Rpl37",1545.80382290362,0.0618259001982668,0.244573799599816,0.252790365523329,0.800430213156776,0.999550560551813
"Kctd9",13.0464112488733,0.144324002041917,0.57379481086822,0.251525457024502,0.801407882819127,0.999550560551813
"Ccdc12",76.4910268720259,0.080406674258399,0.319799160984097,0.251428659196506,0.801482712368165,0.999550560551813
"Nnmt",77.3586497555075,0.0780917827108727,0.311552008902469,0.2506540817566,0.802081564902215,0.999550560551813
"Npm1",476.330680017748,0.0746430170990824,0.298064612540912,0.250425625715086,0.802258214367972,0.999550560551813
"Rb1cc1",52.7365816954485,0.0854451075730759,0.341380936079904,0.250292557499686,0.802361111595978,0.999550560551813
"Dmxl1",28.9859998170382,0.0989533924515737,0.395632456199235,0.250114445620058,0.802498844955691,0.999550560551813
"Max",31.2513851492395,0.102666654899756,0.410532043932622,0.25008195198669,0.802523972842724,0.999550560551813
"Taf6",8.38667267572776,0.181490757054771,0.725916959301574,0.250015865767055,0.802575079085949,0.999550560551813
"Gng5",287.318949010697,0.063660558826692,0.254840424297345,0.249805575399661,0.802737707875514,0.999550560551813
"Capza1",28.7914787041661,0.0996054732722034,0.39926592932615,0.249471507474504,0.802996078034992,0.999550560551813
"Kdm5c",26.316911971021,0.103947788443816,0.417000572158891,0.249274930021459,0.803148122294808,0.999550560551813
"Slbp",59.5506411227344,0.0897870341408359,0.360966437306734,0.24874067187731,0.803561385764991,0.999550560551813
"Olfm1",29.5151201689865,0.104763354705285,0.421430745787668,0.248589728567333,0.803678154550961,0.999550560551813
"Plxdc1",11.1819321440528,0.165343157105858,0.66522545787456,0.248552058777396,0.803707296344502,0.999550560551813
"Cdc26",60.5177331358267,0.0839804989178336,0.33916210686439,0.247611679542409,0.80443487313051,0.999550560551813
"Emc3",45.6731558720137,0.0951456807673586,0.384374489294297,0.247533807308711,0.804495130927198,0.999550560551813
"Gpr107",19.2297465726899,0.121181853031748,0.489684189512545,0.247469400946717,0.80454496966465,0.999550560551813
"Crnkl1",9.27459713213154,0.152666327875206,0.617553865531464,0.247211354986536,0.804744657979014,0.999550560551813
"Iqgap2",9.98748926210274,0.167753719825394,0.679715513564129,0.246799898601354,0.805063088967716,0.999550560551813
"Ift46",17.9874862972232,0.115046049443565,0.466439943008446,0.246647078939125,0.805181366159719,0.999550560551813
"Blmh",28.8208440505279,0.0983959422618177,0.400148439152617,0.245898603203821,0.805760725122004,0.999550560551813
"Vps26a",22.5400833598518,0.104193690245594,0.423941511556748,0.245773738606032,0.80585738717135,0.999550560551813
"Snx17",31.583113031691,0.0951939911179108,0.387532614112544,0.245641238056587,0.805959963721845,0.999550560551813
"Praf2",32.7494906918427,0.0990087304310279,0.403382634778965,0.24544618903905,0.806110968833338,0.999550560551813
"Mrps21",88.6015188764741,0.0712894633591978,0.290661564148374,0.245266220761155,0.806250304990991,0.999550560551813
"Fam53c",15.572241221793,0.121913714374517,0.497092878409567,0.245253391608779,0.806260237891905,0.999550560551813
"Tbc1d23",22.5939347176588,0.102601725483399,0.418411154976763,0.24521747153012,0.806288048982187,0.999550560551813
"Sft2d1",25.6036321383594,0.108122031409813,0.440926249800185,0.245215682801401,0.806289433910276,0.999550560551813
"Scfd1",24.8105092736755,0.107082432131548,0.437105810788454,0.244980573327066,0.806471473347729,0.999550560551813
"Pam16",34.5041047502366,0.0970321863360763,0.396249922784432,0.244876227745951,0.806552268904381,0.999550560551813
"Bod1l",33.0081356346305,0.0998953490863042,0.408807276441124,0.244358050463153,0.806953527980162,0.999550560551813
"Topors",33.3837618185278,0.103547681310361,0.423802474442123,0.24433005363328,0.80697520923217,0.999550560551813
"Cyp20a1",25.4848790843369,0.10488665313608,0.429402225971308,0.244262015407177,0.80702789988461,0.999550560551813
"Abcd3",17.6495591607512,0.114975923686144,0.470996769650146,0.244111915611539,0.807144144344508,0.999550560551813
"Lefty1",11.9382999948601,0.131656059845418,0.539785295897094,0.243904494705831,0.807304788022687,0.999550560551813
"Asnsd1",12.4915978233496,0.136553439942557,0.560589928234196,0.243588821462931,0.807549286740291,0.999550560551813
"Snrpb2",39.609379890911,0.0869084051517737,0.357084056519898,0.243383605526311,0.807708242933801,0.999550560551813
"Sh3pxd2b",58.1947892411539,0.0814704692918478,0.334781185427936,0.243354384409948,0.807730877676751,0.999550560551813
"Sgcd",7.33525242257349,0.182786973236621,0.751419031224906,0.243255714376378,0.807807308897598,0.999550560551813
"Lifr",21.326201023594,0.116106540188863,0.477673893004846,0.243066539513988,0.807953851584514,0.999550560551813
"Rxrb",17.91657615756,0.120123774988996,0.494567794357026,0.242886367368838,0.808093426658801,0.999550560551813
"Mapre2",36.3413670894963,0.09007904664684,0.371099711301548,0.242735426365351,0.808210361765313,0.999550560551813
"Nkiras2",10.4629132170419,0.146256951356049,0.604553951254713,0.241925391526268,0.808837974847876,0.999550560551813
"Prorsd1",17.963062338066,0.114952780252831,0.475983511934676,0.241505802975392,0.809163119450919,0.999550560551813
"Samm50",30.2992113423352,0.0946822031950272,0.393287429504088,0.240745561876757,0.809752324023565,0.999550560551813
"Ppp4r1",11.0819656077679,0.141352290832126,0.587515173796723,0.240593429985237,0.809870242746126,0.999550560551813
"Fam49a",8.93512985204554,0.175420522889035,0.730700906701459,0.240071582339923,0.810274764072524,0.999550560551813
"Senp2",39.7292056493113,0.0926585673092617,0.386173248271553,0.239940409450903,0.810376453508597,0.999550560551813
"Scamp2",28.986175199909,0.0957254524619821,0.399338500030357,0.239710051634654,0.810555042030181,0.999550560551813
"Lpgat1",34.9401706773083,0.0940559997247584,0.392921574273502,0.239376012627112,0.810814028542941,0.999550560551813
"Caprin1",53.0608756350982,0.0812653016716025,0.339543873147368,0.239336675164602,0.810844528956016,0.999550560551813
"Dapk3",16.8128673757228,0.118397765335832,0.494818116692505,0.239275324289324,0.810892098104236,0.999550560551813
"Trappc5",19.1419025567361,0.112013651585513,0.468871560560976,0.238900502840257,0.811182735638305,0.999550560551813
"Ing2",21.2870149424631,0.11872990796444,0.497643542726113,0.238584243078955,0.81142798453223,0.999550560551813
"Lama4",64.0181585960872,0.0958694929676994,0.401827715263971,0.238583575313416,0.811428502381714,0.999550560551813
"Stk16",30.1877596454337,0.0955507170287805,0.401599945704442,0.237925124370164,0.811939168548828,0.999550560551813
"Ampd2",15.0084127955347,0.116058072999787,0.487822659983639,0.237910377110566,0.811950606804462,0.999550560551813
"Larp7",27.845813660449,0.099696169113883,0.419573049004893,0.237613377099253,0.81218097421366,0.999550560551813
"Rab3il1",15.8402457527681,0.120378406435031,0.50844765137374,0.236756736135547,0.812845516909236,0.999550560551813
"Ccnyl1",14.9067213486394,0.130855615688898,0.554124726696013,0.236148306301235,0.813317590710471,0.999550560551813
"Nemf",26.9865344140677,0.09870073974304,0.418136921154651,0.236048850865611,0.813394763508532,0.999550560551813
"Ndufa12",61.1609382175419,0.0750213460143475,0.318259849610999,0.235723563955818,0.813647183689566,0.999550560551813
"Rars",22.1812886519907,0.110181620227101,0.467792158639831,0.235535415017364,0.81379319467956,0.999550560551813
"Ppil2",17.7206289350841,0.108384458395523,0.460368018177096,0.235430034485648,0.8138749769519,0.999550560551813
"Npc1",23.2521031348404,0.102990796991505,0.437536591994838,0.235387848412734,0.813907716707377,0.999550560551813
"Arrdc4",10.6164401730319,0.138833544843164,0.589822066517538,0.235382079993842,0.813912193485538,0.999550560551813
"Lima1",94.3010086930578,0.0823825448501384,0.350268732058226,0.235198113077487,0.814054970470944,0.999550560551813
"Mib1",36.9914459415173,0.0844607910421233,0.359806311584572,0.234739603844528,0.814410847015468,0.999550560551813
"Spop",75.9836626246564,0.0735225356667472,0.313386342227157,0.234606700292812,0.814514008605339,0.999550560551813
"Lonp1",14.3768886061657,0.124748333274274,0.532993988577965,0.234052045515755,0.814944574081084,0.999550560551813
"Dchs1",13.8464625764905,0.124518317182044,0.532603287560764,0.233791867399687,0.81514656350963,0.999550560551813
"Rnf14",16.3745019659049,0.11362612446624,0.486317806000929,0.233645823912158,0.815259949839286,0.999550560551813
"3110040N11Rik",12.6809009110653,0.128964950319513,0.552910165878796,0.233247565840168,0.8155691720598,0.999550560551813
"Srpr",68.5152936927369,0.0757984468753614,0.325307946082032,0.233005211794757,0.815757358719884,0.999550560551813
"Sumo3",67.8733248449366,0.0713978958956484,0.306444104691886,0.232988315984852,0.815770478625085,0.999550560551813
"Tmem203",8.82159257913683,0.147919486912709,0.63640345970599,0.232430362620978,0.816203768602817,0.999550560551813
"Cacul1",22.8651457792688,0.100547970043339,0.433429724093561,0.231982174858027,0.816551858587198,0.999550560551813
"Acadsb",30.0765011647701,0.0890845724966213,0.384249985205081,0.231840145547632,0.816662174777638,0.999550560551813
"Nucb1",106.083087447943,0.0729750302076027,0.315593725985681,0.231230928243845,0.817135403725552,0.999550560551813
"Akr1b8",26.3490038326258,0.0973959314211152,0.421513611710794,0.231062363622885,0.817266353446991,0.999550560551813
"Ramp1",42.4034451292207,0.0993385592965196,0.430422836865874,0.230792957036977,0.817475653014399,0.999550560551813
"Lrp5",17.7079013135967,0.11856598122071,0.514457854927037,0.230467821776237,0.817728265020168,0.999550560551813
"Rarres1",19.6428903162061,0.111740065242741,0.485132381713112,0.230329018335494,0.817836113337156,0.999550560551813
"Swap70",17.6807227176139,0.108840537192749,0.472746112005522,0.230230422691403,0.817912722857476,0.999550560551813
"Pip4k2a",14.7343881780678,0.11462658029017,0.498895705896636,0.229760607147658,0.818277796768033,0.999550560551813
"Tmem242",13.3263340072499,0.126413509678007,0.551648182065753,0.229156034203951,0.818747642966138,0.999550560551813
"Nubp1",13.7043378674171,0.126143780903623,0.550590869328223,0.229106198323868,0.818786376019255,0.999550560551813
"Dhrs7",50.8068681403089,0.0778653943297172,0.340283088693836,0.228825342536418,0.819004668825154,0.999550560551813
"Mdm4",26.2266400380569,0.0955426285436548,0.418149668559178,0.228489069171971,0.819266052931642,0.999550560551813
"Dpy19l1",23.5393182467783,0.0995522788955432,0.435953697168654,0.228355166023584,0.819370140971709,0.999550560551813
"Ptpn21",10.1221980330868,0.135255863365496,0.592620787190079,0.228233410452599,0.819464788997954,0.999550560551813
"Epdr1",17.0758868354962,0.118531759740763,0.519433573354863,0.228194259711021,0.819495223814502,0.999550560551813
"Fxyd1",152.220265852379,0.0648006053775251,0.283995889863577,0.228174447907163,0.8195106251236,0.999550560551813
"Jup",13.0086504595529,0.124317478529009,0.545278837570188,0.227988819597288,0.819654932325037,0.999550560551813
"Prkacb",32.050167179059,0.0911235690776321,0.399909218741387,0.227860636382478,0.819754585350998,0.999550560551813
"Btbd1",26.8662224088013,0.0945747003214079,0.415128888754982,0.22782008885252,0.819786108680698,0.999550560551813
"Atrnl1",23.4142414480058,0.104890605949868,0.460592456296827,0.227729752226491,0.819856341163491,0.999550560551813
"Nr2f2",29.176595989338,0.1057712947215,0.464572418821765,0.227674503341706,0.819899295287946,0.999550560551813
"Ptpn11",33.487257654213,0.0844149397420521,0.370815236518577,0.227646901822555,0.819920754730536,0.999550560551813
"Ccdc50",60.2767758024309,0.0774576509560471,0.340816008038344,0.227271164291475,0.820212894012017,0.999550560551813
"Lars",18.4073041650776,0.112996842138487,0.497334013415699,0.227205135965711,0.820264234202565,0.999550560551813
"Stk4",8.3429347341808,0.143823305942055,0.633723290346916,0.226949692606883,0.820462860918968,0.999550560551813
"Psmd8",84.3782413121456,0.068869564899229,0.303936150045746,0.2265922131634,0.820740847813192,0.999550560551813
"Sos1",14.9369153635795,0.12598986585603,0.556343796173586,0.226460448957212,0.820843317351361,0.999550560551813
"Slc39a13",35.2453793176082,0.086255029860834,0.381251561568199,0.226241774606881,0.821013381357166,0.999550560551813
"Ogdh",33.0301331179027,0.0904799832332952,0.40004259356778,0.22617587398969,0.821064634207775,0.999550560551813
"Tra2b",167.903366133162,0.0598872209775754,0.264959676260784,0.226023906062717,0.821182827051355,0.999550560551813
"Acsl4",18.0096211589323,0.117659081004209,0.523917259870516,0.224575691652701,0.822309377114181,0.999550560551813
"Bcl7b",32.0479806971081,0.0873818732240422,0.3900895895114,0.224004627586936,0.822753702435229,0.999550560551813
"Tmem184c",12.667882351476,0.123308180848539,0.551064663657882,0.223763541704957,0.822941300145318,0.999550560551813
"Ufd1",17.9782429894959,0.103803692081415,0.463946186870913,0.223740802314853,0.82295899501586,0.999550560551813
"Neo1",31.3106326722833,0.0949823394953287,0.424560307321973,0.223719311149116,0.822975718651606,0.999550560551813
"Gnpnat1",22.6869264651218,0.108828805680525,0.486567910952121,0.223666220543742,0.82301703215519,0.999550560551813
"Epb41l4aos",17.3722976276297,0.117498041355959,0.525408933441938,0.223631601743489,0.823043971722887,0.999550560551813
"Pigyl",23.3377482760675,0.101760599367685,0.455960636132443,0.223178474858797,0.823396604039669,0.999550560551813
"Mrpl15",26.5708687756183,0.0906286756988373,0.406670124421489,0.222855504391333,0.823647967826921,0.999550560551813
"Coa6",12.898190264855,0.120732764513227,0.54225327173771,0.222650135657689,0.823807813099409,0.999550560551813
"Sin3a",15.2709970815557,0.109978579359682,0.494154075899821,0.222559288131781,0.823878525063356,0.999550560551813
"Ccl27a",10.4134335509496,0.127852239696801,0.576840154247171,0.221642406055556,0.824592268158983,0.999550560551813
"Itgav",51.7359088724947,0.0759808280644932,0.343395478047161,0.221263333159146,0.824887398319267,0.999550560551813
"Cir1",24.2121366786919,0.0911780947429673,0.412405615056051,0.221088393111658,0.825023607608514,0.999550560551813
"Atf1",36.3446720523483,0.0843988759327651,0.382947730983448,0.220392677914608,0.825565347408916,0.999550560551813
"Jagn1",22.0428888444875,0.0937661110166476,0.425499680188549,0.220367054036557,0.825585301808665,0.999550560551813
"Agpat2",10.9307043015151,0.129766993059087,0.58936394220819,0.220181425712751,0.825729861815134,0.999550560551813
"Mettl21a",8.64980616951146,0.151041867981739,0.686790428027374,0.219924247365485,0.825930151916368,0.999550560551813
"Ophn1",14.8295289017735,0.110168573570282,0.502387659076021,0.219289967776879,0.826424176282079,0.999550560551813
"Naa16",7.99216409120296,0.151341135711069,0.691232139746265,0.218944008834171,0.826693663947428,0.999550560551813
"Dennd5a",48.6451097907553,0.0818156565451907,0.374667219208981,0.218368868026204,0.827141719940632,0.999550560551813
"Lamtor4",61.9047017209969,0.0713808648805951,0.327624172653836,0.21787423163069,0.827527105031548,0.999550560551813
"Kif1bp",11.9039661408837,0.12982739811056,0.596627239182245,0.2176021971248,0.827739072454503,0.999550560551813
"Rcor1",23.9412786268663,0.0947240986032775,0.435498047810156,0.21750751600285,0.82781285028035,0.999550560551813
"Cpxm1",287.921263886076,0.0880632268516642,0.406030610455328,0.216888147307192,0.828295514835494,0.999550560551813
"Tsr2",12.4646459937444,0.1196696366002,0.552033456326904,0.216779681065805,0.828380047596124,0.999550560551813
"Frg1",23.7846989558657,0.0895016053615988,0.41352795673375,0.21643423111832,0.828649285965525,0.999550560551813
"Ruvbl1",24.3854463848611,0.0994415109226088,0.459896133625331,0.216226020729328,0.828811571661593,0.999550560551813
"Rtraf",142.210557288789,0.0670452985039884,0.310794308296994,0.215722414195308,0.829204128556811,0.999550560551813
"Atf7ip",30.1510858212623,0.0886999330324474,0.411401737625238,0.215604176940175,0.829296299650214,0.999550560551813
"Aup1",22.5951702287518,0.094331940947697,0.438567161437826,0.215091208923243,0.829696207770141,0.999550560551813
"Tmem98",10.0709261320086,0.134423997266207,0.62623217934508,0.214655205688709,0.830036149103633,0.999550560551813
"Cd63",1112.79263094506,0.0493533717211956,0.230440821379699,0.214169396835622,0.830414960164498,0.999550560551813
"Ube4a",13.0730306911339,0.110617216061833,0.516530675771089,0.214154204678554,0.830426806935264,0.999550560551813
"Bicra",7.8368062368765,0.138062830255862,0.645717011942018,0.2138132149262,0.830692719234896,0.999550560551813
"Borcs8",12.6486593777373,0.115183330580905,0.539294519527697,0.213581496585168,0.830873430032863,0.999550560551813
"Cachd1",21.6871588220612,0.0992757416519408,0.465059150044062,0.213469064402958,0.830961116040553,0.999550560551813
"Smu1",22.9099057645086,0.0950319334207636,0.445958727909774,0.21309580343047,0.831252237852299,0.999550560551813
"Rps21",1608.95719302751,0.0503501778206387,0.236700031918486,0.212717241364708,0.83154751786026,0.999550560551813
"Usp19",35.8683393818918,0.0778282671063662,0.366206430298084,0.212525670406759,0.831696953079339,0.999550560551813
"Lncpint",19.0385972245901,0.0948971552928828,0.447285274602628,0.212162484841895,0.831980273232103,0.999550560551813
"Phf3",49.9994148794143,0.0701542729696268,0.33132708207126,0.211737213061679,0.832312054433036,0.999550560551813
"Rpl26",1019.00714871507,0.0490651755471423,0.23184956439369,0.211625049524906,0.832399565227605,0.999550560551813
"Stam",20.1547785302995,0.0999282635145044,0.47263517893219,0.211427900352803,0.832553387457145,0.999550560551813
"Stx11",22.1831449930467,0.108854036860888,0.515320933930483,0.21123542571933,0.832703568644501,0.999550560551813
"Dock7",32.4874350795529,0.0797978750239714,0.377926689451944,0.21114643990794,0.832773003207984,0.999550560551813
"Ift22",11.4827478551789,0.11518045738081,0.546878703043191,0.210614267368378,0.833188278283635,0.999550560551813
"Tmem39a",23.8332133778601,0.0950484060086498,0.452215165413952,0.210184030253925,0.833524043187686,0.999550560551813
"Mfap1a",8.26781531407666,0.138288225307846,0.65799130231212,0.210167254220403,0.833537136126183,0.999550560551813
"Ppp1r37",19.7292005502143,0.101423701549099,0.482996655260182,0.209988413883454,0.833676715821865,0.999550560551813
"Tmem167",138.981458854818,0.0577374762288611,0.275148488967882,0.209841153209462,0.833791652441996,0.999550560551813
"Cd2ap",25.0653074694145,0.101779624675071,0.485123326864963,0.209801547439095,0.833822565261598,0.999550560551813
"Napg",21.2841831429216,0.094128080529171,0.448953952132944,0.209660879655867,0.833932360374454,0.999550560551813
"Cxcl13",160.328990014246,0.319820712365992,1.52593591091634,0.209589872076565,0.833987784992834,0.999550560551813
"Phldb1",44.4568935619621,0.0732525042346165,0.349706428276419,0.209468566522075,0.834082471357579,0.999550560551813
"Ndufs2",73.7356074864799,0.0647972788869789,0.309467957068588,0.209382837243526,0.834149389725815,0.999550560551813
"Clpx",15.9561764307534,0.103409740860807,0.494135139268151,0.209274209913435,0.834234183529098,0.999550560551813
"Fam173b",9.05581131872482,0.128471290017331,0.614836525408584,0.208951948539421,0.834485750047205,0.999550560551813
"Zfp68",17.6615546754748,0.0976000753544395,0.469225879768626,0.208002328010053,0.835227149620256,0.999550560551813
"Rab35",21.4515854680563,0.0927886921647879,0.446222249795948,0.207942773376315,0.8352736507432,0.999550560551813
"Mgat4b",18.8915131360683,0.0939963910585405,0.453143642246987,0.207431777244946,0.835672667596262,0.999550560551813
"Ypel2",13.5570772508509,0.115213522423057,0.555629020022105,0.20735692030354,0.835731124002464,0.999550560551813
"Slc35a4",14.7095213456486,0.108045446826495,0.521096303121496,0.207342570229871,0.835742330197625,0.999550560551813
"Mmp23",87.6918915138081,0.0631192448273931,0.304468446972431,0.207309642279971,0.835768044270592,0.999550560551813
"Myoc",100.279919170938,0.222034025203048,1.07446683743883,0.206645768362944,0.83628651366149,0.999550560551813
"Babam1",20.8254542912729,0.0944774818971151,0.457309556170355,0.206594156239151,0.83632682445834,0.999550560551813
"Tubb2a",133.044094659394,0.0693362297654819,0.335877317197629,0.206433201098497,0.836452538572435,0.999550560551813
"D5Ertd579e",23.9587635913839,0.0883391146887422,0.428035920416156,0.206382479776125,0.836492155358966,0.999550560551813
"Ube2q1",25.3802179926005,0.0851138702054536,0.41332434620269,0.205925131164944,0.836849394302921,0.999550560551813
"Dstyk",17.2839479045307,0.100022794061885,0.486284225817016,0.205687926425815,0.837034690225357,0.999550560551813
"Ccdc6",27.7653307949856,0.0824930590057541,0.401893321473212,0.205261084467294,0.837368146777371,0.999550560551813
"Abcf3",10.4164253125412,0.118473538972507,0.579340460712684,0.204497263710471,0.83796493005965,0.999550560551813
"Phf14",24.7909191733819,0.0885698137862745,0.43468006788663,0.203758626929668,0.838542125435615,0.999550560551813
"Rrn3",11.6312211139486,0.117112597983305,0.574839545611122,0.203730934792943,0.838563766684834,0.999550560551813
"Cops9",98.8881098545449,0.0608577979748938,0.298735057249837,0.203718299871305,0.838573640845648,0.999550560551813
"R3hcc1l",9.26426273234118,0.128590301887175,0.631439338629841,0.203646326765454,0.838629888139135,0.999550560551813
"Mcrip1",87.8700735588118,0.0595257184278347,0.292515333193229,0.203496062165443,0.838747323230966,0.999550560551813
"Nmi",11.8788209465181,0.112584063850591,0.553439294266787,0.203426220394679,0.838801907334426,0.999550560551813
"Vps13b",15.4154268728431,0.101074953454654,0.49716740496735,0.203301649393712,0.838899266418788,0.999550560551813
"Tnip1",12.0189339776904,0.119129397238883,0.586016305454959,0.203286830298,0.838910848520762,0.999550560551813
"Znhit6",10.1039385794515,0.11880014261977,0.585838282613431,0.202786581460332,0.839301846477935,0.999550560551813
"Slc43a1",8.14473067974089,0.134629471484196,0.66410665020559,0.202722667274177,0.83935180510832,0.999550560551813
"1110038F14Rik",28.5020351823172,0.0877852767457529,0.433052649592673,0.202712711325801,0.839359587250274,0.999550560551813
"Secisbp2l",27.5945776766556,0.095255880635772,0.470257014381021,0.202561318008522,0.839477926910623,0.999550560551813
"Khnyn",9.15054725369782,0.122530972248066,0.605378697759124,0.202403838624695,0.839601027719303,0.999550560551813
"Rpl13a-ps1",37.2501293086835,0.0980744136907442,0.486846850092666,0.201448183698994,0.840348142213476,0.999550560551813
"Cox7c",425.443632815275,0.0531258541806974,0.263973621071704,0.201254405516022,0.840499652207827,0.999550560551813
"Clcn4",46.0526793175991,0.0694582840537381,0.345383575729126,0.201104768537726,0.840616653414649,0.999550560551813
"Pax1",7.39283922371852,0.163867067909438,0.815571624827818,0.200922963625707,0.84075881147776,0.999550560551813
"Lonp2",13.0862043385346,0.109914951334731,0.548020573493143,0.2005671988446,0.841037008377025,0.999550560551813
"Tagln2",227.352327138153,0.0584961031040934,0.291671553236938,0.200554707700872,0.841046776420532,0.999550560551813
"Hectd1",72.542697581151,0.061476115019181,0.307300096289869,0.200052377989469,0.84143961727616,0.999550560551813
"Pja2",27.1713023319679,0.0825172648016967,0.412687812789138,0.19995081571226,0.841519047623731,0.999550560551813
"Lix1l",74.3190176767012,0.0628196011948843,0.314534910901773,0.199722189866874,0.841697858400868,0.999550560551813
"Gnaq",45.597917039145,0.0718444172072891,0.360314982918146,0.199393365841826,0.841955049585929,0.999550560551813
"Lztr1",14.1330623014636,0.111823909644483,0.562086454802558,0.198944323758456,0.842306297097157,0.999550560551813
"Rnf41",12.5136566993796,0.11343394166019,0.570363786274547,0.1988799857037,0.842356625868681,0.999550560551813
"Calr",430.11406880572,0.0491620435391819,0.247201997102653,0.198873973978321,0.842361328604426,0.999550560551813
"Tmem59",241.367499512964,0.0509501021127546,0.256330061043965,0.198767565166755,0.842444568952796,0.999550560551813
"Mrpl45",11.7493082843066,0.10776929599099,0.542763717674049,0.198556558741293,0.842609638011442,0.999550560551813
"Mri1",12.2257081521251,0.120785911246166,0.608965720271677,0.198345994241318,0.842774368248722,0.999550560551813
"Strbp",6.48040152350106,0.148088382195925,0.746839033083924,0.198286880620612,0.842820615651638,0.999550560551813
"Atl2",29.3653695855292,0.0911424680004091,0.459747499471428,0.198244619286012,0.842853679040246,0.999550560551813
"Spryd3",13.1058912034167,0.107558996148009,0.547421454594816,0.196482975311263,0.844232156690798,0.999550560551813
"Mrpl33",153.532456287899,0.0532232162537668,0.270987505972699,0.196404686860836,0.844293428119569,0.999550560551813
"Ptgr2",12.9912217282779,0.103851499738535,0.529701985731067,0.196056466722896,0.844565969452458,0.999550560551813
"Stt3a",72.9029763433843,0.0648273168289771,0.331482622831678,0.195567768455529,0.84494849012741,0.999550560551813
"Mien1",55.9125892479444,0.0687545339758577,0.353030115822095,0.194755435568861,0.845584411425511,0.999550560551813
"Uck2",11.3047039239028,0.115336520458778,0.592477395805916,0.19466822072071,0.845652692107939,0.999550560551813
"Smpd1",17.1701322696756,0.0918985417319457,0.473117653469555,0.194240356617468,0.845987684571319,0.999550560551813
"Slc25a5",193.220263199617,0.0591510148602542,0.304757701407019,0.194091944476425,0.84610388906781,0.999550560551813
"Gyg",13.7421376474682,0.10483737299693,0.540249240622234,0.194053716533101,0.846133821520449,0.999550560551813
"Gripap1",12.2862701975789,0.107135921918249,0.552366272462884,0.193958116668769,0.846208677118632,0.999550560551813
"B3gnt9",28.3166778989929,0.0806357929066101,0.416145326256042,0.193768349225667,0.846357270933417,0.999550560551813
"Dmpk",12.7480125345352,0.104539165173224,0.539687469964264,0.193703154123897,0.84640832198872,0.999550560551813
"Nr2c2",15.1342164289834,0.0943947533318377,0.487472273307947,0.193641276643864,0.846456775775079,0.999550560551813
"Kctd1",19.4997791061813,0.0909228384156785,0.472217347057467,0.192544469156516,0.847315738154363,0.999550560551813
"Szrd1",31.9430973201983,0.0744042693969391,0.386654738709532,0.192430770783425,0.847404791180961,0.999550560551813
"Rps10",1478.65190650582,0.0463107334649747,0.241096424163364,0.192083866966003,0.847676511897808,0.999550560551813
"Fam193b",18.5653292395686,0.0888646324620525,0.46311528343384,0.191884473781889,0.847832699577626,0.999550560551813
"Cmpk1",56.4694604141214,0.0635571976572062,0.332009768294036,0.191431709927638,0.848187378495515,0.999550560551813
"Hsd17b4",27.4389431843773,0.077400237033601,0.404718966081461,0.191244402956945,0.848334117032851,0.999550560551813
"Gpc6",18.8775983807513,0.099104198054015,0.518693358206865,0.191065099419473,0.848474590508619,0.999550560551813
"Fdft1",9.71221918758327,0.114511221528411,0.599357152596203,0.191056736425667,0.848481142525898,0.999550560551813
"Pfdn5",279.516717390538,0.0478282879017242,0.250441921226474,0.190975566979751,0.8485447355612,0.999550560551813
"Ifitm1",98.898890361731,0.0748902583145959,0.392246613256572,0.190926462545667,0.848583207412552,0.999550560551813
"Tgds",9.51598312704743,0.118959070001473,0.626692594259714,0.189820449596974,0.849449830769672,0.999550560551813
"Ppwd1",9.98399012573733,0.111444815207269,0.588229419473633,0.189458077950255,0.849733808962806,0.999550560551813
"Ilf3",31.3273361979053,0.0709047457624559,0.375887210122611,0.188633036328444,0.850380438370274,0.999550560551813
"Ap2b1",38.9815888984302,0.067587397260686,0.359082178390834,0.188222644642425,0.850702121872705,0.999550560551813
"Tjp1",21.4936566002308,0.0937978276234793,0.499805581795606,0.187668627642173,0.851136424776904,0.999550560551813
"Ggps1",16.099443634791,0.0890954925254471,0.474965602943712,0.187583041747143,0.851203520977007,0.999550560551813
"Msi2",15.4741749595949,0.0980775552822344,0.523886676356125,0.187211394579472,0.851494891203142,0.999550560551813
"Paip2b",43.1595011023912,0.120643673475401,0.644752376321979,0.187116291317326,0.851569455124787,0.999550560551813
"Rasa1",36.7514835583144,0.0792494713219101,0.424049597524437,0.18688726928303,0.851749020981586,0.999550560551813
"Tada3",10.5027503861419,0.107346341399188,0.575204940900799,0.186622773495441,0.85195640977295,0.999550560551813
"Bud31",38.9227850688489,0.0821839853568341,0.442197159722264,0.185853716040267,0.852559478980691,0.999550560551813
"Kdm4a",12.586503869106,0.101007485519349,0.544278711786815,0.185580444966791,0.852773789818235,0.999550560551813
"Mapk9",18.9898192802419,0.0877361381034923,0.473098511785789,0.18545004035696,0.852876062509971,0.999550560551813
"Ddx18",22.4179217581706,0.0802648355362597,0.433106304395375,0.185323636995566,0.852975199495052,0.999550560551813
"Mtx2",33.9282522922304,0.0759513063565363,0.410221784998926,0.185146935472321,0.853113788754455,0.999550560551813
"Cenpv",16.673368630239,0.090124048660703,0.487224215284263,0.18497448573676,0.853249047654345,0.999550560551813
"Mxd4",95.0154452355336,0.0606954118652239,0.328213656821414,0.184926527594948,0.853286663819682,0.999550560551813
"Nt5c3b",13.0594779467539,0.0965846878911928,0.523725628359661,0.184418486820478,0.85368516815552,0.999550560551813
"Impad1",36.065689357076,0.0717786161689187,0.390133053402702,0.183984964982774,0.854025249783864,0.999550560551813
"AU022252",10.4177126025827,0.110954034532526,0.603519821200768,0.183844888991004,0.854135139949207,0.999550560551813
"Ythdf3",29.7611318274532,0.072359112554328,0.393598022992495,0.183840132133254,0.854138871772477,0.999550560551813
"Gdi2",149.069269560441,0.0486632561013473,0.264978936149305,0.183649526292639,0.854288407478237,0.999550560551813
"Cdk14",40.936137252914,0.0775549141070322,0.422412393084417,0.183599997009399,0.854327265467362,0.999550560551813
"Ptpn9",20.2656914492475,0.091376262691255,0.499926829827494,0.182779273364435,0.854971212093472,0.999550560551813
"Dcakd",21.1856303234643,0.0828027730298583,0.453285105768368,0.182672609305127,0.85505490870766,0.999550560551813
"Scap",14.0621065611409,0.0961946506781175,0.526615893762562,0.182665680655452,0.855060345501836,0.999550560551813
"Atxn7l3",21.4144335113645,0.0818221560607845,0.448336107608144,0.18250182100501,0.855188925402311,0.999550560551813
"Ammecr1l",24.1137085620263,0.0778160783256435,0.426564457278062,0.182425134110313,0.855249102570603,0.999550560551813
"Rela",44.2851902225062,0.0659804026379548,0.361952750845184,0.182290098594046,0.855355068680368,0.999550560551813
"Samd8",14.569199723722,0.0988588158956628,0.542947983677895,0.182077876458808,0.855521610538284,0.999550560551813
"Utp4",17.5661380366392,0.0842141226598234,0.463307752967503,0.181767134524361,0.855765477666237,0.999550560551813
"Nkap",14.9325946793242,0.096959129844165,0.53410893305815,0.181534372190717,0.855948156216579,0.999550560551813
"Map2k7",12.6301913333476,0.0961228626986922,0.529604011142388,0.181499499015027,0.855975526349436,0.999550560551813
"Zfp423",9.51703613458117,0.117643449262724,0.650533170372567,0.180841584442725,0.856491921537598,0.999550560551813
"Rprd2",21.5200971139349,0.0848050889552686,0.469049093978792,0.180802159185288,0.85652286825819,0.999550560551813
"Mical3",10.9829590434933,0.108115165525413,0.597989478100468,0.180797772343493,0.856526311708248,0.999550560551813
"Nckap5l",13.0461384863946,0.103913632886606,0.575252411767854,0.180640064710481,0.856650106077611,0.999550560551813
"Fam32a",34.6312710443865,0.0696558694290807,0.38666164197385,0.180146830891985,0.857037298226289,0.999550560551813
"Anxa4",48.01614972475,0.0634187180742107,0.352463316644356,0.179929981587848,0.857207537406886,0.999550560551813
"Fbxo3",17.2341831757479,0.10310284026714,0.574249038581367,0.179543775156936,0.857510748121093,0.999550560551813
"Ppp4r3a",24.1953100793015,0.0753413725312637,0.419834919695561,0.179454754706676,0.857580641070376,0.999550560551813
"Fam69a",9.18131089847369,0.119251750743044,0.66570592739463,0.179135780283283,0.857831087781762,0.999550560551813
"Prkaca",23.0713013021289,0.0787444664492755,0.439656321503585,0.179104592832821,0.85785557576242,0.999550560551813
"Pdzd11",19.8009590746942,0.0802020499933552,0.448150164281623,0.178962446933201,0.857967188607004,0.999550560551813
"Klf6",551.531725803834,0.0481836669331855,0.269414696739252,0.178845725628024,0.858058840203813,0.999550560551813
"Copb2",69.2286232482021,0.055421190369947,0.310113237290949,0.178712752974007,0.858163254973404,0.999550560551813
"Ndufb6",63.9469220319466,0.0606626113788359,0.34239540906347,0.177171217174793,0.859373903354392,0.999550560551813
"Gtpbp2",20.708555399918,0.0895849430553957,0.505992686462014,0.177047900991986,0.859470764299826,0.999550560551813
"Tmem258",186.662119070297,0.0513064131885083,0.29010079962361,0.176857193275839,0.859620563318168,0.999550560551813
"Vps36",26.2029858941456,0.0831881013454702,0.470987311554432,0.17662493087323,0.859803009953643,0.999550560551813
"Rbbp7",73.8805785957153,0.0562983367648053,0.320380112159084,0.175723569061149,0.860511117989888,0.999550560551813
"Maged1",144.164946703104,0.0475593856434166,0.270865975312972,0.175582723479625,0.860621776143976,0.999550560551813
"Tef",11.9073153665539,0.0990080986239225,0.563912048652416,0.175573653481111,0.86062890226391,0.999550560551813
"Prpf4b",78.852758537856,0.0552432758682756,0.315875114065006,0.174889611142038,0.861166373573416,0.999550560551813
"D430042O09Rik",15.9009993029339,0.089944303823936,0.514772622106104,0.174726277120069,0.861294719228695,0.999550560551813
"Zfp106",31.7104318398223,0.0682656844305168,0.39109384345071,0.17455064960418,0.861432729031162,0.999550560551813
"Chchd1",52.7579520772909,0.0659930166781287,0.378500185123892,0.174353987849511,0.861587272763223,0.999550560551813
"Sap30l",37.382342840689,0.0658285156140996,0.378642556980814,0.173853980226093,0.861980220211593,0.999550560551813
"Polr2a",37.0241583941131,0.0645828326340072,0.372455466203619,0.173397462231633,0.862339019738258,0.999550560551813
"Tmem119",48.1724535075305,0.0675384005795268,0.389650686371007,0.173330634185564,0.862391545510256,0.999550560551813
"Map2k1",25.0093326344505,0.0706825588814173,0.408323963507483,0.173104116335122,0.862569589431328,0.999550560551813
"Ppp2cb",21.1404088938975,0.0798212209154658,0.461204795835383,0.173071099078415,0.862595541708099,0.999550560551813
"Ddit4",16.0088837723754,0.0958716805474385,0.556367413177063,0.172317210312473,0.863188154855406,0.999550560551813
"Akap8",21.7115000384291,0.074050310159413,0.430289793918122,0.172094042680231,0.863363596145858,0.999550560551813
"Mpnd",24.8961558874563,0.0743570212628217,0.432324922738857,0.171993372003067,0.863442739727788,0.999550560551813
"Clint1",50.6485759028069,0.0584270430387059,0.339890055853709,0.171899830643628,0.863516279730708,0.999550560551813
"Obsl1",9.41395910942796,0.104203621915938,0.60655666598649,0.171795361850428,0.863598412021193,0.999550560551813
"Tmtc3",10.4868817073871,0.105923168847527,0.617795005253557,0.171453585650234,0.863867123248917,0.999550560551813
"Strn4",25.4128759359482,0.0776860397677018,0.454055782459077,0.171093602964308,0.864150165803446,0.999550560551813
"Usp31",11.6068562572022,0.100222762560612,0.586504816760485,0.170881397213726,0.864317024380321,0.999550560551813
"Zeb1",33.8253179621125,0.0656360994125711,0.384136387249649,0.170866654634085,0.864328616778593,0.999550560551813
"Usp53",27.438891405429,0.0728193738171008,0.426692330913779,0.170660142077443,0.864491004983314,0.999550560551813
"Kpna3",17.6581975113229,0.0819258892909324,0.481607364870522,0.170109294970931,0.864924183727058,0.999550560551813
"Hnrnph1",221.044177257758,0.0451030357177936,0.265330166194524,0.169988344577174,0.865019302926761,0.999550560551813
"Vcan",316.094839267161,0.0632033294329242,0.372471884663531,0.16968617507874,0.865256947082119,0.999550560551813
"Ric8a",16.9548313488501,0.0810860701719078,0.479347684042695,0.169159198784583,0.865671421882538,0.999550560551813
"Plk3",14.395135667025,0.0987639533949947,0.584174108090565,0.16906595487057,0.865744763477236,0.999550560551813
"Tmed9",210.907696568903,0.0432606467742717,0.255956723805996,0.169015473127642,0.865784470696257,0.999550560551813
"Eif2b3",9.33218393327657,0.1162306739908,0.688514074458666,0.168813795247664,0.865943107024686,0.999550560551813
"Eif2b2",15.342030495354,0.0959182912851989,0.56930026057806,0.168484537821579,0.866202106818911,0.999550560551813
"Clip4",8.05573159266738,0.137910085058975,0.81872279946523,0.168445394642795,0.86623289850124,0.999550560551813
"Arfgef1",33.7072500662469,0.0650303475367753,0.387196870148537,0.167951635331733,0.86662132790607,0.999550560551813
"Arfgap1",22.8405456657519,0.0739658155221875,0.44053179325787,0.167901197267029,0.866661008218205,0.999550560551813
"Srp19",72.5953173472352,0.0507129261552211,0.302198576453013,0.167813252962514,0.866730196003496,0.999550560551813
"Zfp598",15.8175637346711,0.08324255215515,0.496336404093923,0.167713976787803,0.866808300055797,0.999550560551813
"Tmem30a",61.613024168012,0.0532234344997881,0.317511154802505,0.167626975288139,0.866876748259492,0.999550560551813
"Rfxap",21.8117085761258,0.0777645457134496,0.465428482840859,0.167081621732289,0.867305826471789,0.999550560551813
"Tuba1a",537.414957041267,0.0435161364891524,0.260796436398221,0.166858631544742,0.867481283981241,0.999550560551813
"Suds3",30.0312560948248,0.0658345097518329,0.394861138054375,0.16672825813202,0.86758386996969,0.999550560551813
"Hdgf",107.991209993932,0.0520850301876347,0.312493418021045,0.166675607177515,0.867625299679334,0.999550560551813
"Mta1",31.8088214765168,0.0661328911429787,0.397022464705372,0.166572164101736,0.867706697488338,0.999550560551813
"Fam214b",15.979130200868,0.0907692647720015,0.546256876458857,0.166165898652697,0.8680263952564,0.999550560551813
"Med10",35.1923388389097,0.0722727895125235,0.435170932831204,0.166079083091142,0.868094714822075,0.999550560551813
"Col6a2",457.805018155346,0.0490135066951103,0.295160745133437,0.166056996071588,0.868112096374458,0.999550560551813
"G3bp1",75.4669339932073,0.0518937630086085,0.312824663229571,0.165887697193892,0.8682453295638,0.999550560551813
"Mat2b",32.8429308170642,0.0720482726151959,0.434925649374475,0.165656527084154,0.868427259617688,0.999550560551813
"Cdc73",33.0701777764808,0.0662276778533423,0.399922120817621,0.165601436894621,0.868470616429204,0.999550560551813
"Morf4l1",290.424846736431,0.0412129627721697,0.249374558020321,0.165265306530634,0.868735164668884,0.999550560551813
"Rpgrip1",12.9533165199275,0.0874979009264045,0.530662942847307,0.16488413616547,0.869035178998078,0.999550560551813
"Rsrp1",404.724693482368,0.0452224526863423,0.274379445282681,0.16481720283293,0.869087863317277,0.999550560551813
"Taok2",18.1615833691358,0.0760769078833571,0.462680227742475,0.16442653764254,0.869395373857462,0.999550560551813
"Fam193a",29.4813787844183,0.0656093267058511,0.399216383764318,0.164345275830624,0.869459341250644,0.999550560551813
"Xbp1",105.958808845457,0.0455379676121475,0.278205086124781,0.163684885299771,0.869979216839,0.999550560551813
"Zfp445",20.4207889338712,0.0809405574571355,0.494833924526098,0.163571156797005,0.870068752378468,0.999550560551813
"Per1",18.4356629182023,0.0752542176156103,0.461798214175329,0.162959091883882,0.870550643994533,0.999550560551813
"Magi3",13.119000679093,0.0862807389306825,0.529694765063242,0.162887656479635,0.870606889730798,0.999550560551813
"Dnmbp",7.52724709365403,0.111479444391805,0.685281224390543,0.16267692798814,0.870772813779038,0.999550560551813
"2410004B18Rik",26.8324919883525,0.070576263260997,0.433848418373256,0.162674935005243,0.870774383047209,0.999550560551813
"9530068E07Rik",102.487383463889,0.0498126831220663,0.306524213372002,0.162508150902953,0.87090571010244,0.999550560551813
"Boc",19.5759106070316,0.0904635860701842,0.559177503674176,0.161779730900791,0.871479315159115,0.999550560551813
"Cops4",44.72184703386,0.0551961951924951,0.3418035694793,0.16148513392233,0.871711319102715,0.999550560551813
"Lamb2",69.868513415814,0.0676208891257631,0.420452658391478,0.160828782447136,0.872228255207323,0.999550560551813
"Uqcr11",141.457601733052,0.0432428980875467,0.269287386162015,0.160582709438644,0.872422074016804,0.999550560551813
"Slc9a6",10.8310114339102,0.0964048749625123,0.601216941177625,0.160349564956837,0.872605716769617,0.999550560551813
"Atp1b3",70.4681177106615,0.051571928885332,0.32208174337916,0.160120621380954,0.872786057242881,0.999550560551813
"E2f1",10.9062584259741,0.0971510092333529,0.60677402877023,0.160110691339661,0.872793879356268,0.999550560551813
"Mark2",25.2058055513241,0.0779831275189739,0.487785235385687,0.159871849047078,0.872982024463526,0.999550560551813
"Prkcsh",47.4131789013579,0.0561926661378849,0.351552378217471,0.159841518987319,0.873005917113032,0.999550560551813
"Arsb",31.698854979161,0.062531339430131,0.393774983362046,0.15879967512471,0.873826704776236,0.999550560551813
"Selenow",405.693739237969,0.0382535049251476,0.241208910037628,0.158590762336185,0.873991307270967,0.999550560551813
"Dhrs3",28.6805392756715,0.0710230263354412,0.448226037995285,0.158453593309964,0.874099385784435,0.999550560551813
"Rabgef1",19.6294851435073,0.0810527773340461,0.513028373131903,0.157988878547282,0.874465562286273,0.999550560551813
"Zfp945",19.3785613546694,0.0732921750951457,0.463996624792833,0.157958422925747,0.874489561028038,0.999550560551813
"Zfp260",24.3972692933178,0.0662513531766379,0.419446911653137,0.157949316912422,0.874496736502849,0.999550560551813
"Ybx3",173.053477468015,0.0436809616146553,0.276815219464224,0.157798265930608,0.874615765125082,0.999550560551813
"Prpf8",28.4002341996029,0.0645035083015294,0.411703575922014,0.156674636981409,0.87550127694444,0.999550560551813
"Otud4",18.3261017884004,0.0717971584454199,0.45834031749078,0.156645958702649,0.875523879826466,0.999550560551813
"Gramd3",13.4043003938684,0.0944695540106995,0.609341277418527,0.155035540035823,0.876793299135641,0.999550560551813
"Trim26",11.8641204544808,0.0879932412971118,0.568203226460578,0.154862269693952,0.876929899157772,0.999550560551813
"Tsta3",13.089959498111,0.0840153136412092,0.543746658417025,0.154511871182432,0.877206151769937,0.999550560551813
"Tcea1",62.4250196268462,0.0483616475522146,0.313158169430044,0.154432016384034,0.877269111028133,0.999550560551813
"Tssc4",23.7903973237943,0.0650390895267648,0.422921705379587,0.153785177491399,0.877779121448325,0.999550560551813
"Ermp1",9.78302859221352,0.0921164477481684,0.599430864579241,0.153673180997825,0.87786743202486,0.999550560551813
"Tor1a",21.0204644082207,0.0731026519298655,0.477597269981871,0.153063378969148,0.878348294867455,0.999550560551813
"Mrps18b",12.5338901418284,0.0992156221619654,0.649111918179663,0.152848252178455,0.878517945035739,0.999550560551813
"Bet1l",35.7089359406468,0.0589252941058216,0.385852037931808,0.15271474117816,0.878623235349457,0.999550560551813
"Ahnak2",41.0333056416941,0.0675716498400492,0.442845838619226,0.152585039639832,0.878725523476298,0.999550560551813
"Rwdd1",79.4657225165419,0.0505115793656691,0.33237300817387,0.151972567336893,0.879208572398534,0.999550560551813
"Sclt1",10.7112715709504,0.092206789666358,0.606982814874952,0.151910049851006,0.879257881656825,0.999550560551813
"Dalrd3",16.4223782228602,0.072476371611861,0.47710378226283,0.151909027566532,0.879258687964561,0.999550560551813
"Ndufa7",145.85559530435,0.040182551387502,0.264682842557611,0.151813963456116,0.879333668548602,0.999550560551813
"Kpna4",60.7651672632401,0.04905305659728,0.323182639173704,0.151781224148352,0.879359491503493,0.999550560551813
"Pla2g15",10.3214863862816,0.0887202152447647,0.587691193411232,0.1509640032715,0.880004111632165,0.999550560551813
"Pdia4",76.7971264998713,0.0460598570175373,0.305621102089436,0.150709020753608,0.88020525698669,0.999550560551813
"Tns2",26.2978735253066,0.061238884381776,0.40722860396738,0.150379624086233,0.880465116083005,0.999550560551813
"Cmtm6",20.734177884508,0.0657193632731853,0.437163751582104,0.150331227223999,0.880503297168618,0.999550560551813
"Tet2",25.3734692204243,0.0737125757194677,0.491111374865472,0.150093399363147,0.880690927539239,0.999550560551813
"Wasl",49.4640812686336,0.0556352960862561,0.370880150836234,0.150008826195777,0.880757651760516,0.999550560551813
"Armc8",11.2033739091234,0.0862503978606152,0.575497294884007,0.149871074334067,0.880866333263653,0.999550560551813
"Aspg",13.2109348721639,0.0872224602093474,0.583600574629689,0.149455747648454,0.881194025373103,0.999550560551813
"Nampt",46.7828136391872,0.0617002062695577,0.413162040159839,0.149336580499234,0.881288051826586,0.999550560551813
"Btf3l4",11.5797631612181,0.0878476977298751,0.589680673203322,0.148975032965995,0.881573333904127,0.999550560551813
"Gpc3",189.458815517258,0.0610705401666799,0.414372104004759,0.147380915791519,0.882831368017584,0.999550560551813
"Ufsp2",29.2840332635284,0.0576167186627869,0.390996534690171,0.147358642726701,0.882848947418501,0.999550560551813
"Tprkb",15.438963058604,0.0734771221098422,0.502066995661526,0.146349237740729,0.883645698156349,0.999550560551813
"Gm26532",58.1148612222997,0.0568540415110213,0.388643873051337,0.146288274313053,0.883693822020781,0.999550560551813
"Tbx18",12.4339428800358,0.0828167004392563,0.566205349586654,0.146266192115131,0.883711253572701,0.999550560551813
"Rpl41",3601.25500270809,0.0394635384603336,0.26982030376053,0.146258594739994,0.883717250907164,0.999550560551813
"Pea15a",29.0379007777432,0.0673480770101105,0.460928893952509,0.146113810381021,0.883831544315533,0.999550560551813
"Dmkn",17.1835650749544,0.296344572074543,2.02988566044821,0.145990770735879,0.883928674251932,0.999550560551813
"Mcm3ap",6.79623862743445,0.101786810446819,0.698805191895311,0.14565834888941,0.88419110337179,0.999550560551813
"Hook3",67.1034482021745,0.0505734971341249,0.34738565584015,0.145583147386478,0.884250472666137,0.999550560551813
"Pacs2",13.3285611770162,0.0768013018440428,0.528462118158597,0.14532981495751,0.884450475677955,0.999550560551813
"Cd9",523.97073127695,0.0369821457477515,0.254562704465034,0.14527715607622,0.884492050178248,0.999550560551813
"Tnpo3",30.9840184956642,0.0575189452546577,0.396198807859467,0.145176977097468,0.884571142956391,0.999550560551813
"Otulin",22.336406180233,0.0632359695775023,0.435586206226204,0.145174407898177,0.884573171392177,0.999550560551813
"Thoc7",72.202369145018,0.0437669685814152,0.301846942908878,0.144997223293488,0.884713064113491,0.999550560551813
"Rybp",36.7844820747734,0.0571682047603493,0.395348218437993,0.144602156008743,0.885024994878901,0.999550560551813
"Tmem216",8.81493117495481,0.0885843395946976,0.613539703912745,0.144382407576504,0.885198507967973,0.999550560551813
"Atp6ap1",69.1602579607697,0.0456566920751509,0.316682213584958,0.144171949407264,0.885364690638112,0.999550560551813
"Mmadhc",23.4306416696599,0.0657196741988653,0.457014829563251,0.143802060562609,0.885656775695893,0.999550560551813
"Sfpq",152.694340597294,0.039478162710031,0.274708188467671,0.143709450126846,0.885729908543752,0.999550560551813
"Tsc2",11.7697251365161,0.0785462551907909,0.546817454163338,0.143642553091088,0.885782736573064,0.999550560551813
"Mkln1",53.879406360103,0.0488334726937064,0.341093836795564,0.143167267847689,0.886158079954262,0.999550560551813
"Krt10",20.3096054964872,0.0704760456060188,0.494913883491052,0.142400623536545,0.886763569894717,0.999550560551813
"Ranbp2",47.2917105527849,0.0509905712066221,0.358791051208143,0.142117734082061,0.886987010584389,0.999550560551813
"Mtpn",52.1690490659991,0.0465288719983934,0.327546400823534,0.142052765291904,0.887038327556675,0.999550560551813
"Yipf1",35.9001954203738,0.0569756307614012,0.402740261681421,0.141469915432668,0.887498724996713,0.999550560551813
"Cndp2",27.8419953793503,0.0562188190249073,0.400194288283591,0.140478814093091,0.888281690400237,0.999550560551813
"Nenf",222.993979444121,0.0351956024923852,0.251127358938064,0.140150410696851,0.888541151624601,0.999550560551813
"Stk11",31.9094296772667,0.0557937171040246,0.399282118002667,0.1397350759987,0.888869311643315,0.999550560551813
"Prrc2a",62.2707388158736,0.0471198882670059,0.337831153532841,0.139477628910933,0.889072732677753,0.999550560551813
"Cox19",24.2397281096917,0.0591957155031351,0.424524648678761,0.139439996446304,0.889102468467607,0.999550560551813
"Usp12",13.6763369057512,0.0756665542210496,0.542914019357759,0.139371155511069,0.889156864447208,0.999550560551813
"Tcp11l2",37.1682800047866,0.0518071626006113,0.371826051102402,0.139331718277974,0.889188026765202,0.999550560551813
"Gabarap",482.571818120825,0.0331990755584527,0.241988057113578,0.137193033220109,0.890878217527016,0.999550560551813
"Snta1",10.368222267709,0.0886051804540574,0.645990742134204,0.137161687737701,0.890902993391873,0.999550560551813
"Krcc1",40.4902231753252,0.0533551907406749,0.39009757168354,0.136773962756062,0.891209464910563,0.999550560551813
"Snx14",13.6168398651655,0.0700871938753469,0.513985004832668,0.136360386424433,0.891536388162588,0.999550560551813
"Dbnl",21.3202552064857,0.0590391332239408,0.433134357340498,0.136306742292273,0.891578794054694,0.999550560551813
"Hibadh",25.9370548737819,0.0574378484967479,0.421584821415626,0.136242686119199,0.891629431111237,0.999550560551813
"Klhl9",31.9531195689305,0.0529092096246687,0.390695111570898,0.135423270109351,0.892277226717619,0.999550560551813
"Azin2",14.721706687394,0.0717426947062747,0.531890677119746,0.134882406841139,0.892704849731365,0.999550560551813
"Il17rd",12.1873900600906,0.0731941280259684,0.543446594280065,0.134685043197175,0.892860899229879,0.999550560551813
"Cxcl10",158.224441197044,0.197137613120143,1.46613206822968,0.134461019843991,0.893038032784974,0.999550560551813
"Selenon",44.7836401092027,0.0486078190675317,0.36217534947222,0.134210732835256,0.89323593912236,0.999550560551813
"Ndfip1",40.2203697537699,0.0506174132894813,0.377333251331395,0.134145117375374,0.893287823520262,0.999550560551813
"Tufm",13.2545221801937,0.0709530330154463,0.530722878895643,0.133691302630648,0.893646682916896,0.999550560551813
"Bcl7c",78.1028708675574,0.0421329677242132,0.315352750265989,0.133605835651268,0.893714269384004,0.999550560551813
"Rpl10a",879.839117019753,0.0330152664690428,0.247260544391705,0.133524200354185,0.893778826514172,0.999550560551813
"Mrs2",9.66899389049046,0.0862335026485538,0.64836904996544,0.133000646241751,0.894192869413909,0.999550560551813
"Nfs1",11.8220059656894,0.0709340088463615,0.535271295494506,0.132519732411262,0.894573216458591,0.999550560551813
"Tmf1",33.302413103751,0.0499184219416147,0.37707448231973,0.132383452824813,0.894681002212054,0.999550560551813
"Mydgf",83.3335406991238,0.0399457715171173,0.302242544377862,0.132164621626456,0.89485408345277,0.999550560551813
"Emsy",27.299336004351,0.0532983968559046,0.403740703338285,0.132011452933065,0.894975232902693,0.999550560551813
"Sf3b1",180.86856896051,0.0336774880700072,0.255979989162727,0.131562971700098,0.89532997517811,0.999550560551813
"Fam114a2",25.400289158488,0.0545226599538206,0.416349013434483,0.130954219163534,0.89581152324997,0.999550560551813
"Prr14",20.3394301677396,0.0575784050474981,0.44184936198357,0.130312296455549,0.896319351860778,0.999550560551813
"Dnajb14",29.7474110236647,0.0522321906087508,0.401218919805089,0.130183767590335,0.896421036869251,0.999550560551813
"Tor1aip1",59.6057949209307,0.0514324644617265,0.395124315812392,0.130167803912496,0.896433666576869,0.999550560551813
"Gm14005",13.6794533701344,0.0718067171284467,0.551655076436721,0.130165968184802,0.896435118919564,0.999550560551813
"Srsf6",91.141642912342,0.0374201241502374,0.288351116784543,0.129772773442032,0.896746204371703,0.999550560551813
"Napa",54.364111948678,0.0474950206089458,0.36704109032713,0.129399737142823,0.8970413556624,0.999550560551813
"Herc4",16.3113712672161,0.0712152392545874,0.550549644670449,0.129352983775361,0.897078348555298,0.999550560551813
"Ndufa3",110.157148267352,0.0404292425788293,0.313580916941611,0.128927624082295,0.897414918227909,0.999550560551813
"Serp1",127.071948437936,0.034685947953737,0.26953924203274,0.128686078109264,0.897606051866527,0.999550560551813
"Tubb4b",123.607675649239,0.0429709060068037,0.334086792574844,0.12862198375345,0.897656770279749,0.999550560551813
"Ergic3",130.52975701631,0.0353154285941708,0.274654701282337,0.128581190961911,0.897689050183153,0.999550560551813
"Gstm2",38.8888351255685,0.0616119520614569,0.482430206611656,0.127711638320054,0.89837717947138,0.999550560551813
"Zfp746",10.4028613205587,0.0777774190911245,0.609612396495843,0.127585035242397,0.89847737448441,0.999550560551813
"B230118H07Rik",15.5168656495454,0.0675457761215165,0.529545045451998,0.127554353877227,0.898501656284602,0.999550560551813
"Fgfr4",13.3914025935362,0.0854593372232884,0.674580593756863,0.126685140388267,0.899189607321714,0.999550560551813
"Iqsec1",17.8215420957351,0.0594030520193253,0.469503747514866,0.12652306256074,0.899317894455421,0.999550560551813
"2610524H06Rik",17.4175271034807,0.0607463302403359,0.48146313960273,0.126170261529179,0.899597151077314,0.999550560551813
"Papss2",11.9442947169787,0.0738550800541974,0.58576407739396,0.126083320750524,0.899665970213264,0.999550560551813
"Senp7",15.5615029394713,0.0650813506136345,0.51784008227642,0.12567847264263,0.899986443074063,0.999550560551813
"Lrp6",55.8328557790133,0.0431760964952879,0.343594926896386,0.125659877709161,0.900001162990347,0.999550560551813
"Slc35c2",11.8588457737301,0.0695322507311436,0.553735229808559,0.125569490594237,0.90007271473188,0.999550560551813
"Plpbp",33.3114690312731,0.0514825695422993,0.410180106061408,0.125512107441388,0.900118140483338,0.999550560551813
"Nptn",98.7418968297866,0.0390156544970205,0.313291170090762,0.124534804111196,0.900891845163665,0.999550560551813
"Gpx8",124.994695422841,0.0358148171880235,0.287848126394199,0.124422617012196,0.900980666702626,0.999550560551813
"Ormdl3",28.8986257460893,0.0537056162284927,0.433079962645925,0.124008545443607,0.901308509007478,0.999550560551813
"Nt5c3",17.8356136628582,0.0568345121209038,0.459736791458891,0.123624023956294,0.901612970030661,0.999550560551813
"Asph",39.091975920251,0.0493220804802691,0.399391023829892,0.123493212259263,0.90171654898259,0.999550560551813
"Pik3r2",18.8200209081392,0.0579335449728365,0.469737008767836,0.12333187271065,0.901844302716923,0.999550560551813
"Elf2",48.1636475814001,0.0419871331980218,0.340902040142612,0.123164804705941,0.901976595102212,0.999550560551813
"Zfp672",9.67195186537741,0.0722719403043658,0.592428425042572,0.121992695234318,0.902904803419653,0.999550560551813
"Pmp22",216.982088068995,0.036542803460041,0.299792519718529,0.121893646627175,0.902983247364347,0.999550560551813
"Baz1a",48.0540037329732,0.0465673250604961,0.382285976808051,0.121812799541632,0.903047276874983,0.999550560551813
"Ppm1g",35.585537682699,0.0466784773940167,0.383706547839128,0.121651500754652,0.903175024642423,0.999550560551813
"Anxa11",27.8544703306446,0.0475742846272109,0.391237351044985,0.121599546925009,0.903216172328574,0.999550560551813
"Rabgap1",17.5162929679866,0.058054435424705,0.478291564895612,0.12137875656949,0.903391042264111,0.999550560551813
"Tead2",13.0291078431083,0.075987861380991,0.627085616624901,0.121176214804563,0.903551463109093,0.999550560551813
"Ikzf5",14.0905563229168,0.0677286881254722,0.559157798084614,0.121126251583141,0.903591036502145,0.999550560551813
"Ost4",210.325982904573,0.031921292354617,0.263776521716806,0.121016427644338,0.903678023446231,0.999550560551813
"Rps6",584.339133016539,0.0312305495713999,0.258265886523144,0.12092402133257,0.9037512155128,0.999550560551813
"Pde4a",10.9220235005279,0.0776258586151348,0.64413438907682,0.120511899273673,0.904077654085524,0.999550560551813
"Ntan1",62.7527920442233,0.03825480378272,0.31790061969585,0.120335732026317,0.904217199696926,0.999550560551813
"Fam45a",10.8761169128043,0.0678435420839991,0.566090109642952,0.119845835368489,0.904605272207779,0.999550560551813
"Cyp26b1",194.862611793526,0.0403581529019094,0.336927957503421,0.119782736941619,0.904655257397407,0.999550560551813
"Ttc5",9.77576060185268,0.0722420253151284,0.604535486766418,0.119500057311013,0.904879194634531,0.999550560551813
"Ino80e",22.2797103027282,0.0532803865576394,0.446722599262107,0.119269512322966,0.905061836698161,0.999550560551813
"Map3k6",11.0473237296472,0.0700539762258918,0.591035221645129,0.118527582892435,0.905649641147818,0.999550560551813
"Psma3",181.230531412798,0.0340123397024777,0.287910272959893,0.118135207031031,0.905960527585091,0.999550560551813
"Cfdp1",79.6048440213463,0.0370415292220524,0.313842279080833,0.118025937520394,0.906047106346935,0.999550560551813
"Ptpra",47.9011623064174,0.0389942201522728,0.330870521960426,0.117853412631714,0.906183807239205,0.999550560551813
"Prrx2",69.1203871883445,0.0399850049252307,0.339823070575238,0.117664185829249,0.90633374516601,0.999550560551813
"Tpd52l2",43.2680496145506,0.0444500466752814,0.382421275427111,0.116233194990621,0.907467729242808,0.999550560551813
"Tfam",12.2967574387308,0.0636919435873937,0.548671295457657,0.116083972525421,0.907585991004332,0.999550560551813
"Atp13a3",40.1418963221651,0.0417470286362696,0.360184559574782,0.115904548172621,0.907728191072684,0.999550560551813
"Rps13",1087.63729789229,0.0285450784058719,0.246296216254808,0.115897348485209,0.907733897138245,0.999550560551813
"Rlf",22.6477190784704,0.0503445336318111,0.43528372645353,0.115659122021383,0.907922704660445,0.999550560551813
"Acvr1",21.8362001870387,0.0495584865409978,0.428752417983254,0.115587654931741,0.907979347258739,0.999550560551813
"Amfr",36.6108203769798,0.0426113910279098,0.368740915724241,0.115559161489354,0.90800193040777,0.999550560551813
"Git2",30.3612144253933,0.0446419202296426,0.386976196629238,0.115360894593767,0.908159073564663,0.999550560551813
"Tmem9b",23.4270871623561,0.0503886615168374,0.437607103777371,0.115145894757851,0.908329483043173,0.999550560551813
"Hnrnph2",36.4451136787121,0.0435250569859831,0.379631216312976,0.114650890431782,0.90872184089828,0.999550560551813
"Hs2st1",31.8481418742487,0.0454903829107839,0.396844998123655,0.114630102750115,0.908738318434454,0.999550560551813
"Clns1a",23.9637687062042,0.0479533678822595,0.418617555372378,0.114551736464093,0.908800436503734,0.999550560551813
"Gpr137",9.48540758529864,0.0726635235752859,0.634413567057781,0.114536522149546,0.908812496395297,0.999550560551813
"Ndufs6",89.4619720413459,0.0342713650755973,0.299727530869366,0.114341732226574,0.908966901878298,0.999550560551813
"Eif3b",45.6978578350096,0.0381990953631999,0.335732071612626,0.113778511477077,0.909413373314199,0.999550560551813
"Palm",28.0209676153685,0.047645265153815,0.420111656535496,0.113410957331505,0.909704753065192,0.999550560551813
"Mrgprg",16.4479943185095,0.28562413994942,2.51947878552189,0.113366360372134,0.909740108277655,0.999550560551813
"Mark3",40.2024797615475,0.0397585985923482,0.351517123333873,0.113105723599659,0.909946737337777,0.999550560551813
"Dnttip1",21.1857831648258,0.0500901581450725,0.443679438187509,0.112897181689775,0.910112070732455,0.999550560551813
"Srgap1",25.6461290090867,0.0463014292335137,0.410406830149474,0.112818369072099,0.910174554906862,0.999550560551813
"Rab7b",19.9711610222947,0.0526415709536572,0.466656472143415,0.112805830618544,0.910184495687664,0.999550560551813
"Hnrnpul1",43.7473581520341,0.0403643715218219,0.357997995890034,0.11275027230661,0.910228543792897,0.999550560551813
"Crlf2",15.0801328400436,0.055489628422317,0.49347654010766,0.112446335159542,0.91046951811524,0.999550560551813
"Relb",31.2494767246087,0.0516359350539866,0.459712796531978,0.112322161670335,0.910567970520035,0.999550560551813
"Pomgnt1",10.3025967060889,0.0661990090859427,0.592753423262117,0.111680517544087,0.911076727425413,0.999550560551813
"Rpl11",1074.14901915397,0.0273823406881429,0.245417415743114,0.111574562079184,0.911160742576821,0.999550560551813
"Wdr13",15.6460063548603,0.0562437179172365,0.508098317284503,0.110694556553203,0.911858562693689,0.999550560551813
"Gid4",13.2583964430941,0.0598322728012029,0.547917807636821,0.10919935794615,0.913044369549864,0.999550560551813
"Flot1",47.1251173147026,0.040899914091162,0.375232911467415,0.108998738759923,0.913203490699531,0.999550560551813
"Cry1",22.5663698359467,0.0465870365538049,0.42913214553322,0.10856105057317,0.913550655244723,0.999550560551813
"Hipk1",35.0655045764038,0.0409323622019128,0.378437727766881,0.108161420489046,0.913867647357149,0.999550560551813
"Gprasp1",12.2988025272893,0.0573634335226971,0.531288825408844,0.107970336998061,0.914019222271499,0.999550560551813
"Cavin3",223.288235335934,0.0276278864793184,0.256700410729374,0.107626966395644,0.914291605146512,0.999550560551813
"Fap",28.2967392432091,0.0474520338041121,0.441493263862628,0.107480765140002,0.91440758411462,0.999550560551813
"AC127341.3",10.1870143446217,0.0631106484344764,0.590801139743602,0.106822150786414,0.91493007423527,0.999550560551813
"Ap3s1",60.288851188413,0.0345090346083461,0.323097777529453,0.10680678422556,0.914942265232624,0.999550560551813
"Mfsd11",24.9022809387443,0.0521702078161351,0.48972121896871,0.106530421381371,0.915161519962495,0.999550560551813
"Rpl30",1452.07363546786,0.0253337160697032,0.238049425219481,0.10642208460006,0.915247471598952,0.999550560551813
"Spidr",9.11373873687821,0.063559544153636,0.598663757095731,0.106169019587856,0.915448250778206,0.999550560551813
"Capns1",139.513338215132,0.0287375846424011,0.27306733026212,0.105239922384034,0.916185433111042,0.999550560551813
"Mkl2",14.5431697815978,0.0562260499688034,0.535358758286163,0.105024993237804,0.916355976654336,0.999550560551813
"mt-Nd6",18.57747477279,0.0473590105436229,0.451012222569759,0.105006046784681,0.916371010608611,0.999550560551813
"Lrch1",7.95391577036061,0.0719742557791148,0.689201902819713,0.104431307407377,0.916827078787871,0.999550560551813
"Fbxo30",41.7425167105617,0.0407411381471579,0.391906656074,0.103956229157448,0.917204084370186,0.999550560551813
"Ctla2a",167.384261862998,0.184008438859323,1.77728915770463,0.103533202834012,NA,NA
"Sdhd",49.5022417093117,0.0341937258192973,0.332260114931629,0.102912520289513,0.918032400710496,0.999550560551813
"Akr1b3",58.0901671353783,0.033473240157057,0.325814510018948,0.102737106935815,0.918171622376839,0.999550560551813
"3830406C13Rik",15.5537932210219,0.0502803545943064,0.490363287361946,0.10253694738202,0.918330487614906,0.999550560551813
"Psme1",80.0647093315597,0.0319725651562901,0.312996409701062,0.102149942188879,0.918637660171336,0.999550560551813
"Spg20",13.8249742534849,0.0550224806387431,0.538755249874857,0.102128899257174,0.91865436265005,0.999550560551813
"mt-Co2",2922.23252512718,0.0300205340247043,0.294071399621095,0.102085867797362,0.918688518270719,0.999550560551813
"C1galt1c1",13.3237610561903,0.052336103043224,0.513531838716555,0.101914037450969,0.918824907705232,0.999550560551813
"Ccm2",18.3182384107962,0.0485419112912429,0.476990457843022,0.101767048990356,0.918941580919066,0.999550560551813
"Plekhh2",11.5770176525586,0.0597093391432705,0.586812645805385,0.101751963885034,0.918953554935479,0.999550560551813
"Polb",27.2879242069165,0.0412764633589885,0.405796533532223,0.101717141345937,0.918981195890212,0.999550560551813
"Rpl13",2355.19816978042,0.0262003096013009,0.258125663222807,0.10150214927946,0.919151851494011,0.999550560551813
"Mmp3",403.069880204721,0.0402455101449371,0.398865894036392,0.100899853175376,0.919629959663408,0.999550560551813
"Polr2h",22.6937151536245,0.0432608856360408,0.430721075203182,0.100438283907128,0.919996377255237,0.999550560551813
"Hadha",32.1244338654475,0.0383046847739954,0.381945884096378,0.100288251212912,0.920115484640751,0.999550560551813
"Sssca1",15.2735677374985,0.0538574367862757,0.537343296660418,0.100229103295787,0.920162441257258,0.999550560551813
"Plxna2",11.5003505727103,0.0587610249247654,0.588366195837362,0.0998715176712979,0.92044632887631,0.999550560551813
"Aldh7a1",41.0363013351247,0.0354531309333869,0.355713678877198,0.0996676063886377,0.920608218808472,0.999550560551813
"Rpl27-ps3",52.1226456963436,0.0411277975051524,0.412891593813821,0.0996091906964267,0.920654596998117,0.999550560551813
"Nop58",131.201613598156,0.0280475379431728,0.284357477871461,0.0986347823631044,0.921428252335021,0.999550560551813
"Lgalsl",24.716742829551,0.0439285420581224,0.445794025068495,0.098539997370698,0.921503513178982,0.999550560551813
"Sar1b",43.8513570646684,0.036169575733063,0.368263543487248,0.0982165527180821,0.921760338844533,0.999550560551813
"Rpl31",324.954144524871,0.0238091535177092,0.24334864850243,0.0978396784376281,0.92205959967745,0.999550560551813
"Glb1",17.8812610260526,0.0459266984871577,0.469576678382669,0.0978044707103852,0.922087557293494,0.999550560551813
"Fam105a",26.4183005977982,0.0411619260873941,0.421998362272023,0.0975404877539804,0.922297182924408,0.999550560551813
"Eif4e3",12.1243027180187,0.0518924271588888,0.534032863474678,0.0971708497886278,0.922590716970601,0.999550560551813
"Rps16",1477.89493282989,0.0237631208325836,0.245575534319041,0.0967650173233935,0.922913005654492,0.999550560551813
"Bri3",138.47361756185,0.0284768853829241,0.295205426589611,0.0964646406128304,0.923151555627746,0.999550560551813
"Ttyh3",28.3804456572882,0.0417133927052764,0.433558042675813,0.0962117838890305,0.923352372043928,0.999550560551813
"Colgalt1",71.2446561607462,0.0325839192614995,0.339272327731416,0.0960406039578166,0.923488324298692,0.999550560551813
"Rpl35a",1674.04361003714,0.0233261662675586,0.245769146276771,0.0949108812921946,0.924385613517314,0.999550560551813
"Vps35",43.563919811558,0.0347009524216293,0.366277467458081,0.0947395226423551,0.924521724617348,0.999550560551813
"Ascc2",6.60682413590453,0.0678974026177303,0.718074519552573,0.0945548139767398,0.924668442181458,0.999550560551813
"Axin2",10.7440690566823,0.058259537939878,0.616742046278194,0.0944633794492403,0.924741071293374,0.999550560551813
"Parva",48.4544998484596,0.0339477508463187,0.35997593197957,0.094305612765926,0.924866391445945,0.999550560551813
"Gm11361",16.1005285099598,0.0774795614876248,0.825362277325987,0.0938733979200545,0.925209725885706,0.999550560551813
"Slc25a39",31.205610676178,0.0351672987011665,0.374638988172949,0.0938698315214642,0.925212558950228,0.999550560551813
"Uggt1",20.9785111855295,0.0420842059486331,0.448873917589211,0.093755070855212,0.925303722674295,0.999550560551813
"Eva1b",118.333766178007,0.0294238343639735,0.314845020133824,0.0934549777902379,0.925542115618066,0.999550560551813
"Nfya",14.0138725524678,0.0475557848957221,0.509312442069481,0.0933725174717693,0.925607622995725,0.999550560551813
"Reep3",121.491534437215,0.0269812797265245,0.290807473372994,0.0927805582627442,0.926077896637003,0.999550560551813
"Spast",14.5973555781243,0.046837756478218,0.506475020072584,0.0924779201775946,0.926318333182042,0.999550560551813
"Psma4",94.5019800563345,0.0270832289044716,0.293006875569319,0.0924320593223224,0.926354768792715,0.999550560551813
"Stk17b",21.0808043249706,0.0417358357267576,0.452066797692281,0.0923222761322252,0.926441990156461,0.999550560551813
"Cpt1a",13.542160073108,0.0514070399656623,0.560588877217815,0.0917018550578346,0.926934923481273,0.999550560551813
"Map4k4",135.876696768396,0.0291113716921665,0.317520609069991,0.0916834084484558,0.926949580003771,0.999550560551813
"Knop1",19.1751737845995,0.0418219807790666,0.456964343073292,0.0915213219871707,0.927078364837232,0.999550560551813
"Gusb",26.5368032719746,0.042257429507904,0.46172427028892,0.0915209189273542,0.927078685088394,0.999550560551813
"Arid1b",28.1248116111021,0.0377069254427369,0.412120629679881,0.0914948748671624,0.927099378420466,0.999550560551813
"C2",46.8865688897067,0.0330642149638529,0.362460055005187,0.0912216794851497,0.927316449032373,0.999550560551813
"Lrrk2",11.2522229263068,0.0539161446938087,0.593169181143826,0.0908950539032398,0.927575980338445,0.999550560551813
"Atxn7l1",8.4133494964045,0.0579373259928283,0.638446030605721,0.09074741358774,0.927693295430959,0.999550560551813
"Sept8",42.01565658027,0.0324224789667346,0.35754403482594,0.0906810792760633,0.927746005230867,0.999550560551813
"Aurkaip1",53.0927518736683,0.0322604843085225,0.355826152666752,0.0906636121789955,0.927759884785309,0.999550560551813
"Bax",72.1587880591741,0.0288154182059711,0.317963072788322,0.0906250463403793,0.927790529718129,0.999550560551813
"Rpl8",1149.49212709798,0.0231669119848658,0.256326459227609,0.0903804939009218,0.927984856858883,0.999550560551813
"Ppp2r1a",39.667444932379,0.0332811444013633,0.368516598941467,0.0903111135209665,0.928039988929075,0.999550560551813
"A230050P20Rik",8.93916915641559,0.0628929961738825,0.70004919658686,0.0898408233028791,0.928413707035694,0.999550560551813
"Mcrs1",21.5926708153479,0.0386685163060219,0.431197462082358,0.0896770498585085,0.928543854005506,0.999550560551813
"Tmem97",17.4100946018043,0.0451045995898498,0.503012143122473,0.0896690074117509,0.928550245201269,0.999550560551813
"Foxp4",16.1260518294491,0.0439048507782762,0.491682380954128,0.0892951475972704,0.928847350322595,0.999550560551813
"Zfp637",15.7113786674662,0.0432100049792572,0.485321579296191,0.0890337599286642,0.929055080106708,0.999550560551813
"Mrps34",23.9863998515542,0.0410079032477727,0.462117032866815,0.0887392161101999,0.929289165510272,0.999550560551813
"Pitrm1",14.2918275096081,0.0498433792692019,0.563607804710755,0.0884362829126926,0.929529924661145,0.999550560551813
"Tsc22d4",43.9708200382356,0.0304906142945218,0.345431081800346,0.0882682998171686,0.929663433666973,0.999550560551813
"Mtmr1",10.4538973985141,0.052967024999827,0.602312661312311,0.0879394181826149,0.929924826768547,0.999550560551813
"Nfkbil1",13.2240276572395,0.0456591043518429,0.519322436473101,0.0879205309555461,0.929939838450341,0.999550560551813
"Tpr",82.7296073039336,0.0265612014398998,0.302744681219661,0.087734659228011,0.930087571747454,0.999550560551813
"Nt5e",11.9434298124721,0.0542838281561688,0.6201887053567,0.0875279212396291,0.930251892653321,0.999550560551813
"Xrn2",29.2884704286105,0.0381594056635009,0.436934603403986,0.087334363921319,0.930405739903885,0.999550560551813
"Tmem267",17.3019404441888,0.0525717653176444,0.607223106371677,0.0865773465568117,0.931007473102279,0.999550560551813
"Ddrgk1",66.8542088129478,0.0296826326543641,0.343137046641294,0.0865037248088035,0.931065995203779,0.999550560551813
"Vamp2",30.6422388176008,0.0345236927109445,0.399392524210962,0.0864405080669683,0.931116246638704,0.999550560551813
"Xpo7",20.6056688783041,0.04068419455965,0.470811189276759,0.0864129729417591,0.931138134590225,0.999550560551813
"Fam173a",38.5133162092831,0.0322583271754724,0.375506795843359,0.0859061075127088,0.931541056369078,0.999550560551813
"Tmem263",49.4355831837764,0.0315554611107073,0.367379198400445,0.0858934344897549,0.931551130741541,0.999550560551813
"Mlf2",66.8010263029448,0.028627728506624,0.335603744424536,0.0853021725240649,0.932021164405916,0.999550560551813
"Ciao1",12.8954653786353,0.0455955493155539,0.534593742026904,0.0852900917670286,0.932030768455021,0.999550560551813
"Mdp1",28.4500557843466,0.0354039006305859,0.415172238485226,0.0852752119451883,0.932042597738857,0.999550560551813
"Ppp2r3c",14.9422413791698,0.0458767368491158,0.541534577872164,0.0847161727499985,0.932487038194483,0.999550560551813
"Pfdn6",36.9294663435038,0.0313982738739252,0.371268487297623,0.0845702636990982,0.932603040480487,0.999550560551813
"Epm2aip1",14.6279074794946,0.0445900352878133,0.527321092659408,0.0845595518717732,0.932611556776653,0.999550560551813
"Rabepk",9.74478836632246,0.0493416368044268,0.584322007677312,0.0844425439331996,0.932704582887617,0.999550560551813
"Pold4",39.928450594815,0.0315645652093307,0.375543141741061,0.084050437089581,0.933016330606786,0.999550560551813
"Phf21a",24.7415032349053,0.0361160658675734,0.429911754033745,0.0840080912622326,0.933049998615061,0.999550560551813
"Nsf",11.3754519796725,0.0476150439399397,0.569331547173322,0.0836332435403308,0.933348034994578,0.999550560551813
"Suco",23.5345524428111,0.0379357705033958,0.453736386613992,0.0836075122528558,0.933368493938172,0.999550560551813
"Zc3h7b",19.3607897599362,0.0379303342944089,0.453737539256425,0.0835953189074201,0.933378188881041,0.999550560551813
"Tbc1d8b",9.08912590320509,0.0525009296979527,0.63115066801809,0.0831828790783248,0.933706126070888,0.999550560551813
"Srsf5",148.894322195066,0.0256626378671152,0.309333803369109,0.08296098773432,0.933882559916355,0.999550560551813
"Smc5",26.4053743485031,0.0372130299394051,0.448670875316984,0.0829405962959246,0.933898774050771,0.999550560551813
"Mthfs",7.75918291408293,0.0545530772277666,0.660441590018063,0.0826009113482309,0.934168876602292,0.999550560551813
"Stx6",22.4747576888193,0.035798065443864,0.434374050509226,0.0824129926773875,0.934318304534032,0.999550560551813
"Cnrip1",25.0600100544868,0.0333681592024566,0.405171900384794,0.0823555611106465,0.934363973051191,0.999550560551813
"Hacd4",13.7790933575146,0.0442834957880872,0.543020346047514,0.0815503435744421,0.935004289784382,0.999550560551813
"Lppos",8.89384383916469,0.0508642936902002,0.623730359982991,0.0815485295466253,0.935005732364384,0.999550560551813
"Cspp1",22.1886259694349,0.0366950524709393,0.451454503933414,0.0812818393685834,0.93521781628134,0.999550560551813
"Cyth1",11.482289041048,0.0485508572494335,0.600861841214286,0.080802031214558,0.935599392678397,0.999550560551813
"Prdx6",136.604952462677,0.0223284919007043,0.2782014459149,0.0802601576252569,0.936030345555725,0.999550560551813
"Rras2",13.4343459536798,0.0417913641950824,0.52215001236637,0.0800370836068452,0.936207762110089,0.999550560551813
"Homer1",33.7941560342731,0.0302071012213953,0.377916230850825,0.0799306797524634,0.936292388972421,0.999550560551813
"Cnot4",39.1559057600327,0.0280857637429033,0.354790324916702,0.0791615829701593,0.936904101010458,0.999550560551813
"Sh3bgrl3",138.159055320256,0.0249015774182698,0.31485092212887,0.0790900571289337,0.936960992001537,0.999550560551813
"Galt",11.9275945443746,0.0428966011946583,0.544523376858543,0.0787782545574752,0.93720900063219,0.999550560551813
"Cd81",428.609237706964,0.0193554144073622,0.245862620171914,0.0787245104352518,0.937251749472346,0.999550560551813
"Slc6a6",45.8314971671781,0.0329858061531256,0.419446930554405,0.0786411909357078,0.9373180233463,0.999550560551813
"Med13",63.5503072206545,0.0249712581312139,0.317659414569143,0.0786101622868116,0.937342704219628,0.999550560551813
"Ubr2",32.5876628430749,0.0306823273427923,0.391918017715154,0.0782876161745955,0.937599268089398,0.999550560551813
"Pxdn",49.4111724375957,0.0391100306596302,0.500638907928544,0.078120238040333,0.93773240876079,0.999550560551813
"Trappc6a",22.9110470462379,0.0335818128827238,0.430202075934719,0.0780605551699375,0.937779883826622,0.999550560551813
"Srsf3",190.884555145831,0.0225621783885801,0.289277920979141,0.0779948165840386,0.937832176200463,0.999550560551813
"Hmces",9.55299549268801,0.048210035238638,0.618745550730071,0.0779157687384644,0.93789505590458,0.999550560551813
"Laptm4b",18.9510498902067,0.0352726863384293,0.453972847682969,0.0776977885758091,0.938068453250764,0.999550560551813
"Klf5",27.4665473355334,0.0339093177678452,0.437215492285815,0.0775574479087262,0.938180092024681,0.999550560551813
"Retreg3",18.1983935149787,0.0375650115984391,0.488549155779735,0.0768909559130944,0.938710292383315,0.999550560551813
"Slc15a4",9.02071287292308,0.0476756955353297,0.620266078835165,0.0768632965143971,0.938732296271821,0.999550560551813
"Rnf130",39.6016229338085,0.0311135114078441,0.405861819875288,0.0766603555303737,0.938893743394348,0.999550560551813
"Slc25a11",30.935579048888,0.0296647080465801,0.387568089968751,0.0765406358634217,0.938988986033319,0.999550560551813
"Usp1",14.4834135164829,0.0383293939114552,0.501248219900988,0.0764678903378977,0.939046858954656,0.999550560551813
"Ehmt2",33.0644866370433,0.0287909908576318,0.376886586308283,0.0763916570755362,0.939107506900958,0.999550560551813
"Fip1l1",37.119484974396,0.0283346880647809,0.371670217052389,0.0762361006203169,0.939231262106321,0.999550560551813
"Rab33b",11.1585854068592,0.0454302406902226,0.596016848987236,0.0762230812223154,0.939241619944772,0.999550560551813
"Fundc2",91.1281376953899,0.0225873133593871,0.296679689484946,0.0761336692734177,0.93931275365897,0.999550560551813
"Rbm25",107.903388700822,0.0223973028729479,0.294386328957216,0.0760813280707847,0.939354395120642,0.999550560551813
"Tbc1d12",16.6271082149377,0.0368937272995622,0.486745668270791,0.07579672445906,0.939580822133113,0.999550560551813
"Swt1",60.8985073890375,0.0302333565192023,0.400155659915667,0.0755539894789292,0.939773942855225,0.999550560551813
"Hsd17b12",32.3606314704948,0.0304304770368381,0.403759317452846,0.0753678632825408,0.939922027848686,0.999550560551813
"Mrpl57",42.7874590349489,0.0285509257688215,0.381654387075037,0.0748083258982901,0.940367217273877,0.999550560551813
"Ctdsp1",37.2588861813953,0.028415844092791,0.382317477735476,0.0743252551808574,0.940751581877381,0.999550560551813
"Iars2",14.2503264003038,0.0416157704941389,0.560696573511607,0.0742215530826271,0.940834096269356,0.999550560551813
"Pdgfrl",76.7469453869307,0.0320454621936446,0.436190616811133,0.0734666472835201,0.94143478394215,0.999550560551813
"Agfg1",31.7164589983355,0.0284062456464556,0.387089269774383,0.0733842239104492,0.941500371240222,0.999550560551813
"Hp1bp3",57.0915624069478,0.0251603248957161,0.343014733884992,0.0733505660551365,0.94152715414307,0.999550560551813
"Kpna6",13.5318530890656,0.0399644363142653,0.5495302393879,0.0727247264113801,0.9420251718141,0.999550560551813
"Trappc10",13.8352670206531,0.0372720165731792,0.512916340368062,0.0726668535192958,0.942071225849889,0.999550560551813
"Ndufv3",90.7798102634086,0.0205193081387141,0.283621528796513,0.0723474985336388,0.942325365339917,0.999550560551813
"Arpc2",179.401376944105,0.0185817713758654,0.258394329145813,0.0719124581305329,0.942671575565902,0.999550560551813
"Bscl2",33.2986356054392,0.0270400270376277,0.37675333868736,0.0717711676606168,0.942784018502774,0.999550560551813
"Baz1b",41.2031576490451,0.0266226111550532,0.373865452204497,0.0712090699958313,0.943231362931186,0.999550560551813
"Gnai1",17.1960171753432,0.0381039044824555,0.535290351728933,0.0711836190571785,0.943251618440312,0.999550560551813
"Pth1r",69.1185716403603,0.0259608451071896,0.365484593121301,0.0710312981608324,0.9433728460641,0.999550560551813
"Arap1",41.8524109388347,0.0258604120893259,0.365361474044134,0.0707803474818533,0.943572573027058,0.999550560551813
"Sap18b",9.35130224784215,0.0421135947000089,0.596750036174065,0.0705715829864229,0.943738727497421,0.999550560551813
"Ankhd1",29.5769921513864,0.0276815626438271,0.392963764828224,0.0704430411183776,0.943841034454653,0.999550560551813
"Slc39a1",119.74622079379,0.0209857692174283,0.298292486870839,0.0703529929217264,0.943912704705638,0.999550560551813
"Pard3",20.1500212756774,0.0306830374215173,0.436391544627477,0.0703107972628334,0.943946288804455,0.999550560551813
"Acat1",51.2632215187622,0.0235822441741212,0.336148315116969,0.0701542834326429,0.944070861160405,0.999550560551813
"Rgcc",82.1062892606556,0.0233031981259136,0.33259785950518,0.0700641855019233,0.944142572450093,0.999550560551813
"Rps18",1236.17764827156,0.0170474843599268,0.243915838773969,0.0698908461443714,0.944280539032196,0.999550560551813
"Rex1bd",73.6069783371739,0.0217755656230962,0.312232826843672,0.0697414357203341,0.944399461118603,0.999550560551813
"Riok3",34.1953282308243,0.0258530447428066,0.370717224110542,0.0697379108964671,0.944402266690224,0.999550560551813
"Dync1li1",22.3506080496154,0.031229334516281,0.449355318099545,0.0694980859431218,0.944593156167639,0.999550560551813
"Hsd17b7",12.9345022103946,0.0373663477933542,0.537809652933259,0.0694787599842343,0.94460853886822,0.999550560551813
"Sh3kbp1",27.732023949756,0.0314080098592279,0.453048084989173,0.0693259962901697,0.944730133466384,0.999550560551813
"Cldnd1",56.6783741295991,0.0231081222382057,0.333796499042681,0.0692281743651571,0.944807996999872,0.999550560551813
"Ddit3",49.6518126168877,0.0277237414227386,0.404203699872212,0.06858853947033,0.945317141560999,0.999550560551813
"Luzp1",63.0098425790268,0.0216256032311011,0.315803014656794,0.0684781405731774,0.94540502051824,0.999550560551813
"Top2b",42.6503024380484,0.0238161865908484,0.34790849174299,0.0684553184417302,0.945423187314444,0.999550560551813
"Ppil4",19.2658857655547,0.0339485006561243,0.499307296060663,0.0679911968520478,0.9457926419634,0.999550560551813
"Stard9",17.8299289212873,0.0357865563088125,0.529088436065241,0.0676381373498771,0.946073695685179,0.999550560551813
"H13",53.659271531747,0.0220129136008213,0.330087171512402,0.0666881827002302,0.946829942207789,0.999550560551813
"Dazap2",50.7243881758076,0.0219862750069478,0.329834852925006,0.0666584347044332,0.946853624976944,0.999550560551813
"Ndufaf2",19.7368637107287,0.0306694638685071,0.461283346594206,0.0664872558156479,0.946989903644734,0.999550560551813
"Xist",447.150115587177,0.0205136479541352,0.312600048644286,0.0656226639858208,0.947678244751656,0.999550560551813
"Cbx6",37.5462843757136,0.0259236375189339,0.39507191840183,0.065617514967406,0.947682344238258,0.999550560551813
"Rspo3",120.899369144261,0.0304437498168905,0.465097810678767,0.0654566611966217,0.947810411651034,0.999550560551813
"Cpne3",31.389209701526,0.0250233286090705,0.387832586026116,0.0645209544289954,0.948555422651057,0.999550560551813
"Fmr1",40.0718001462001,0.0241420808381483,0.375403001731185,0.0643097703716172,0.948723573929161,0.999550560551813
"Hsd11b1",51.5847096752583,0.0320922207757733,0.500952434143925,0.0640624110962062,0.948920531938174,0.999550560551813
"Adgrl3",9.34102765629719,0.0508047377929358,0.793430585230117,0.0640317360317046,0.948944956951092,0.999550560551813
"Pappa2",41.0656063351134,0.0666301705785757,1.04815066924204,0.0635692677912027,0.949313202980099,0.999550560551813
"Nabp1",9.56896915799615,0.0428379160027954,0.679183857021912,0.0630726357228678,0.949708664430703,0.999550560551813
"Emc2",36.9643184414021,0.0227284200762547,0.363412973505951,0.062541575929409,0.950131553919733,0.999550560551813
"S100a4",547.878141870407,0.0213781712742619,0.34361223933278,0.0622159772765186,0.950390839111878,0.999550560551813
"Tank",12.8447681936936,0.0344216335912664,0.560423407239515,0.0614207635630666,0.951024116644442,0.999550560551813
"Sike1",22.3284814537683,0.0259776804610618,0.428207447543525,0.0606661108070086,0.951625121606479,0.999550560551813
"Stat6",15.3750340300523,0.0313769034275807,0.52015618523389,0.0603220807870851,0.951899116041329,0.999550560551813
"Tnpo1",41.7699417598433,0.0216866533524953,0.361329840031594,0.060018993589345,0.952140507262624,0.999550560551813
"Akap13",106.767962442061,0.0176076268995056,0.293750771196858,0.0599407001648545,0.952202864109342,0.999550560551813
"Wisp2",59.78812006061,0.0279227095244842,0.471042806926555,0.059278496803026,0.952730288056468,0.999550560551813
"Abhd12",22.0597202694495,0.0263800349817922,0.447333454495953,0.058971746281567,0.952974612135551,0.999550560551813
"H2-Q4",119.302466442569,0.0259397736240427,0.440429213749656,0.0588965781883559,0.953034483532511,0.999550560551813
"Rpl19",1587.50639585924,0.0146251009234361,0.249682464152352,0.0585748020914763,0.953290781231308,0.999550560551813
"Plac9b",65.4895102733009,0.0572983177329494,0.983421068706191,0.0582642771812203,0.953538121834362,0.999550560551813
"Rpl23a",407.612473187837,0.0142576801111564,0.245306443822718,0.0581219143246816,0.953651518791094,0.999550560551813
"Xpa",19.9552137715618,0.0265173972156688,0.458171746307496,0.0578765439584134,0.953846967005756,0.999550560551813
"Selenot",39.7890698537859,0.0213052534840274,0.368999534994004,0.0577378870799218,0.953957414494252,0.999550560551813
"Impdh1",16.7377689054386,0.0277048875557509,0.481651827118056,0.0575205698305391,0.954130520878962,0.999550560551813
"Actr10",51.4580001784732,0.0197920150647609,0.344994497727618,0.0573690745653202,0.954251197337067,0.999550560551813
"Nub1",17.4191807022839,0.0286915295319904,0.502024160999982,0.0571516906175187,0.954424360520108,0.999550560551813
"Gm11808",514.861629256839,0.0184214261982806,0.32299755738356,0.057032710548969,0.954519138288867,0.999550560551813
"Emp3",311.735723414268,0.0144625445999287,0.253822070656299,0.0569790663299427,0.954561870693425,0.999550560551813
"Thap12",28.9058837904907,0.0227328225680377,0.399633156790693,0.0568842253996055,0.954637420272069,0.999550560551813
"Pygb",13.7278912276285,0.0303055827769035,0.534671272817754,0.0566807762406816,0.954799487730692,0.999550560551813
"Eif4g3",44.0515727483425,0.0191324681275031,0.340545404007858,0.0561818421342183,0.955196946191111,0.999550560551813
"Cr1l",40.5165461684244,0.0206294353284171,0.367863776759305,0.0560790070448144,0.955278867567766,0.999550560551813
"Dgcr2",15.3297665135691,0.0282362570538291,0.50469687787993,0.0559469620110205,0.955384059115141,0.999550560551813
"Sec24c",17.8757031067096,0.0264636889607631,0.473152067458181,0.0559306210008309,0.955397076971535,0.999550560551813
"Hs3st1",13.7916232404085,0.0313244856619491,0.564362378578062,0.0555042058984737,0.955736779295113,0.999550560551813
"Ralgapb",14.2689067547092,0.0301138562924383,0.548778406368663,0.054874346262466,0.956238569792828,0.999550560551813
"Mettl1",22.0334142118287,0.0237360409367337,0.435183719464343,0.0545425756412712,0.956502888596708,0.999550560551813
"Btbd9",9.4335889232742,0.0325261087461616,0.59655225148576,0.0545234866940033,0.95651809674281,0.999550560551813
"Stx12",30.0191050018768,0.0212404643936871,0.391041008730141,0.0543177414119889,0.956682014816544,0.999550560551813
"Vamp7",21.0583367360678,0.0266964810129578,0.491610471589772,0.0543041341788888,0.956692855817223,0.999550560551813
"Mlxip",18.9532196815568,0.0252800517497896,0.471402291292167,0.0536273416925789,0.957232072330333,0.999550560551813
"Trib2",8.9590368008624,0.0380299612895394,0.709997794376737,0.0535634921555264,0.957282943774344,0.999550560551813
"Slc35a1",16.8203339428171,0.0254557470564947,0.47714562087419,0.0533500590655251,0.957452995595309,0.999550560551813
"Piezo1",23.0750802367962,0.0235875139850593,0.443194942481809,0.0532215323870205,0.957555399562736,0.999550560551813
"Erg28",27.9366255099768,0.0212929060048714,0.402536219405751,0.0528968698426822,0.95781407841026,0.999550560551813
"Crkl",15.1480279537839,0.0270393895445153,0.511305363968522,0.0528830547261382,0.957825085871833,0.999550560551813
"Map7d1",76.4847896412786,0.0187683382001943,0.355118309060224,0.05285094494244,0.957850669994718,0.999550560551813
"Itfg1",26.8330013195298,0.021935141259573,0.422240246479753,0.0519494326806783,0.958568985839637,0.999550560551813
"Katnbl1",12.790275940548,0.0279459648823069,0.538624547750816,0.0518839421615733,0.958621169340089,0.999550560551813
"Ttyh2",12.674021097183,0.0342796609252625,0.672716940872759,0.050957035333151,0.959359756878315,0.999550560551813
"Cox6b1",214.585142624734,0.0142797745621203,0.281507448683789,0.0507260984705257,0.959543779844101,0.999550560551813
"Tatdn2",9.94380759769554,0.0303542147329579,0.598986186717172,0.0506759845319946,0.959583713622135,0.999550560551813
"Ddx21",52.5342459149076,0.0163550834823213,0.324955943091551,0.0503301565335997,0.959859292776586,0.999550560551813
"Dhx33",10.4088429270795,0.032751603930175,0.650836109524838,0.0503223522033622,0.959865511850577,0.999550560551813
"Wdr20",14.1677035621577,0.0264068602599084,0.524848402719806,0.0503133097539516,0.959872717553575,0.999550560551813
"Ankrd16",13.8849411607291,0.0271050255484596,0.541560656894807,0.0500498424384704,0.960082669540219,0.999550560551813
"Gcsh",27.2484572220513,0.0200975964356666,0.401780965781589,0.0500212756385075,0.960105434034911,0.999550560551813
"Anapc7",14.3660520356276,0.0249073971596497,0.497985445594268,0.0500163154967844,0.96010938670776,0.999550560551813
"Ogfr",25.9984416636739,0.0215978538317875,0.434678037536771,0.0496870142190252,0.960371804830029,0.999550560551813
"Med28",46.8252953599289,0.0166609779951616,0.341010529965385,0.0488576642980871,0.961032727539407,0.999550560551813
"Nr3c1",56.176598330593,0.015847693881115,0.327466868828734,0.048394800786407,0.961401602823213,0.999550560551813
"Rpl32",1415.93322869866,0.0115950361131281,0.240341734924398,0.0482439561184637,0.961521819034643,0.999550560551813
"Lrp10",36.1628437613907,0.0181371859659815,0.376006291960086,0.0482363895333614,0.961527849275461,0.999550560551813
"Mboat7",12.1998706108527,0.0263854129278994,0.547051944721498,0.0482320064529377,0.96153134240185,0.999550560551813
"Capn1",29.4126068572451,0.020753476059678,0.431309099174873,0.0481174083722809,0.961622672400099,0.999550560551813
"Virma",10.6895919266122,0.0283391683602818,0.598370134413547,0.0473605996195925,0.962225830710565,0.999550560551813
"Crat",11.2925395319774,0.0257101377722078,0.546601493711907,0.0470363474450339,0.962484258503684,0.999550560551813
"Tspan17",37.9249192802313,0.0194978701119241,0.414623835474371,0.0470254443756631,0.962492948278604,0.999550560551813
"Stambpl1",24.8864839116457,0.0216501784917469,0.460815608810887,0.046982302851273,0.96252733223052,0.999550560551813
"Ddost",147.79040471231,0.0126667084181082,0.271559260051832,0.0466443619550685,0.962796674760559,0.999550560551813
"P4ha2",68.9967788805775,0.0201640260226333,0.433107787253855,0.0465566000336418,0.962866622651832,0.999550560551813
"Flii",25.6667128194283,0.0186048380579365,0.400125616391644,0.046497493026605,0.962913732201992,0.999550560551813
"Eif2b1",10.7227171064224,0.0261605970236043,0.567778046953663,0.046075393657725,0.963250158190577,0.999550560551813
"Socs2",29.3477784803145,0.0209819706028362,0.455798290409742,0.0460334561237042,0.963283584034409,0.999550560551813
"Abhd14a",32.7571550859387,0.0170008138164743,0.371486667908401,0.0457642636603751,0.963498142419416,0.999550560551813
"Gsdmd",14.3837498887242,0.0228596668717396,0.500734794402123,0.0456522437172237,0.963587428083989,0.999550560551813
"Myl12b",119.432841078508,0.0130743538485283,0.288136594295226,0.045375541001683,0.963807976355147,0.999550560551813
"Rilpl2",17.2276830376661,0.021026487130794,0.46543508067445,0.0451759826533166,0.963967037766882,0.999550560551813
"Ssna1",29.8567543664847,0.0178450651491694,0.395472400088501,0.0451234147950045,0.96400893812081,0.999550560551813
"Ipo9",10.7973570899559,0.0261317856186958,0.587585092802466,0.0444731936510867,0.964527219196461,0.999550560551813
"Stx8",27.6256054178367,0.0180476470264636,0.411687137007584,0.0438382582405802,0.965033330718609,0.999550560551813
"Trir",86.0202281007329,0.0137074695462947,0.314264865480343,0.0436175692925244,0.965209246755017,0.999550560551813
"Cped1",91.2528845073299,0.014561563690517,0.335243744778088,0.0434357506063414,0.965354179719508,0.999550560551813
"Zc3h4",11.1959547064243,0.0240772825578379,0.556686108961703,0.0432510927976008,0.965501377002715,0.999550560551813
"Hook2",10.5845035996052,0.0257091570284733,0.596076633102631,0.0431306238170332,0.965597407730251,0.999550560551813
"Srsf1",42.4779495975428,0.0153439481702498,0.356381490752699,0.043054840300046,0.965657818111813,0.999550560551813
"Efna2",15.1274418969924,0.0213967594354156,0.503219797988725,0.0425197091230004,0.96608440034922,0.999550560551813
"Rpl6",1248.30124394344,0.010357512892654,0.243949653994749,0.0424575838622706,0.966133924412877,0.999550560551813
"Slirp",38.4082167911431,0.0154043456657258,0.36498680590361,0.0422052123982641,0.966335107371659,0.999550560551813
"Fndc4",17.2487256621387,0.0197344748778961,0.470321136010334,0.0419595747818198,0.966530924367207,0.999550560551813
"Tmem208",45.4046162387134,0.015447655943007,0.369394893231713,0.0418188129453024,0.966643137569513,0.999550560551813
"Gm12840",167.027805101755,0.0475151492294316,1.14590252212084,0.0414652628056796,0.966924985289619,0.999550560551813
"Zbtb41",9.86828338885869,0.023875175003201,0.588779077402711,0.04055031151671,0.96765439721002,0.999550560551813
"Fbxo22",16.9026952660871,0.0209439422600007,0.516547575567011,0.0405460082491157,0.967657827899345,0.999550560551813
"Ankrd13c",25.1555544217517,0.0202938450893707,0.502906152891522,0.0403531453586094,0.967811584384587,0.999550560551813
"Kansl1l",28.8404550056701,0.0162582180126226,0.403562851150667,0.0402867061878119,0.967864552100973,0.999550560551813
"Uri1",16.9839426284044,0.0188921611356357,0.473643283408196,0.0398868975818539,0.968183297006076,0.999550560551813
"Polr2b",13.7787279549543,0.020153296054339,0.5059627514079,0.0398315804834647,0.968227398617491,0.999550560551813
"Tm7sf3",63.1202567651547,0.0142557834786218,0.358412780214633,0.0397747632494711,0.968272696314659,0.999550560551813
"Fam53a",16.4172520856463,0.0215513142626276,0.542626658525059,0.0397166521844085,0.968319025628121,0.999550560551813
"Pfn2",52.2274021933881,0.0183922307729629,0.470708974189236,0.039073465307608,0.968831816425435,0.999550560551813
"Cs",33.1830419963695,0.0150029788189056,0.386827380127258,0.0387846868904935,0.969062053739818,0.999550560551813
"9030624J02Rik",19.4548312966275,0.0173823730546294,0.448799883078274,0.0387307878411317,0.96910502667086,0.999550560551813
"Cdk10",8.71756491050609,0.02401406656109,0.623100944871167,0.038539608644078,0.969257451796983,0.999550560551813
"Setx",16.1933564982462,0.0194162175362992,0.503833334629723,0.0385369847562162,0.969259543802497,0.999550560551813
"Ddx23",12.7170740370426,0.0204509615514062,0.53940083219461,0.037914219502034,0.969756075677887,0.999550560551813
"Ncoa4",16.9103888602882,0.0190825051391322,0.505381770264296,0.0377585941201494,0.969880157917766,0.999550560551813
"Pcdh18",18.0765003122973,0.0186831581429208,0.496212399601906,0.0376515342178262,0.969965518661815,0.999550560551813
"Sec61a2",13.2244761299693,0.0198836487434516,0.530252623996172,0.0374984447858104,0.970087580157419,0.999550560551813
"Lpin2",14.1122741595868,0.0197325013256841,0.529390184328604,0.0372740219025967,0.970266518613079,0.999550560551813
"Sumf1",16.1598826064764,0.0180513219742225,0.486974874161195,0.0370682820244382,0.97043056191709,0.999550560551813
"Prep",10.6182769982163,0.0211920578358722,0.571810134815984,0.0370613540151611,0.970436085873019,0.999550560551813
"Cdr2l",27.1002105462797,0.0150834582387275,0.409092460952285,0.0368705358285417,0.970588232769364,0.999550560551813
"Stub1",71.0298713054542,0.0122714748762319,0.336376187892871,0.0364814018290144,0.970898508027757,0.999550560551813
"Glg1",63.7905455563212,0.0124089503992997,0.343189459974778,0.0361577258235485,0.971156593836069,0.999550560551813
"Trap1",15.4744217426811,0.0184290263786727,0.511212477405979,0.0360496411828332,0.971242776715151,0.999550560551813
"Pde4d",21.5371539767215,0.017275588243145,0.482741071964763,0.035786447945755,0.971452639118882,0.999550560551813
"Sdf2l1",25.2109905689638,0.0151660756912843,0.427375306957501,0.0354865511516145,0.97169177024815,0.999550560551813
"Zfp9",26.1002464217577,0.0151477925983784,0.429083012117213,0.0353027087314295,0.971838363423379,0.999550560551813
"Zdhhc17",9.26072941382946,0.0218942959512794,0.620735432784015,0.0352715421014117,0.971863215318907,0.999550560551813
"Ap2a2",56.034798492734,0.0114843184251814,0.327732180890527,0.0350417783019529,0.972046427047729,0.999550560551813
"Ddx24",47.214321463832,0.0122532584451509,0.350456054344504,0.0349637516408997,0.972108645189588,0.999550560551813
"Sfr1",178.696084664866,0.0100264078631562,0.290335737149351,0.0345338398972172,0.972451458097591,0.999550560551813
"Cpsf3",12.7978479846086,0.0187774183077066,0.543889300922873,0.0345243384560885,0.972459034632834,0.999550560551813
"Ostf1",69.0390288346418,0.011042320451873,0.322667832039387,0.0342219439170035,0.97270016807271,0.999550560551813
"Nid2",27.1573285578784,0.0197771043455184,0.585655484139898,0.0337691780937787,0.973061214239152,0.999550560551813
"Kctd5",10.4393413255068,0.0189619058093689,0.579784684819717,0.0327050822587096,0.973909771004464,0.999550560551813
"Rab5a",67.8976996926753,0.00999316831374187,0.308544877169644,0.0323880545527496,0.974162588577684,0.999550560551813
"Setd1b",23.5214203599712,0.014306530620857,0.44304222691906,0.0322915734699723,0.974239529098846,0.999550560551813
"Supt6",25.441219471026,0.013075121687194,0.406644657517824,0.0321536787597434,0.97434949605503,0.999550560551813
"Tnrc6c",55.7457589687345,0.0109910025293193,0.348263914173952,0.0315594067659549,0.974823415959524,0.999550560551813
"Cbl",25.9615971623669,0.0131225297790609,0.418307524589273,0.0313705324616038,0.97497404126935,0.999550560551813
"Ndufa6",96.9634102161472,0.00887703960975436,0.285568895765519,0.0310854569296066,0.975201387754451,0.999550560551813
"Memo1",14.6534084139442,0.0163672454084021,0.527295598511583,0.0310399810933423,0.975237654721009,0.999550560551813
"Hadhb",36.5834768061783,0.0114712384905033,0.377880994085046,0.0303567490031574,0.975782538239837,0.999550560551813
"Ints11",10.7960574071385,0.0171881229590735,0.568396434444118,0.0302396741384967,0.975875907601238,0.999550560551813
"Nrbp1",40.6622191703145,0.0108764291566611,0.362464431821896,0.0300068867502162,0.976061560812788,0.999550560551813
"Tcf4",277.784487851029,0.0086246482128774,0.290282004496764,0.0297112741378136,0.976297320430442,0.999550560551813
"Rps5",1418.29323707228,0.00756309573030892,0.255457421887737,0.0296060912007192,0.976381207368809,0.999550560551813
"Pin1",34.2269700790842,0.0127141227274874,0.429841198852697,0.0295786508166808,0.97640309204318,0.999550560551813
"Cbll1",9.14849182373819,0.0184770046903858,0.626960128244109,0.0294707810879988,0.976489122129465,0.999550560551813
"1500011K16Rik",19.8715266782794,0.0137785265553438,0.468220400190624,0.0294274374840017,0.976523690329015,0.999550560551813
"Ier3",442.728928225215,0.00935773291879268,0.321794392961698,0.0290798507477615,0.976800905775504,0.999550560551813
"Grcc10",61.0309036079818,0.00978055664359125,0.341711377425044,0.0286222739122482,0.977165847347422,0.999550560551813
"H2-T22",54.5309193023578,0.0102379397475539,0.358073119749428,0.0285917573335809,0.977190186093406,0.999550560551813
"Ssh1",13.3729190037193,0.0150654501488802,0.532648293439318,0.0282840484695865,0.977435602988097,0.999550560551813
"Mrpl4",33.2447637599049,0.0103717458782216,0.375323254450647,0.0276341680277777,0.977953929919147,0.999550560551813
"Ndrg1",147.175178431836,0.0125501861109199,0.455823880077942,0.0275329719644657,0.97803464198478,0.999550560551813
"Gosr2",20.3397454203749,0.0119762965189784,0.444454968903367,0.026946029084855,0.978502780930257,0.999550560551813
"Dscr3",10.8592599283941,0.0157195198512258,0.58473106727765,0.0268833327505782,0.978552787251816,0.999550560551813
"Evc2",13.8223439240092,0.0151404573724204,0.563673680497528,0.0268603234393641,0.978571139398793,0.999550560551813
"Dstn",189.62172755591,0.00681450244384454,0.25796735165749,0.0264161429733648,0.978925418412221,0.999550560551813
"Alpk2",31.6554395263948,0.033484195017102,1.26778479841544,0.0264115763645004,0.978929060768086,0.999550560551813
"Brk1",99.7822074108483,0.00753015088300647,0.29004828948744,0.0259617145004144,0.979287875552919,0.999550560551813
"Cmtm7",42.9004627802345,0.00918401804117963,0.35627808784038,0.0257776673745209,0.979434674782678,0.999550560551813
"Zfp422",10.2503440154856,0.0149216062406104,0.586294710662594,0.0254506922359011,0.979695477627779,0.999550560551813
"Gm30025",10.5036486332446,0.014929793354506,0.590154772037925,0.0252980981632164,0.979817190892871,0.999550560551813
"Mthfd2",19.5915407493512,0.0148428027656473,0.594978403874729,0.0249467924700885,0.98009740383973,0.999550560551813
"C1d",45.2254363181423,0.0084345738946896,0.341961685103635,0.0246652600630781,0.980321965098635,0.999550560551813
"Foxo3",29.8877561692414,0.0102144664906555,0.416987945225393,0.0244958316124327,0.980457108610163,0.999550560551813
"Kctd17",27.8772419245802,0.00942493012769573,0.390633165847221,0.0241273167557459,0.980751054041628,0.999550560551813
"Mrpl35",21.9272856168385,0.0109962846994758,0.458887681149232,0.0239629110808485,0.980882192875603,0.999550560551813
"mt-Co3",3853.14088190782,0.00804217131243938,0.338255974418682,0.023775400645208,0.981031761943416,0.999550560551813
"Sirt5",8.8768716755708,0.0148878308234605,0.633788921780596,0.0234902036180026,0.981259252710709,0.999550560551813
"D830025C05Rik",27.9721517574015,0.01199184730813,0.515552501005552,0.0232601864693521,0.981442729709193,0.999550560551813
"Rps26",855.684048838914,0.00589084492267909,0.253291633606943,0.0232571634474926,0.981445141079339,0.999550560551813
"Pdia5",17.8871614303993,0.0126571276396085,0.56156855053632,0.0225388826128537,0.982018096029899,0.999550560551813
"Thoc3",13.6159196067076,0.0112100375934954,0.50786308135093,0.0220729523470703,0.982389762118549,0.999550560551813
"Fgfr1",219.736758299209,0.00613917856328392,0.278912997270331,0.0220110881291547,0.982439110633421,0.999550560551813
"Eef1a1",2784.42517856595,0.004462399852437,0.216387603005258,0.0206222528022022,0.983546989070454,0.999550560551813
"Smim12",12.2784743447169,0.0109839688545437,0.545402489677599,0.0201391982296168,0.983932330813423,0.999550560551813
"Dlst",49.4734028365355,0.00661444229953317,0.328749291677931,0.0201200199269576,0.983947629785122,0.999550560551813
"Efr3a",39.3860049876861,0.0081774356792732,0.408321687642943,0.0200269442617115,0.98402187846082,0.999550560551813
"Lgmn",50.4975071028012,0.00770572783397579,0.396738434135073,0.0194226905461655,0.984503909383304,0.999550560551813
"Sppl2b",10.5076797079509,0.0107841816583101,0.562002699547716,0.0191888431621217,0.98469045783247,0.999550560551813
"Agpat3",34.0829377044001,0.00759106012466541,0.406397078212124,0.0186789239678125,0.98509724155958,0.999550560551813
"Krtdap",8.85207236789389,0.0448344922353106,2.48323152133074,0.0180548981640199,0.985595058131238,0.999550560551813
"Msantd2",14.1610594273975,0.00940952003381527,0.528412958094095,0.0178071333976252,0.985792714034701,0.999550560551813
"Tap1",23.416590302625,0.00740884969683749,0.420860816664951,0.0176040377328254,0.985954735531864,0.999550560551813
"Slc25a28",17.4448335718936,0.00857995721904702,0.510335068844622,0.0168123998189497,0.986586277670669,0.999550560551813
"Tprgl",70.5032949174749,0.00583663284354478,0.348900387944781,0.0167286510568986,0.986653090118698,0.999550560551813
"Morf4l2",168.365511087113,0.00453706558683514,0.273159942356203,0.0166095568321608,0.986748100361197,0.999550560551813
"Naglu",15.1152248199173,0.00905257545303932,0.546231874416047,0.0165727704241299,0.98677744762877,0.999550560551813
"Pan3",33.0159366042461,0.00672594260470956,0.41181647348601,0.0163323787117468,0.986969226506362,0.999550560551813
"Ssr4",239.329839888787,0.00437424952085494,0.272413483314923,0.0160573899192725,0.987188607046758,0.999550560551813
"Psmd6",50.0499906659152,0.0059827653144928,0.374967124935158,0.0159554396016114,0.987269941211363,0.999550560551813
"Bub3",34.5431870297288,0.0059974208431485,0.377957203106463,0.0158679892693013,0.987339707648943,0.999550560551813
"Iglon5",10.2490443326681,0.00866949433263654,0.575786840429558,0.0150567774806537,0.987986883623148,0.999550560551813
"Srebf1",27.7457104443847,0.00630839893698875,0.423235504804194,0.0149051742242354,0.98810783194774,0.999550560551813
"Appl1",29.7601751403993,0.00562086209837102,0.385375179918456,0.0145854284117633,0.988362924460693,0.999550560551813
"Rnaseh2a",8.93059660659149,0.00895696175697033,0.615735470725485,0.0145467691611413,0.988393766807792,0.999550560551813
"Rpl9",1327.09453585075,0.00337745096689579,0.238124058170545,0.0141835772195552,0.988683522150761,0.999550560551813
"Alg14",16.6440807059119,0.00714083534525507,0.507174302506433,0.0140796473913709,0.988766437876388,0.999550560551813
"Zfp451",28.5779144036462,0.00575630027270259,0.411850451621966,0.0139766758784236,0.988848589173088,0.999550560551813
"Trim47",37.7083951461174,0.00532506429748413,0.387348493328779,0.0137474764693721,0.989031446273021,0.999550560551813
"Trio",51.604767002726,0.00453000464118455,0.33117696123269,0.0136785017421598,0.98908647496873,0.999550560551813
"Ssbp3",63.5894480965675,0.0043799806575061,0.3285878309638,0.0133297104906743,0.989364744747905,0.999550560551813
"Arhgef25",41.9612199134845,0.00470809656068667,0.353907712528103,0.0133031759241834,0.98938591439177,0.999550560551813
"Stk24",28.9557417357691,0.00533720804476309,0.412947299253613,0.0129246711491028,0.98968789153882,0.999550560551813
"Fbxo9",12.825532827179,0.00677697934364569,0.524783820508951,0.012913849624924,0.989696525145351,0.999550560551813
"Gab2",8.16616602755045,0.00919095118579447,0.717369890464796,0.0128120113597735,0.989777773603019,0.999550560551813
"Arl4a",79.6668588548887,0.00545307334210121,0.438150142529137,0.0124456728705471,0.990070046118108,0.999550560551813
"Cog5",13.0715670077606,0.00735893414297585,0.597190240269076,0.0123225961289323,0.990168239619875,0.999550560551813
"Ambra1",9.47710588129081,0.00726136676860572,0.609460164689696,0.0119144239267923,0.990493890002745,0.999550560551813
"Sulf1",43.1175223034037,0.0051398378973647,0.436283245157553,0.0117809655869516,0.990600366878306,0.999550560551813
"Nono",66.4014630842708,0.00385122412432536,0.331940828229356,0.0116021404925348,0.99074303890861,0.999550560551813
"Phf12",18.8215505269726,0.00522485210705481,0.458713625392133,0.0113902265331411,0.990912110611897,0.999550560551813
"Hgsnat",18.371504527686,0.00549760124521935,0.48490648773297,0.0113374462588069,0.990954220458845,0.999550560551813
"Arhgef10l",14.2140265599011,0.00553721677176428,0.51230814591129,0.0108083715161599,0.991376335144202,0.999550560551813
"Irf2bpl",50.6611312337121,0.00360858258792218,0.346727771516336,0.0104075383755413,0.99169613572254,0.999550560551813
"Mgat2",50.3767610369138,0.00338212493463386,0.344360858975064,0.00982145573890197,0.992163738083791,0.999550560551813
"Smad5",30.8462726874021,0.00383401820559691,0.392687300617517,0.00976354009810796,0.992209945863849,0.999550560551813
"Atp5o-1",125.052406160581,0.00281870138541362,0.293461547635979,0.00960501097373769,0.99233642787328,0.999550560551813
"Elovl1",35.5349179197921,0.00365653619163689,0.380878712193719,0.00960026400681888,0.992340215230274,0.999550560551813
"Coq8b",14.8709245341115,0.00493633162533879,0.518265237415341,0.00952472068155089,0.992400487327421,0.999550560551813
"Rusc1",9.6855752871509,0.00554338311954615,0.616597569939643,0.00899027727288769,0.992826893194585,0.999550560551813
"Pknox1",17.7384312036118,0.00431946833756722,0.487520283602309,0.00886007922716666,0.992930772067523,0.999550560551813
"Ddx3y",16.1392954045114,0.00534143004522476,0.614997325008912,0.00868528988341106,0.993070228419737,0.999550560551813
"Fcho2",32.9682994114729,0.00311197019650988,0.384369512722179,0.00809629820656251,0.993540159235213,0.999550560551813
"Armcx2",25.9582464154759,0.00341301858027303,0.43259939140173,0.00788955936626261,0.993705107694605,0.999550560551813
"Ubap2l",93.3844298267698,0.00219581610230925,0.283675124541155,0.00774060152740212,0.993823955224942,0.999550560551813
"Slc7a5",10.7926136247242,0.00450395107263276,0.587255867413182,0.0076694867136404,0.993880694952596,0.999550560551813
"Mpp6",34.3116763907885,0.00328691625276935,0.473095537940298,0.0069476796739185,0.994456598251713,0.999550560551813
"Daxx",11.1797583335912,0.00380945125645693,0.554831524763827,0.00686596036171248,0.994521799274025,0.999550560551813
"Lrig2",8.83273009046461,0.00434860083682835,0.63693231504085,0.0068274143643496,0.994552553809349,0.999550560551813
"Kdm4c",9.68679280600026,0.00423075377605959,0.62863150633029,0.00673010139239936,0.994630196543281,0.999550560551813
"Rps23",1523.70014621355,0.00166695889134942,0.24901319922188,0.0066942591660135,0.994658793858127,0.999550560551813
"Ppp1r18",36.3489982757087,0.00242399260909676,0.368800606462962,0.00657263726419657,0.994755831960793,0.999550560551813
"Gon7",18.684574255243,0.00320835275311833,0.529813763547747,0.00605562364336198,0.995168340918902,0.999550560551813
"Dnm1l",21.2113868856832,0.00261063889423626,0.435449764585054,0.00599526996351457,0.995216495314077,0.999550560551813
"Tars",21.9938666036106,0.00246741785831453,0.444416956780463,0.00555203355918169,0.995570140900539,0.999550560551813
"Tusc2",18.9045628919074,0.00259483588818347,0.504335129989011,0.00514506274476659,0.995894851983284,0.999550560551813
"Adprhl2",12.2542662997765,0.00270550982744467,0.540834868006679,0.00500246930715876,0.9960086236211,0.999550560551813
"Abcc1",14.2399266836156,0.00244169960692143,0.515199508534455,0.0047393282921933,0.996218577282991,0.999550560551813
"Bloc1s1",53.8706270782316,0.00152239903042009,0.345931401915347,0.00440086971576127,0.996488625334208,0.999550560551813
"Gltp",23.8642205850096,0.00185617322263676,0.457570054244137,0.00405658806869035,0.996763319887542,0.999550560551813
"Hypk",95.3445238197791,0.00119425529747887,0.297234859846809,0.00401788436960042,0.996794200719821,0.999550560551813
"Sf1",57.0668526547627,0.00131377224678826,0.35001700041463,0.00375345267581852,0.99700518509229,0.999550560551813
"Xylt1",12.6827690274707,0.00220176897524669,0.598059674291841,0.00368152054032701,0.997062578236033,0.999550560551813
"Fundc1",17.0315741267385,0.00179068263589516,0.522459268453837,0.00342741098496443,0.997265327045672,0.999550560551813
"Chmp1a",29.4895121413785,0.00109207704804343,0.389253794921151,0.0028055655777605,0.997761485477817,0.999550560551813
"Flnb",25.4861552345783,0.00129991886323352,0.470190545318212,0.00276466397756632,0.997794120106551,0.999550560551813
"Glrx3",82.57439843489,0.00059593788536266,0.302714891229346,0.00196864410251677,0.998429250279475,0.999550560551813
"Pgs1",19.9862352905568,0.000868816704245531,0.456875593239763,0.00190164831980768,0.998482705080039,0.999550560551813
"Olfm2",8.90815241909505,0.00126769748662091,0.805049615766045,0.00157468243173389,0.998743585718791,0.999550560551813
"Tor3a",15.7460658586072,0.000760361950513239,0.522817632678491,0.00145435406724476,0.998839593752876,0.999550560551813
"Dennd5b",52.5132942912083,0.000630097607509504,0.531746081988142,0.00118495956783289,0.999054539276909,0.999550560551813
"Bckdha",13.0648039623443,0.000568742752914462,0.527406620858271,0.00107837620997045,0.99913958043809,0.999550560551813
"Rpl29",588.297766182356,0.000230876945606833,0.228756015671081,0.00100927158103156,0.999194717924552,0.999550560551813
"Bmpr1a",39.0987637885533,0.000304562917191282,0.361640517229642,0.000842170339552644,0.999328045367936,0.999550560551813
"Pmpcb",24.6642691554172,0.0003589248049657,0.442360554765253,0.000811385194948429,0.999352608351121,0.999550560551813
"Snapc5",30.0985788442738,0.000289970056184274,0.409425268070244,0.000708236835383898,0.999434908810897,0.999550560551813
"Fam50a",17.6164388065126,-0.000263032389949987,0.466958280321162,-0.000563288844067784,0.999550560551813,0.999550560551813
"Emid1",19.07255738598,-0.000441271648983958,0.51836004990085,-0.000851284062242764,0.999320773671916,0.999550560551813
"Dpm3",123.893102858764,-0.000318436640420933,0.301105537189944,-0.0010575582348725,0.999156190769535,0.999550560551813
"Pola2",18.2379928534782,-0.000580720497471738,0.477672920634833,-0.00121572832033257,0.999029989382021,0.999550560551813
"Ndufa2",176.783311763222,-0.000444911650986646,0.271425510722607,-0.0016391666715563,0.998692134805859,0.999550560551813
"Ncbp2",32.3101289868135,-0.000899457121755148,0.397928145344159,-0.00226035059916968,0.998196502690655,0.999550560551813
"Phlda1",316.893954831982,-0.00106005898258583,0.453741626135656,-0.00233626125866816,0.998135934907421,0.999550560551813
"Snrpg",191.095202255358,-0.000817902778910427,0.28490655144725,-0.00287077560960145,0.997709455609767,0.999550560551813
"Ubp1",30.0391544440482,-0.00113435438043224,0.394451184710135,-0.00287577886542749,0.997705463605668,0.999550560551813
"Smchd1",39.2808992935608,-0.00119997982396577,0.39826022315127,-0.00301305466679756,0.99759593383806,0.999550560551813
"AU019823",12.6186290733068,-0.00165017793498983,0.53780804854399,-0.0030683399764235,0.997551822746998,0.999550560551813
"Mtm1",7.45554312231931,-0.00231432416510476,0.71589755168522,-0.00323275887682092,0.997420636096093,0.999550560551813
"Wdr5",13.2282312895457,-0.00204844871597925,0.513671946050408,-0.00398785398293531,0.996818161309734,0.999550560551813
"Otud1",8.80154366471231,-0.00273697038109733,0.634843751966208,-0.00431125040235572,0.996560130522282,0.999550560551813
"Mxra7",95.5691164020448,-0.00142901446982741,0.322966740841803,-0.00442464900906741,0.996469652387938,0.999550560551813
"Rnf166",18.0249900017973,-0.00226691057397038,0.503604110674972,-0.00450137424599669,0.996408435115664,0.999550560551813
"2010320M18Rik",10.4125265914692,-0.00259253840398244,0.575807863137093,-0.00450243661116032,0.996407587479491,0.999550560551813
"Ankra2",13.9342739123078,-0.00235769138065217,0.502456403459619,-0.00469233024879072,0.996256075879237,0.999550560551813
"Nsmce1",28.6542918739456,-0.00213689163984309,0.40114069389749,-0.00532703780082996,0.995749658886137,0.999550560551813
"Cog1",9.52469047732232,-0.00345929129728722,0.642078581782042,-0.00538764474542386,0.995701302234726,0.999550560551813
"Dusp16",20.4446846350856,-0.00265385462114662,0.452739937941123,-0.00586176389300946,0.995323015874456,0.999550560551813
"Dnajb9",105.277779305941,-0.00187348996255886,0.318566696174426,-0.00588099755893209,0.995307669893883,0.999550560551813
"Dclk1",100.448273161501,-0.0018532965991937,0.29801133413326,-0.00621887957578477,0.995038083984249,0.999550560551813
"Limk2",26.0387154536443,-0.00967572055309965,1.53195222874511,-0.00631594143181962,0.994960641348912,0.999550560551813
"Inhbb",10.0344677997024,-0.00436515504863036,0.642001131775047,-0.00679929494292525,0.994574989340807,0.999550560551813
"Ctbp1",62.6338024125762,-0.00221911692230575,0.323206199819588,-0.00686594787954082,0.994521809233122,0.999550560551813
"Hba-a2",45.8753142198708,-0.00753586772096103,1.09045136076227,-0.00691077840986244,0.994486040493744,0.999550560551813
"Asap2",17.962527286815,-0.00345613121306419,0.48560865069982,-0.00711711211915911,0.994321414062499,0.999550560551813
"Psma2",128.692249349714,-0.00228599633542478,0.31320974934754,-0.00729861168174629,0.994176602125693,0.999550560551813
"Smpdl3a",43.9954689448042,-0.00276119988681103,0.37491383910679,-0.00736489187326195,0.994123719605563,0.999550560551813
"Pdia3",334.208618564894,-0.00185465692129929,0.25027570205197,-0.00741045537418638,0.9940873661837,0.999550560551813
"Desi2",44.8818951855543,-0.00261824171663362,0.352384645209378,-0.00743006754757413,0.994071718364143,0.999550560551813
"Mier3",27.0788991273657,-0.00334135797227069,0.403422277926027,-0.00828253211361662,0.993391571059021,0.999550560551813
"Mpc2",109.835347782686,-0.00236258198114124,0.275991547959576,-0.00856034178802925,0.993169918869671,0.999550560551813
"Hspa5",587.181160530509,-0.00227861101264187,0.248363557055657,-0.00917449822210125,0.992679912205977,0.999550560551813
"Mtmr10",7.95599215014021,-0.00653090803329663,0.707384140443515,-0.00923247732017555,0.992633653537974,0.999550560551813
"Rbm42",46.2560318661112,-0.00346795016455229,0.372697022039724,-0.00930501173734267,0.992575781932319,0.999550560551813
"Per2",8.45836793468465,-0.00577972744971195,0.617752515817979,-0.00935605651408621,0.992535055865872,0.999550560551813
"Got1",11.6950991747819,-0.00513405548287347,0.543477016526181,-0.00944668371753701,0.992462749014993,0.999550560551813
"Wdr83",10.4164205706078,-0.00547504085199871,0.57926395000162,-0.00945172032884732,0.992458730559992,0.999550560551813
"Kmt5b",26.4305613102034,-0.00401942089215251,0.412273406358594,-0.0097494061711476,0.992221222569233,0.999550560551813
"Chmp5",61.1889826567968,-0.00364861326584441,0.352942807740362,-0.0103376898064699,0.99175186381938,0.999550560551813
"Sf3b4",26.3771845123212,-0.00419979016980786,0.402085481558259,-0.0104450181924794,0.991666232780643,0.999550560551813
"Fbxo11",35.3354282993053,-0.00402121242060592,0.382101569428339,-0.0105239358912397,0.991603269027962,0.999550560551813
"Lims1",41.8037436244046,-0.00391111071981544,0.358075098771326,-0.0109225990113129,0.99128520016925,0.999550560551813
"Selenos",146.167704277075,-0.00305355179807878,0.269871112334828,-0.0113148523814222,0.990972246608529,0.999550560551813
"Fbrs",14.0546894098167,-0.00609468793339527,0.537330500237289,-0.0113425311436887,0.990950163568561,0.999550560551813
"Ahr",16.365212283622,-0.00605012803533468,0.498044051684534,-0.0121477769182693,0.990307714728729,0.999550560551813
"Clcn3",12.9698742762094,-0.00681290239848477,0.552383475389199,-0.012333646283833,0.990159423541856,0.999550560551813
"Alkbh5",77.3024854002806,-0.00385127521604335,0.297876013087143,-0.0129291216708902,0.98968434083288,0.999550560551813
"Acyp1",12.783960222688,-0.00702803193323538,0.51858807119102,-0.0135522437241844,0.98918720495487,0.999550560551813
"Zfp148",35.6944923780218,-0.00512696168333663,0.377294932703334,-0.0135887371892374,0.989158090063532,0.999550560551813
"Gna11",49.9122864902753,-0.00447613055292996,0.327791501052078,-0.0136554197975341,0.989104889976068,0.999550560551813
"Reep4",13.3620607118723,-0.007467633911493,0.530959116289822,-0.0140644235730889,0.988778583523338,0.999550560551813
"Rpl4",445.779536650902,-0.00351660294113051,0.245390688721779,-0.014330629085595,0.988566203661293,0.999550560551813
"N6amt1",10.9534522550722,-0.00817870092804904,0.566955119152783,-0.0144256584899889,0.988490389003759,0.999550560551813
"Hif1a",61.3588057487972,-0.00476562933811447,0.321307770999453,-0.0148319765914488,0.988166228753435,0.999550560551813
"Rps11",1207.80457750423,-0.00394622558750904,0.259126305873554,-0.015228965558729,0.987849513165143,0.999550560551813
"Hmgcs1",37.957264322789,-0.00639616127789311,0.416215474156925,-0.015367427870982,0.987739049151001,0.999550560551813
"Nek9",21.7786735385066,-0.00691059032550794,0.436357740634912,-0.0158369834701519,0.987364443589096,0.999550560551813
"Alg1",12.3750330830751,-0.00920596766074436,0.553507891114384,-0.0166320441108976,0.986730160586791,0.999550560551813
"Lipa",23.0561651922305,-0.00717411796690968,0.428299464139618,-0.0167502380170409,0.986635868629463,0.999550560551813
"Leng8",39.0908845381416,-0.0059786994594286,0.356814603170949,-0.0167557588907431,0.986631464227694,0.999550560551813
"Crot",12.4869694423304,-0.00981365837425252,0.574491630972718,-0.0170823347898667,0.986370931652944,0.999550560551813
"Mrps15",32.0176624121519,-0.00707697569492274,0.407638885976503,-0.0173608945034029,0.986148706115684,0.999550560551813
"Msl2",22.8726312448082,-0.00762570846332922,0.437130204696288,-0.0174449360428604,0.986081660822391,0.999550560551813
"Galnt17",14.5367036011314,-0.01023083940377,0.578370682913632,-0.0176890698405226,0.985886900288779,0.999550560551813
"Calm3",118.280578408748,-0.00510364955832932,0.28505342735349,-0.0179041859124899,0.985715289674912,0.999550560551813
"Bcl2l2",17.4894129609483,-0.00925803013282722,0.511752509808828,-0.0180908348378901,0.985566389496371,0.999550560551813
"Nav3",19.6929167829857,-0.00929917234699587,0.503938574467689,-0.0184529877610949,0.985277481503708,0.999550560551813
"Ddhd2",20.3062636826875,-0.00854114172907889,0.452337498582767,-0.0188822323062744,0.98493505358071,0.999550560551813
"Rab3gap1",18.406460183481,-0.00935931824362258,0.466620346682228,-0.0200576728172472,0.983997365544625,0.999550560551813
"Ccnk",16.0704419746938,-0.0103597011064042,0.512174532305422,-0.0202268962101116,0.983862372199256,0.999550560551813
"Cwc25",14.9090664717862,-0.0101982904163211,0.503691370083807,-0.0202471017413387,0.983846253818715,0.999550560551813
"Syf2",56.8102883871721,-0.00677233096505227,0.332152765968819,-0.0203892053865601,0.983732894915498,0.999550560551813
"Calcoco1",10.875782801465,-0.0121059407721553,0.587735379609928,-0.0205976042827128,0.983566651567146,0.999550560551813
"Skp1a",86.8271723975714,-0.00628047370954979,0.303225816946476,-0.0207121998146298,0.983475237063478,0.999550560551813
"Nomo1",12.1568595039819,-0.0116617381788116,0.54954677278178,-0.0212206471885558,0.983069643915539,0.999550560551813
"Reep5",274.829849498877,-0.00593953602212637,0.278548093579638,-0.021323197534031,0.982987839088434,0.999550560551813
"Rai1",17.6846950249887,-0.0103501795936043,0.48347535300274,-0.0214078743193877,0.982920292207626,0.999550560551813
"Gtf3c2",18.4823934788752,-0.0101551697883524,0.453182194221454,-0.0224085807382579,0.982122035632179,0.999550560551813
"Sept6",7.0305584294356,-0.0162232033424622,0.712190669533771,-0.0227792977870415,0.981826321712776,0.999550560551813
"Eef2",499.669986996916,-0.00597415682325927,0.259759724361701,-0.0229987802687248,0.981651245897452,0.999550560551813
"Farsa",15.4657533344699,-0.0111018896454717,0.480798997823462,-0.0230905008033067,0.981578082928403,0.999550560551813
"Letm1",15.5585706076706,-0.0117143027909334,0.502495657895021,-0.0233122467963309,0.981401202838526,0.999550560551813
"Chuk",18.9783063036658,-0.0112129570985033,0.478668085537256,-0.0234253284004048,0.981311001405447,0.999550560551813
"Ncln",19.3760911900175,-0.0113075438580304,0.47627277585167,-0.0237417388340332,0.981058612603579,0.999550560551813
"Sh3bp1",10.2763761654541,-0.0139988670272455,0.587236755507262,-0.0238385402411555,0.980981398109066,0.999550560551813
"Zbtb37",8.8142440538312,-0.0163393995416744,0.683024088638883,-0.023922142444837,0.980914712218735,0.999550560551813
"Mrps6",49.4584841862388,-0.00893047616213594,0.367744167377294,-0.0242844807732152,0.980625692030487,0.999550560551813
"Add1",40.8897237525093,-0.00909104252386171,0.374280804042553,-0.0242893635625196,0.980621797277126,0.999550560551813
"P3h4",42.6393250428775,-0.00879613043077885,0.36055574032681,-0.024396034917669,0.980536711063189,0.999550560551813
"Nsun2",19.8618847601083,-0.0114824727701063,0.469531982573095,-0.0244551451153144,0.98048956201599,0.999550560551813
"Med27",9.42673132111381,-0.0143449282939583,0.586528780106589,-0.0244573306212721,0.980487818755935,0.999550560551813
"Nup93",14.4858368842275,-0.0129670300240154,0.52775350522964,-0.0245702395067429,0.980397757563595,0.999550560551813
"Sema6d",9.99782734229124,-0.0159845907773421,0.642262744284625,-0.0248879308656558,0.980144354027765,0.999550560551813
"Susd6",43.2381266536714,-0.0102331039545918,0.403721397843495,-0.025346944722902,0.979778229470674,0.999550560551813
"Slc26a7",25.8019324722666,-0.0190752212671175,0.74784236757164,-0.025507008019695,0.979650558715778,0.999550560551813
"Sertad2",63.306332094838,-0.00859949003652859,0.336629258310743,-0.0255458782153463,0.979619554889476,0.999550560551813
"Tmem126b",9.89662529491319,-0.0153516131384097,0.596732071299104,-0.025726140552474,0.979475773608632,0.999550560551813
"Rps27a",1681.24155288748,-0.00676999322578845,0.259918565834916,-0.0260465934937803,0.979220174808631,0.999550560551813
"Sppl3",32.9535471404873,-0.01001021704315,0.377619113498084,-0.0265087668641031,0.97885154111111,0.999550560551813
"Rb1",10.5311080379903,-0.0163058322367111,0.606867131634921,-0.0268688669837541,0.978564325096037,0.999550560551813
"Zfp330",27.1904909454725,-0.0118298389349812,0.428647004257348,-0.0275980907774614,0.977982704425629,0.999550560551813
"Uba3",20.6208695733525,-0.0129700948162894,0.468170615331034,-0.0277037780492022,0.977898410413945,0.999550560551813
"Fxr1",50.772275301911,-0.0092786849943819,0.333052564137411,-0.0278595212693024,0.977774193249204,0.999550560551813
"D17Wsu92e",31.6239022295499,-0.0109062122688294,0.388483609815688,-0.0280738028407523,0.97760328814044,0.999550560551813
"Hsp90b1",501.715286509492,-0.00727197309205841,0.256151062820866,-0.028389392618464,0.977351584257196,0.999550560551813
"Clta",216.256537548855,-0.00734328785660474,0.258604266210255,-0.0283958496285377,0.97734643438473,0.999550560551813
"Vps13d",17.6685659765311,-0.0134875189171534,0.460857571496295,-0.0292661328604467,0.976652337388069,0.999550560551813
"Atg2b",8.62410387279854,-0.0181285631651577,0.619230193865127,-0.0292759677172754,0.976644493668595,0.999550560551813
"Snapc3",12.9384792597028,-0.0162235474748473,0.546475577484949,-0.0296875983909713,0.976316202613899,0.999550560551813
"Med29",14.9876004344584,-0.0151690340759191,0.50881403984156,-0.0298125304888257,0.9762165653245,0.999550560551813
"Steap2",13.3186380716276,-0.0168845523789314,0.566287659788504,-0.0298162110494116,0.976213629966938,0.999550560551813
"Rras",75.1215584028569,-0.00933074808729631,0.31265963444442,-0.0298431490968656,0.976192146075193,0.999550560551813
"Psmg1",21.2820924026293,-0.0136456842633239,0.454106301774158,-0.030049537322013,0.976027545919007,0.999550560551813
"Hist1h2bc",81.1825178926664,-0.0114883919167615,0.380416450649781,-0.0301995139724856,0.975907936149699,0.999550560551813
"Ddx50",104.430204066011,-0.00910965858502953,0.299418882389787,-0.0304244625867332,0.975728535560852,0.999550560551813
"Ntn4",10.1553698275604,-0.0222651124824057,0.721916301605868,-0.0308416812764554,0.97539579936623,0.999550560551813
"Ccz1",23.4904505712576,-0.0129503228798856,0.416818547654155,-0.0310694496508605,0.975214153548881,0.999550560551813
"Rock1",73.2919564768247,-0.00985580385393291,0.31682831889675,-0.0311077112306516,0.975183639974341,0.999550560551813
"Ide",20.426165956921,-0.0144283931908101,0.457115824407705,-0.0315639766125036,0.974819771565133,0.999550560551813
"Myo6",25.5294102798699,-0.0150441733101061,0.472212916292352,-0.0318588771951169,0.974584593223266,0.999550560551813
"Ppic",427.782663566725,-0.0130822247162728,0.407973441494821,-0.0320663636052861,0.974419127562516,0.999550560551813
"Epc2",29.9498677549035,-0.0139152506176508,0.418292265226773,-0.033266813121937,0.97346181839607,0.999550560551813
"Tor2a",21.3520502697917,-0.016055019215828,0.477588881666679,-0.0336168194699164,0.973182709851131,0.999550560551813
"Ten1",22.5030896489143,-0.0144441200756492,0.427227603270686,-0.0338089579537247,0.973029492616548,0.999550560551813
"Pcdhb17",6.94915425531228,-0.0251994341950476,0.734616185245692,-0.0343028573303482,0.972635646391966,0.999550560551813
"Psmc3",62.7836015297665,-0.0105628442905629,0.307882658664968,-0.0343080196083962,0.972631529912992,0.999550560551813
"Cyr61",860.685145740277,-0.00942221123675624,0.272397650087865,-0.0345899138032836,0.972406744307492,0.999550560551813
"Ubtf",43.1712232666656,-0.0132468661588358,0.377468295213744,-0.0350939835922766,0.972004798856727,0.999550560551813
"Dut",22.6241877182812,-0.0166365505990027,0.468925306687023,-0.0354780395976934,0.971698557211896,0.999550560551813
"Prdx5",171.190892106583,-0.00952134930444533,0.26601437910622,-0.0357926114236233,0.971447724523587,0.999550560551813
"Ube2r2",98.4215371351223,-0.0112834101258228,0.313241705625061,-0.0360214170820811,0.971265281672626,0.999550560551813
"Lman2",71.2726215220332,-0.011025603507143,0.306050341116308,-0.036025457337925,0.97126206010584,0.999550560551813
"Polr3h",8.9558023320244,-0.0221523997986709,0.610732890233471,-0.0362718303744907,0.971065611258458,0.999550560551813
"Atp6v0a1",16.3142885156823,-0.0180675328408619,0.488275579718009,-0.0370027369611569,0.970482823457096,0.999550560551813
"Ccdc124",40.6903416334538,-0.0142881838768914,0.386061276340961,-0.0370101451570408,0.970476916618001,0.999550560551813
"Ube2g2",31.9096720944668,-0.0153581126381271,0.414968028114228,-0.0370103516358121,0.97047675198457,0.999550560551813
"Serhl",11.1876709946602,-0.0205840763650629,0.553328193405306,-0.0372004835654296,0.970325153051187,0.999550560551813
"Pias2",15.5684143232879,-0.0180333742727822,0.482851219540889,-0.0373476829776445,0.970207786473308,0.999550560551813
"Rpl15",983.637697508166,-0.00931259127136625,0.246663013414829,-0.0377543075568637,0.969883575663479,0.999550560551813
"Wipi2",30.782602929684,-0.0149420361099449,0.394386771453863,-0.0378867578515951,0.969777971173277,0.999550560551813
"Ntpcr",8.71514202661124,-0.0254050746656312,0.666359483542637,-0.0381251791158843,0.9695878758695,0.999550560551813
"Col14a1",131.607398768845,-0.0182867496619197,0.477734516641131,-0.0382780582623392,0.969465984933053,0.999550560551813
"Hnrnpll",36.6443543557083,-0.0151528667480576,0.395759917228811,-0.0382880278886274,0.96945803614913,0.999550560551813
"Ptgr1",16.7151578037072,-0.0192795925753048,0.500996717146275,-0.0384824728695293,0.969303005756287,0.999550560551813
"Mark4",19.319451968107,-0.0180139038984759,0.465850147353452,-0.0386688809713058,0.969154384231805,0.999550560551813
"Rexo2",84.5480195689341,-0.012263871501977,0.316218903834371,-0.0387828537550069,0.969063515270704,0.999550560551813
"Uchl3",24.1735026679286,-0.0166210763320751,0.428355522312544,-0.0388020591921954,0.969048203074538,0.999550560551813
"Grem2",26.1547298060559,-0.0196541257084911,0.502319645867175,-0.0391267310968127,0.968789348949539,0.999550560551813
"Nectin3",26.495720155409,-0.0158432877053506,0.403559594281156,-0.0392588552716026,0.968684010045749,0.999550560551813
"Hivep3",13.7942836648576,-0.0289813455711448,0.738082828298743,-0.0392657090233977,0.968678545756306,0.999550560551813
"Supt4a",54.0779507878093,-0.013375970496721,0.336679110510131,-0.039729136970969,0.968309072065683,0.999550560551813
"Bmpr2",56.7615780945796,-0.0130961622663601,0.328835566855567,-0.0398258691770781,0.968231951967694,0.999550560551813
"Eif4g1",82.7354240230915,-0.0120019187754249,0.299897830754054,-0.0400200253041101,0.968077161196952,0.999550560551813
"Gpi1",83.8653461738008,-0.0123441275099689,0.308100573423254,-0.0400652532801721,0.968041103412489,0.999550560551813
"Gpd2",7.2304725548934,-0.0285512970252677,0.710164210453879,-0.0402037959742015,0.967930651328839,0.999550560551813
"Ndufb10",112.082800205387,-0.011652819277033,0.28869212858142,-0.0403641738841054,0.967802792057847,0.999550560551813
"Usp40",9.56299090449328,-0.0279480767233914,0.682698118039946,-0.0409376794587211,0.9673455787487,0.999550560551813
"Zc3h15",70.2787355682537,-0.0124532967872507,0.300351181706863,-0.041462453107326,0.966927225178262,0.999550560551813
"Cyp2d22",8.22985995580115,-0.0280412341318291,0.672196669115608,-0.041715818331445,0.966725243733019,0.999550560551813
"Gatad2a",26.9685469911632,-0.0174836144886814,0.417933313922777,-0.0418335028729295,0.96663142695098,0.999550560551813
"Tpi1",95.2841466387002,-0.0151960822657027,0.360421513657927,-0.0421619733835455,0.966369576432197,0.999550560551813
"Bag1",96.9601939399196,-0.0137332820567264,0.323042939437746,-0.0425122495499486,0.966090346850486,0.999550560551813
"Aprt",99.3265072795415,-0.0135607613591881,0.318752306390241,-0.0425432572167367,0.966065628674768,0.999550560551813
"Psmd7",105.101583907137,-0.0122826352915519,0.288321689187321,-0.0426004555056971,0.966020032380352,0.999550560551813
"Zfp664",21.1658786694313,-0.019282155214993,0.445586866230135,-0.0432736166084263,0.965483422411859,0.999550560551813
"Bola3",41.9549376062818,-0.0147962799589931,0.3417182177828,-0.0432996521373578,0.965462668518029,0.999550560551813
"Mycbp2",102.511538207389,-0.013933881931901,0.31925324317005,-0.043645232209839,0.965187195939437,0.999550560551813
"Afap1",19.9480387486629,-0.021104385824327,0.480713584108432,-0.0439022039775905,0.964982358476453,0.999550560551813
"Sdhaf2",13.8746577683982,-0.0225234961987648,0.51290163844682,-0.0439138706340868,0.964973058800176,0.999550560551813
"Fam129a",25.5647457847833,-0.0184714875926924,0.418566417879804,-0.0441303621209207,0.96480049088038,0.999550560551813
"Fbxo34",14.4912447364057,-0.0226716496502088,0.510678523603923,-0.0443951499863595,0.964589427589287,0.999550560551813
"Ppt2",13.8253687008165,-0.0229345184451153,0.515357358069308,-0.044502165509066,0.964504125862221,0.999550560551813
"Cuedc2",61.6661888837753,-0.0148562883101373,0.331368745948217,-0.0448331005618101,0.964240341176779,0.999550560551813
"Mvp",31.2486423105171,-0.0178542782679815,0.398050119429943,-0.0448543472202723,0.964223405832733,0.999550560551813
"Thra",54.3786231131203,-0.0149477369719978,0.329539019262695,-0.0453595358918091,0.963820733450038,0.999550560551813
"Rab5c",56.9025522331319,-0.0159985110536696,0.351001195132402,-0.0455796483759399,0.963645290554111,0.999550560551813
"Rnf144a",27.9436418803467,-0.0197695026500786,0.432688476226022,-0.0456899218174502,0.963557396646382,0.999550560551813
"Prkce",13.5508128678306,-0.0237406663025588,0.519201417064031,-0.0457253495893887,0.963529158886535,0.999550560551813
"Actr3",117.311833815012,-0.0134164585188266,0.291606358741273,-0.0460087995911307,0.96330323627887,0.999550560551813
"Bbc3",15.9835232378443,-0.0265722968000745,0.572301278986687,-0.0464306087994828,0.962967040519217,0.999550560551813
"Usp16",44.1453890036788,-0.0178042068227961,0.381620717476403,-0.0466541935682435,0.962788838798973,0.999550560551813
"Pvr",23.6472444324802,-0.0197216140861503,0.422054656807037,-0.0467276305759778,0.962730308378473,0.999550560551813
"Dcun1d1",26.380487651075,-0.0199344133802109,0.416768967876171,-0.0478308485437278,0.961851051102262,0.999550560551813
"Zcchc7",43.9194492315144,-0.0194326944994074,0.405669955968698,-0.0479027204590592,0.961793771268888,0.999550560551813
"Thumpd1",12.2964638587374,-0.0277836973170017,0.576980638652466,-0.0481536042212619,0.961593825729656,0.999550560551813
"Zdhhc8",26.8466869963653,-0.0196128559539505,0.406572897553128,-0.0482394573568141,0.96152540435269,0.999550560551813
"Tnfrsf11b",7.05330997975258,-0.0400459528469111,0.819027985907112,-0.0488944865572064,0.961003382698821,0.999550560551813
"Bcl2l12",13.9223583151024,-0.0272140378563855,0.556535254174206,-0.0488990367676995,0.960999756493647,0.999550560551813
"Morc2a",12.3498025720902,-0.0278089526088685,0.562966793275245,-0.0493971455173773,0.960602802933993,0.999550560551813
"Syde1",12.1267709149339,-0.0301621723433209,0.605041762079157,-0.0498513891663808,0.960240814927254,0.999550560551813
"Lgals8",18.102517483191,-0.025153144144834,0.502968530335469,-0.0500093795690505,0.960114913860598,0.999550560551813
"Orai1",12.7208548883723,-0.0272388704153028,0.541358115325205,-0.0503158069385176,0.959870727608986,0.999550560551813
"Rpl27a",1606.91342974562,-0.0120330675210029,0.23906870184082,-0.0503330943295746,0.959856951721678,0.999550560551813
"Cxcl3",27.464771356053,-0.0879792690412497,1.74699611110502,-0.0503603118988058,0.959835262749334,0.999550560551813
"Loxl3",16.5062438005904,-0.0278577639286724,0.552131640591785,-0.0504549311805676,0.959759863338415,0.999550560551813
"Rnf10",88.1171794389642,-0.0146269383770038,0.287558060108718,-0.0508660350938303,0.959432270526228,0.999550560551813
"Psma1",54.9834264217682,-0.0174107218340781,0.341213907882107,-0.0510258270014413,0.959304940379533,0.999550560551813
"Tsen15",12.801924044955,-0.0276896554305498,0.541047619299227,-0.0511778528226662,0.959183799600756,0.999550560551813
"Lats2",28.0883834248435,-0.0221741774707948,0.43211555704939,-0.0513153879999288,0.959074206408565,0.999550560551813
"Lgi4",17.8372422246685,-0.0286880022302229,0.55799004220484,-0.0514131078699275,0.958996340017722,0.999550560551813
"Cep57",10.7693578522846,-0.0297679761152594,0.576036895325391,-0.0516772039375084,0.958785901586472,0.999550560551813
"mt-Atp8",166.269391185616,-0.0149963527297452,0.289273998225057,-0.0518413435765421,0.958655112413771,0.999550560551813
"Abcd4",11.0702228955425,-0.0307879878431732,0.593273226065659,-0.0518951243550064,0.958612259243993,0.999550560551813
"Med9",11.3927787820741,-0.0296010013500048,0.568635975931319,-0.0520561529747109,0.958483950422748,0.999550560551813
"Flot2",29.2046500471721,-0.0204592040672778,0.392378859685656,-0.0521414535015169,0.958415982753845,0.999550560551813
"Chsy1",14.5023626264665,-0.0266194381411728,0.507704318305458,-0.0524309862677933,0.95818528459316,0.999550560551813
"Klhl7",15.6159094318889,-0.0270141030755651,0.512501003410099,-0.0527103418253187,0.957962698897398,0.999550560551813
"Aip",35.1530523898672,-0.0197540389639432,0.374715840077947,-0.0527173843513902,0.957957087576228,0.999550560551813
"Kdm3a",26.4257163602069,-0.0253168928446367,0.476756295598665,-0.0531023776263849,0.957650337055844,0.999550560551813
"Smad4",45.6523332068702,-0.0189443391256065,0.355675744360872,-0.0532629492619699,0.957522400482666,0.999550560551813
"Chd8",21.0720950069591,-0.0236985958593634,0.444578559936004,-0.0533057551465701,0.957488294779452,0.999550560551813
"Bhlhe41",10.0105549637786,-0.0313555482332453,0.580488155288253,-0.0540158277952719,0.956922553894437,0.999550560551813
"Rps2",1850.06089849245,-0.0146919347156694,0.268384934334215,-0.0547420247418726,0.956343988636334,0.999550560551813
"Rapgef2",15.3286943199511,-0.0278978241809614,0.50904055382592,-0.0548047183496146,0.956294041354862,0.999550560551813
"Tubgcp2",7.59374423636057,-0.036562575398594,0.660205931501085,-0.0553805618126803,0.955835281494858,0.999550560551813
"Slc27a3",12.4093525367978,-0.0350659981068072,0.617759905202133,-0.0567631499090791,0.954733868698149,0.999550560551813
"Unc50",35.0000813399768,-0.0230923635637977,0.405676869214046,-0.0569230471743104,0.954606495086208,0.999550560551813
"Afg3l2",11.3815607358015,-0.0347473963325061,0.610161208912016,-0.0569478947940078,0.954586701661748,0.999550560551813
"Nr1d2",11.2737072302009,-0.0319042325952332,0.558051145609902,-0.057170803870252,0.95440913524477,0.999550560551813
"Ppp6r2",15.259190197606,-0.0281936998058206,0.492705978964682,-0.057222158872648,0.954368226850626,0.999550560551813
"Thbs2",219.100983242734,-0.0175271076371371,0.303774167812506,-0.0576978212576491,0.953989329191435,0.999550560551813
"Tmem251",15.6331993436016,-0.0279493503262922,0.479665288734351,-0.0582684446482246,0.953534802316397,0.999550560551813
"Chmp6",12.1462615818377,-0.0322141993438832,0.550823901965432,-0.0584836627984689,0.953363375417606,0.999550560551813
"Ncoa6",14.1518734980863,-0.0293811247201304,0.501578265156923,-0.0585773482647583,0.953288753161256,0.999550560551813
"Slc25a46",11.7705603570679,-0.0368438189944452,0.626933292946579,-0.0587683241725442,0.953136638486159,0.999550560551813
"Gm2a",34.429844558184,-0.0217806242717759,0.370335127681864,-0.0588132819268674,0.953100829326251,0.999550560551813
"Rnh1",100.082527651971,-0.0169475610864001,0.287461729642351,-0.0589558864322064,0.952987244485748,0.999550560551813
"Cdadc1",10.8271824840302,-0.0353048603442885,0.594027510214722,-0.0594330392737652,0.952607198025976,0.999550560551813
"Vim",2853.87733877366,-0.0158380494444829,0.26556913941608,-0.0596381397300408,0.952443841303319,0.999550560551813
"Usp50",26.9367877172697,-0.023729161278126,0.396353093766758,-0.0598687424200853,0.952260175158084,0.999550560551813
"Dnttip2",34.6462403464421,-0.0249444479202074,0.416073435843258,-0.05995203195237,0.952193838881994,0.999550560551813
"Mcur1",18.5731223069007,-0.0288941074508675,0.481883948349514,-0.0599607178239321,0.952186921004437,0.999550560551813
"Slc50a1",66.7704972128267,-0.0197811734735844,0.327491665977772,-0.0604020667656531,0.95183541262399,0.999550560551813
"Deaf1",10.5980752424303,-0.0345460466826729,0.570038589587473,-0.0606029965579581,0.951675387004771,0.999550560551813
"Rps27l",228.095402430242,-0.0175144424306239,0.286932804339649,-0.0610402232360008,0.951327175251904,0.999550560551813
"Fbxl3",38.8870198663591,-0.0264220582423568,0.42829312322678,-0.061691530424985,0.950808484865214,0.999550560551813
"Mlana",7.76210403802215,-0.115291873344777,1.84747873808262,-0.0624049798074706,0.950240329378718,0.999550560551813
"Rpl7a",646.718875383669,-0.0160085313470353,0.252852658729422,-0.0633116987081637,0.949518300231744,0.999550560551813
"Nceh1",15.9340643868596,-0.0303445692542217,0.477924269287892,-0.0634924217165936,0.949374393663937,0.999550560551813
"Oser1",44.8052345229669,-0.0260594513041009,0.409245263343624,-0.0636768550262243,0.949227534350723,0.999550560551813
"Sord",10.952734987901,-0.0391738925614337,0.614602611780104,-0.0637385715754972,0.949178391497558,0.999550560551813
"Sel1l",34.2516745275019,-0.0268744169006276,0.420701265018805,-0.0638800477565151,0.949065739409398,0.999550560551813
"Manbal",24.9118664925032,-0.0267660544962826,0.418998760725501,-0.0638809872610051,0.949064991321199,0.999550560551813
"Por",53.0994823148874,-0.0219827395252115,0.342475732668105,-0.0641877290222929,0.948820748067735,0.999550560551813
"Fastk",20.7787639232325,-0.0299320590555935,0.462915003109993,-0.0646599458961182,0.948444754595867,0.999550560551813
"Chic2",81.1818519264994,-0.0193190947354105,0.298692626979029,-0.0646788470502383,0.948429705159095,0.999550560551813
"Camsap1",16.021671151034,-0.0318625405013517,0.492169912244551,-0.0647389035953903,0.948381887186452,0.999550560551813
"Pik3ca",29.592353387306,-0.0268884669390575,0.414424406244755,-0.0648814754485705,0.948268369963253,0.999550560551813
"Bod1",30.151846106337,-0.0248530173281756,0.382057738742734,-0.0650504225093342,0.948133853879347,0.999550560551813
"Cul5",32.579059859564,-0.02582548066607,0.395448108429699,-0.065306876213472,0.947929667607587,0.999550560551813
"Steap1",9.98940448358463,-0.0450526129773227,0.686603826421892,-0.0656166063217359,0.947683067673521,0.999550560551813
"Sec11a",115.284447746348,-0.0203885190198694,0.309113865473356,-0.0659579569122457,0.947411298050534,0.999550560551813
"Tcirg1",12.8442266367735,-0.0380514980784572,0.575327371458472,-0.0661388627869304,0.947267270541482,0.999550560551813
"Ttc28",47.0505235966952,-0.0229924632223609,0.347150783317308,-0.0662319209037904,0.947193183354332,0.999550560551813
"Flrt3",7.66331812989774,-0.0451374724238671,0.679906933786294,-0.0663877218790867,0.947069145159194,0.999550560551813
"Rufy1",9.68322819626746,-0.0386697609719264,0.582212209312638,-0.0664186706382885,0.947044506003732,0.999550560551813
"Safb2",37.6595276925816,-0.0273653428852724,0.41166871346547,-0.0664741866218302,0.947000308334547,0.999550560551813
"Smim4",27.0400331292116,-0.0279747505635895,0.420689265410828,-0.0664974195057497,0.9469818121004,0.999550560551813
"Hexa",98.6907215061442,-0.0257235509436257,0.384203264216383,-0.0669529734373579,0.946619140905933,0.999550560551813
"Tfe3",24.3414573534773,-0.0301002874495434,0.446666137292848,-0.0673887831120915,0.946272198670278,0.999550560551813
"Rsrc2",105.395329254537,-0.0187537653668886,0.278102097767589,-0.0674348216623711,0.946235548591903,0.999550560551813
"Degs1",67.5217158354067,-0.0222478194774754,0.329091476043167,-0.0676037548737881,0.946101066283128,0.999550560551813
"Megf6",43.240642266056,-0.0322483622080339,0.473122550136602,-0.0681606957832026,0.94565771439557,0.999550560551813
"Gigyf2",27.0073688149072,-0.0294507266692877,0.4286492122719,-0.0687058924317038,0.945223727807883,0.999550560551813
"Rps19",1736.52926147946,-0.0182231101707631,0.264677113120813,-0.0688503435597211,0.945108744764613,0.999550560551813
"Zkscan3",28.2940798061925,-0.0319638293940466,0.462701968238681,-0.0690808157045883,0.94492529139326,0.999550560551813
"Paip2",120.53520155893,-0.020234916878404,0.290957374690116,-0.0695459838402626,0.944555031420861,0.999550560551813
"Tm9sf2",59.2589950399426,-0.0238670204663708,0.341564686127927,-0.0698755504760579,0.944292713445609,0.999550560551813
"Tmem237",14.2136499097382,-0.0359486353319031,0.506727556991199,-0.0709427281700559,0.94344333686127,0.999550560551813
"S100b",23.0073571221813,-0.0418359366289746,0.585839889616823,-0.0714118949058556,0.943069943014484,0.999550560551813
"Stam2",17.6442191120284,-0.0326390216565772,0.456512049902022,-0.0714965172629776,0.943002596288106,0.999550560551813
"Osbpl1a",21.3027346926634,-0.0318239376702345,0.443415458897579,-0.0717700229697792,0.942784929484654,0.999550560551813
"Tsen34",65.4392831018085,-0.0223480751443968,0.311241175874008,-0.0718030803014424,0.942758621424289,0.999550560551813
"Mlec",58.7648169447083,-0.0262916663911655,0.365259935057267,-0.0719807015982836,0.942617265900515,0.999550560551813
"Mrpl11",24.777769249998,-0.0325971242653931,0.448841940868819,-0.0726249516751825,0.942104570580991,0.999550560551813
"1300002E11Rik",16.0138158683811,-0.0360667361725467,0.495245802417005,-0.0728259300664964,0.941944636530283,0.999550560551813
"Cnbp",181.921701186377,-0.0199273063803416,0.272373165507745,-0.073161782818047,0.941677377746777,0.999550560551813
"Zmiz1",82.19263499403,-0.0249154894838876,0.339758223385135,-0.0733329990828345,0.941541132912428,0.999550560551813
"Rnf217",21.0617285444587,-0.0344360706302942,0.468473604012364,-0.0735069603396167,0.941402705510881,0.999550560551813
"Gnas",944.750912266485,-0.0194487861353988,0.264432052088199,-0.0735492765790428,0.941369033182683,0.999550560551813
"Epc1",37.28223397649,-0.0266475691611713,0.361976256571189,-0.0736168980075922,0.941315224957765,0.999550560551813
"Mybbp1a",22.1179741878407,-0.0338976219116892,0.458347761633812,-0.073956119673976,0.941045301023335,0.999550560551813
"Arfip2",20.2163098276296,-0.0323175370517336,0.436132892862067,-0.074100205649828,0.940930651627688,0.999550560551813
"Ttbk2",11.7074919621081,-0.044232498105873,0.596378854041712,-0.0741684548439392,0.940876346083546,0.999550560551813
"Cfap36",29.3653645535495,-0.0295967973299755,0.398483037030435,-0.0742736693399449,0.940792627971257,0.999550560551813
"Ppfia1",26.312596017366,-0.0307628947967522,0.413979177302059,-0.0743102467066988,0.940763523883001,0.999550560551813
"Rhbdf1",24.953913656919,-0.0300531888562681,0.404407332424196,-0.0743141541873537,0.940760414761134,0.999550560551813
"Chmp3",54.6807038242194,-0.025662305873073,0.345253180799056,-0.0743289484362751,0.940748643214473,0.999550560551813
"Zranb1",47.1277445775725,-0.025897990565226,0.348284531731747,-0.0743587159511663,0.940724957719384,0.999550560551813
"Zc3h18",22.6464844249117,-0.0343838161351395,0.461763693587374,-0.0744619306641817,0.940642831969344,0.999550560551813
"Ssbp4",40.615353844162,-0.0258655259729137,0.346940304226039,-0.0745532463592404,0.9405701745408,0.999550560551813
"Gatd1",21.3404401549426,-0.0321781670711479,0.431244688151625,-0.0746169586669417,0.940519480673848,0.999550560551813
"Smc1a",53.6700230847257,-0.0264829064542366,0.354741026313774,-0.0746541969769578,0.940489851440619,0.999550560551813
"Mafg",62.1969097270254,-0.0233823163807754,0.310825803250938,-0.0752264327356961,0.940034553654218,0.999550560551813
"Ssb",110.228901799593,-0.0212780204720919,0.2827196303479,-0.0752619138823446,0.940006323822544,0.999550560551813
"Golt1b",43.1767022185889,-0.0265163524100818,0.350892266541586,-0.0755683579790131,0.939762511132132,0.999550560551813
"Xpnpep1",24.1272779097346,-0.0333927652894738,0.441100263540317,-0.0757033446805494,0.939655114961951,0.999550560551813
"Cys1",15.4776149062771,-0.0380933425202681,0.49856253631561,-0.0764063477408048,0.939095819604023,0.999550560551813
"Prr3",11.7178394774964,-0.0430457623488883,0.560553235690219,-0.0767915687720282,0.938789358078927,0.999550560551813
"Gm9780",89.5417399271468,-0.0855477665679972,1.1122936662992,-0.0769111334173375,0.938694240597735,0.999550560551813
"Lrrc41",22.0829332154264,-0.0338482530591356,0.438023958982702,-0.0772748895693906,0.938404866384247,0.999550560551813
"Hcfc2",11.9770801373149,-0.0447093165597018,0.578432577390196,-0.0772939116974078,0.938389734180943,0.999550560551813
"Nlk",10.6676491359675,-0.0440801750537129,0.566387460173597,-0.0778268908711403,0.937965755498209,0.999550560551813
"Mterf3",16.834141169793,-0.0381666094765233,0.490180992871013,-0.0778622795081867,0.937937604873717,0.999550560551813
"Jkamp",42.6397177662145,-0.0269696190588435,0.345629172712635,-0.0780305054899597,0.937803787092714,0.999550560551813
"Adipor1",39.4475236598313,-0.0284158094710132,0.360108677370695,-0.0789089829172931,0.93710501818897,0.999550560551813
"Pi4k2b",28.9937337896584,-0.0314666420644596,0.39826555819337,-0.0790091972984055,0.937025307548739,0.999550560551813
"Rnps1",30.1611805791851,-0.0345301254526661,0.43688390605326,-0.0790373025287331,0.93700295272775,0.999550560551813
"Lancl1",15.000535106085,-0.0399065577910321,0.504474650536421,-0.0791051795141707,0.936948963769663,0.999550560551813
"Gfpt1",56.3932545963563,-0.0269569721546781,0.337759880504741,-0.0798110542743982,0.936387532333224,0.999550560551813
"Dpy19l4",10.7651682417777,-0.0515608425587217,0.644223798297795,-0.0800356067176635,0.936208936728937,0.999550560551813
"Sars",35.5938398657868,-0.0293352904081427,0.365686553848352,-0.0802197677202754,0.936062468459808,0.999550560551813
"Kif3a",19.5190006910044,-0.0387322684929234,0.482793132946944,-0.0802253923051964,0.936057995108014,0.999550560551813
"Rcc2",28.1899585936859,-0.0317284730746875,0.39543896583815,-0.080236081458077,0.936049493803367,0.999550560551813
"Paxbp1",17.2623546833799,-0.0377777584995667,0.470282711950451,-0.0803298899568031,0.935974886274538,0.999550560551813
"Nipbl",61.8134088059628,-0.0280150633487494,0.348405383717083,-0.0804093870475279,0.935911661297206,0.999550560551813
"Ublcp1",23.0086709898308,-0.0351872938479668,0.436019558274527,-0.0807011822754339,0.93567959656547,0.999550560551813
"Tbrg1",104.490308837949,-0.0226185828011082,0.278441706640013,-0.081232740145322,0.935256862673777,0.999550560551813
"Ythdf2",26.7553729274226,-0.0337997222466776,0.416020272622082,-0.0812453730527253,0.935246816278782,0.999550560551813
"Ndufc1",98.8126251065927,-0.0266055780937187,0.325884620129912,-0.0816410976471137,0.934932119162333,0.999550560551813
"Pet100",49.3205867937472,-0.031148869262625,0.381182673164235,-0.0817163828671832,0.934872250286155,0.999550560551813
"Slc48a1",32.1365855088964,-0.0322210879866476,0.393969450864569,-0.0817857524636445,0.934817086002489,0.999550560551813
"Skiv2l",11.5411426445072,-0.0498196442318791,0.606892867892688,-0.0820896847986823,0.934575395777734,0.999550560551813
"Rbm39",256.133424115102,-0.0248214635628916,0.302261393826712,-0.0821191990437318,0.934551926057082,0.999550560551813
"Gorab",12.0271090111699,-0.0470989669372239,0.569928879456929,-0.0826400777972566,0.934137732775078,0.999550560551813
"H2afy",69.2425692858142,-0.0266213893422246,0.321587711178809,-0.082781115126077,0.934025585526876,0.999550560551813
"Tubg1",8.11153495484255,-0.0571404633802573,0.686892327439039,-0.0831869291556884,0.933702905737901,0.999550560551813
"Crcp",12.1026332200068,-0.0475214430569783,0.569443974489223,-0.0834523591185661,0.933491857109038,0.999550560551813
"Cog7",8.18556155888898,-0.0586195284653259,0.702040138852462,-0.083498827518814,0.933454909642629,0.999550560551813
"Mrps16",51.7996054196083,-0.0273837896927416,0.327698768633905,-0.0835639078135626,0.933403163923124,0.999550560551813
"Pgam1",118.356903347007,-0.0292315371353154,0.348988757566892,-0.0837606842670642,0.933246707537273,0.999550560551813
"Dnpep",23.8279785184645,-0.038162119290269,0.451924451744522,-0.0844435815388067,0.932703757944554,0.999550560551813
"Rnf167",23.6374496705403,-0.0391702529396251,0.463203070747205,-0.0845638887420121,0.932608108804592,0.999550560551813
"Slc27a1",12.8703246824611,-0.0455790659509787,0.538783158299836,-0.0845963079002067,0.932582334416193,0.999550560551813
"Fam98a",7.59852071680797,-0.0570275915993759,0.673793116995637,-0.0846366490854866,0.93255026183209,0.999550560551813
"Soga1",9.57240432300391,-0.0579511715081995,0.684173771004477,-0.0847024162050497,0.932497975019338,0.999550560551813
"Oaz2",36.4584511713349,-0.0315971470036223,0.370560061602918,-0.0852686251911328,0.932047834135868,0.999550560551813
"Fam126a",30.7552839735237,-0.036868847859761,0.43105508143096,-0.0855316395699795,0.931838742886549,0.999550560551813
"Rbm5",71.0897944323196,-0.027853737219974,0.325643796749329,-0.0855343706774644,0.931836571734557,0.999550560551813
"Slc30a7",17.0210684492342,-0.0442531244729798,0.516206641395327,-0.0857275380133851,0.931683010539201,0.999550560551813
"B9d2",12.5342464365692,-0.047368053085872,0.551443260070713,-0.0858983262934393,0.931547242019096,0.999550560551813
"Clip3",21.2234883394659,-0.0395355330781352,0.456346265682533,-0.0866349437942787,0.930961689182135,0.999550560551813
"Lst1",9.86384785279989,-0.0555426776354772,0.640303803202165,-0.0867442569569441,0.930874797012683,0.999550560551813
"Ralb",24.890612124625,-0.0352003525825734,0.405741900881663,-0.0867555273588561,0.930865838306073,0.999550560551813
"Yap1",39.1639034476747,-0.0333678275793893,0.382315383827691,-0.0872782759754918,0.930450321376947,0.999550560551813
"Nup88",18.0932666593336,-0.0400413033579597,0.458148176896773,-0.087398150592186,0.930355039368841,0.999550560551813
"Ssr2",158.790647959381,-0.0254806547014141,0.290454651961604,-0.0877267915295173,0.930093825151023,0.999550560551813
"Soat1",23.054519823091,-0.0408084155860673,0.460805817152423,-0.0885588116882841,0.929432542928425,0.999550560551813
"Ddx54",13.0097557081277,-0.0491478040176402,0.55273641355504,-0.0889172538887675,0.929147671245404,0.999550560551813
"Capzb",115.681256373409,-0.0247840157424333,0.277849375600412,-0.0891994653177713,0.928923390299982,0.999550560551813
"Lrrc32",22.3163953016708,-0.0402915086071538,0.451505719728722,-0.0892380912280848,0.92889269369827,0.999550560551813
"Tdg",14.046684059999,-0.0465519016396278,0.519157657181811,-0.0896681402954346,0.928550934284145,0.999550560551813
"Lypla1",13.614034682973,-0.0465542809141127,0.518805063541419,-0.08973366720118,0.928498861295919,0.999550560551813
"Adcy3",11.6303972246376,-0.0501463749269932,0.556766381848026,-0.0900671746030117,0.928233834043657,0.999550560551813
"Slc35a2",25.0325222674291,-0.0380818437533624,0.422077031280827,-0.090224866389436,0.92810852439005,0.999550560551813
"Nop53",52.7542808170979,-0.0308762236071919,0.342203057357945,-0.0902277841863209,0.928106205781848,0.999550560551813
"Eps15l1",16.4163254562318,-0.0452699079428692,0.500114406541929,-0.09051910393042,0.927874713529663,0.999550560551813
"Col16a1",192.910079217027,-0.0322413980377389,0.355937736545409,-0.090581567300678,0.927825078874894,0.999550560551813
"Tesk1",15.2097330706159,-0.0502125248223386,0.551801831104479,-0.0909973870906405,0.92749466724356,0.999550560551813
"Pkn2",67.0905368308027,-0.0288492627240577,0.316109730313214,-0.0912634441700758,0.927283264058843,0.999550560551813
"Ift74",14.1014989379093,-0.0480937288619391,0.524150210465485,-0.0917556225327626,0.926892203348801,0.999550560551813
"Nsrp1",20.9596071934913,-0.0462083337345117,0.499043679455929,-0.0925937661105922,0.926226296395562,0.999550560551813
"Trabd2b",9.55417525438827,-0.0546729854621512,0.589934747984739,-0.0926763267444716,0.926160704575063,0.999550560551813
"Rpsa",1722.40101891439,-0.0259681447164748,0.277892351008012,-0.093446777582324,0.925548629930201,0.999550560551813
"Cox16",14.3840179092695,-0.0489579984437438,0.523856485832984,-0.0934568908999871,0.925540595828775,0.999550560551813
"Med12",14.3576551960545,-0.0480557729239246,0.513148367349482,-0.0936488859394461,0.925388074856469,0.999550560551813
"Edc4",12.4497758530164,-0.0501209125567924,0.53439094438914,-0.0937907220978181,0.925275401889752,0.999550560551813
"Rdx",98.4618886661079,-0.0262442747568561,0.279671152005329,-0.0938397634817766,0.925236444342954,0.999550560551813
"Adgre5",14.6550246779498,-0.052586061685129,0.557643628621227,-0.0943004797080673,0.924870468862826,0.999550560551813
"Ephb6",11.0769348848324,-0.0544763469702003,0.576710894633005,-0.0944604089799046,0.924743430834326,0.999550560551813
"Zfhx3",29.0096603692846,-0.0467387916785486,0.492909029310464,-0.0948223483427195,0.92445593544056,0.999550560551813
"Anapc2",17.8195204038131,-0.0436228623872994,0.458348970645981,-0.0951739071777968,0.924176694945433,0.999550560551813
"Ppib",592.060795986131,-0.0233517224393437,0.244446254734777,-0.0955290661527224,0.923894604373886,0.999550560551813
"Pygo2",9.1452449621242,-0.061104221368336,0.638338946406758,-0.0957237870449464,0.923739948319028,0.999550560551813
"Plin3",38.5377695136818,-0.0395007037630473,0.412558163304887,-0.0957457815077958,0.923722479512507,0.999550560551813
"Tmed7",66.9235643483808,-0.0325857843390605,0.339623937911153,-0.0959466654190468,0.923562931869214,0.999550560551813
"Pom121",20.8182541043675,-0.0424793436975,0.4424920648276,-0.0960002383637103,0.923520383251326,0.999550560551813
"Ptpn13",17.9998180144021,-0.04368401249052,0.453997954011209,-0.096220725456048,0.923345270652654,0.999550560551813
"Ttll4",12.6158468086709,-0.0544053415944033,0.562180656081075,-0.0967755489377017,0.922904641895021,0.999550560551813
"S100a10",894.598009074883,-0.0339076311490164,0.348842812074408,-0.0972003147990444,0.922567318056849,0.999550560551813
"Cmas",14.3452774317003,-0.0487072390914701,0.499316566051292,-0.0975478131572079,0.922291365838588,0.999550560551813
"Zfyve16",14.4074569080903,-0.0524513410834751,0.536759333031528,-0.0977185450828375,0.922155789188005,0.999550560551813
"Timm10b",65.7776104801548,-0.030467307410255,0.311073703495762,-0.0979424074355102,0.921978025582225,0.999550560551813
"Bst2",121.780754084632,-0.0391390098349967,0.39666773304018,-0.098669507436422,0.921400680231365,0.999550560551813
"Vcpip1",20.5437280900489,-0.0530864593121358,0.53763733427304,-0.0987402770008822,0.921344488683763,0.999550560551813
"Snx3",129.92903964132,-0.027501348275083,0.278146888964479,-0.0988734706955326,0.921238732989071,0.999550560551813
"Ppdpf",37.8368781974317,-0.0381237961239866,0.383715674080534,-0.0993542841723616,0.920856979047021,0.999550560551813
"Ing3",15.6547090118689,-0.0524284972202302,0.526779595422958,-0.0995264389049364,0.920720296900235,0.999550560551813
"Scai",14.6181102220712,-0.0526483663707,0.528747163563562,-0.0995719126243049,0.92068419345882,0.999550560551813
"Tsn",60.079554101407,-0.035115982421241,0.35147610192203,-0.0999100144482397,0.92041576575529,0.999550560551813
"Taf2",10.863588263492,-0.0582662380941257,0.57853922628944,-0.100712683680631,0.919778542450149,0.999550560551813
"Rgs10",16.254481773262,-0.0495881414200723,0.49074566451577,-0.10104651962438,0.919513531808679,0.999550560551813
"Pigm",7.74941174385456,-0.0776209015038467,0.767653174763759,-0.101114545025798,0.919459531962619,0.999550560551813
"Sf3a1",20.3076107979616,-0.0561887259139959,0.554370445176055,-0.101355918958039,0.9192679277837,0.999550560551813
"Adgra2",37.8429265495068,-0.0363964801031653,0.356339945578931,-0.102139770055904,0.918645734129022,0.999550560551813
"Ndst1",18.2520679006327,-0.0489987974595755,0.47920230204171,-0.102250755580282,0.918557641708834,0.999550560551813
"Dcaf6",17.831211864837,-0.0473221462794174,0.459854379099546,-0.102906807959686,0.918036934419704,0.999550560551813
"Macf1",52.6325405214323,-0.036055012791474,0.34979525928783,-0.103074618177732,0.917903749466328,0.999550560551813
"Tcaf1",29.6766453427726,-0.0406003210213915,0.392623732429942,-0.103407709895978,0.917639393340383,0.999550560551813
"Tomm7",187.646996461559,-0.0307468742584808,0.297254357611437,-0.103436243981568,0.917616747867642,0.999550560551813
"Sde2",71.4392222669574,-0.0388202824319619,0.374605275666622,-0.103629833730665,0.917463111228968,0.999550560551813
"Suz12",22.061859627113,-0.0439014154970325,0.423457821821507,-0.103673644067289,0.917428342910221,0.999550560551813
"Kbtbd2",15.5743212819707,-0.0527730463428751,0.507631836990198,-0.10395929194625,0.917201653787751,0.999550560551813
"Snap47",16.1441480053504,-0.050587831338003,0.48605951703624,-0.104077442298555,0.917107892062919,0.999550560551813
"Dennd1a",16.3825683258697,-0.0514895581700102,0.494168222432022,-0.104194393392208,0.917015083180908,0.999550560551813
"Nars",52.4619418143961,-0.0348859431589262,0.334491457287004,-0.104295468236706,0.916934874125311,0.999550560551813
"Btrc",14.459333527352,-0.0573278524565738,0.54728403166205,-0.104749726175044,0.916574403188266,0.999550560551813
"Rbbp4",64.4454678934839,-0.0356770740734201,0.340048603454453,-0.104917572696924,0.916441214930304,0.999550560551813
"Leprot",56.1476735137093,-0.0360524144947506,0.343376753573168,-0.10499375429347,0.916380764679872,0.999550560551813
"Gskip",15.0109829610645,-0.0531374359772062,0.506018405103703,-0.10501087597064,0.916367178661056,0.999550560551813
"Rab3gap2",14.9535799651218,-0.0531686367374992,0.504297495864225,-0.105431094093345,0.916033744032949,0.999550560551813
"Sil1",10.470732371569,-0.0616803173754127,0.58397465095495,-0.105621566406263,0.915882612945703,0.999550560551813
"Gdf10",40.213512330833,-0.0566038697697711,0.535371895821188,-0.105728130691187,0.915798060375167,0.999550560551813
"Gm26669",9.6456181969337,-0.0679051841929854,0.635592335665561,-0.106837638502797,0.914917787139928,0.999550560551813
"Uimc1",22.3714063775594,-0.0452084571226693,0.422175993386542,-0.107084386205913,0.914722033939268,0.999550560551813
"Pkd1",27.8383702782913,-0.0449033523442638,0.417824987586027,-0.107469284217997,0.914416691811879,0.999550560551813
"Wwc2",51.5934903600326,-0.0365113397868477,0.339604317007738,-0.107511412424171,0.914383271994574,0.999550560551813
"Slc7a1",20.1077058469743,-0.0536671106052207,0.495658502900931,-0.108274366910129,0.913778055301885,0.999550560551813
"Rad17",10.2503629139307,-0.0638680608653294,0.588567136028693,-0.108514487057965,0.913587589362416,0.999550560551813
"Diaph2",20.9976550968771,-0.0504016121494022,0.45960965848843,-0.109661777594413,0.912677614596754,0.999550560551813
"Fam20a",8.31192679287635,-0.0737595827982359,0.669106145225688,-0.110235996671884,0.912222215009878,0.999550560551813
"Tnks",20.3470681472603,-0.0537811456991744,0.486360757320707,-0.110578711151466,0.911950429977934,0.999550560551813
"Gm10073",30.1230507442401,-0.063429669192086,0.573529564088354,-0.110595291269614,0.911937281602885,0.999550560551813
"Polr1d",154.749789957537,-0.0355383034845497,0.32052475965318,-0.110875376750937,0.911715171696306,0.999550560551813
"Rpl39l",43.576932916816,-0.0514168838048821,0.4635433939096,-0.110921403433719,0.911678672847898,0.999550560551813
"Zfp580",8.85509129619972,-0.0723781150141758,0.65108352556402,-0.111165637237521,0.911485000211594,0.999550560551813
"Bsg",346.041607290176,-0.0288802519802469,0.258905641192894,-0.111547403321081,0.911182277701268,0.999550560551813
"Eef1g",298.660699249403,-0.0286564632122679,0.256697189221726,-0.111635282408626,0.911112595550555,0.999550560551813
"Osbpl8",23.0660975774849,-0.0510669541642288,0.455731990544611,-0.112054793658884,0.910779961037892,0.999550560551813
"Lztfl1",34.814383200672,-0.0429173070966287,0.382703509558015,-0.112142444541975,0.910710463780949,0.999550560551813
"Vps26b",9.9697277650287,-0.0659384318350276,0.587436135314037,-0.112247830651033,0.9106269053961,0.999550560551813
"Gatad1",52.7869380083067,-0.0377969537062445,0.335895275750116,-0.112526005677921,0.910406351135775,0.999550560551813
"Pcbp4",30.8937205152462,-0.0423723704529723,0.376012744348879,-0.112688655078291,0.910277395890654,0.999550560551813
"Gm26917",181.455511136306,-0.046296582197731,0.409761874068525,-0.112984113768449,0.910043149936474,0.999550560551813
"Orc6",17.1809244220616,-0.0544596643109777,0.480752202492281,-0.113280114014355,0.909808482466365,0.999550560551813
"Rps27rt",68.9851969233736,-0.0378889541809599,0.332532251186604,-0.113940690100757,0.909284809552015,0.999550560551813
"Ube2l3",75.5493412408828,-0.0334978244257991,0.293977166585839,-0.113947027977828,0.909279785378773,0.999550560551813
"Psmc6",74.9465208800972,-0.0347722046499619,0.303794979390031,-0.11445944472084,0.908873593485238,0.999550560551813
"Pfdn4",26.3270342886925,-0.0500165834290676,0.435875207668424,-0.114749778260194,0.908643457141261,0.999550560551813
"Hmox1",150.831028962047,-0.0401602530483278,0.349461891726422,-0.114920264552816,0.908508322719012,0.999550560551813
"Nup85",9.67508330406562,-0.0703338520891826,0.610040751541638,-0.115293694579324,0.908212336032619,0.999550560551813
"Ass1",15.2495297083701,-0.0560024140537267,0.485092158590072,-0.115446957989382,0.908090860657813,0.999550560551813
"Mpst",18.412781828189,-0.0535915524381282,0.462391290822626,-0.115900869029745,0.907731106952912,0.999550560551813
"Ndrg2",19.1651671186285,-0.0623754811670796,0.537559813537916,-0.116034494387814,0.907625203861497,0.999550560551813
"Slc4a2",21.2376279537864,-0.0507983481774597,0.437382539987533,-0.116141691844644,0.907540247056658,0.999550560551813
"Amn1",9.20737151439239,-0.0727641675766469,0.625160800693237,-0.116392722473897,0.907341302818814,0.999550560551813
"Cdk19",12.0471852463711,-0.0625745719780245,0.537335312206384,-0.11645348920227,0.907293145463453,0.999550560551813
"Snhg12",64.2099089397326,-0.0409423077442521,0.351423851173402,-0.116504066549683,0.907253063405929,0.999550560551813
"Mrpl41",19.7230044147581,-0.0549239345645805,0.470376670409099,-0.116765856003895,0.907045601578561,0.999550560551813
"Map1a",12.1729191086276,-0.068364828270502,0.583451303250229,-0.117173152051701,0.906722841899278,0.999550560551813
"Nfe2l1",48.043099482359,-0.0461140153687486,0.393264109431636,-0.117259658999635,0.906654291890241,0.999550560551813
"Mrpl49",14.9859109858802,-0.0672310751606063,0.572972337151074,-0.117337384026063,0.906592701462078,0.999550560551813
"Pqlc1",36.7135696593877,-0.0553418992923552,0.470828055843079,-0.117541634585174,0.906430853061599,0.999550560551813
"Vrk2",8.8319743433224,-0.0794460519385514,0.674360377444454,-0.117809489696917,0.906218610223483,0.999550560551813
"Glod4",21.3956104894538,-0.0530317090947665,0.449675704654218,-0.117933231762089,0.906120561836901,0.999550560551813
"Zfp236",10.0978143176365,-0.0678894917487312,0.573299736582369,-0.118418843436844,0.905735795923932,0.999550560551813
"Zpr1",12.6621392380151,-0.0653823209578183,0.551796550891141,-0.118489905114896,0.905679493300431,0.999550560551813
"Hba-a1",77.9121245678612,-0.1236097971914,1.04224583666115,-0.11859946362308,0.905592690320365,0.999550560551813
"Osgep",35.428572116641,-0.0481728790003214,0.404675563420987,-0.119040741163327,0.905243078466043,0.999550560551813
"Wtip",34.7207002732328,-0.0452087428075573,0.378672173165652,-0.119387549472193,0.904968324826626,0.999550560551813
"Vegfc",14.6900292898294,-0.0601192702660238,0.503267938232524,-0.119457779244119,0.904912687735613,0.999550560551813
"Lrig3",22.1657381347803,-0.0502855418073702,0.420581243706192,-0.119562016994031,0.904830109868998,0.999550560551813
"Psmb8",74.6137052416132,-0.0383630631012981,0.319381884472916,-0.120116590722137,0.904390790049293,0.999550560551813
"Bmyc",19.3260727898689,-0.0603626729931702,0.501548543347687,-0.120352603539166,0.904203835304916,0.999550560551813
"Acsl3",16.2730441354236,-0.0569160606773993,0.471951119140121,-0.120597363517431,0.904009957210188,0.999550560551813
"Spats2",19.62527557302,-0.0541085259635337,0.448558911647754,-0.120627468451734,0.903986111029669,0.999550560551813
"Uba52",124.507184555513,-0.0360239589292697,0.298524556437227,-0.120673352166406,0.903949766611275,0.999550560551813
"Dtd1",14.3255918684612,-0.0620555161138935,0.514050598008828,-0.120718692584475,0.903913852734943,0.999550560551813
"Scaf4",12.2214764648872,-0.0642307742309969,0.531099995359801,-0.120939135364674,0.903739244118272,0.999550560551813
"Tom1l2",12.014647358853,-0.0655315328326279,0.541541992413967,-0.121009143797909,0.903683792716938,0.999550560551813
"Timm8a1",18.6687829985229,-0.0582138655918189,0.480974548936148,-0.121033151796868,0.90366477687053,0.999550560551813
"Trmt1l",25.8625978265833,-0.0549945865352805,0.454316274655657,-0.121049122831805,0.903652126836136,0.999550560551813
"Irs1",26.8488849262853,-0.0493319355530717,0.405198950188775,-0.12174744167054,0.903099039653332,0.999550560551813
"Marc2",67.1680194830258,-0.038615164892432,0.317074978249597,-0.121785595021108,0.903068822532315,0.999550560551813
"Vhl",10.1812635803183,-0.0709748215884934,0.581567675307473,-0.122040520135458,0.902866927669518,0.999550560551813
"Ccdc34",38.8020920362004,-0.0444184079683489,0.363869973770211,-0.122072199330192,0.902841838910004,0.999550560551813
"Vps16",8.2244464554882,-0.0784904681651581,0.642149608982451,-0.122230812052559,0.902716224914899,0.999550560551813
"Syncrip",80.1365545462447,-0.0396391496729353,0.323701865104722,-0.12245573456956,0.902538100782365,0.999550560551813
"Esyt1",41.0207504905341,-0.0489442146768393,0.399459498066345,-0.122526100677948,0.902482376368158,0.999550560551813
"Nit1",12.7177499989718,-0.0642049841065992,0.523480864991597,-0.122650107005592,0.902384174295777,0.999550560551813
"Slc35d1",9.91586889109157,-0.0851392439311884,0.691852461503241,-0.123059826579499,0.902059723164232,0.999550560551813
"M6pr",33.5383119645199,-0.0513473409780085,0.416889908360129,-0.123167627587791,0.901974359787599,0.999550560551813
"Arhgef7",28.3670213399952,-0.0514820619174022,0.417169239586174,-0.123408096839718,0.901783945734627,0.999550560551813
"March5",55.2806772378851,-0.0430513075210094,0.348773197791162,-0.123436398764757,0.901761535406121,0.999550560551813
"Adamts18",8.61772255455758,-0.11168215812749,0.901226628645989,-0.123922390415031,0.901376724606251,0.999550560551813
"Hcfc1r1",79.2513523856058,-0.038088813930052,0.306575471219378,-0.12423960005201,0.901125568805363,0.999550560551813
"Helz",34.1244854991749,-0.0492511354383057,0.395931166198173,-0.124393176498903,0.901003975753015,0.999550560551813
"Plxdc2",53.5738057815315,-0.0701146659053547,0.562432790767203,-0.124663190084833,0.900790200063355,0.999550560551813
"Trpc1",13.5077713759402,-0.0699104208828099,0.559047131567595,-0.12505282101489,0.900481733381133,0.999550560551813
"Rnf115",19.9047646982593,-0.0572815450206256,0.457633824344967,-0.125168949438157,0.900389798643124,0.999550560551813
"Sec62",201.856784055271,-0.0316075465144298,0.251866905654818,-0.125493051309201,0.900133225804281,0.999550560551813
"2210016F16Rik",15.4602707857867,-0.0658800303845343,0.523750866864916,-0.125785052689041,0.89990207401622,0.999550560551813
"Magohb",15.0284172918072,-0.0623003730406486,0.493238888616719,-0.12630872074051,0.899487553395689,0.999550560551813
"Fgfrl1",14.6612958940195,-0.068791246545104,0.544476778738204,-0.126343765668986,0.899459813812296,0.999550560551813
"Sub1",150.49305743397,-0.0347098742795532,0.273158841507801,-0.127068463491642,0.898886211581884,0.999550560551813
"Myof",34.9034520589376,-0.0469431259775151,0.369331013217169,-0.127103125103421,0.898858778050632,0.999550560551813
"Fasn",23.6669625885833,-0.0555882621237598,0.437191149437301,-0.127148644695361,0.89882275096705,0.999550560551813
"Npr2",21.6474132315076,-0.0590227954527678,0.463664157622858,-0.127296437480459,0.89870577984889,0.999550560551813
"1810055G02Rik",22.8690919044771,-0.0565285006649459,0.443343821038668,-0.127504879920308,0.898540811089835,0.999550560551813
"Nhp2",41.417405870506,-0.0549625578744337,0.430915419425426,-0.127548366562792,0.89850639476713,0.999550560551813
"Zfp800",13.1151998677829,-0.0660974275932949,0.517493690510214,-0.127726055032917,0.898365770035241,0.999550560551813
"Thap7",9.38698282165096,-0.0781420578427428,0.611649368068592,-0.127756296208549,0.898341837133105,0.999550560551813
"Strn3",54.3621803923837,-0.0441948888266797,0.34521676667861,-0.128020690454541,0.898132599154803,0.999550560551813
"Naaa",24.1943912571991,-0.0625302111882424,0.488425639610433,-0.128024014542145,0.898129968562535,0.999550560551813
"Spen",25.6978314303921,-0.0545377492272238,0.425120209107623,-0.128287830262657,0.897921195569211,0.999550560551813
"Ube2b",129.712997952427,-0.0384096787274289,0.299054580209926,-0.128437018755796,0.897803137011697,0.999550560551813
"Sbsn",37.7837248913946,-0.0896383141067378,0.694555573461036,-0.129058519622932,0.897311343988376,0.999550560551813
"Sp3",39.762699151015,-0.0483786285018198,0.37452190102474,-0.129174364354794,0.897219680522097,0.999550560551813
"Mfsd1",26.9565052945517,-0.0522487653383269,0.403071548715952,-0.12962652785783,0.896861914126175,0.999550560551813
"Rps12-ps3",22.6906493603501,-0.0783479869833613,0.604377951366988,-0.129634092054737,0.896855929266927,0.999550560551813
"Mphosph6",15.6069214245508,-0.0662905062724159,0.510427898474341,-0.129872419729715,0.89666736531748,0.999550560551813
"Runx1t1",63.5250779829923,-0.0428754749588168,0.328570913609122,-0.130490780476761,0.896178147890097,0.999550560551813
"Eif5",192.250773994877,-0.0376307051994653,0.2878401271905,-0.130734743507671,0.895985146865195,0.999550560551813
"Cdk9",37.279412653062,-0.0529743086213763,0.403570914506072,-0.131263940777822,0.895566516019167,0.999550560551813
"Suclg1",41.1402042896307,-0.0455187736325434,0.346357842158668,-0.131421229988178,0.895442095212323,0.999550560551813
"Nop56",51.6924425715287,-0.0484235628358983,0.368078427294326,-0.131557731301589,0.89533412038264,0.999550560551813
"Shox2",42.9188907699511,-0.0520757472594701,0.395561208498361,-0.131650288604288,0.895260907105908,0.999550560551813
"Cdkn1c",89.896639541942,-0.0389252369191715,0.294850707170129,-0.132016766358683,0.894971030184361,0.999550560551813
"Hpgd",40.2164341751869,-0.0680253635454596,0.513640997949106,-0.132437565959639,0.89463820301594,0.999550560551813
"Myo9a",27.3937606458001,-0.0550466834276003,0.41377866896556,-0.133034125623769,0.894166392011709,0.999550560551813
"Arpp19",105.08330158225,-0.0413405036238472,0.309977847309401,-0.133365993675618,0.893903938236881,0.999550560551813
"Lrrc17",49.0014851657435,-0.0543890116094905,0.406864007643261,-0.133678601664807,0.893656726669956,0.999550560551813
"Serinc1",110.195883540983,-0.03783859856365,0.282363418028673,-0.134006730857067,0.893397251990636,0.999550560551813
"Tnpo2",10.6055718671641,-0.0817296104705332,0.607631106804717,-0.134505310138442,0.89300301236383,0.999550560551813
"Foxp1",47.5301706048408,-0.0503763950657292,0.374152661419649,-0.134641284855721,0.892895498196661,0.999550560551813
"Fam210a",11.8765036232278,-0.0777868801972054,0.576254264851893,-0.134987079387947,0.892622089981554,0.999550560551813
"Cnot6",49.0674611929529,-0.0478471082295235,0.354355790067175,-0.135025614285724,0.892591622511557,0.999550560551813
"Smim13",15.3605754713653,-0.0674622258464065,0.499437146180967,-0.135076508349986,0.892551383556659,0.999550560551813
"Jmjd1c",114.376921769727,-0.0432135294135351,0.319750328897918,-0.135147724671555,0.892495077447909,0.999550560551813
"Ap1s1",29.8026921228065,-0.0563150551073395,0.41667145979527,-0.135154577505764,0.89248965938665,0.999550560551813
"Fam43a",13.7530817350144,-0.0726113862197687,0.536671023319799,-0.135299621303571,0.892374984481548,0.999550560551813
"Raph1",42.0980147225685,-0.051452496813037,0.380164005859885,-0.13534289417184,0.892340772409501,0.999550560551813
"Serinc5",20.9020957630061,-0.0603330357619898,0.445722225138301,-0.13536016909022,0.892327114698457,0.999550560551813
"Ccdc9",11.6835678785819,-0.0761558546151253,0.560831120781885,-0.135791063999716,0.891986455521381,0.999550560551813
"Hmg20b",41.7584781106292,-0.0547029581149685,0.401351488951858,-0.136296885948591,0.891586585565881,0.999550560551813
"Bdnf",16.1429001014814,-0.0650095414216866,0.476434731088465,-0.13645004694172,0.891465511872542,0.999550560551813
"G3bp2",49.9999254688594,-0.0549550501310488,0.401690007607697,-0.136809602156496,0.891181293590792,0.999550560551813
"Rab6b",8.77867219327815,-0.0891978455599138,0.650405857123647,-0.137141823959554,0.890918694027931,0.999550560551813
"Smcr8",11.0937759283737,-0.0779480817845696,0.567667451973877,-0.137312931212686,0.89078344962405,0.999550560551813
"Mr1",13.5152916410524,-0.0733474871277586,0.533499962836586,-0.137483584324495,0.890648567341656,0.999550560551813
"Tceal8",100.964832112579,-0.0425739132617207,0.309640569650786,-0.137494622586878,0.890639842933295,0.999550560551813
"Pgap2",16.5643494244785,-0.0666858781037589,0.483706048476787,-0.137864470195805,0.89034753089206,0.999550560551813
"Psma6",61.0749797764489,-0.0479785924299398,0.347414082078604,-0.138102037035691,0.890159775882778,0.999550560551813
"Smyd5",7.12593903511677,-0.0939061494328834,0.679491686760334,-0.138200586206738,0.890081891817642,0.999550560551813
"Scnm1",13.7548745488215,-0.0728533408359529,0.526134826591708,-0.138468957297306,0.88986980174001,0.999550560551813
"Lman1",95.7277139414527,-0.0410000317894163,0.295483534235512,-0.138755724225018,0.889643182389321,0.999550560551813
"Haghl",10.72307174523,-0.0807299583142739,0.581612325024793,-0.138803726882563,0.889605248870758,0.999550560551813
"Tbca",137.176841867783,-0.0391544861653574,0.281662340919363,-0.139012144958942,0.889440551943036,0.999550560551813
"Mosmo",23.1247592024439,-0.061179153286732,0.436186594949857,-0.140259132204109,0.888455252847608,0.999550560551813
"Rprd1b",14.462134690433,-0.0720803676479223,0.512755219859906,-0.140574615052414,0.88820600332063,0.999550560551813
"Vamp3",22.1410234209008,-0.0618018820695553,0.438750829958076,-0.140858724017595,0.887981550417782,0.999550560551813
"Usp5",16.2921187659921,-0.0691360667741854,0.489559108812525,-0.141221081437708,0.887695292393183,0.999550560551813
"Plac9a",22.152507302767,-0.176217224031549,1.24492224495929,-0.141548779247102,0.887436427658698,0.999550560551813
"Prex1",9.81715308153947,-0.0866909052395043,0.611750566151136,-0.141709562746995,0.887309421195799,0.999550560551813
"Cers5",29.1745111641983,-0.0583681420111059,0.411195359190038,-0.141947472671087,0.887121496164679,0.999550560551813
"Tuba1b",212.933335063857,-0.0396763354297554,0.279354112296606,-0.142028821783117,0.88705723996268,0.999550560551813
"Mrps28",45.7888521494913,-0.0553719408788596,0.389210282047557,-0.142267415412457,0.886868783425114,0.999550560551813
"Tsfm",13.7153959889736,-0.0801517270503465,0.560301330002983,-0.143051109748249,0.886249816489037,0.999550560551813
"Ykt6",27.0687185214426,-0.0624662363398333,0.436008166497474,-0.143268500775192,0.88607813190494,0.999550560551813
"Ndufb5",117.194108443891,-0.0396069060092399,0.275688215579226,-0.143665574990302,0.885764556314612,0.999550560551813
"Mef2a",66.4126236209577,-0.0453524088163241,0.315498945218305,-0.143748210584169,0.885699299967335,0.999550560551813
"Psme2",72.419648771199,-0.0482894100001774,0.335595629866867,-0.143891653235574,0.885586026849598,0.999550560551813
"Mfsd14a",24.0956097353076,-0.073485610082206,0.510331794328329,-0.143995751193444,0.885503824728106,0.999550560551813
"Pamr1",24.146543466194,-0.060661893653196,0.418003944949978,-0.145122777873437,0.884613934521032,0.999550560551813
"Nck1",28.3353134251056,-0.0619452866153907,0.425410468348366,-0.145612981400975,0.884226919543263,0.999550560551813
"Phpt1",61.0576680753659,-0.0464120395500956,0.318627478889795,-0.145662388290585,0.884187914406088,0.999550560551813
"Cttnbp2nl",9.44282576507345,-0.101778503076566,0.697985776905237,-0.145817445633114,0.884065503485696,0.999550560551813
"Pcbd2",27.1292016212338,-0.0590201376539829,0.402904760392254,-0.14648657314578,0.883537288659882,0.999550560551813
"Cbfb",44.2539902937756,-0.0543338773367348,0.370625833179871,-0.146600351277634,0.883447476399673,0.999550560551813
"Mlx",14.5388944103629,-0.0778222876643494,0.530472356279852,-0.14670375702536,0.883365853016269,0.999550560551813
"Dnmt1",14.7980311824973,-0.0824357422056564,0.559036140235513,-0.147460488280646,0.882768564528252,0.999550560551813
"Hmg20a",15.2196421939462,-0.0841332336202672,0.569897946093115,-0.147628595956583,0.882635886062228,0.999550560551813
"Commd4",23.9257392302449,-0.0689126156214148,0.466573415172291,-0.147699404596311,0.882580001546518,0.999550560551813
"Hbb-bs",314.427785182528,-0.151583868900405,1.0247837361622,-0.147917910434532,0.882407553212354,0.999550560551813
"Rab1b",28.2332993973427,-0.0645724330711427,0.436418179222525,-0.147959998335033,0.882374337401918,0.999550560551813
"Btf3",433.415819338693,-0.0427252577649321,0.288620256665146,-0.148032775864729,0.882316901795528,0.999550560551813
"Rrbp1",340.461540390577,-0.0422905975958255,0.284492443601121,-0.148652797453981,0.881827609457405,0.999550560551813
"Prdx1",369.598569621747,-0.0381633840358382,0.256227925989562,-0.148943109493041,0.881598524123859,0.999550560551813
"Pcca",7.6868150859558,-0.109534815287722,0.734936271846895,-0.149039882073667,0.881522163046308,0.999550560551813
"Slc9a3r2",13.446266955278,-0.0767012300286603,0.513661113306942,-0.149322633233532,0.881299056746786,0.999550560551813
"Ruvbl2",10.9508095328205,-0.088135225353168,0.589275268351938,-0.149565457922002,0.881107462158569,0.999550560551813
"Gapdh",413.047280385748,-0.0520997821221442,0.347876371948898,-0.149765222139886,0.880949848545785,0.999550560551813
"Ndufb3",78.5663734027905,-0.0471841824711144,0.314727542158876,-0.14992072872763,0.880827157388253,0.999550560551813
"Dcun1d3",20.1215181432638,-0.0679811550273028,0.452459939798316,-0.150247898316933,0.880569037373404,0.999550560551813
"Amd2",28.5331014432103,-0.0601892857714629,0.399881014550585,-0.150517988054792,0.880355959991342,0.999550560551813
"Ndn",59.312474201881,-0.0508854212024051,0.337934910273513,-0.150577580638888,0.880308947776042,0.999550560551813
"Mindy3",15.2728316116232,-0.0739540677336308,0.491053405489923,-0.150602901653532,0.880288972314322,0.999550560551813
"Rps6ka4",16.2632769356397,-0.0748496463512787,0.496613630549648,-0.150720080454569,0.880196532277234,0.999550560551813
"Nfrkb",10.8628895673857,-0.0875961085391831,0.580650062293697,-0.150858691365948,0.88008718698035,0.999550560551813
"Bhlhe40",119.288313215244,-0.0577130695815216,0.382469467321436,-0.150895887155924,0.880057844912436,0.999550560551813
"Nob1",17.4739049428204,-0.0726888588950316,0.481389534931691,-0.150998003945695,0.879977290465699,0.999550560551813
"Mtmr6",19.8637913564848,-0.0695847372465742,0.46018994320557,-0.151208730816376,0.879811063291023,0.999550560551813
"Pex14",12.4602754869443,-0.0790007797119536,0.522257828117867,-0.151267775145965,0.879764488443001,0.999550560551813
"Tmem55b",26.053937580526,-0.0650158804707587,0.428198480265339,-0.15183585058609,0.879316405262811,0.999550560551813
"Iqgap1",116.828742154537,-0.0452752236781409,0.298025956484866,-0.151917048475071,0.879252361626512,0.999550560551813
"Uvssa",13.956692496459,-0.0788151094889866,0.518645311938823,-0.151963408662379,0.879215796067401,0.999550560551813
"Cybrd1",10.0033182646389,-0.095874162654742,0.629393393389769,-0.152327882150757,0.878928334748616,0.999550560551813
"Fam192a",19.9985871680828,-0.0690911288211197,0.450623676367329,-0.1533233437224,0.878143292690364,0.999550560551813
"Syvn1",14.6659459476807,-0.0784988525365228,0.511659984633012,-0.153419956404889,0.878067108250792,0.999550560551813
"Tmem14c",97.3572445707987,-0.0491943185780388,0.320577288248258,-0.153455408044821,0.878039152956592,0.999550560551813
"Rap2a",35.2304053289372,-0.0568416952012945,0.369832529903305,-0.153695769315253,0.877849620743639,0.999550560551813
"Tgfb1",34.0331618627273,-0.0647335122526803,0.418580050099648,-0.154650256832044,0.877097047356633,0.999550560551813
"Acly",30.4805244703265,-0.0629389257542173,0.405699645239825,-0.155136753242689,0.876713508029891,0.999550560551813
"Irak1bp1",11.938019665177,-0.0867675360038963,0.558447048556793,-0.155372897445033,0.876527349381221,0.999550560551813
"Gstm5",51.7234109806152,-0.0532988455076528,0.342477697497318,-0.15562720112036,0.876326882783672,0.999550560551813
"Yif1b",57.1596808637626,-0.0504320180409791,0.323115791373997,-0.156080325961554,0.875969705905429,0.999550560551813
"Chchd4",11.2769461972303,-0.096504112859693,0.618173256586082,-0.156111756423508,0.87594493169503,0.999550560551813
"Rin2",32.1463914673645,-0.0617551943446758,0.3953947829642,-0.156186163817612,0.875886282566376,0.999550560551813
"Slc44a1",60.6746385615769,-0.0535682949487507,0.34250784452255,-0.156400198726613,0.875717580541192,0.999550560551813
"Nol12",19.0164187625222,-0.0772167487922489,0.493358707456988,-0.156512386677559,0.875629156405609,0.999550560551813
"Mbtps1",34.3637365420546,-0.0599725401649664,0.382802153349956,-0.156667196462032,0.875507141205099,0.999550560551813
"Urm1",18.7448744073662,-0.0763488213917929,0.486649629848634,-0.156886632001631,0.875334195506358,0.999550560551813
"Bcorl1",9.476317649087,-0.0961313153112369,0.61107656647404,-0.157314681310596,0.874996850309688,0.999550560551813
"Wiz",15.0313448816744,-0.0767029916535511,0.487367146357912,-0.15738235994517,0.87494351492925,0.999550560551813
"Fzd7",9.02602649573745,-0.104805354825512,0.66506206151235,-0.157587330402195,0.874781987694591,0.999550560551813
"Sulf2",97.1907622682577,-0.0560405801573198,0.354691625669042,-0.157998035763073,0.874458346509404,0.999550560551813
"4933434E20Rik",22.6782252161485,-0.0728091831395518,0.460591311259949,-0.15807763055795,0.874395627199796,0.999550560551813
"Dnajc2",17.7341806179289,-0.0732971084242575,0.463572292129253,-0.158113652754338,0.874367242596912,0.999550560551813
"Pdha1",53.7159619818304,-0.0513152314783671,0.324207861884277,-0.158278800458835,0.874237112346459,0.999550560551813
"Tmem2",18.071524943313,-0.0879593242745648,0.55288258614538,-0.159092231295988,0.873596208796072,0.999550560551813
"Cpeb1",12.3364162070212,-0.0868854184555373,0.545057281844732,-0.15940603189719,0.873348986910242,0.999550560551813
"Ryk",82.8469295900573,-0.0460799123898036,0.288904147145781,-0.159498964777932,0.873275773865091,0.999550560551813
"Wls",84.8282553168713,-0.0522334745049921,0.327425442665003,-0.159527842674198,0.873253023917272,0.999550560551813
"Cggbp1",65.6207111419659,-0.0489719255131404,0.306929662163344,-0.159554228704941,0.873232237147662,0.999550560551813
"Nt5c2",12.2174907981726,-0.107109841922514,0.670482512999104,-0.159750388482775,0.873077706300233,0.999550560551813
"Naca",577.39050807248,-0.0452101622646308,0.28271617366438,-0.159913604087968,0.872949131920078,0.999550560551813
"Psen1",24.559841152348,-0.070208216818362,0.438766929434432,-0.160012553609863,0.872871185287569,0.999550560551813
"Shc1",30.0301755162092,-0.0610089604073528,0.380981281306062,-0.160136372575064,0.872773649704046,0.999550560551813
"4930453N24Rik",21.1622892741465,-0.0739620269257708,0.461165971527968,-0.160380495292648,0.872581353232853,0.999550560551813
"Vldlr",10.0859198653259,-0.108001441987281,0.6724753118811,-0.160602835641908,0.872406221373775,0.999550560551813
"Kmt2a",51.455713655991,-0.0537011348684671,0.334351863400268,-0.160612638201986,0.872398500289465,0.999550560551813
"Rpl21",1240.4733131322,-0.0392086017128314,0.243320347480341,-0.16113983938807,0.871983262938435,0.999550560551813
"Foxj2",15.7429587227569,-0.0827883875831417,0.513603468776051,-0.161191254763975,0.871942768738583,0.999550560551813
"Gars",34.1898510865339,-0.063395178523304,0.392950917940658,-0.161331035579557,0.8718326805608,0.999550560551813
"Lin7c",24.7598130785735,-0.0686467976335698,0.425247568991671,-0.161427842600822,0.871756439016823,0.999550560551813
"Wdr70",15.0148645474271,-0.0786803780238894,0.487081369294804,-0.161534361574541,0.871672550083634,0.999550560551813
"Ubxn4",79.4108025364856,-0.0517047630699359,0.316572217362501,-0.163326913210232,0.870261044731345,0.999550560551813
"Plbd2",37.3543548392871,-0.0642969380862999,0.393290629181677,-0.163484541241379,0.870136943705964,0.999550560551813
"Ccnt2",29.150876690221,-0.0630948272660767,0.385355106054602,-0.163731649781583,0.869942400842877,0.999550560551813
"Sem1",298.304556484931,-0.0422283542675532,0.257863622615084,-0.163762355617674,0.869918227394795,0.999550560551813
"Ktn1",50.7750011340733,-0.0540072148882606,0.329235316630115,-0.164038340239592,0.869700961455757,0.999550560551813
"Slc25a20",14.7206188533775,-0.0972299701015535,0.59127860505745,-0.164440196668551,0.869384621876313,0.999550560551813
"Rangrf",8.99478399321209,-0.110780788846226,0.670254721101117,-0.165281624073057,0.868722321761049,0.999550560551813
"Lyar",27.6696015223776,-0.0807261604311715,0.487893002104599,-0.165458738049013,0.868582924415665,0.999550560551813
"Lmf1",10.2369694281732,-0.104016475395326,0.628504238362329,-0.165498447021388,0.868551672076347,0.999550560551813
"Tgs1",13.7089925076777,-0.0877515635624646,0.529990202808874,-0.165572048497111,0.868493745703867,0.999550560551813
"Tsnax",24.9485103029322,-0.0719609015808004,0.434498043502499,-0.165618470915822,0.868457210354903,0.999550560551813
"Tmem222",23.7423181591906,-0.0713869907281919,0.430763881173273,-0.165721857955581,0.868375843747643,0.999550560551813
"Tomm6",58.1368292252307,-0.0748678222716181,0.450263581215162,-0.16627554480326,0.867940110551523,0.999550560551813
"Crabp2",31.2595759243569,-0.0751431895403628,0.451647322224169,-0.166375811042817,0.867861208630506,0.999550560551813
"Gle1",13.1225633210892,-0.0861503188265514,0.517487351975206,-0.166478114871258,0.867780704638297,0.999550560551813
"Dcps",15.6952550234014,-0.0859101180007993,0.514062037830351,-0.167120136634464,0.867275522083463,0.999550560551813
"Sfswap",30.3634962830172,-0.0636064244657294,0.380591441542242,-0.167125209668357,0.867271530521224,0.999550560551813
"Kansl3",18.5395394581331,-0.0750530358678657,0.448592695628522,-0.16730775288864,0.86712790419951,0.999550560551813
"Dguok",32.2781101544473,-0.0685725080900661,0.409250979199313,-0.167556124665178,0.866932490540423,0.999550560551813
"Pfdn2",57.6338323243556,-0.060610087943999,0.359438946654877,-0.16862415302534,0.866092281240473,0.999550560551813
"Spats2l",12.0257511321431,-0.0985567536489545,0.582471939674274,-0.169204294552058,0.865635951934278,0.999550560551813
"Tmcc1",29.0691322264695,-0.070710829329462,0.416519032147701,-0.169766142413361,0.865194054803692,0.999550560551813
"Aqr",13.6876148656645,-0.0895040205975776,0.525892758903249,-0.170194434287779,0.864857228659896,0.999550560551813
"Mars",10.4484866723979,-0.10408779504417,0.610051152657555,-0.170621421811489,0.864521452749764,0.999550560551813
"Evl",26.1431536806854,-0.0727828091583836,0.426508911163778,-0.170647804191916,0.864500706884945,0.999550560551813
"Vps54",12.8932474887349,-0.0911592432257464,0.533570126154764,-0.170847726957085,0.864343500049138,0.999550560551813
"Nxf1",77.904582274638,-0.0523685203741828,0.306003838446355,-0.171136808740925,0.864116193599993,0.999550560551813
"Dnajb1",255.237901805513,-0.0564896233563258,0.329974795268667,-0.171193752269265,0.864071419944633,0.999550560551813
"Ckap4",146.026392192197,-0.0618561837285338,0.360933286319426,-0.171378440484957,0.863926205981105,0.999550560551813
"Serf1",60.4578859343657,-0.0590672312281894,0.343665157652179,-0.171874366408628,0.863536299314392,0.999550560551813
"Cyb5b",23.2616169496707,-0.0755277881392048,0.439275724381498,-0.171937086315316,0.863486990061637,0.999550560551813
"Ppif",7.80592472235833,-0.11315380635005,0.65672711645772,-0.172299580014883,0.863202014514983,0.999550560551813
"Arrb1",7.86156716997776,-0.114144114383075,0.660837367093467,-0.172726483196781,0.862866426079696,0.999550560551813
"Zc3h14",33.1924027670643,-0.0681293368840158,0.393161429782209,-0.173285911900758,0.862426696848413,0.999550560551813
"Ero1l",21.0340931418227,-0.0835483977634826,0.481859381612507,-0.173387508787095,0.862346842947398,0.999550560551813
"Celf1",39.8511528056953,-0.0633984038772024,0.365383261307114,-0.173512064155326,0.862248945881929,0.999550560551813
"Serpine2",311.505478829522,-0.0898351138900407,0.516407980297062,-0.173961513604734,0.861895708680048,0.999550560551813
"Asf1a",21.7499871797117,-0.0772615626904699,0.443689817004727,-0.174134180522892,0.861760011371919,0.999550560551813
"Spcs2",117.626423287226,-0.0509531779803466,0.292592504930016,-0.174143825018805,0.861752431973501,0.999550560551813
"Aspn",268.519684141306,-0.0714360996744437,0.409588144399141,-0.174409588390893,0.861543579362324,0.999550560551813
"Upf3a",28.8034500008258,-0.0794205404206761,0.453352098302543,-0.175185117082385,0.86093417833939,0.999550560551813
"Ppp1r12c",29.4937937745405,-0.0740446127192944,0.421960230411474,-0.175477704728452,0.860704288011823,0.999550560551813
"Fst",152.977247913473,-0.0744754816020385,0.422150054855349,-0.176419452622262,0.859964423357075,0.999550560551813
"Mtf2",15.8816985684473,-0.0912273622294409,0.515549983995003,-0.176951537312675,0.859546456381735,0.999550560551813
"Dcaf12",24.9567854973934,-0.0725318484578545,0.409565563031428,-0.177094597311856,0.859434085574648,0.999550560551813
"Creb3",30.0784252706762,-0.0675627988307336,0.381032470893603,-0.177315068902879,0.859260915064543,0.999550560551813
"Amotl1",38.2556288923147,-0.0656172966572034,0.369651714632156,-0.177511138349513,0.859106917027299,0.999550560551813
"Dgcr6",28.4737147051625,-0.0723016545179293,0.406610381948201,-0.177815564303865,0.858867823597134,0.999550560551813
"Rab28",33.2667696607388,-0.0664146072649182,0.373145781674113,-0.177985684219583,0.858734218567802,0.999550560551813
"Rragc",46.1362259586618,-0.0703211706061778,0.394807768146846,-0.178114961963014,0.858632691968359,0.999550560551813
"Pdcd2l",9.63479798961604,-0.105110102521375,0.589799077228203,-0.178213406191387,0.858555381637951,0.999550560551813
"Pibf1",11.3764420490635,-0.110199722224277,0.618327059666342,-0.178222383286512,0.858548331803139,0.999550560551813
"Rnf40",8.93252177403283,-0.109811605533094,0.61474013449037,-0.17863093585736,0.858227501862559,0.999550560551813
"Snrpf",140.615605118726,-0.0558636745464774,0.312211962096439,-0.178928680923576,0.857993702067678,0.999550560551813
"Tmod2",18.294398631021,-0.0869734568619733,0.48549111049682,-0.179145312821424,0.857823602984036,0.999550560551813
"Osbpl9",33.313912904729,-0.066232330880511,0.369239243682348,-0.179375112515098,0.8576431717797,0.999550560551813
"Sema3b",27.883342139242,-0.0855636347502462,0.476013289192048,-0.179750516830057,0.857348432591394,0.999550560551813
"Brd9",29.6248073381944,-0.0735283239435703,0.408109935538263,-0.180167934031286,0.857020731402683,0.999550560551813
"Cd44",109.738544253613,-0.0655751044966011,0.36377086452714,-0.180264861458438,0.856944640234954,0.999550560551813
"Esyt2",53.0667395170131,-0.0627718618302824,0.346324356418442,-0.181251652293375,0.856170053275805,0.999550560551813
"Cdk16",35.5544721192365,-0.0703131757219918,0.38742162712898,-0.181490063533762,0.855982931795289,0.999550560551813
"Noct",60.1251526922587,-0.0667647382508015,0.367779780746618,-0.181534553409284,0.85594801398805,0.999550560551813
"Rpl3",979.252535191003,-0.0440109939258595,0.242338007845095,-0.181609951807443,0.855888838320524,0.999550560551813
"Larp1b",16.4968643034969,-0.0863621152683362,0.475179082885869,-0.181746458080267,0.855781704819503,0.999550560551813
"Atad1",20.0498237418412,-0.0845752666696534,0.464707559089074,-0.181996752614567,0.855585274381018,0.999550560551813
"Ppp3r1",38.3980248426461,-0.0644624184012133,0.353636140720914,-0.182284588531596,0.855359392634391,0.999550560551813
"C1qtnf3",50.9118312439501,-0.186199125455467,1.02048675208894,-0.18246109033196,0.855220887167567,0.999550560551813
"Zfp397",13.5671003571174,-0.0957806758950685,0.524862338464494,-0.182487233081495,0.85520037266404,0.999550560551813
"Ints6",61.3940814272065,-0.0627468000195294,0.34369856580199,-0.182563461890262,0.855140555636916,0.999550560551813
"Zbtb7a",51.9068806123124,-0.0617844229736521,0.33799226792,-0.18279833249995,0.854956257039287,0.999550560551813
"Ccdc28b",15.7731238276382,-0.089030804514971,0.486712981760285,-0.182922600899148,0.854858749138573,0.999550560551813
"Prkra",19.5797853490118,-0.0818840952777615,0.446249090521784,-0.183494144900143,0.854410312475244,0.999550560551813
"Prkcd",22.6871031213154,-0.0874956991725925,0.476752129420053,-0.183524506285954,0.854386492074004,0.999550560551813
"Vapb",36.8800596848931,-0.0667373492313041,0.362524032974937,-0.184090827533958,0.853942202075766,0.999550560551813
"Glipr2",25.0670286790054,-0.0882527751045594,0.479147826577535,-0.18418694651071,0.853866799468962,0.999550560551813
"Snx27",19.798490143624,-0.0839195515029639,0.455114918085626,-0.184392003355898,0.853705942661487,0.999550560551813
"Timm44",12.4798098378451,-0.0968442740514612,0.523508228656824,-0.184990929941897,0.853236149651384,0.999550560551813
"Stk3",17.4963961234346,-0.0887793632265305,0.479048143083003,-0.185324511760289,0.852974513417203,0.999550560551813
"Arl6ip4",25.4428962830862,-0.079972379676995,0.4313080032838,-0.185418260426699,0.852900986996175,0.999550560551813
"Aig1",25.5660054640018,-0.077399530910084,0.416809633371635,-0.185695158444366,0.852683825289256,0.999550560551813
"Rsl24d1",25.6428473478998,-0.0758357805576704,0.408276826994032,-0.185745982979286,0.852643966545778,0.999550560551813
"Gnb4",29.9856953654695,-0.0766844603987011,0.412187386920805,-0.186042714629292,0.852411264587813,0.999550560551813
"Mzt1",18.4727226482381,-0.0878369829709803,0.471034961879824,-0.186476567727451,0.852071052807792,0.999550560551813
"Map2k4",15.606456432131,-0.0958733229489691,0.514119301039205,-0.186480691845604,0.852067818956674,0.999550560551813
"Rpl7l1",33.9375818114452,-0.0700851426860144,0.375150999083184,-0.186818488707994,0.851802950232186,0.999550560551813
"Rgs19",12.1867254294021,-0.100904525704148,0.5386343783484,-0.187333987135297,0.851398776777174,0.999550560551813
"Eif3i",121.563217072485,-0.0551277465844426,0.293400781234392,-0.187892296511652,0.850961081682983,0.999550560551813
"Rpl24",1078.86653507522,-0.0472086349105971,0.251090608009601,-0.188014339862493,0.850865410059589,0.999550560551813
"Usp38",11.6065871751216,-0.104546952836605,0.554826180764549,-0.188431902569088,0.850538092968974,0.999550560551813
"2010107E04Rik",165.909247876231,-0.0587951486764423,0.311667677387026,-0.18864692408713,0.850369552954311,0.999550560551813
"Casp8",12.9639124743351,-0.0985344440013358,0.522210538867018,-0.188687199257056,0.850337984884352,0.999550560551813
"Ubxn1",78.7087485380143,-0.0570104607002437,0.301929929333227,-0.188820170382393,0.850233762526627,0.999550560551813
"1110004F10Rik",69.5137652616826,-0.0609973423286992,0.322828482547981,-0.188946594325466,0.850134674256783,0.999550560551813
"Eny2",101.855491062449,-0.0566025237579681,0.299420157319664,-0.189040458279964,0.850061107311499,0.999550560551813
"Habp4",13.2337535031144,-0.101233925208419,0.534747523935088,-0.189311629651804,0.849848580990116,0.999550560551813
"Arhgap24",18.2960650180418,-0.0883383304870634,0.465987787271879,-0.18957220103179,0.849644372524957,0.999550560551813
"Ercc6l2",10.5352795612822,-0.114644486440612,0.604445935190316,-0.189668719344626,0.849568734173558,0.999550560551813
"Thap2",32.3412352050013,-0.0704030731772079,0.370336364146127,-0.190105752481353,0.849226262455776,0.999550560551813
"Paics",39.8347238280448,-0.0721537530635077,0.378801606578266,-0.190479004868211,0.848933793689718,0.999550560551813
"Impact",46.8058156482187,-0.069989219575441,0.367206939286526,-0.190598847917821,0.848839892874087,0.999550560551813
"Ergic2",57.0574433106815,-0.0630460035671106,0.330650799479541,-0.1906724667424,0.848782211262543,0.999550560551813
"Ncs1",10.7731245868438,-0.114294544782752,0.598674605563699,-0.190912632205495,0.848594043134379,0.999550560551813
"Nrg2",20.9833624395569,-0.144471063374398,0.756737086318064,-0.190913153308408,0.848593634862904,0.999550560551813
"Alg5",37.5815417414245,-0.0701574703531566,0.367359539012727,-0.19097767419271,0.84854308463112,0.999550560551813
"Sh3bgrl",57.8117142939819,-0.0654041264045139,0.341816522938488,-0.191342787768875,0.848257040530243,0.999550560551813
"Tmem256",150.894492769651,-0.0532058521427696,0.278046551251311,-0.191355914696024,0.848246756759584,0.999550560551813
"Llgl1",15.3609823114729,-0.10672335631544,0.557288951818425,-0.191504525555734,0.848130335275243,0.999550560551813
"Stim2",18.3757467283713,-0.0898985227561303,0.467778411815613,-0.192181854667475,0.84759975884939,0.999550560551813
"Senp3",17.3934269540029,-0.0950815004478963,0.494335818215233,-0.192341920096306,0.847474383881333,0.999550560551813
"Prdx3",26.6759749395353,-0.0815150897276689,0.423790035305353,-0.192347820705446,0.847469762165806,0.999550560551813
"Cirbp",42.2907693091952,-0.0749591524022014,0.388894366050988,-0.192749391469388,0.84715523988311,0.999550560551813
"Slc25a4",268.361737044745,-0.0491437530259469,0.254533979512236,-0.193073447875687,0.846901446919846,0.999550560551813
"Cog3",11.8023289594943,-0.108726360364318,0.562818142099531,-0.193182046262272,0.846816398900162,0.999550560551813
"Nudt4",57.1038861369779,-0.0754684160649374,0.390580846158479,-0.193220985635112,0.846785904254126,0.999550560551813
"Synj2bp",27.3793214296669,-0.0834699027684107,0.431659415330104,-0.193369818435626,0.846669350727685,0.999550560551813
"Rbp1",70.5430874656934,-0.077736703164342,0.401195847426,-0.193762481997475,0.846361865242826,0.999550560551813
"Skap2",12.5935052242028,-0.118691772104919,0.607791496145915,-0.195283699850293,0.8451708570478,0.999550560551813
"Taf5l",10.2575053837066,-0.120135515006451,0.61387995908614,-0.195698708238158,0.84484599553834,0.999550560551813
"Eps15",24.2464602749054,-0.088164454328604,0.449667351008473,-0.196065945483649,0.844558550467613,0.999550560551813
"Gm37494",12.56435019259,-0.102644472847043,0.523389798861552,-0.196114775393615,0.844520331727783,0.999550560551813
"Pdcd2",11.5569630899993,-0.110113691364017,0.558681362869628,-0.197095694759578,0.84375265243377,0.999550560551813
"Usp47",36.5185194683724,-0.074004510410369,0.375410794811126,-0.197129415118714,0.84372626510956,0.999550560551813
"Rpl36al",265.331281216106,-0.0554026632849325,0.280508441777878,-0.197508007009655,0.843430016166489,0.999550560551813
"Pgghg",9.95172618561251,-0.118628409983301,0.600310167269292,-0.197611862086097,0.843348753222868,0.999550560551813
"Hbp1",47.1562940615132,-0.0700840639502452,0.354072220969931,-0.197937199812682,0.843094198696489,0.999550560551813
"Usp37",18.0771550806646,-0.100239091072821,0.504760093523634,-0.198587591132791,0.842585361124117,0.999550560551813
"Srpx2",48.3948159077453,-0.0818251244885867,0.41186684506902,-0.198668879197777,0.842521769531959,0.999550560551813
"Pa2g4",55.5932572337747,-0.0733620302879655,0.369203235825809,-0.19870364928919,0.842494569229132,0.999550560551813
"Got2",22.9381824373035,-0.0844518357700692,0.424425886630802,-0.19897899357758,0.842279176721378,0.999550560551813
"Pla1a",35.3584100747755,-0.217804861812452,1.09289977826996,-0.199290791473335,0.842035282039942,0.999550560551813
"Golph3",61.7600350800226,-0.0646835090517948,0.324519212657988,-0.199321046424345,0.842011616805654,0.999550560551813
"Sema5a",24.6483058031899,-0.0924651444976664,0.463196661981565,-0.199623943968203,0.841774700102764,0.999550560551813
"Zer1",8.02605950204728,-0.136521490061092,0.682262916607724,-0.20010099733969,0.841401593376092,0.999550560551813
"Katna1",26.5935875290703,-0.0794663832798099,0.396812656727201,-0.200261715276993,0.841275902786982,0.999550560551813
"Arpc3",190.301900803465,-0.0515167650278584,0.257243928575079,-0.200264260125474,0.841273912602921,0.999550560551813
"Uck1",9.00632294025468,-0.129162276208928,0.644625576327969,-0.200367904954509,0.841192858624792,0.999550560551813
"AY036118",669.678833962578,-0.0687418129451758,0.342985861006042,-0.200421710514664,0.841150781408301,0.999550560551813
"Lrpprc",9.81571457915977,-0.115954650789804,0.575953600357949,-0.201326375454097,0.840443380142222,0.999550560551813
"Idh3a",21.7255138884227,-0.090197820966639,0.447994976001039,-0.201336679647117,0.840435323536375,0.999550560551813
"Oxct1",76.7070288088483,-0.0605147156590436,0.300455367602446,-0.201410000233762,0.84037799637911,0.999550560551813
"Cxcl16",11.9912266796561,-0.121090916873159,0.600522419994628,-0.201642624557202,0.840196120035674,0.999550560551813
"Spcs3",35.1998952605558,-0.0743551548135805,0.368683726180375,-0.201677344383796,0.840168975217528,0.999550560551813
"Gak",16.4283522621766,-0.0984639481383075,0.487638875014088,-0.201919808250445,0.839979416276981,0.999550560551813
"Stom",13.2075189406804,-0.125681660570463,0.622206291241966,-0.2019935547736,0.839921762875515,0.999550560551813
"Chka",73.6353154899619,-0.064249164785798,0.317712990776123,-0.202223914825917,0.839741678011842,0.999550560551813
"Urgcp",6.90071165588488,-0.145026498646985,0.717081024139282,-0.202245623248868,0.839724707800448,0.999550560551813
"Aspscr1",14.9586660987367,-0.102229811494676,0.504245720205932,-0.202738084624547,0.8393397540514,0.999550560551813
"Efhd2",20.806721662994,-0.0945147158770623,0.465441721138766,-0.203064554775664,0.839084575706084,0.999550560551813
"Rhoc",130.002661454271,-0.0633090609341505,0.311706287785661,-0.203104856767226,0.839053075696988,0.999550560551813
"Epb41l2",68.237659264563,-0.067749952232739,0.333549637080279,-0.203118051111634,0.839042763062428,0.999550560551813
"Rbsn",10.9727800665935,-0.121486406925893,0.597909539619893,-0.203185262779258,0.838990231183283,0.999550560551813
"Nup153",26.9461020297706,-0.0822650583874688,0.40419467226237,-0.203528309581649,0.838722120862804,0.999550560551813
"Scaf11",58.1011511326878,-0.0774700823646395,0.380499933396147,-0.203600777727295,0.838665485335434,0.999550560551813
"Hbb-bt",57.8140859571713,-0.205286488915335,1.00721839225475,-0.203815270346468,0.838497859304082,0.999550560551813
"mt-Atp6",5115.28184013122,-0.0567943415650404,0.278605681006347,-0.203852058435759,0.838469110139806,0.999550560551813
"C330007P06Rik",9.89800125459182,-0.120542241804509,0.590322668668599,-0.204197209767291,0.838199391705243,0.999550560551813
"Eef1d",214.482567873269,-0.0657067428747346,0.321018483696463,-0.204682117110936,0.837820493084207,0.999550560551813
"Tmem204",12.6193366538373,-0.139091591917129,0.679002718985791,-0.204846885038821,0.837691754691467,0.999550560551813
"Prdx4",114.093964989649,-0.0634326556019457,0.309246068250105,-0.205120330101155,0.837478113007568,0.999550560551813
"Vrk3",14.0530574836554,-0.107780897871486,0.524409081335816,-0.205528282608947,0.837159403398918,0.999550560551813
"Mon2",39.5235680689936,-0.0781123216659207,0.379717756374162,-0.20571153272314,0.837016249418551,0.999550560551813
"Msmo1",13.4354688647109,-0.131660257630928,0.636950368297524,-0.206704107861397,0.83624094907742,0.999550560551813
"Adcy6",13.1748317574864,-0.111868764600646,0.540810812639148,-0.206853786918069,0.836124048564101,0.999550560551813
"Vps29",64.8504889398953,-0.0660385547991564,0.318474010121441,-0.207359321955265,0.835729248518628,0.999550560551813
"D030056L22Rik",11.7769033957046,-0.113084030037149,0.544161497173922,-0.207813361703182,0.835374699242117,0.999550560551813
"Gapvd1",29.9838213619572,-0.0823583128341993,0.395919071040359,-0.208018049289178,0.835214874313287,0.999550560551813
"Smo",36.0888149506355,-0.0770189355256604,0.369691359305641,-0.208333069158874,0.834968912614725,0.999550560551813
"Dennd2a",19.9837069296957,-0.0973304016323623,0.466790008461462,-0.208510036350527,0.834830746977967,0.999550560551813
"Nedd9",14.2988521096418,-0.117489272679002,0.563062271913198,-0.208661241464096,0.834712698904337,0.999550560551813
"Dnajc3",125.603610786472,-0.0588155416313318,0.281667210356281,-0.208812170777479,0.83459486986625,0.999550560551813
"Srsf7",107.725684258094,-0.0692662902091142,0.331424281743081,-0.208995822046645,0.834451500126047,0.999550560551813
"Ube2e2",27.257148536486,-0.0919754900568488,0.439473917750227,-0.209285435021249,0.83422542119198,0.999550560551813
"Arhgap5",56.5581577763117,-0.0727716086470314,0.34756589479261,-0.209374998345145,0.834155508655503,0.999550560551813
"Slc26a11",8.74516476383742,-0.130330778874649,0.62169355881379,-0.209638296918058,0.833949987130421,0.999550560551813
"Park7",136.984781878533,-0.0692212222333157,0.329838360476259,-0.209864074431385,0.833773762247118,0.999550560551813
"Surf1",24.7742235387103,-0.090662964451913,0.431765429749289,-0.209981990694711,0.833681729031914,0.999550560551813
"Nek7",29.8731216126641,-0.0835049269866509,0.397320998384602,-0.210169931431158,0.833535046680687,0.999550560551813
"Hist1h2ae",22.6745930189037,-0.160446899940415,0.763323068181487,-0.210195272000174,0.83351526953695,0.999550560551813
"Rcn2",83.5980558613306,-0.0667848478631841,0.317486789257202,-0.21035473009581,0.833390822275577,0.999550560551813
"Mapre1",103.461499305709,-0.0693604090046176,0.329577702398933,-0.210452371321714,0.833314621349131,0.999550560551813
"Ywhab",124.777595507421,-0.0581657481911537,0.27625379129636,-0.210551854938181,0.83323698419918,0.999550560551813
"Robo2",44.6624849657714,-0.0811869848717919,0.385538514388777,-0.210580737959484,0.833214444154541,0.999550560551813
"Dlg1",26.0602490765006,-0.0939712340372273,0.446028840945365,-0.210684210101871,0.833133696570055,0.999550560551813
"Akt3",9.25545636210205,-0.128586114890137,0.609698135993856,-0.210901276056112,0.832964308373952,0.999550560551813
"Polr3k",17.6676466242747,-0.103441736865437,0.49026770178109,-0.21099031506592,0.832894828705546,0.999550560551813
"Man2b1",32.2340443623526,-0.0834394354395715,0.394703561124891,-0.211397726439995,0.832576930696317,0.999550560551813
"Usp34",53.3258687730174,-0.0684878214173032,0.323350231662537,-0.211806934744306,0.832257658124382,0.999550560551813
"Ccnl2",90.2325202520142,-0.0628276647518036,0.296189809091328,-0.212119603117172,0.832013726600268,0.999550560551813
"Kdelc2",26.891195564388,-0.0907160318249726,0.42719243871001,-0.212354020354169,0.831830854133915,0.999550560551813
"Mapk1",47.8260031228222,-0.082850140111499,0.389669117487565,-0.212616644207487,0.831625988067857,0.999550560551813
"Spef1",6.21257547697376,-0.154711306945439,0.72726798279134,-0.212729434824889,0.831538006539051,0.999550560551813
"Rplp0",2147.96739432071,-0.0510141245340457,0.239631725044237,-0.21288552058217,0.831416256422718,0.999550560551813
"Ints13",17.5699157750589,-0.103262911427646,0.484700814647647,-0.213044641781164,0.831292142763407,0.999550560551813
"Loxl4",11.159891922726,-0.126860933912461,0.59517627175299,-0.213148507313327,0.831211130489374,0.999550560551813
"Dubr",9.42324978155045,-0.125556512124787,0.587219181736266,-0.213815413443319,0.830691004714373,0.999550560551813
"Srgn",26.981541419961,-0.0893746482526665,0.417840753735867,-0.21389643650979,0.830627819182168,0.999550560551813
"Dicer1",20.7292305591223,-0.10371952442363,0.484894528505876,-0.213901205986433,0.830624099757954,0.999550560551813
"Mcee",30.3421210878205,-0.0854683469450634,0.398770050478602,-0.214329904772148,0.830289799205619,0.999550560551813
"Fut8",13.2455713909246,-0.111035929055955,0.518010922374317,-0.21435055567365,0.83027369634789,0.999550560551813
"Eef1akmt2",13.3934830491556,-0.109577182197206,0.510308753434191,-0.214727224371113,0.829979995657588,0.999550560551813
"Ankrd28",65.4772618554491,-0.0950005518182011,0.442248714462216,-0.214812499644513,0.829913507082171,0.999550560551813
"Npepl1",24.9482875954073,-0.0890186184319696,0.413731431482022,-0.2151603955085,0.829642267567152,0.999550560551813
"Rad23b",51.0557842939952,-0.0720066596672584,0.333776484533096,-0.215733171760093,0.829195742682883,0.999550560551813
"Ap2s1",54.2131092164378,-0.0729816127450565,0.338175745218721,-0.215809719581913,0.829136071711772,0.999550560551813
"Sec61b",295.12826395243,-0.0643147011198318,0.297629884271083,-0.216089527694247,0.828917962571837,0.999550560551813
"Cdpf1",9.45448798625112,-0.126280980466819,0.584293958139592,-0.216125768044738,0.828889714349144,0.999550560551813
"5730455P16Rik",12.0897234223403,-0.117367520921053,0.543009938426084,-0.216142491353369,0.828876679126352,0.999550560551813
"Atp6v1f",99.7683405898217,-0.0633950348156009,0.292919117616784,-0.216425050476011,0.828656441491509,0.999550560551813
"Trim27",20.7630627327639,-0.115521875279455,0.53346968349111,-0.216548154195871,0.828560493846982,0.999550560551813
"Mkx",10.9251738376612,-0.154731805767772,0.71231649495576,-0.217223392780455,0.828034255102324,0.999550560551813
"Cenpc1",16.6489925656312,-0.106025263998503,0.487757199127436,-0.217373037626455,0.827917641703196,0.999550560551813
"Etv3",14.561535123218,-0.117343528099796,0.53963689797648,-0.217449044977852,0.827858413079632,0.999550560551813
"Srgap3",8.93624524694649,-0.143150802436725,0.656702232246275,-0.217984339640619,0.827441313195365,0.999550560551813
"Arhgap18",8.81288976679444,-0.139176452618777,0.637669830368734,-0.218257860087716,0.827228205720088,0.999550560551813
"Atl3",16.5784337117577,-0.107415931907462,0.491791621604807,-0.218417571972748,0.827103775579249,0.999550560551813
"Chrac1",26.9393575554192,-0.0882372096539516,0.403799900716741,-0.218517165302249,0.827026185479317,0.999550560551813
"Rab5b",21.9400072831576,-0.101183889765181,0.462834519176802,-0.218617854919609,0.826947743011781,0.999550560551813
"1110059G10Rik",11.444112120421,-0.12080048162894,0.552489392613666,-0.218647603454373,0.826924567680842,0.999550560551813
"Snhg6",45.7032161997221,-0.0783411090302918,0.357997093108158,-0.218831690364098,0.826781159767405,0.999550560551813
"R3hdm1",34.2314497101585,-0.0804309923487032,0.367375574485129,-0.218933968218834,0.82670148547524,0.999550560551813
"Odf2",15.2169192243889,-0.113980846615337,0.520450864450212,-0.219004048990758,0.826646893691239,0.999550560551813
"Aldh6a1",8.09017061180669,-0.142979269531304,0.651596837005841,-0.219429041718971,0.826315849209586,0.999550560551813
"Ndufs3",53.1647409285621,-0.0738469918578192,0.336384214516349,-0.219531680355441,0.826235904339906,0.999550560551813
"Irf3",25.5298271737395,-0.0974183430456736,0.442813861664833,-0.219998404474993,0.825872397310659,0.999550560551813
"Cox7b",162.073214652733,-0.0597273597987651,0.271486467894381,-0.220001240805864,0.825870188354768,0.999550560551813
"Il17rc",14.3860432329227,-0.117967956626285,0.535427931420105,-0.220324622052123,0.825618345640938,0.999550560551813
"Zfp219",9.31346034475579,-0.145152574079342,0.658153954168547,-0.220545015584864,0.825446717936066,0.999550560551813
"Nde1",13.5553655394767,-0.124125882594341,0.562042324625659,-0.220847927559572,0.825210844015301,0.999550560551813
"Cul2",12.7088878395988,-0.122798296764876,0.554984277962342,-0.221264460347845,0.824886520700998,0.999550560551813
"Smim15",31.3776925618377,-0.0897297820733996,0.405235816310879,-0.221426089357716,0.824760680176405,0.999550560551813
"Tceal1",10.080415448926,-0.144025987351275,0.650132642883133,-0.221533234683564,0.824677261841765,0.999550560551813
"Ift43",34.0194918367144,-0.0851752439572168,0.384380622657132,-0.221590889177557,0.824632375571183,0.999550560551813
"Slc9a3r1",12.6745500175851,-0.137762493169281,0.620872694046137,-0.221885250374763,0.824403212847878,0.999550560551813
"Nsa2",149.667440920785,-0.0570621131613933,0.256864284052384,-0.222148880572887,0.824197987175936,0.999550560551813
"Mesd",27.299688675422,-0.0896301659246784,0.402866494509697,-0.222481062948065,0.823939413462782,0.999550560551813
"Dyrk1a",34.2220336521636,-0.0962034317854917,0.431246591362897,-0.223082184792357,0.823471543473337,0.999550560551813
"Eif3d",39.7128321659785,-0.0803643301588346,0.359870611595882,-0.223314512408921,0.82329073317436,0.999550560551813
"Azi2",29.0207607948486,-0.0914075834082268,0.407852827164512,-0.224119038339672,0.822664678803342,0.999550560551813
"2410002F23Rik",20.3130924801844,-0.10736406196506,0.478311252544462,-0.224464846674457,0.822395617329509,0.999550560551813
"Tbc1d14",9.52909872993841,-0.149646956571749,0.664928020513386,-0.225057377573301,0.821934638150886,0.999550560551813
"Atp6v1d",33.2286428900369,-0.0827701604018605,0.367468310392776,-0.225244349134188,0.821789190139193,0.999550560551813
"Pkd2",53.2162249004262,-0.072872527506871,0.32285873975983,-0.225710251985373,0.821426783907089,0.999550560551813
"Fbxo8",11.0074328138622,-0.13227772037591,0.584836471715884,-0.226178986388815,0.821062213586133,0.999550560551813
"Mrpl55",15.9199700855594,-0.109325951102478,0.481949101567893,-0.226841280016532,0.820547163467433,0.999550560551813
"Zmpste24",18.9696271317019,-0.108817891575732,0.479694125195645,-0.226848497532359,0.820541551001568,0.999550560551813
"Hadh",29.9466722281292,-0.0873850618663664,0.384476644809984,-0.227283147223556,0.820203576790112,0.999550560551813
"Pdlim7",41.7926920434884,-0.0865701087676761,0.379986134752208,-0.227824388445461,0.819782765985208,0.999550560551813
"Atp5l",309.275185029497,-0.0608797617593783,0.266667802497987,-0.228298134192027,0.819414474962884,0.999550560551813
"U2af2",47.8288521237241,-0.0844537261216912,0.36822589731154,-0.229353032305163,0.818594537973033,0.999550560551813
"Fau",1454.13811932483,-0.0562027121481132,0.24469923526522,-0.2296807837883,0.818339828064136,0.999550560551813
"Dennd4c",20.5427918907222,-0.106745544685242,0.464740776786225,-0.229688355352436,0.818333944099363,0.999550560551813
"Abhd4",18.4232305893699,-0.108257152947949,0.471312895438661,-0.229692745510797,0.818330532452682,0.999550560551813
"Synrg",16.6718519716696,-0.119575431930238,0.518564752915663,-0.230589200785279,0.817633958068479,0.999550560551813
"Npm3",35.311255948806,-0.0867536655874004,0.37580070338675,-0.23085019481222,0.817431184409423,0.999550560551813
"Socs7",11.8788065860055,-0.123451618835175,0.534390537080392,-0.231013856475913,0.817304037254399,0.999550560551813
"Dpagt1",12.2549354683975,-0.13256754122243,0.573191974722186,-0.231279478898292,0.817097688011077,0.999550560551813
"Dnlz",28.3704219685665,-0.102765791351248,0.442399735961319,-0.232291710409687,0.816311450506156,0.999550560551813
"Calm1",423.291229347553,-0.0628617797010196,0.270078180644565,-0.232754010527598,0.815952426417822,0.999550560551813
"Ldha",234.553337726754,-0.0736792983676345,0.316476274858073,-0.232811443450782,0.81590782648014,0.999550560551813
"Tor1b",29.2371584072048,-0.0896730477599388,0.385064277308182,-0.232878127222822,0.81585604347933,0.999550560551813
"Dnajc9",21.3151362760058,-0.117267317616382,0.502663421605856,-0.233291925721885,0.815534727993002,0.999550560551813
"Sec23b",18.7306910140773,-0.118952234735242,0.508802907354797,-0.233788433626804,0.815149229403341,0.999550560551813
"Klhdc3",18.3671970474367,-0.108040551789885,0.460615221388434,-0.234557059283056,0.814552541474435,0.999550560551813
"Trnau1ap",26.5120670744868,-0.0994771742247532,0.423612729774912,-0.23483046479177,0.81434032133352,0.999550560551813
"Zdhhc9",9.75739811806755,-0.141684018868567,0.603294117607154,-0.234850655316396,0.814324649782692,0.999550560551813
"Pon3",9.19400372038823,-0.139439479676642,0.593701853306721,-0.234864484420944,0.814313915903652,0.999550560551813
"1810037I17Rik",135.697497787666,-0.0668160785954892,0.284345113656148,-0.234982334446895,0.814222444445373,0.999550560551813
"Dido1",22.9587757712531,-0.105430391813771,0.448476508767614,-0.235085650536051,0.81414225585229,0.999550560551813
"Eif3j1",68.1032080083756,-0.0851875473799598,0.361536386959282,-0.235626483122303,0.813722521433396,0.999550560551813
"Nubp2",11.7586439420692,-0.128714633686858,0.545314094177827,-0.236037606695131,0.81340348857651,0.999550560551813
"Dvl1",14.8596856216572,-0.118720344554332,0.502163736161165,-0.236417598494666,0.813108641577646,0.999550560551813
"Gch1",30.0691229952506,-0.103668895690459,0.438127279056075,-0.236618217230867,0.812952986182648,0.999550560551813
"Dpp8",16.3017671898324,-0.11657591368148,0.492528465974067,-0.236688682451945,0.812898315615354,0.999550560551813
"Kif1b",68.0438838064657,-0.0735736123062331,0.310626364522082,-0.236855659111327,0.812768770117489,0.999550560551813
"Dph3",43.1245004404736,-0.0840371582143655,0.354706349061077,-0.23692036648573,0.81271856957389,0.999550560551813
"Tmx1",27.2381831095863,-0.0972213255094394,0.406939457159621,-0.238908574233696,0.811176476784347,0.999550560551813
"P3h1",42.7870281939924,-0.0929294095114704,0.388922910099758,-0.238940435490504,0.811151770517268,0.999550560551813
"Tmem29",14.3609515415,-0.12213602547688,0.511016799047988,-0.239005891204391,0.811101014592724,0.999550560551813
"Triqk",10.608134054471,-0.1335720399811,0.558769003545302,-0.239046974928111,0.811069157697283,0.999550560551813
"Dnaja2",76.4806455110685,-0.0751477231546748,0.314228067435722,-0.239150257225341,0.810989072537815,0.999550560551813
"Trim32",8.98988313735328,-0.164901886776063,0.689363075019114,-0.239209050719014,0.810943484908591,0.999550560551813
"Bzw1",83.0902960576987,-0.0802391877141331,0.335325049078953,-0.239287783404575,0.810882437720999,0.999550560551813
"Utp3",25.022694624986,-0.100276757980126,0.418384340481241,-0.239676173981044,0.810581307046208,0.999550560551813
"Gpat4",24.1023281394512,-0.0990142578238398,0.413116177448303,-0.239676544345036,0.810581019905448,0.999550560551813
"Bak1",14.8319366073625,-0.117577692513921,0.490437647127874,-0.239740348650813,0.810531553228284,0.999550560551813
"Ecscr",8.47408572848145,-0.156040570081934,0.650091775139068,-0.240028525277917,0.810308142936764,0.999550560551813
"Lzts2",26.3496790604001,-0.0953430637867928,0.397211273208304,-0.240031112452323,0.810306137287546,0.999550560551813
"Tmem57",34.7676903882223,-0.0976868722007363,0.405899293052503,-0.240667756442977,0.809812631137406,0.999550560551813
"Zfp384",11.2211508132779,-0.134342860389904,0.557690667012851,-0.240891354896581,0.809639322666847,0.999550560551813
"Ppp5c",19.859566135175,-0.108755106126055,0.451457479923235,-0.24089778320773,0.809634340298237,0.999550560551813
"Edem2",11.6679446812702,-0.13756844387739,0.570884101026056,-0.240974382769001,0.809574971138316,0.999550560551813
"Pop7",13.9774331186067,-0.122263778662228,0.507348102775278,-0.240985977859037,0.809565984357859,0.999550560551813
"Echs1",35.9578296695523,-0.0962753478663394,0.399226572599516,-0.241154658717866,0.809435251012459,0.999550560551813
"Atat1",12.817554075316,-0.131287788788202,0.543542250427902,-0.241541092131929,0.809135772156601,0.999550560551813
"Slc25a37",10.6450436337037,-0.137768165920976,0.569794259533608,-0.241785808852731,0.808946135608913,0.999550560551813
"Gabbr1",22.8025889185609,-0.110525699139855,0.456364803959942,-0.242187167329312,0.808635138102135,0.999550560551813
"Rhoa",329.365861485069,-0.0597372859232718,0.246227368106622,-0.242610260519067,0.808307331917376,0.999550560551813
"Isg20l2",10.5796272416592,-0.136665054320169,0.562979054738668,-0.242753354978025,0.808196472112822,0.999550560551813
"Sema6a",15.3439752160009,-0.132808214891373,0.546248791279434,-0.24312770483264,0.807906469656902,0.999550560551813
"Spin1",26.9198544957395,-0.0963207827987246,0.395978531235307,-0.243247487428773,0.80781368169188,0.999550560551813
"Anxa7",54.2129819718582,-0.0792028321985137,0.325426300166584,-0.243381780015844,0.807709656973631,0.999550560551813
"Vps45",8.29609672880497,-0.162810429655449,0.668730764030032,-0.243461851035968,0.807647634577399,0.999550560551813
"Fam174a",24.6652595521885,-0.105972474010071,0.435239024254585,-0.243481094535504,0.807632728890882,0.999550560551813
"Sdc4",151.610188233257,-0.0729527898678002,0.299253626234688,-0.243782475707036,0.807399293291216,0.999550560551813
"Pigq",11.0342154388855,-0.144856685781422,0.594130088904711,-0.243813078123123,0.807375591066058,0.999550560551813
"Mrpl36",40.2070017094606,-0.0966770198674749,0.396325054990955,-0.243933656603369,0.807282202178019,0.999550560551813
"Med4",18.3462776970992,-0.122005396136193,0.498666328922349,-0.244663393255075,0.806717074626923,0.999550560551813
"Cxcr4",14.8328517965067,-0.1596240724642,0.651608947839506,-0.24496912295857,0.806480339352033,0.999550560551813
"Dcaf5",9.34498178804873,-0.144116155290385,0.588001275518511,-0.245094970522471,0.806382897125012,0.999550560551813
"Pdcd5",94.0282320920281,-0.0781280132211261,0.318676668815563,-0.245163894525154,0.806329531387788,0.999550560551813
"Mrps36",33.9886383284608,-0.0999249496842062,0.406890866597335,-0.245581697421322,0.80600605875372,0.999550560551813
"Map3k4",8.27730778364526,-0.161046290121241,0.655369730301309,-0.245733488556451,0.805888546773835,0.999550560551813
"Fchsd2",14.1060688789772,-0.126331295766478,0.512671485901572,-0.246417636323804,0.805358955267688,0.999550560551813
"Dnajb2",15.4916924002481,-0.122067335782822,0.495298190407296,-0.246452214336666,0.805332191164009,0.999550560551813
"Tmem128",26.7591554077757,-0.0985999878848475,0.399792906621725,-0.24662765709883,0.805196398319222,0.999550560551813
"Pip5k1c",16.1617974325166,-0.125034006791872,0.506193957783245,-0.247008098119995,0.804901956839973,0.999550560551813
"Las1l",14.684146499272,-0.132557057148726,0.534213999666637,-0.248134749803346,0.804030149731425,0.999550560551813
"Arhgdia",146.550260805254,-0.0742379020259406,0.29911170844855,-0.248194570553597,0.803983867024403,0.999550560551813
"Jtb",61.7769763681838,-0.0776064293480551,0.312211686391826,-0.248569905389957,0.803693489960636,0.999550560551813
"Hnrnpl",82.0515214672003,-0.0802502916418524,0.322688658080444,-0.248692631836619,0.803598548759877,0.999550560551813
"Arid4b",72.3776980813253,-0.0782876797575676,0.314687057383623,-0.248779471289567,0.803531371494271,0.999550560551813
"Cisd1",31.742235409098,-0.100517483461523,0.403543085347805,-0.249087364177953,0.80329320340593,0.999550560551813
"Snd1",21.4022058028419,-0.107537515001152,0.430681635519958,-0.249691433606922,0.802825983406822,0.999550560551813
"Rnf19a",36.060162197573,-0.105946177877856,0.424259625424544,-0.249720151362126,0.802803773293601,0.999550560551813
"Tipin",22.4562156590511,-0.125512208562763,0.502061381829688,-0.249993751969835,0.802592180466042,0.999550560551813
"Snai2",15.5236686872275,-0.126529674619301,0.505676931362416,-0.250218403830287,0.802418453650932,0.999550560551813
"Mfsd5",13.9640323093868,-0.130345484374661,0.520919692058637,-0.250221841028019,0.802415795687722,0.999550560551813
"Nr2f6",24.3396622445533,-0.11373303652878,0.454202822084407,-0.250401430811991,0.802276923227343,0.999550560551813
"Pds5b",23.4012705878909,-0.10743231953917,0.428894722666986,-0.250486457075355,0.802211176640928,0.999550560551813
"Mphosph10",15.2896658618562,-0.12620302520695,0.502941103941881,-0.250930027825949,0.801868208127586,0.999550560551813
"Bbip1",27.6032029466007,-0.0988963630198576,0.393384231586819,-0.251398899800668,0.801505718231514,0.999550560551813
"Bex3",55.5895755257885,-0.0936841594729807,0.372449522010392,-0.251535185136757,0.801400362603881,0.999550560551813
"Golgb1",47.0903295582124,-0.0914385902690904,0.363243690477675,-0.251727951967579,0.801251350021062,0.999550560551813
"Qdpr",20.8136887498991,-0.1191717738688,0.473038456061534,-0.251928299574228,0.801096485011024,0.999550560551813
"Mettl7a1",10.3577570265792,-0.148253842119953,0.588420610688978,-0.251952157057116,0.801078044136837,0.999550560551813
"Coa3",51.4125333908427,-0.0861795899611575,0.341411376969759,-0.252421552925551,0.800715242577817,0.999550560551813
"Cilp",316.195399870911,-0.133551965527724,0.52906522298343,-0.252430059142079,0.800708668419837,0.999550560551813
"Chkb",25.6180589386881,-0.11178414332376,0.442152043752786,-0.25281833455973,0.800408598931336,0.999550560551813
"Ube2e1",37.2731316475023,-0.0988417222021173,0.390545007304986,-0.253086636247611,0.800201265513209,0.999550560551813
"Mrpl30",68.9514175005803,-0.079006413001076,0.311419136481819,-0.253698002934667,0.799728877022488,0.999550560551813
"Dars",19.2531180918013,-0.117775109955684,0.461864810694558,-0.254999097633294,0.798723796183727,0.999550560551813
"Zhx1",19.2719805396255,-0.122626456567102,0.480888830615296,-0.254999594002218,0.798723412807906,0.999550560551813
"Cul3",60.2114033694624,-0.0804275318896596,0.315321424315425,-0.25506523086489,0.798672717906042,0.999550560551813
"Itpa",16.4103964861938,-0.136413710410345,0.534529824929368,-0.25520317865962,0.79856617612378,0.999550560551813
"Sbno1",60.9397680632282,-0.0829819722298563,0.325152410435511,-0.255209463521152,0.798561322200389,0.999550560551813
"Rab12",54.2957469386874,-0.0851697059428155,0.333620325437039,-0.255289319771642,0.798499648310023,0.999550560551813
"Pitpnc1",18.7016233504586,-0.12816179063586,0.50166010607984,-0.255475348911765,0.798355980766269,0.999550560551813
"Fosl2",187.199954569723,-0.0756477260855512,0.295755691834194,-0.255777752294149,0.798122453695191,0.999550560551813
"Med14",15.308310387986,-0.124899568230004,0.488149774696333,-0.25586320982674,0.798056463501833,0.999550560551813
"Kifap3",23.1851403733616,-0.113524104503997,0.44259831508757,-0.256494660359327,0.797568902987857,0.999550560551813
"Ppp6r3",41.6489420112569,-0.091047703095611,0.354870863633021,-0.256565732569596,0.797514031098569,0.999550560551813
"Stau1",32.4074663785374,-0.0963676702814469,0.37540393616374,-0.256703942068988,0.797407328173458,0.999550560551813
"Mrpl52",158.657526294923,-0.0710019545795015,0.276186461697624,-0.257079779157446,0.797117186973192,0.999550560551813
"Lrp12",7.70657074776718,-0.18704940560915,0.724606995827635,-0.25813911083691,0.796299548080371,0.999550560551813
"Map1s",10.9713229931489,-0.151099333362116,0.585299425612173,-0.258157323841687,0.796285492432715,0.999550560551813
"Ctr9",18.3960079139483,-0.120700065793047,0.467476423192775,-0.258194980120469,0.796256431902833,0.999550560551813
"Rnf26",10.7301331962114,-0.146677204084851,0.568047593538856,-0.258212878204576,0.796242619489747,0.999550560551813
"Fam120a",56.9963850213279,-0.0926326815553766,0.35836308750154,-0.258488345440931,0.796030042373545,0.999550560551813
"1600012H06Rik",11.149033630879,-0.150903495450406,0.583486470211708,-0.258623812469299,0.795925508486028,0.999550560551813
"Uqcrfs1",51.2161281257248,-0.0851691712923931,0.328823239979789,-0.259012019033776,0.795625967018037,0.999550560551813
"Nr1h2",24.9096542020705,-0.120242000391257,0.46387918119239,-0.259209736643447,0.795473419030148,0.999550560551813
"Creb1",27.1316872440404,-0.115222350837762,0.44425205962549,-0.259362558577434,0.795355515422448,0.999550560551813
"Ddx47",12.6436715210057,-0.148621772219254,0.572909352034874,-0.259415859928583,0.795314394010943,0.999550560551813
"Sae1",31.3078827056954,-0.111391684099825,0.429069817665822,-0.259612024695202,0.795163059929195,0.999550560551813
"Mccc1",10.2173613356358,-0.162398289631046,0.625004900831898,-0.259835225955651,0.79499087753569,0.999550560551813
"Maged2",64.5626120304179,-0.0923469003628391,0.35475728104901,-0.260310091704873,0.794624588815453,0.999550560551813
"Dennd1b",11.0481468848032,-0.147552906230619,0.566645208823175,-0.260397341992992,0.794557293038747,0.999550560551813
"Bach1",77.7585537391597,-0.0937993239019394,0.359355560504398,-0.261020933613163,0.794076364012685,0.999550560551813
"Tnrc18",45.0616801672659,-0.0949521018628281,0.363657022734052,-0.261103446178373,0.794012734175344,0.999550560551813
"Swi5",186.97896014803,-0.0715291864886099,0.273834814932842,-0.261212901311152,0.793928329603407,0.999550560551813
"Gspt1",59.4113152419717,-0.0848789760361777,0.324138973977358,-0.261859828192418,0.793429511617142,0.999550560551813
"Txndc9",42.1712485131033,-0.100353602175721,0.383069972171201,-0.26197198805985,0.793343038470981,0.999550560551813
"Plp2",61.3162042639298,-0.100311994889522,0.382588945781289,-0.262192611667526,0.793172949238486,0.999550560551813
"Scrn1",11.4472370534401,-0.151487060242158,0.577054883579151,-0.262517595038046,0.792922422023692,0.999550560551813
"Cdip1",22.1540359100037,-0.116626001356502,0.443928469440315,-0.262713498648867,0.792771411739777,0.999550560551813
"Mul1",8.00444402943349,-0.182004359841982,0.69208721311525,-0.262978937326029,0.7925668134652,0.999550560551813
"Mum1",12.9868669672717,-0.140048793292523,0.532127530847435,-0.263186520474686,0.792406819777851,0.999550560551813
"Mapk8",28.910128572705,-0.114648027375023,0.43551257753234,-0.263248487620336,0.792359060599955,0.999550560551813
"BC004004",26.2781371729588,-0.107503377661746,0.407920508998106,-0.263540016474743,0.792134384599844,0.999550560551813
"Rnf5",15.9361745046768,-0.133592508399555,0.505990249108922,-0.264021902862396,0.791763041357276,0.999550560551813
"Psmd11",73.8702513016462,-0.0858935801248696,0.325071534814725,-0.264229779989272,0.791602865137206,0.999550560551813
"Vta1",21.3629234409723,-0.119202294337876,0.449699726850234,-0.265070862223527,0.790954873260438,0.999550560551813
"Xrcc1",12.1478076522996,-0.146916972235612,0.553755054633805,-0.265310394923198,0.790770357376608,0.999550560551813
"Tmem230",21.8835826469108,-0.113913075319786,0.426746444486391,-0.26693385918396,0.78952008634802,0.999550560551813
"Nid1",229.895300264892,-0.0883055452908066,0.330403916055441,-0.267265431793457,0.78926480038215,0.999550560551813
"Dr1",17.3917069370255,-0.127229300946058,0.475531250448862,-0.267551923929214,0.789044241206297,0.999550560551813
"Ufl1",19.1197359970311,-0.128175832534371,0.478844485334629,-0.267677370127377,0.788947670368078,0.999550560551813
"Imp3",39.9081680603421,-0.0966313359539519,0.360968509322561,-0.267700182864435,0.788930109043276,0.999550560551813
"Atp6v0b",137.595496617007,-0.0775927462420103,0.289496114422007,-0.268026900454011,0.788678612470565,0.999550560551813
"Lonrf1",10.0294077930236,-0.176204535120426,0.657093634161329,-0.268157422260408,0.788578147184571,0.999550560551813
"Ccdc174",25.2719675892176,-0.109532753661803,0.406656535813584,-0.269349546891371,0.787660707560425,0.999550560551813
"Tapt1",14.6068998266413,-0.140293931080668,0.520793199245513,-0.269385105803831,0.787633346520636,0.999550560551813
"Atp5d",182.841872801259,-0.0766019418780792,0.283730470610162,-0.269981372509434,0.787174584240146,0.999550560551813
"Brd8",36.897969481762,-0.0981881313231586,0.363241851925915,-0.270310623080912,0.786921293426558,0.999550560551813
"Rpl18",1108.22129940435,-0.0677143354902782,0.250353474077555,-0.270474918471879,0.786794910235193,0.999550560551813
"Fat4",11.4941100304352,-0.154580455662677,0.571246907234642,-0.270601825068933,0.786697291981542,0.999550560551813
"Hltf",12.3652752118241,-0.150867619981406,0.557439254206936,-0.270644054653174,0.786664809163195,0.999550560551813
"Kmt5c",8.77077527800305,-0.168798292026951,0.621605679096468,-0.271552042884014,0.785966478334985,0.999550560551813
"Sertad4",15.2776911622401,-0.131290416204568,0.482742569994313,-0.271967761629382,0.785646807809607,0.999550560551813
"Itih5",102.336827929143,-0.116835732206094,0.429562076690347,-0.271988004868308,0.785631242518281,0.999550560551813
"Ctnnb1",136.197858334744,-0.0819509949556731,0.301301794522354,-0.271989734032577,0.785629912945219,0.999550560551813
"Mettl3",8.76044087821269,-0.180648141801893,0.663522983799693,-0.272256042688083,0.785425152813153,0.999550560551813
"Rsu1",61.7945794811569,-0.0851968717369157,0.312337920880495,-0.272771463345667,0.785028896941785,0.999550560551813
"Yes1",18.9991894257739,-0.133946046484478,0.490451177518193,-0.2731078089409,0.784770344172632,0.999550560551813
"Tmem47",39.0569743430227,-0.109488535472582,0.400637373365584,-0.273285875835334,0.784633471693936,0.999550560551813
"Nktr",117.525945034829,-0.0838226510665514,0.306523001469879,-0.273462841824575,0.784497452033266,0.999550560551813
"Tmem5",34.9151863374983,-0.113178544351135,0.413634247718991,-0.273619858547168,0.784376771295909,0.999550560551813
"Xpo4",11.3224941270348,-0.157938983722336,0.577179459197267,-0.273639300923832,0.784361828532619,0.999550560551813
"0610012G03Rik",48.5170081628744,-0.0945043035407012,0.344910346128392,-0.27399672002162,0.784087142285259,0.999550560551813
"Bcl7a",8.49449698122325,-0.179113075185712,0.653665344015132,-0.274013418067282,0.784074310042813,0.999550560551813
"Lrpap1",69.6257954970083,-0.0892240795637306,0.325301807543092,-0.274280921577453,0.783868744896452,0.999550560551813
"Setd1a",12.1406921759201,-0.157863760009181,0.575411161730335,-0.274349492169155,0.783816053721609,0.999550560551813
"Trim35",45.0273988150597,-0.0990825384020044,0.360925618109506,-0.274523429289917,0.783682400998184,0.999550560551813
"Fam8a1",22.4059018689135,-0.120738294241852,0.439702511670639,-0.274590867773555,0.783630583201162,0.999550560551813
"Tmem63b",15.4440323848898,-0.141236697739347,0.512656703512671,-0.275499562907512,0.782932461578525,0.999550560551813
"Specc1l",17.5461910421622,-0.135218413556271,0.489641123461076,-0.27615820460599,0.782426557276054,0.999550560551813
"Dnajc5",32.910364138476,-0.108628480868812,0.393101805900403,-0.276336763755124,0.782289421400883,0.999550560551813
"Mrpl17",50.9613249583686,-0.104445880345318,0.377508968161847,-0.276671255927727,0.782032545038652,0.999550560551813
"Hgf",10.8720690307688,-0.172480310072247,0.623366266423248,-0.276691761108449,0.782016798668202,0.999550560551813
"Rnf214",11.0596297550727,-0.159084262907888,0.574361485120927,-0.276975854107616,0.781798646723914,0.999550560551813
"Glmp",38.9009116823625,-0.0970440197478302,0.35034778172966,-0.276993390021554,0.781785181647383,0.999550560551813
"Sirt7",14.8395709064851,-0.139958767205619,0.505156051955089,-0.277060458177113,0.781733683489471,0.999550560551813
"Fads1",25.4064343587899,-0.114504104439525,0.413164662750798,-0.277139152407592,0.781673259491798,0.999550560551813
"Gtf2b",28.4641040782125,-0.114018737937256,0.411075798047219,-0.277366700931781,0.781498547726347,0.999550560551813
"Zfp292",24.2569077075333,-0.116162051097493,0.418297000628314,-0.277702328544095,0.781240872961519,0.999550560551813
"Lbr",16.0875295498803,-0.140009192563458,0.504163971333285,-0.277705668243603,0.781238309061031,0.999550560551813
"Acadvl",32.6580086405666,-0.105119944811137,0.378482039972909,-0.277740906328504,0.781211256789141,0.999550560551813
"Tial1",55.2478062674727,-0.0934996528869849,0.336461770816822,-0.27789086605589,0.781096135692669,0.999550560551813
"Csnk2b",60.2721717592207,-0.0905073540098984,0.324985278548294,-0.278496781190194,0.780631035586105,0.999550560551813
"Cops3",21.0840652920221,-0.126461639047953,0.453783662183947,-0.278682662216891,0.780488369140538,0.999550560551813
"Spata2",9.69621459817539,-0.164472048225143,0.590165536717616,-0.27868799174534,0.78048427875735,0.999550560551813
"Slc35f5",37.8019223299368,-0.11521735435816,0.41306787812099,-0.278930801596758,0.780297930003673,0.999550560551813
"Meis3",14.1085170322738,-0.141790365273159,0.508148695195838,-0.279033217272188,0.780219333049522,0.999550560551813
"Lpp",86.2550276950929,-0.0818803616113751,0.292972608681397,-0.279481286595017,0.779875497223965,0.999550560551813
"Cdc123",29.0477463624915,-0.113583427675485,0.405426085849715,-0.280158163571123,0.779356162493659,0.999550560551813
"Kptn",15.1661286278767,-0.146202743207566,0.521763971331676,-0.280208583268827,0.77931748185383,0.999550560551813
"Atp5j",232.033559631926,-0.0719842114046333,0.256337706747438,-0.280817880123884,0.778850088878755,0.999550560551813
"Ddx41",16.3674347114549,-0.13147737222982,0.467978264433289,-0.28094760424191,0.778750587538326,0.999550560551813
"Arl1",123.015089642807,-0.07534368092955,0.268048332247998,-0.281082446205418,0.778647164538119,0.999550560551813
"Mapk8ip1",16.739109159343,-0.135199897573846,0.480098497897336,-0.281608666067432,0.778243594483605,0.999550560551813
"Med16",11.4078652041401,-0.152970488896776,0.542936128193305,-0.281746748748894,0.778137705615719,0.999550560551813
"Zic1",29.6798240574479,-0.120100062250832,0.424829601508083,-0.28270172752674,0.777405491872573,0.999550560551813
"Mcm7",13.1154847353985,-0.150046394469825,0.530681589299695,-0.28274279246776,0.777374010455106,0.999550560551813
"R3hcc1",9.52369647722795,-0.174446954562482,0.615461592508168,-0.283440846164851,0.776838920876606,0.999550560551813
"Irx2",51.7104837208591,-0.0940940659211049,0.331646546971186,-0.283717912278701,0.776626566563445,0.999550560551813
"Clip2",13.7667674118498,-0.144705899570385,0.50994907779334,-0.283765391235844,0.7765901785074,0.999550560551813
"Cyhr1",35.9384044103617,-0.106476943022886,0.375119393406147,-0.283848142470207,0.776526758813815,0.999550560551813
"Pdcd6",63.5554321140893,-0.0911791265377659,0.321191976926062,-0.283877347779317,0.776504376521383,0.999550560551813
"Zcchc9",27.2926044902635,-0.112333953194858,0.395322952347724,-0.28415742756077,0.776289739097835,0.999550560551813
"Idh3b",41.6142917108047,-0.104365342041466,0.366932746543295,-0.284426350672281,0.776083667594237,0.999550560551813
"Hacd3",9.50223221695242,-0.17156012466653,0.602524191759424,-0.284735662091109,0.775846666663948,0.999550560551813
"Leo1",15.5456833004393,-0.136782774319003,0.480106789199729,-0.284900729162779,0.775720197333679,0.999550560551813
"Pcm1",40.2921606477186,-0.106200833294491,0.37244816858375,-0.28514258426434,0.775534906110692,0.999550560551813
"Strap",75.221761137085,-0.085203845501449,0.29877669881378,-0.285175670792702,0.775509558689804,0.999550560551813
"Neu1",17.1669519982821,-0.155330347312542,0.544368246825841,-0.285340572706543,0.775383231740254,0.999550560551813
"Cdv3",80.9434410375456,-0.0916082344558936,0.320624111726717,-0.285718481877544,0.77509374804797,0.999550560551813
"Nol8",9.3461302585279,-0.177305125057406,0.619995100398402,-0.28597826812417,0.774894766287908,0.999550560551813
"Fxyd5",54.4920246757426,-0.0946634105922662,0.330998060945572,-0.285993852416653,0.774882830059863,0.999550560551813
"Ebf1",338.569535178042,-0.0904364082439565,0.315959218375472,-0.286228104718521,0.774703419349862,0.999550560551813
"Sdccag3",23.1883512018211,-0.120350750689624,0.419367847323577,-0.286981349327822,0.774126600934474,0.999550560551813
"Zbtb43",13.6675209655999,-0.147817524969835,0.514122772784161,-0.287514058498808,0.773718739031248,0.999550560551813
"Psme4",31.9030158432366,-0.111647517268585,0.388301251275472,-0.287528090372748,0.773707996551891,0.999550560551813
"D16Ertd472e",27.1072706083456,-0.132267346620542,0.459635431355103,-0.287765776086038,0.773526036433253,0.999550560551813
"Gde1",31.6982931746214,-0.113260132663228,0.392755054293935,-0.28837345675115,0.773060883563635,0.999550560551813
"Nrd1",43.7384280225387,-0.104561007428994,0.36233461205921,-0.288575819005411,0.772906002224982,0.999550560551813
"Ahctf1",39.1323478299343,-0.112720474030386,0.390571253763935,-0.288604122664173,0.772884340266801,0.999550560551813
"Adam19",19.4004525384122,-0.15811491847991,0.547797521381506,-0.288637520814544,0.772858779511523,0.999550560551813
"Fam149b",13.4874893241814,-0.161059122235364,0.556782047564718,-0.289267807645403,0.772376445514504,0.999550560551813
"Chmp2a",98.1139719063319,-0.0850984292707064,0.293891758768091,-0.289557045176817,0.77215513270543,0.999550560551813
"Pgrmc2",23.4115087069425,-0.124716549145277,0.430542142225637,-0.289673267523986,0.772066209305891,0.999550560551813
"Cnot8",16.3699025809898,-0.141602793799332,0.488223649964983,-0.290036735847368,0.771788133758185,0.999550560551813
"Rc3h2",45.1612137932355,-0.100452860520939,0.346181113093783,-0.290174295250261,0.77168290002712,0.999550560551813
"Taf13",15.416560587368,-0.141491156182507,0.487572825760238,-0.290194917983565,0.771667123880051,0.999550560551813
"Ndufb2",96.6179797802427,-0.0877441010564234,0.302209591335878,-0.290341880509358,0.771554702020062,0.999550560551813
"Tmem160",60.1772585927759,-0.0978124475633042,0.33616030707714,-0.290969651990646,0.771074529977331,0.999550560551813
"Gtf2h1",26.9514203458514,-0.12348752683072,0.424341333971534,-0.291009894499234,0.771043752136185,0.999550560551813
"Ing4",20.1164019033424,-0.130827705364363,0.449448318029121,-0.291085092804566,0.770986240745872,0.999550560551813
"Rufy3",10.8305225134728,-0.160803856332326,0.55238912958691,-0.291106120159494,0.770970159326537,0.999550560551813
"Rgs12",15.7295965282204,-0.148853876040853,0.510082349750527,-0.291823224453179,0.770421787216959,0.999550560551813
"Tmem176a",106.519955562701,-0.0934703819707984,0.320265382010461,-0.291852904563208,0.770399093206238,0.999550560551813
"Spcs1",141.567730352244,-0.0810085500588625,0.277518525129533,-0.291903216266559,0.770360624312216,0.999550560551813
"Prex2",32.2385366594009,-0.139984437035516,0.47946425088365,-0.291960113350527,0.77031712084286,0.999550560551813
"Phrf1",18.3259875990562,-0.143711567333614,0.491608893955695,-0.292329063002195,0.770035039747625,0.999550560551813
"Col5a2",581.815679181105,-0.106385714770342,0.363791850857201,-0.292435673090713,0.769953536483618,0.999550560551813
"R3hdm2",36.0965598796763,-0.110950498539223,0.379345049322744,-0.292479099799261,0.769920337553767,0.999550560551813
"Pxn",22.2584647706073,-0.129458635956792,0.442459090397325,-0.29258893933118,0.769836369109014,0.999550560551813
"Selenok",298.677677378359,-0.0799698789697236,0.273148250764478,-0.292770972341601,0.769697217240716,0.999550560551813
"Ndufa1",149.939801473441,-0.0852583938633163,0.291203882984482,-0.292779041919093,0.769691048768634,0.999550560551813
"Ptprg",17.1238282540155,-0.141344467636771,0.481600350346723,-0.293489129596794,0.769148307194542,0.999550560551813
"Serpinb9",11.3683556804513,-0.173655744811305,0.59094027495968,-0.293863444699472,0.768862252301983,0.999550560551813
"Angptl2",84.6960427529483,-0.0988956621853827,0.335855467097111,-0.294458991661397,0.768407194945261,0.999550560551813
"Atp1a1",80.6396117485477,-0.095015206128515,0.322388084567428,-0.294723070351697,0.768205437979151,0.999550560551813
"Nol11",12.6591871899762,-0.155576767687785,0.526832446729207,-0.295305971858168,0.767760154959114,0.999550560551813
"Tlk2",17.0591118597203,-0.139862786766252,0.473583083819352,-0.295328932862819,0.767742616436119,0.999550560551813
"Atp7a",11.8085061851723,-0.166639176663496,0.56390385423219,-0.295509909025877,0.7676043838524,0.999550560551813
"Terf1",12.63894044855,-0.158823700720071,0.537110301508661,-0.295700343623944,0.767458934741959,0.999550560551813
"Dkk3",33.5972838269828,-0.163804824703198,0.55353199369813,-0.29592657076391,0.76728615884122,0.999550560551813
"Col4a2",126.545152157976,-0.119387239708607,0.403221316440744,-0.296083651436003,0.767166198806671,0.999550560551813
"H2afy2",13.5881815962734,-0.17677798729211,0.596674091436548,-0.296272269617909,0.767022161444708,0.999550560551813
"Wdr26",68.3284200065278,-0.0903948819127535,0.304585329378129,-0.296780157131378,0.766634355631537,0.999550560551813
"Pip4k2b",10.4864882498951,-0.183396337574565,0.617950524942492,-0.296781587153166,0.7666332637975,0.999550560551813
"Tcp1",78.6180440128268,-0.100130696302408,0.337306325608795,-0.296853894221178,0.766578057328113,0.999550560551813
"Mgrn1",17.7699870397029,-0.140094330646797,0.471921775457182,-0.296859221024666,0.766573990358819,0.999550560551813
"Tfb2m",13.3461850447343,-0.180577344785248,0.606610078834722,-0.297682730778445,0.765945325059904,0.999550560551813
"Eno1",76.0577304282066,-0.137557752442746,0.46177739940615,-0.297887580941915,0.765788966872528,0.999550560551813
"Gm49336",13.4618527228208,-0.155180964242192,0.520494384432279,-0.298141476418527,0.765595186583171,0.999550560551813
"Sdad1",13.307601378971,-0.161067948217933,0.539833213418822,-0.298366132750285,0.765423734676523,0.999550560551813
"Afg3l1",16.4653068270495,-0.141245423366755,0.473384651050765,-0.298373475044523,0.765418131421193,0.999550560551813
"Banf1",65.1884098377159,-0.102535908775671,0.343440692313987,-0.298554921039841,0.765279665218728,0.999550560551813
"Traf4",14.9433933373794,-0.168711535855034,0.564778031291901,-0.298721845587929,0.765152287338081,0.999550560551813
"Asb3",9.1403922445567,-0.183467338975471,0.613967008190619,-0.29882279752483,0.76507525535285,0.999550560551813
"Mier1",46.7758247299605,-0.100812439718518,0.336697780610841,-0.299415219000323,0.764623251421758,0.999550560551813
"Odc1",109.107183855284,-0.0959970479382919,0.320285817377675,-0.299723068365197,0.764388401096815,0.999550560551813
"Mef2d",43.7846150259908,-0.116469712891889,0.388585602985914,-0.299727298172987,0.76438517443662,0.999550560551813
"Cnep1r1",20.8305108463282,-0.134446316755325,0.4479680943738,-0.30012475987439,0.764081993611311,0.999550560551813
"Ints6l",18.1017272638562,-0.180718897162161,0.602117284956954,-0.300139028852295,0.764071110013436,0.999550560551813
"Plaa",19.5065181725058,-0.142854655862415,0.474946159353467,-0.300780737035289,0.763581698234983,0.999550560551813
"Leprotl1",34.7055725856659,-0.112409703253399,0.373618582465052,-0.300867538524838,0.763515504564366,0.999550560551813
"Nfyc",14.2601707344833,-0.153631523727403,0.510457224353993,-0.300968458075661,0.763438546819823,0.999550560551813
"Cars2",11.5296501556584,-0.163220413889375,0.541602675125103,-0.301365597671159,0.763135724661532,0.999550560551813
"Slc29a1",49.9951918943569,-0.114405527951687,0.379200754055728,-0.30170174169768,0.762879440436002,0.999550560551813
"Gstz1",9.82449734876151,-0.18157242634341,0.601236580407468,-0.301998301933583,0.7626533574152,0.999550560551813
"Pak2",49.4938121612817,-0.102485029075889,0.339348527839857,-0.302005226686155,0.762648078564327,0.999550560551813
"Ccdc86",14.4990519205084,-0.150851473754073,0.498735436831744,-0.302467927108546,0.762295379574249,0.999550560551813
"Smarcad1",18.9722178799303,-0.149078282874598,0.492683269510116,-0.302584423097681,0.762206586873494,0.999550560551813
"Rasal2",10.6177948710872,-0.181446634223592,0.599547546621871,-0.302639273975761,0.76216478087319,0.999550560551813
"Dpysl2",71.7540611205907,-0.0920887263261801,0.304259024300055,-0.302665554581427,0.76214475068299,0.999550560551813
"Ncl",191.303501670794,-0.0783920814152646,0.258782321914562,-0.302926725578828,0.761945703629036,0.999550560551813
"Col15a1",204.662307924523,-0.117631841586651,0.388113077178083,-0.303086519119469,0.761823927451333,0.999550560551813
"Fam98b",9.89318874098995,-0.175062798995227,0.577567973088927,-0.3031033699098,0.761811086069212,0.999550560551813
"Ireb2",20.0724646111658,-0.13753555838301,0.45335236391224,-0.303374525713589,0.7616044569912,0.999550560551813
"Telo2",12.5382935844497,-0.176103399585371,0.580456045645969,-0.303388001393614,0.761594188551001,0.999550560551813
"Cpsf2",19.3298654189553,-0.140943831048175,0.46392902442875,-0.303804727935967,0.761276664521982,0.999550560551813
"Traf2",9.98947721235296,-0.206397254708201,0.678987576583147,-0.303977954570021,0.761144686628733,0.999550560551813
"Tbck",11.7205481352082,-0.166070094779722,0.54608095340678,-0.304112593093895,0.76104211304114,0.999550560551813
"Diablo",29.263399475308,-0.123588134568467,0.406387255914764,-0.304114198390089,0.76104089008077,0.999550560551813
"Uqcc2",122.881980229806,-0.0933758145986744,0.306937853298813,-0.304217331277711,0.760962321760478,0.999550560551813
"Nicn1",8.37297799887536,-0.196905692017911,0.646876843247543,-0.304394405323549,0.760827429606658,0.999550560551813
"Pgm1",15.3923144578983,-0.159781246663197,0.52486751806704,-0.304422051590529,0.760806369782193,0.999550560551813
"Sdhb",63.8030526810571,-0.12101796633512,0.396883715283925,-0.304920463286193,0.760426730029427,0.999550560551813
"Trappc4",54.0384024454361,-0.100492034535154,0.3292653924162,-0.305200719084774,0.760213284767641,0.999550560551813
"Rprd1a",10.3712849854073,-0.17428938452913,0.570495997217963,-0.305505008587364,0.759981555899246,0.999550560551813
"Trim2",19.1559772651772,-0.138571024191067,0.453385534058154,-0.305636183295811,0.759881667651445,0.999550560551813
"Mthfd2l",16.9418081796327,-0.150223376591836,0.491070720802483,-0.305909862323595,0.759673276664095,0.999550560551813
"Ube3b",11.1800452525816,-0.170230232590821,0.556109913529752,-0.306108969556634,0.759521678812189,0.999550560551813
"Ccdc25",19.5519312531925,-0.140983590690448,0.458563098945387,-0.307446436520262,0.75850358730865,0.999550560551813
"Vma21",28.566980402426,-0.128416386870652,0.41762826188372,-0.307489695001548,0.758470665554659,0.999550560551813
"Igfbp4",404.807849937054,-0.0938290699856603,0.304683219425729,-0.307956145935804,0.758115702122002,0.999550560551813
"Dync2li1",13.8023593160215,-0.162559636462672,0.527499008586416,-0.30817050613668,0.757952593736605,0.999550560551813
"Ndufaf7",13.2790199183213,-0.164344888106217,0.532479350893741,-0.308640866223961,0.757594730765841,0.999550560551813
"Txndc17",136.217338390643,-0.104223349420445,0.337349326511454,-0.308947850876788,0.757361196358412,0.999550560551813
"Itpkb",25.4310290075515,-0.159209531813927,0.513914470544871,-0.30979772109769,0.756714784717215,0.999550560551813
"Ppp4r3b",31.3576162316652,-0.122383272669564,0.394903642371411,-0.309906669724917,0.756631930643147,0.999550560551813
"Tmem132c",37.3284149736996,-0.131576032718125,0.423621574523818,-0.310598044648756,0.756106213864051,0.999550560551813
"Wdfy3",19.4968003048537,-0.141937763465311,0.456440212126512,-0.310966824776538,0.755825842117697,0.999550560551813
"Uhrf2",63.8348253809415,-0.0966040178401222,0.310500304039809,-0.311123746364309,0.755706549398101,0.999550560551813
"Airn",10.7801479532958,-0.179344392298228,0.5762621849812,-0.311220130302458,0.75563328064498,0.999550560551813
"Dolk",9.92879303793757,-0.178084673440311,0.571457223128246,-0.311632553116482,0.755319791564473,0.999550560551813
"Gramd1a",26.7581572831745,-0.133348794870284,0.427817700847632,-0.311695366054469,0.755272049994489,0.999550560551813
"Slc3a2",158.949822139263,-0.0964612566351738,0.309186107055878,-0.311984447017022,0.755052343316103,0.999550560551813
"Pde8a",20.102559944855,-0.147864110281615,0.473852689691316,-0.31204657797329,0.755005125269511,0.999550560551813
"Kctd11",22.0442580944961,-0.140151454765243,0.448595585883724,-0.312422723663559,0.754719283059333,0.999550560551813
"Ppp1ca",126.82648348448,-0.0975558043265017,0.312159217834349,-0.312519377141286,0.754645839166196,0.999550560551813
"Map3k2",34.7092174427043,-0.115529578766342,0.369199310710343,-0.312919269930548,0.754341996981286,0.999550560551813
"Gid8",13.2782546036741,-0.181433645174251,0.579556619009314,-0.313055945223075,0.754238158564051,0.999550560551813
"Peg3",86.4736854399466,-0.124545827451219,0.397803893170801,-0.313083480552423,0.75421723926341,0.999550560551813
"Bptf",77.3794630679057,-0.103017573308276,0.328446647322734,-0.313650859730197,0.753786226816993,0.999550560551813
"Cox20",34.974580069221,-0.117951171095719,0.375585389703779,-0.314046217795496,0.753485936407652,0.999550560551813
"Ube3c",13.3909791464662,-0.159795647081707,0.508211410424516,-0.314427507537123,0.753196366773146,0.999550560551813
"Kansl2",24.6561940741486,-0.130460950570979,0.414852668714889,-0.314475379838135,0.753160012714142,0.999550560551813
"Usp24",21.9099188505792,-0.140850991357251,0.447433103803987,-0.314797877402821,0.752915123450248,0.999550560551813
"Tgoln1",82.3447785091824,-0.0928466586266984,0.294751452712698,-0.314999833833553,0.752761780029539,0.999550560551813
"Tle4",27.6882721754434,-0.160282120929755,0.508777457595057,-0.315033849352118,0.75273595335923,0.999550560551813
"Tmem106c",16.8193352007894,-0.151154040579917,0.479482070380262,-0.315244406240344,0.752576091800903,0.999550560551813
"Efnb1",27.1669146393842,-0.135396288544029,0.429218522193404,-0.315448382451259,0.75242123662278,0.999550560551813
"Polr2j",48.1469017457292,-0.111175702553479,0.352236149431167,-0.315628315642841,0.75228464275622,0.999550560551813
"Crabp1",197.813078221876,-0.141249913943253,0.447150315518034,-0.315889107177778,0.752086680134368,0.999550560551813
"Tcof1",12.2165564229442,-0.171403257879941,0.542066793015451,-0.316203206114962,0.751848274378189,0.999550560551813
"BC029722",16.7749099816493,-0.169244274354682,0.534585470491115,-0.316589738586048,0.751554922993521,0.999550560551813
"Tmbim6",169.699583347203,-0.0934050655908238,0.294724472113612,-0.316923345119497,0.751301767589638,0.999550560551813
"Taf10",82.0531508637911,-0.104058429586365,0.328108427601154,-0.317146469986007,0.751132465499735,0.999550560551813
"Bnip2",51.5629370186726,-0.114881722525985,0.362025981709458,-0.31733004902997,0.750993178866225,0.999550560551813
"Tmem126a",34.3472478908711,-0.12173204179508,0.383535136986505,-0.317394757496137,0.750944084649348,0.999550560551813
"Klc1",30.341297620861,-0.126635136939693,0.398860677640085,-0.317492157133532,0.750870189590688,0.999550560551813
"Atf2",32.8942893157834,-0.121083436349902,0.381341725449053,-0.317519506178663,0.750849440855582,0.999550560551813
"Cacna2d1",40.0263302059183,-0.113907739460209,0.358401966261065,-0.317821190124937,0.750620576074677,0.999550560551813
"Tmed4",20.9837770371739,-0.152127150333749,0.478494488990166,-0.317928740735978,0.750538990869432,0.999550560551813
"Pno1",13.6333709168259,-0.186502050113432,0.586487425142279,-0.317998378342361,0.750486167009696,0.999550560551813
"Nckap1",47.0509396216973,-0.108326008237009,0.340229981310136,-0.318390542244027,0.75018871150397,0.999550560551813
"Cbx4",25.3055974750001,-0.135533486146274,0.425646703586665,-0.318417798150946,0.75016803933493,0.999550560551813
"Ipo7",42.0515702583229,-0.121291760129604,0.380913546640987,-0.31842333043598,0.75016384341018,0.999550560551813
"Kcmf1",59.9433951978302,-0.103745432600475,0.325667732607591,-0.318562209924192,0.750058513609122,0.999550560551813
"Chd1",52.6255903652357,-0.108145867600276,0.339271435319873,-0.318759130129285,0.749909172213477,0.999550560551813
"Ccdc82",15.5802919682692,-0.160568528756812,0.503706506574142,-0.318773981795246,0.749897909307899,0.999550560551813
"Rpn1",79.9344498520255,-0.103984175973391,0.326014311146332,-0.318955863034852,0.749759982223556,0.999550560551813
"Otud7b",16.5691853347168,-0.150000060722665,0.469989587692303,-0.319156135903308,0.749608117361584,0.999550560551813
"Stard3",10.9718598081357,-0.185650250522453,0.581419682685103,-0.319305066634632,0.749495191008283,0.999550560551813
"Prrc2b",51.9633838092042,-0.112831462298088,0.353302851200748,-0.319361878667592,0.749452114841683,0.999550560551813
"Lrrc15",71.1654938080795,-0.191140072274887,0.598067549554108,-0.319596126587026,0.749274511034353,0.999550560551813
"Sephs1",13.6560133097784,-0.174887957327018,0.547018515304382,-0.319711220797898,0.749187252931228,0.999550560551813
"Stxbp6",19.487449141405,-0.145259997325357,0.454287836936445,-0.319753217046132,0.749155414484124,0.999550560551813
"Acadl",52.2903606606301,-0.128410193142189,0.401301222736877,-0.319984554909726,0.748980038903679,0.999550560551813
"Cul1",45.9905734161786,-0.109382626976004,0.341466439018005,-0.320331998923725,0.748716668472983,0.999550560551813
"Mga",43.8014131083568,-0.115805494009327,0.361391943270247,-0.320442932295058,0.748632584637243,0.999550560551813
"CAAA01118383.1",13.0189584334349,-0.175598785528875,0.547977783321563,-0.320448731451272,0.74862818915035,0.999550560551813
"Ppt1",33.1449746951996,-0.118158821441574,0.368726502409727,-0.320451122090151,0.748626377161212,0.999550560551813
"Rab9",41.3812358858468,-0.114808359285195,0.358263357772118,-0.320458000503144,0.748621163663167,0.999550560551813
"Rel",33.9804418406901,-0.131436905131323,0.410013604466074,-0.320567180453639,0.748538412180666,0.999550560551813
"Chd6",37.8482872093362,-0.114811911555894,0.357738538580737,-0.320938057195037,0.748257332751645,0.999550560551813
"Ndufa8",77.1655176912491,-0.10566781162399,0.329049027416289,-0.321130903968018,0.748111191588082,0.999550560551813
"Tspyl2",11.6813904761302,-0.212258049824535,0.660857966312282,-0.32118558093349,0.748069758497413,0.999550560551813
"Cars",18.3107607681457,-0.149668196871134,0.465608404490671,-0.321446510474518,0.747872041429798,0.999550560551813
"Trappc8",12.7316189021885,-0.172800595864831,0.535716143926313,-0.322559993429281,0.747028496022372,0.999550560551813
"Rest",44.1331127127562,-0.112588131505647,0.348965172512567,-0.322634292399458,0.746972219846586,0.999550560551813
"Bach2",7.28320836246556,-0.232332095656898,0.719727121334226,-0.322805808993556,0.74684231339981,0.999550560551813
"Psmd9",26.8769990993984,-0.139917252928507,0.433433554188181,-0.32281130885349,0.746838147931995,0.999550560551813
"Uhrf1bp1l",18.0350577663237,-0.158346365703578,0.490176830376301,-0.323039270505744,0.746665501510447,0.999550560551813
"Setd3",34.5832763182464,-0.129633423539942,0.400806176006028,-0.323431701656195,0.746368324141957,0.999550560551813
"Nolc1",28.3503272507086,-0.131510711779745,0.406595387004566,-0.323443688696517,0.746359247277862,0.999550560551813
"Zfp516",17.6715476754348,-0.165119333884159,0.510403044302007,-0.323507737125599,0.746310748922835,0.999550560551813
"Ei24",33.9360939088722,-0.123362664556946,0.381231845771793,-0.323589610692678,0.74624875459047,0.999550560551813
"Cyfip1",33.0620324288371,-0.130033009350171,0.401564804407799,-0.323815752583036,0.746077529404344,0.999550560551813
"Slc39a6",27.8319260219076,-0.13750063276735,0.424207505501986,-0.324135313458537,0.745835592646722,0.999550560551813
"Vps52",11.0395792116249,-0.182077079193071,0.560635754140318,-0.324768939277283,0.745355954177885,0.999550560551813
"Cep85l",13.6194426235593,-0.185914779166925,0.571437170654926,-0.325345967525786,0.74491924447286,0.999550560551813
"Rap2b",22.3513514195585,-0.148336369122829,0.45591571018412,-0.325359196468409,0.744909233432217,0.999550560551813
"Papd7",19.7610882909359,-0.159091256914187,0.488603410176833,-0.325604065793583,0.744723935643324,0.999550560551813
"Ptbp3",66.6683598903073,-0.109450383537415,0.335950633028146,-0.325793056410895,0.744580932553149,0.999550560551813
"Creld2",26.9202215273231,-0.129659784179246,0.397971120157298,-0.325801993189852,0.744574170599413,0.999550560551813
"Galk1",30.8089664493591,-0.139116180158613,0.426804942546051,-0.325947912713317,0.744463764358233,0.999550560551813
"Rtn3",76.7380884200716,-0.109063282764163,0.334346424135006,-0.32619844236804,0.744274219809585,0.999550560551813
"Gabarapl2",90.6338505993484,-0.0975256572438607,0.298707038254432,-0.326492665903609,0.744051637327863,0.999550560551813
"Elavl1",56.105635590554,-0.115464211579965,0.353308464449998,-0.326808506441277,0.743812725204533,0.999550560551813
"Xiap",35.0166768931489,-0.120778204021356,0.369510552985975,-0.326859958519075,0.74377380750353,0.999550560551813
"Mta2",28.9451342616966,-0.137656184065715,0.420501384144476,-0.327362023660829,0.743394086146241,0.999550560551813
"Atp6v0a2",18.7177562743892,-0.153096775684062,0.467633795037977,-0.327386038623726,0.743375924739038,0.999550560551813
"Blzf1",10.0211196269652,-0.199553697512034,0.609113134386441,-0.327613519142129,0.743203898813698,0.999550560551813
"Anxa6",70.0646615297818,-0.102608725719754,0.313065140675368,-0.327755193370935,0.743096768027756,0.999550560551813
"Sap30bp",12.6178822786502,-0.194622975225634,0.592395154388208,-0.328535731232693,0.742506632539949,0.999550560551813
"Ypel1",5.7377164755912,-0.285659495650261,0.869210298440215,-0.328642557690438,0.742425876814617,0.999550560551813
"Nsmaf",11.7954459929608,-0.197655133315484,0.600583265575049,-0.329105295876388,0.742076101485843,0.999550560551813
"Ppp6r1",12.8263929216908,-0.180864381244959,0.549546295959497,-0.329115822588111,0.742068145156405,0.999550560551813
"Esco1",11.5261485724765,-0.185804245296869,0.564494444045003,-0.329151592645358,0.74204110953515,0.999550560551813
"Atp5e",488.418113195041,-0.0827472971727924,0.251102985207658,-0.329535298452791,0.741751118148362,0.999550560551813
"Lipo3",12.9794421651049,-0.177516075714543,0.537881546252566,-0.330028194778761,0.741378658204824,0.999550560551813
"Rab21",89.4375451323991,-0.0940071118845844,0.284580174235544,-0.330336124563532,0.741146000033611,0.999550560551813
"Fam172a",21.3561464621648,-0.151172242374272,0.457406170191406,-0.33049891371385,0.741023013288652,0.999550560551813
"Aktip",15.7750321480093,-0.166286548200369,0.502572835753594,-0.330870545263408,0.740742271498021,0.999550560551813
"Rapgef1",19.2138990838629,-0.15656768366929,0.471908513000761,-0.331775501725346,0.740058784264279,0.999550560551813
"Naa10",31.058152228976,-0.165729794655124,0.499015006331933,-0.332113849387698,0.739803292809758,0.999550560551813
"Tmem214",25.8735203762001,-0.133701731378001,0.402428982240992,-0.332236835014865,0.739710431608934,0.999550560551813
"Gtf2f1",19.6212982799699,-0.160822606388805,0.483927452169624,-0.332327925741305,0.739641655332886,0.999550560551813
"Atxn2l",53.1748478788941,-0.115941601953374,0.348163487490612,-0.33300907797375,0.739127430654325,0.999550560551813
"Agpat1",11.2084693226042,-0.185663341719912,0.557529186118831,-0.33301098192255,0.739125993462838,0.999550560551813
"Nt5c",31.3676561452608,-0.129368777347496,0.38847291254458,-0.333018785016702,0.739120103324218,0.999550560551813
"Ccdc47",33.1947467450376,-0.133660041563385,0.40130820655742,-0.333060823026704,0.739088371341183,0.999550560551813
"Akr1a1",178.098626046763,-0.0840485302863752,0.25174030493912,-0.333869978852616,0.73847767457175,0.999550560551813
"Tcf3",31.2925421806237,-0.152439860350913,0.454926290212629,-0.335086944040239,0.737559501265592,0.999550560551813
"Pdcd7",13.4449002754652,-0.170552492150051,0.508849854359969,-0.335172528180384,0.737494944000269,0.999550560551813
"Ndufa9",23.1769133171917,-0.142038529720415,0.42345053118257,-0.335431223391653,0.7372998179914,0.999550560551813
"Dynlt3",44.6170397737076,-0.132595790732423,0.394204919494893,-0.336362597661951,0.736597450714664,0.999550560551813
"Spg7",18.8013760432961,-0.153587070496448,0.456486319188438,-0.336454925460859,0.736527836519802,0.999550560551813
"Pgk1",81.6375150019053,-0.130895400102315,0.388572382017276,-0.336862335461853,0.736220679471024,0.999550560551813
"Gatsl3",7.74436455230332,-0.220156031952343,0.652865307816027,-0.337215087578801,0.735954764476509,0.999550560551813
"Arf1",216.558859041086,-0.0923077513934464,0.273680387768985,-0.337283033490013,0.735903548468067,0.999550560551813
"Tle1",21.7681238869589,-0.156805126757937,0.464322496179787,-0.337707365135333,0.735583723948901,0.999550560551813
"Yipf4",58.2954674764794,-0.116167812150609,0.34395321172631,-0.337743065597671,0.735556818115286,0.999550560551813
"Aqp1",33.6625545717075,-0.219227497956602,0.649070430078831,-0.337756101337072,0.735546993745352,0.999550560551813
"Grsf1",14.0978930229345,-0.172922362097235,0.51184781355798,-0.337839407567671,0.735484211122493,0.999550560551813
"mt-Cytb",2352.90665800307,-0.100916815267837,0.298240386554178,-0.338374076139767,0.735081307406252,0.999550560551813
"Pmepa1",260.297768241031,-0.122962931314057,0.363316577761234,-0.338445694032894,0.735027344711561,0.999550560551813
"Tbc1d2b",27.6126046951572,-0.137994178188108,0.407649730113199,-0.338511638778194,0.734977657780483,0.999550560551813
"AL732506.1",23.1281216658198,-0.484251867607316,1.4292170129961,-0.338823190043176,0.734742930405499,0.999550560551813
"Cdc5l",26.7054800876,-0.143001408416758,0.421920205250427,-0.338929984004632,0.734662475941435,0.999550560551813
"Tbc1d20",27.2782851465804,-0.152766577438552,0.450366545539896,-0.339204985253548,0.734455313981151,0.999550560551813
"Stat5a",14.6380614668416,-0.181011164115966,0.533552378623617,-0.339256596668004,0.734416436595303,0.999550560551813
"Tnfaip1",21.4826773257314,-0.153672493486959,0.452733028283924,-0.339432919372928,0.734283622936969,0.999550560551813
"Sarnp",71.167218991366,-0.111913398126895,0.32959538810502,-0.339547827930273,0.734197073268725,0.999550560551813
"Zcchc17",21.6087765905483,-0.144082621626895,0.424180440247347,-0.33967295036725,0.734102834298537,0.999550560551813
"Naa50",61.6432834703026,-0.108480375970666,0.318699042697084,-0.340385007286558,0.73356660780922,0.999550560551813
"Osbpl2",14.0106730552491,-0.178124549579396,0.52327334712308,-0.340404399648314,0.733552005880343,0.999550560551813
"Rnd3",112.265610603177,-0.105461334407783,0.309465062297932,-0.340785914974312,0.733264754668838,0.999550560551813
"Actl6a",29.4942410510226,-0.140087724921326,0.41087569587286,-0.34094916377014,0.733141852495703,0.999550560551813
"Itgb3",10.6715242564021,-0.203365019684461,0.596450933212437,-0.340958506995963,0.733134818636915,0.999550560551813
"Trmt112",77.2850405411231,-0.105827825831829,0.310031072512432,-0.341345868897013,0.732843220784567,0.999550560551813
"Atp11a",23.2029444928975,-0.163316317314233,0.477266167174594,-0.342191273018706,0.732206952372053,0.999550560551813
"Gm17056",16.4162942047518,-0.187659036281288,0.548054213382123,-0.342409622440847,0.732042648025316,0.999550560551813
"Smpd2",11.6420715509521,-0.191533113402549,0.558480640657155,-0.342953899310056,0.731633142125736,0.999550560551813
"Hoxc9",15.3516761336643,-0.171941055758496,0.500622958379057,-0.34345419617833,0.731256793545981,0.999550560551813
"Itga11",17.6174365267462,-0.195097902916143,0.567839429604684,-0.343579351388059,0.731162655582323,0.999550560551813
"Gpsm2",9.12951596046599,-0.2092747446611,0.608190814178631,-0.344093892545431,0.730775675829533,0.999550560551813
"Rlim",39.6359386354374,-0.131658359226962,0.382577399418713,-0.344135224472233,0.730744593593106,0.999550560551813
"Calm2",315.983627480201,-0.0840229314524361,0.244023708117114,-0.34432282051919,0.730603524075607,0.999550560551813
"Prpf38a",20.8440937367559,-0.150610892267912,0.437064338466842,-0.344596616590209,0.730397649740545,0.999550560551813
"Slc31a1",26.3046386107647,-0.141822635249481,0.411435630106621,-0.344701880128196,0.730318504536915,0.999550560551813
"Tvp23b",33.8480357026963,-0.132653846544477,0.384726036855608,-0.344800803264228,0.73024412915134,0.999550560551813
"Serf2",755.258501708503,-0.0966270424281312,0.28007627601249,-0.345002596449198,0.730092418758873,0.999550560551813
"Wbp4",34.6369445936729,-0.126631515648904,0.366512935436087,-0.345503537271431,0.729715851462659,0.999550560551813
"Pura",85.4673361112659,-0.109457415485311,0.316398657164504,-0.345947787725285,0.729381953978599,0.999550560551813
"Vsir",7.71708895275992,-0.241261521242236,0.696583945827996,-0.346349528563222,0.729080050791444,0.999550560551813
"Hars",18.9152359409695,-0.155405010459693,0.448155835637607,-0.346765562560605,0.728767450748234,0.999550560551813
"Ctu2",11.0437560070043,-0.21023733122827,0.605564512316906,-0.34717577888423,0.728459266147283,0.999550560551813
"Snhg9",18.0716858309588,-0.168327671734218,0.484432291428048,-0.347474094342491,0.728235177246937,0.999550560551813
"Eloa",26.9310741710353,-0.138098235224204,0.397101009146914,-0.34776601429666,0.728015915013096,0.999550560551813
"Sympk",15.9575817139164,-0.166409874649692,0.477998822341988,-0.348138670790768,0.727736043590152,0.999550560551813
"Otud6b",9.54110472077565,-0.20637570327786,0.592643620129815,-0.348229013640027,0.727668200026383,0.999550560551813
"Psmg4",26.1452620745079,-0.138239037731168,0.396802388383918,-0.348382574747554,0.727552887188335,0.999550560551813
"Tmed10",182.847367531381,-0.0895585658356527,0.256999583185847,-0.348477475042787,0.727481627290784,0.999550560551813
"Ppp2r5d",13.7083121311954,-0.175071561855329,0.502368571173224,-0.348492266238849,0.727470520908341,0.999550560551813
"Plekhf1",19.3365344739799,-0.164547990475733,0.470512636813784,-0.349720661255813,0.726548346228941,0.999550560551813
"Hdgfl3",20.9712156240868,-0.159405205788704,0.455739885739795,-0.349772338951515,0.726509559676082,0.999550560551813
"Dynlt1f",20.2422128602534,-0.163166271659961,0.466269577800772,-0.349939776104542,0.726383894995925,0.999550560551813
"Tmem50b",10.4622421204254,-0.198258980778916,0.565592154497047,-0.350533470456671,0.725938375763434,0.999550560551813
"Fbxw8",19.4091181213524,-0.165407812456309,0.47184616254563,-0.350554535749378,0.725922569680069,0.999550560551813
"Ppie",17.0256481142767,-0.173076557893792,0.493703086001935,-0.350568110269244,0.72591238426784,0.999550560551813
"Washc1",12.9169713551713,-0.183382843201681,0.519504309828273,-0.352995807219193,0.724091583822293,0.999550560551813
"Ccdc85b",27.3260586171279,-0.149619161138395,0.423526623119361,-0.353269789833798,0.723886191501141,0.999550560551813
"Edf1",142.433517941868,-0.100770804847982,0.284884611134436,-0.353724985167517,0.723544996191106,0.999550560551813
"Ap1m1",15.093941251934,-0.184512643961051,0.520631230531612,-0.354401797549961,0.723037787625092,0.999550560551813
"Tbc1d17",17.065995104967,-0.173877396957071,0.490236380654313,-0.354680729171912,0.72282878944171,0.999550560551813
"Rassf8",23.4218758705077,-0.166921195370064,0.470576189942423,-0.354716619620061,0.722801898909442,0.999550560551813
"1700020I14Rik",45.1229548036117,-0.123893075992265,0.348984455598604,-0.355010299182965,0.722581875519713,0.999550560551813
"Nedd8",173.364052378327,-0.100673397237962,0.28346727725584,-0.355149977847709,0.722477236949169,0.999550560551813
"Tsix",8.43110031336408,-0.241388221027704,0.679483555247135,-0.355252484278164,0.722400448807533,0.999550560551813
"Auh",25.5571064536811,-0.160746558534122,0.452372670181846,-0.355341003402138,0.722334140885498,0.999550560551813
"Cnih4",41.5412554151214,-0.13234421296545,0.37211108359244,-0.355657809726522,0.722096844637348,0.999550560551813
"Pbx1",146.073368571097,-0.106737757704907,0.29988690989048,-0.355926698314004,0.721895461006211,0.999550560551813
"Wdr89",33.7154659595882,-0.15938107834786,0.447392386781542,-0.356244502715877,0.7216574668139,0.999550560551813
"Mknk1",7.2214207032111,-0.249357834866984,0.698153156929072,-0.357167811091511,0.720966181764923,0.999550560551813
"Dda1",29.5016566130647,-0.142620518580033,0.398745606635427,-0.357672952897085,0.720588076299286,0.999550560551813
"Gtf2e2",18.7666362554135,-0.163277257980508,0.456423122813793,-0.35773222218437,0.720543716913002,0.999550560551813
"Ncor2",30.0247966601353,-0.140529787157927,0.392816775214044,-0.357748945628284,0.720531200622364,0.999550560551813
"Clptm1l",55.1197783949241,-0.117572978228976,0.328345882226284,-0.358076603342171,0.720285987584586,0.999550560551813
"Kirrel",31.8569572253815,-0.151050869716368,0.420934294632129,-0.358846669522086,0.719709797443358,0.999550560551813
"Ss18l2",16.1140379837684,-0.179709289091344,0.500786764876879,-0.358853910876672,0.719704379966578,0.999550560551813
"Taf7",20.7382048797403,-0.18650111289219,0.519698414642572,-0.358864117414055,0.719696744170606,0.999550560551813
"BC003331",25.419672708069,-0.143539351033201,0.399962838413024,-0.358881719118551,0.719683575909069,0.999550560551813
"Smg5",12.3741418693885,-0.192494705546251,0.534626829785353,-0.360054331024755,0.718806504068665,0.999550560551813
"Mrc2",82.2460144843517,-0.125032441405658,0.347234698138519,-0.3600804933261,0.71878693981964,0.999550560551813
"Tmem87b",27.9194573204509,-0.152260848108464,0.421448906985204,-0.361279494583692,0.717890520969768,0.999550560551813
"Dctn2",94.4060527924651,-0.106488050259029,0.294740863301128,-0.361293812694826,0.717879818549886,0.999550560551813
"Gypc",13.0416962893328,-0.187267602143787,0.518148510460809,-0.361416849345458,0.717787854099569,0.999550560551813
"Casd1",17.2387234943591,-0.183892637458478,0.507984876498894,-0.362004157930632,0.71734892329894,0.999550560551813
"Psen2",14.8933647909046,-0.196062053741984,0.541431821656608,-0.36211771436355,0.717264066551897,0.999550560551813
"Rpap3",8.12026197505146,-0.25215597942916,0.695053822772671,-0.362786263692893,0.71676455381657,0.999550560551813
"Mrpl34",36.0993426744663,-0.133977705322826,0.368746408034648,-0.363332909564879,0.716356212372476,0.999550560551813
"Mettl16",14.5262847422561,-0.185849278841462,0.511429873334109,-0.36339151960341,0.716312435809354,0.999550560551813
"Rfng",10.8624751600737,-0.219494958932664,0.603101726118804,-0.363943509737901,0.715900193304773,0.999550560551813
"Rfc2",16.9648299969448,-0.168918147558461,0.463947486238319,-0.364088938013324,0.715791596959522,0.999550560551813
"Gkap1",30.6169624431824,-0.157150470844854,0.431024728816717,-0.36459734288628,0.715411998579106,0.999550560551813
"Hint2",23.6473821905072,-0.155571547329398,0.426692715518736,-0.364598554583402,0.715411093954506,0.999550560551813
"Tgfb2",37.0148977452683,-0.141563535758831,0.388254001439657,-0.364615780478526,0.715398233549186,0.999550560551813
"Vit",18.4884231726131,-0.177996240116559,0.487537366942073,-0.365092508155806,0.715042353125281,0.999550560551813
"Rabif",8.74983371594363,-0.225541713141927,0.616882908526432,-0.365615111108663,0.714652297663862,0.999550560551813
"Psmb2",119.649736488458,-0.10954603787364,0.299501018645388,-0.365761820674619,0.714542811354787,0.999550560551813
"Med31",26.0776511055612,-0.155799202364073,0.425457767143248,-0.366191933479538,0.71422186094816,0.999550560551813
"Pebp1",208.558978286565,-0.106948891374683,0.292050986782255,-0.366199383720695,0.714216302019408,0.999550560551813
"Stk25",37.4996233311577,-0.13033942116734,0.355722435211368,-0.366407648957798,0.714060912971529,0.999550560551813
"Exosc4",17.1369390313349,-0.173819185390677,0.47401833220558,-0.366692960126471,0.713848058332661,0.999550560551813
"Srrm2",171.089619402067,-0.0980096074195033,0.266777010040871,-0.367384008856266,0.7133325980019,0.999550560551813
"Slc6a17",9.31767130052434,-0.270984843521323,0.736787314933003,-0.367792493205402,0.713027966857916,0.999550560551813
"Spag9",114.518146926783,-0.103712020693648,0.281792283095327,-0.368044218792761,0.712840262860186,0.999550560551813
"Orc4",16.4641026071775,-0.176141585438441,0.477381532092705,-0.368974444122894,0.712146773498381,0.999550560551813
"Nasp",54.4207172055215,-0.150959423272658,0.408975128832401,-0.369116390289156,0.712040972573461,0.999550560551813
"Agtpbp1",23.6421885285511,-0.158469885172818,0.429208343563416,-0.369214363022753,0.711967950898035,0.999550560551813
"Tril",28.9612495207638,-0.160291755519817,0.433904777460949,-0.369416894779968,0.711817006985295,0.999550560551813
"Josd2",32.4183516151137,-0.138091478202763,0.37334198138987,-0.369879319996852,0.711472410670918,0.999550560551813
"Sri",85.8159067139967,-0.119246215739427,0.322187145841896,-0.370114752492154,0.711296990518016,0.999550560551813
"Rbm6",34.4530583592881,-0.140152738506207,0.378638604055658,-0.370149099972925,0.711271399574963,0.999550560551813
"Cops8",46.7099502466069,-0.126277321940658,0.341026658759073,-0.370285778830769,0.711169568812756,0.999550560551813
"Ank",10.041131690442,-0.22626435527474,0.611033630092256,-0.370297712157967,0.711160678290897,0.999550560551813
"Ell",12.9277542276914,-0.197147568566189,0.530173058043097,-0.371855124615108,0.71000071835225,0.999550560551813
"Arglu1",84.3825994665204,-0.117325688188238,0.315311491543789,-0.372094552005708,0.709822452461276,0.999550560551813
"Map2k3",61.0629166870445,-0.148687692655566,0.399490631212967,-0.37219319062404,0.70974901560284,0.999550560551813
"Smad2",25.9690791876159,-0.161846881433192,0.434677328380286,-0.372337986975931,0.709641219005026,0.999550560551813
"Pcna",39.8777040571201,-0.14475559138085,0.387352329262148,-0.373705230214025,0.708623633674573,0.999550560551813
"Uqcrq",171.543294663684,-0.113207664968256,0.302827255187143,-0.373835786010394,0.708526493295024,0.999550560551813
"Mif",211.053162518334,-0.150065965654172,0.401384819715438,-0.373870555843547,0.708500623509698,0.999550560551813
"Ralgapa1",21.4158605158365,-0.164574199776285,0.440043673775022,-0.373995149991465,0.708407924536503,0.999550560551813
"Ssbp1",33.8641429348736,-0.143352729697885,0.383048512233421,-0.374241708607732,0.70822449582387,0.999550560551813
"Ntng1",12.6991733249646,-0.221530880796937,0.591170398520622,-0.374732702028566,0.707859268840177,0.999550560551813
"Fbxl15",10.1548668853237,-0.222313218638176,0.590885312782392,-0.376237509765365,0.706740331787746,0.999550560551813
"Cep250",8.28615472497134,-0.23553962474123,0.625971850242411,-0.376278301731964,0.706710008717822,0.999550560551813
"Stxbp3",27.6771078054317,-0.158283257956929,0.420248229504124,-0.376642295777658,0.706439451128848,0.999550560551813
"Zmym4",17.2901964700616,-0.190359843774042,0.50502895473543,-0.376928574073076,0.706226685886128,0.999550560551813
"Commd7",28.5392491389958,-0.17137727370955,0.4537482246858,-0.37769243907945,0.705659085232049,0.999550560551813
"Washc2",24.3107469999446,-0.161312992799335,0.426077815888443,-0.378599839709962,0.704985041206443,0.999550560551813
"Grk6",11.80506312558,-0.212884208580193,0.562132598507466,-0.378708171604756,0.704904584532015,0.999550560551813
"Cln3",8.70458304653065,-0.236517591003876,0.624226572634261,-0.378897024530312,0.704764333839459,0.999550560551813
"Yars",14.0989717222216,-0.191365747874184,0.504974854315921,-0.378960944765107,0.704716866065671,0.999550560551813
"Borcs7",22.4274928833555,-0.161360170374732,0.42577774654778,-0.378977463437311,0.704704599329675,0.999550560551813
"Atp5g3",159.192793969017,-0.108562987904181,0.286426633619968,-0.379025464678757,0.70466895413071,0.999550560551813
"Rere",32.4354488088795,-0.148206736060335,0.390980899080071,-0.379063878591121,0.704640428845027,0.999550560551813
"Acot9",23.3169890135665,-0.162352402055199,0.428163241727345,-0.379183419389807,0.704551663261592,0.999550560551813
"Snrnp48",34.6398806058716,-0.143410953008689,0.378015757376206,-0.379378240748745,0.704407006365785,0.999550560551813
"Htt",22.650298523866,-0.161913849624154,0.426679702309177,-0.37947399125827,0.704335914529664,0.999550560551813
"Hikeshi",37.6156290524225,-0.138118635035705,0.363403535016029,-0.380069596817798,0.703893753577027,0.999550560551813
"S1pr2",38.3858158001597,-0.157731415970146,0.413137632606171,-0.381789029905454,0.702617856389739,0.999550560551813
"Emc1",17.909488742763,-0.187934625825641,0.492210116274674,-0.381817885516123,0.702596451355086,0.999550560551813
"Anapc5",96.0551631446843,-0.110053207280487,0.288126241306607,-0.381961763640178,0.702489726368384,0.999550560551813
"Tspyl1",29.5534849990637,-0.161896394369976,0.423744027204164,-0.382061773090132,0.702415545458901,0.999550560551813
"Eef2kmt",12.383831925851,-0.205522938856077,0.537760103875313,-0.382183314409152,0.702325397337863,0.999550560551813
"Fam213b",13.4153597490064,-0.196589687301656,0.51425571795037,-0.38228002225272,0.702253671385881,0.999550560551813
"Tmem205",24.3091122995865,-0.171309505178775,0.447988155251611,-0.382397398615504,0.702166619637562,0.999550560551813
"Fam104a",59.4806651340397,-0.140989060051299,0.368353707551862,-0.382754556723033,0.701901758675868,0.999550560551813
"Naxe",43.0103358060196,-0.150400535170333,0.3920326195978,-0.383642910441059,0.701243131271321,0.999550560551813
"Dad1",235.260996061699,-0.10077486492233,0.262593434860751,-0.38376764817357,0.701150668400322,0.999550560551813
"Tex261",46.4050572812939,-0.13519552745813,0.351651643071951,-0.384458682681223,0.700638513596937,0.999550560551813
"Uqcr10",164.418951082235,-0.110377346905839,0.286670462387223,-0.38503215848149,0.700213589798327,0.999550560551813
"Elof1",35.2463226737303,-0.142009215409443,0.368814319627742,-0.385042575225328,0.700205872253727,0.999550560551813
"Erbin",35.6343498839059,-0.142371888070348,0.3693027589455,-0.385515365433157,0.699855624612102,0.999550560551813
"Krr1",11.9673295895262,-0.209171918425192,0.541688092482517,-0.386148267477271,0.699386864476631,0.999550560551813
"Smurf2",31.1129023563408,-0.154129867068791,0.399011374956808,-0.38627938134715,0.699289769050544,0.999550560551813
"Api5",30.8237150796877,-0.149003281959583,0.385576591678403,-0.386442759170043,0.699168787669448,0.999550560551813
"Mrpl40",15.124196220293,-0.192231894447648,0.497231188387618,-0.386604659838419,0.699048907656984,0.999550560551813
"Nsfl1c",32.6744585411272,-0.151428257437762,0.391600514634186,-0.386690649728126,0.698985239141981,0.999550560551813
"Tmem65",49.4219485991744,-0.137150387011488,0.354542716181119,-0.386837412678432,0.698876578011936,0.999550560551813
"Traf5",12.4216077381434,-0.222474107726645,0.574279776056165,-0.387396730657092,0.698462523776412,0.999550560551813
"App",210.989482921658,-0.104904422992104,0.270592634657705,-0.387683955717442,0.698249930470957,0.999550560551813
"Nip7",31.3686234407336,-0.153813096108269,0.396698860377091,-0.387732639216708,0.698213899101463,0.999550560551813
"Tdp2",21.9218699098168,-0.167045866274343,0.430794569039782,-0.387762238151422,0.698191992829638,0.999550560551813
"Atp6v1g1",111.446398151156,-0.115389178541835,0.297486511006922,-0.38788037195794,0.698104564103754,0.999550560551813
"Zfpl1",18.4777864431176,-0.183325908852062,0.47218780194866,-0.388247871070575,0.697832610176888,0.999550560551813
"Cct8",102.421679384521,-0.12895966191904,0.332133366694864,-0.388276743172019,0.697811246105187,0.999550560551813
"Dab2ip",15.9263896400294,-0.198029925002703,0.509275430237069,-0.38884641442553,0.697389763700593,0.999550560551813
"Brpf1",13.0544664496438,-0.208336745754511,0.535375730544405,-0.389141184159881,0.697171709197362,0.999550560551813
"Ccnh",19.1554486798542,-0.179358117116053,0.459639219213653,-0.390214998239049,0.696377571992299,0.999550560551813
"Kdm1a",35.3174104403069,-0.143185054269787,0.366796467853935,-0.390366502457176,0.696265554092448,0.999550560551813
"Rbm15b",13.7721941624731,-0.218729634620044,0.560257935502116,-0.390408811298698,0.696234273324391,0.999550560551813
"Mob2",18.6532248304699,-0.1771490745386,0.453346169288944,-0.390758953177991,0.695975418029069,0.999550560551813
"Rab34",82.3478769890209,-0.126798100473343,0.324097291452806,-0.391234681119843,0.695623775356955,0.999550560551813
"Acbd6",41.1372800925225,-0.138641354394477,0.354100251824894,-0.391531363448555,0.695404510525505,0.999550560551813
"Lactb2",8.68276463129727,-0.255036192644256,0.650700237554995,-0.391941139598403,0.695101704920895,0.999550560551813
"Fam126b",11.9492089554532,-0.212867420327391,0.542194920613301,-0.392603125249876,0.694612630924373,0.999550560551813
"Phb2",75.4889793602176,-0.136413345344912,0.347175344426361,-0.392923482427326,0.694375997150002,0.999550560551813
"Spsb2",11.752431010617,-0.218648403725528,0.555534609258977,-0.39358196605821,0.693889697770132,0.999550560551813
"Coro2b",12.4795779340925,-0.217472013215528,0.55254154889392,-0.393584905335833,0.693887527354833,0.999550560551813
"Papd5",18.9781608231006,-0.178971874217512,0.454124659664961,-0.39410296359936,0.693505023079963,0.999550560551813
"Cuta",67.4618344925885,-0.128971915935906,0.327198489255476,-0.394170267195839,0.693455335724369,0.999550560551813
"Adprh",53.617438063506,-0.131868174498172,0.334082366612152,-0.394717553744052,0.693051346519509,0.999550560551813
"Pbx3",11.1619707493221,-0.224824220944593,0.569576317688696,-0.394721855460767,0.693048171477055,0.999550560551813
"Pdcd4",54.9766168909734,-0.145609014973227,0.368056703911375,-0.395615711997162,0.692388544345021,0.999550560551813
"Tmx4",16.3577942658375,-0.198856436554878,0.502210599281468,-0.395962245399419,0.692132880519919,0.999550560551813
"Prrc2c",137.267281335381,-0.106282055607934,0.268259566441245,-0.396191110788259,0.691964048494687,0.999550560551813
"Cdk11b",39.6649154613156,-0.139535040675268,0.351986357235195,-0.396421730010495,0.691793938166155,0.999550560551813
"Zc3h7a",43.1228045259674,-0.137017119695394,0.345553371344082,-0.39651507135481,0.691725091748447,0.999550560551813
"Cln5",22.4217922689772,-0.174783361712927,0.440496381697956,-0.396787281292073,0.691524330544106,0.999550560551813
"Abcg2",17.4136336918301,-0.201342157825465,0.507400550447551,-0.396811074895114,0.691506783234871,0.999550560551813
"Limk1",11.5955544066052,-0.232561152038123,0.58559257464388,-0.397138150495764,0.691265588276861,0.999550560551813
"Baz2b",37.7587341725666,-0.147892756665246,0.372138666183434,-0.397413034721706,0.691062904967413,0.999550560551813
"Nop14",27.2184247572164,-0.198981258803397,0.500067670721359,-0.397908664074128,0.690697513264363,0.999550560551813
"Rnpepl1",14.0637722140067,-0.198446295353952,0.498098171331249,-0.398407998213629,0.690329463153332,0.999550560551813
"Sin3b",59.6742505700404,-0.13220566953838,0.330893151947952,-0.399541872535262,0.689493977017996,0.999550560551813
"Golm1",8.230714074798,-0.261148515865094,0.652462362265378,-0.400250697922828,0.688971876920779,0.999550560551813
"Arhgap35",17.7095365327758,-0.192448919023197,0.480820434374201,-0.400251123423391,0.688971563553938,0.999550560551813
"Zbed3",14.2516418686563,-0.205878529058936,0.514206839659289,-0.400380767387983,0.688876087623535,0.999550560551813
"Clk4",52.2631474870593,-0.131094502037705,0.327052838599925,-0.400835848417965,0.688540983726917,0.999550560551813
"Bcl2l13",9.74462034665507,-0.251761061155558,0.626846996129559,-0.401630800992979,0.687955758372874,0.999550560551813
"Notch2",36.5699311349554,-0.157733993234495,0.392256544746231,-0.402119468361044,0.687596105668342,0.999550560551813
"Mapk3",41.8408784132968,-0.160772127319273,0.399611337081061,-0.402321236663665,0.687447627480789,0.999550560551813
"Zfp62",11.0631322444561,-0.225197038122899,0.559351173771841,-0.402604032462005,0.687239542692007,0.999550560551813
"Ttc14",33.8196179549633,-0.156955600967513,0.389744213889223,-0.402714383880819,0.687158351122499,0.999550560551813
"Mindy2",31.4127876432885,-0.159961184504484,0.39699858362958,-0.402926335509891,0.687002416846843,0.999550560551813
"Foxd1",18.4624563033441,-0.23564391626299,0.584436925146939,-0.403198200051689,0.686802423723419,0.999550560551813
"Ino80b",13.788865095231,-0.205878496528159,0.510090630208467,-0.403611602204924,0.68649835256733,0.999550560551813
"Rab43",9.79792249669932,-0.251715108390268,0.623511131879711,-0.403705877121099,0.686429017305051,0.999550560551813
"Foxo1",35.2042758366947,-0.152239077011509,0.376678351219725,-0.404162003254349,0.686093592868271,0.999550560551813
"Tmem219",28.7760756689573,-0.16190786587463,0.400382649572616,-0.404382822401164,0.685931229866517,0.999550560551813
"Ncor1",86.5207893116436,-0.121735254446064,0.300717605203817,-0.404815854939905,0.685612873564933,0.999550560551813
"Nup50",20.0665349183059,-0.181657355261536,0.448619438534113,-0.404925287800972,0.685532429686625,0.999550560551813
"Chchd2",694.977573025682,-0.113043313586714,0.278697187293229,-0.405613399563219,0.685026681808635,0.999550560551813
"Hspa9",84.2018046809651,-0.128995893368436,0.318017733022562,-0.405624844068943,0.685018271526872,0.999550560551813
"Mrps5",17.8946198639369,-0.191783445110589,0.472781784511921,-0.405648972513985,0.685000540262442,0.999550560551813
"Dnm3",16.0783329517878,-0.194625747129571,0.479547034525994,-0.405853301380432,0.684850392117511,0.999550560551813
"Pcyt2",15.0163517158451,-0.231268011540419,0.569726851592402,-0.405927877357401,0.684795594128703,0.999550560551813
"Sparcl1",106.441726367625,-0.138238479637717,0.340326400802449,-0.406193816617715,0.684600197032798,0.999550560551813
"Wdr83os",68.0105540899839,-0.12732128393583,0.313290578274929,-0.406399977416807,0.684448736284532,0.999550560551813
"Nsd1",43.5424147092689,-0.150828063489168,0.370886189414464,-0.406669398305952,0.684250819191866,0.999550560551813
"Tor1aip2",47.656045973584,-0.148539772502767,0.365257349443421,-0.406671550152548,0.684249238528572,0.999550560551813
"Ppp3ca",61.5829028989151,-0.146791326906696,0.360748535529297,-0.406907616939653,0.684075841396649,0.999550560551813
"Tmod3",52.8546607558879,-0.137541979289191,0.337906950688223,-0.407040988677669,0.683977883784379,0.999550560551813
"Rnaset2a",51.2371594742746,-0.146917548553294,0.36029749749412,-0.407767329984555,0.683444500870622,0.999550560551813
"Riok2",16.7392513319232,-0.202029603048994,0.49530816338821,-0.407886681428766,0.683356871198195,0.999550560551813
"Arhgef6",7.77235344857348,-0.277780358846967,0.680606441485423,-0.408136541054051,0.683173434219339,0.999550560551813
"Ppm1d",18.5117256546875,-0.217036407037927,0.531478858753633,-0.408363199143796,0.683007047063526,0.999550560551813
"H2-Q7",64.1655407102178,-0.172120346458043,0.421462367190508,-0.408388411058874,0.682988540231705,0.999550560551813
"Ehmt1",18.9773769373885,-0.18698240340158,0.45749519965613,-0.408708995290273,0.682753231671116,0.999550560551813
"Ldah",14.1320845092558,-0.214961765708867,0.5255655145551,-0.409010408323377,0.682532022872973,0.999550560551813
"Dnaja4",26.0677137000226,-0.205217339077849,0.500642517380065,-0.409907932214349,0.681873486370218,0.999550560551813
"Ccndbp1",17.4859389772562,-0.204985534972506,0.499143956674631,-0.410674179725924,0.681311462405174,0.999550560551813
"Rab10os",10.0241736436187,-0.23675722776941,0.576270349308969,-0.410844021479355,0.681186911530002,0.999550560551813
"Aco2",34.33825139314,-0.154775213452811,0.376503087676256,-0.411086173045938,0.681009348378626,0.999550560551813
"Scly",9.34841522906186,-0.241519759700894,0.587511644270384,-0.411089315516174,0.681007044206907,0.999550560551813
"Tmem161b",6.6510242843414,-0.319736697405529,0.77771228756752,-0.411124656915967,0.680981130831882,0.999550560551813
"Pank3",24.8182959587178,-0.175063566507306,0.425573674481126,-0.411359012562864,0.680809303765638,0.999550560551813
"Arih2",17.4522706115026,-0.192569376752957,0.467767079700786,-0.411677916445374,0.680575513440055,0.999550560551813
"Bcar1",16.9002544735868,-0.206292600300674,0.500980071878572,-0.411778056414738,0.680502106566193,0.999550560551813
"Nfkb2",28.3954777152427,-0.178596039297308,0.433631413232193,-0.411861396216877,0.680441017240085,0.999550560551813
"Gtf2ird1",12.1385283114179,-0.222337480919196,0.539800832383155,-0.411887991979566,0.680421522588091,0.999550560551813
"Arpc5",91.4567770229538,-0.13779783906148,0.334477512023011,-0.411979383092277,0.680354534674817,0.999550560551813
"2410015M20Rik",95.8783508003612,-0.135265466096511,0.328232317463694,-0.4121028274782,0.680264056338093,0.999550560551813
"Abhd8",21.7260378665248,-0.212641419343935,0.515207851159935,-0.41272938458759,0.679804893443193,0.999550560551813
"Senp1",9.28532228752224,-0.255142907423709,0.618007541372619,-0.412847563084792,0.679718301423976,0.999550560551813
"Tlcd2",19.1754040877368,-0.194830832333557,0.471639498862843,-0.413092696441474,0.679538700220505,0.999550560551813
"Matr3",98.0224815324656,-0.118974965775022,0.287838001027506,-0.413340022340041,0.679357511043956,0.999550560551813
"Nfx1",18.1734061222587,-0.190424988861368,0.460046811621247,-0.413925244238283,0.678928855466632,0.999550560551813
"Eid1",160.053343061289,-0.115451566028949,0.278788454121595,-0.414118893096608,0.678787036973902,0.999550560551813
"Kin",15.8077594401975,-0.217604097662899,0.525382964802434,-0.414181867782347,0.678740919993972,0.999550560551813
"Pmpca",15.1029270128224,-0.203873107149546,0.491508422618342,-0.414790668415166,0.678295151365423,0.999550560551813
"Mxra8",105.664715455295,-0.144577968192086,0.34834577458733,-0.415041544176506,0.67811149089209,0.999550560551813
"Pafah1b1",123.133852109001,-0.111371947903011,0.268009977526967,-0.415551498980312,0.677738223459656,0.999550560551813
"Nedd4",305.603268342073,-0.104285731009651,0.250882930355741,-0.415674876173436,0.677647927947523,0.999550560551813
"Tcf20",14.0800259652559,-0.211566659881466,0.508457567000342,-0.416095016796797,0.677340476257379,0.999550560551813
"Ptch2",12.1627786116988,-0.256678175031244,0.616707021392842,-0.416207641760803,0.677258068376108,0.999550560551813
"Nlgn2",24.7436809172058,-0.178044766262241,0.427770065437614,-0.416216048404648,0.67725191737516,0.999550560551813
"2610001J05Rik",28.465444571089,-0.175676038752008,0.421927324695793,-0.416365635666449,0.677142470472161,0.999550560551813
"Tmem183a",25.1267794282909,-0.191714690070548,0.460398528526923,-0.416410301492388,0.677109791629145,0.999550560551813
"Ube2d2a",74.0095045567609,-0.132101364866069,0.317216805338244,-0.416438734149698,0.677088989770355,0.999550560551813
"Hsbp1",133.374640094579,-0.118043766676956,0.283334336808963,-0.416623583312977,0.676953756704726,0.999550560551813
"Cdc42",262.893366521096,-0.105664536672564,0.253524583755334,-0.416782211442406,0.676837714884136,0.999550560551813
"Mrps18c",26.1577105162556,-0.171700443003277,0.41159120465508,-0.417162565821018,0.676559504098146,0.999550560551813
"Setd2",42.0490233944583,-0.142772591024149,0.342232446138369,-0.417180172818635,0.676546626501769,0.999550560551813
"Pdia6",257.32006267741,-0.112986846323661,0.270648656158301,-0.41746686618527,0.676336954917901,0.999550560551813
"Ctcf",35.7695073109993,-0.170260995521459,0.407024402734279,-0.418306603677057,0.675722962060792,0.999550560551813
"Rdh11",8.39317501272803,-0.27606562662637,0.659925220576683,-0.418328650002385,0.675706845300135,0.999550560551813
"Ptprz1",25.0643975846472,-0.303794779901296,0.726102056820838,-0.418391295063162,0.67566105002358,0.999550560551813
"Rtl8a",35.6187425273595,-0.159616508706734,0.380895596342327,-0.419055799645633,0.675175352669412,0.999550560551813
"Wwtr1",100.320606320944,-0.132511168989432,0.316118732072018,-0.419181641406949,0.675083388075795,0.999550560551813
"Znrd1",47.4991534287033,-0.151849029890306,0.362101548905734,-0.419354820075174,0.674956837815032,0.999550560551813
"Zfand2b",11.3284003142287,-0.275647054221072,0.656995088807361,-0.419557252279392,0.67480892219159,0.999550560551813
"Znhit3",10.9967643027326,-0.236494555416264,0.563083128384083,-0.419999363317719,0.674485918809104,0.999550560551813
"Omd",10.6552415926869,-0.273637375081689,0.651141900829914,-0.420242307756457,0.674308450747672,0.999550560551813
"Rictor",35.2549795953669,-0.18098809356066,0.430510782919422,-0.420403160016867,0.674190960027566,0.999550560551813
"Ubfd1",34.5538080097962,-0.16433306764824,0.390843621020062,-0.420457335901625,0.674151390325371,0.999550560551813
"Iffo2",15.3022601951877,-0.235432022404064,0.559840123767181,-0.420534385459611,0.674095115398474,0.999550560551813
"Tax1bp1",97.8815133207612,-0.125249366808797,0.297731867528585,-0.420678403855349,0.673989933121464,0.999550560551813
"Rnf6",20.1162985458123,-0.197857774739749,0.47025675002354,-0.420744146107089,0.673941921097508,0.999550560551813
"Arhgef1",40.9606365110353,-0.150126361015484,0.356498277301149,-0.421113847034572,0.673671950674853,0.999550560551813
"Mospd2",13.5901512192008,-0.235943528867145,0.5596674912133,-0.421578048701103,0.673333031546318,0.999550560551813
"Romo1",151.787893005068,-0.122639576139708,0.290834825718237,-0.421681192535456,0.673257734015528,0.999550560551813
"Rdm1",12.9422742675442,-0.24226717494249,0.574520378395645,-0.421685955890763,0.673254256728343,0.999550560551813
"Tug1",28.5963833429042,-0.165912071609695,0.393438260334127,-0.421697857927682,0.673245568177444,0.999550560551813
"Hnrnpc",118.863538633948,-0.126376385801401,0.299677376445557,-0.421708129256666,0.673238070087156,0.999550560551813
"Cox7a2",216.115777938983,-0.116639162570018,0.276565071887053,-0.421742202564366,0.673213196738331,0.999550560551813
"Vamp8",54.1160106848952,-0.142803206809408,0.338544976054732,-0.421814579774835,0.673160362912895,0.999550560551813
"Tmem11",32.4923104993429,-0.160199304052861,0.379459786651525,-0.422177289104892,0.672895617110769,0.999550560551813
"Lsm6",57.6966253475093,-0.169556906604318,0.401368607918779,-0.422446856229049,0.672698883156499,0.999550560551813
"Brcc3",12.786925230991,-0.259711489020904,0.614002263063201,-0.42298132212938,0.672308888527165,0.999550560551813
"Emb",40.4086359582878,-0.195376610959301,0.461883967605269,-0.422999334599706,0.672295746535788,0.999550560551813
"Mrps14",72.9847398229189,-0.132233034060736,0.312606606171127,-0.423001406401338,0.672294234945038,0.999550560551813
"Naf1",13.1837031967254,-0.238819341929444,0.564437734352453,-0.423110163255523,0.6722148875797,0.999550560551813
"Inpp4a",15.0817544134707,-0.226885531109296,0.536167617229995,-0.423161570781645,0.672177382692469,0.999550560551813
"Atp11b",33.6897828513667,-0.164619942396556,0.388827309293946,-0.423375463764318,0.67202134363631,0.999550560551813
"Cask",18.3602026770889,-0.191283052910388,0.451730381573669,-0.423445180383984,0.671970487070677,0.999550560551813
"St7l",12.7193422002474,-0.225495467053313,0.532301888361685,-0.423623270898666,0.671840581220766,0.999550560551813
"Abcc5",31.7334385624668,-0.167302360401164,0.394819674428486,-0.423743727166938,0.671752721491129,0.999550560551813
"Ercc5",11.0779598861015,-0.238605243465583,0.562703134858625,-0.424033968684981,0.671541040334585,0.999550560551813
"Hmgxb3",10.059569349812,-0.247394181397557,0.583382308157758,-0.424068707497823,0.671515706104066,0.999550560551813
"Usmg5",166.643024150375,-0.139372338266115,0.328611339485223,-0.424125164044689,0.671474534417451,0.999550560551813
"P3h3",70.8234783233586,-0.140070480504369,0.330166748312269,-0.42424163311531,0.671389600915646,0.999550560551813
"Gm5617",9.81331173888351,-0.247914365962162,0.584151699707562,-0.424400658401359,0.671273640643558,0.999550560551813
"Fmnl2",22.9823893790486,-0.177853172852761,0.418877595309591,-0.424594618676874,0.671132216583326,0.999550560551813
"Neurl4",8.48084594862682,-0.284410038147616,0.66952548080724,-0.42479344894343,0.670987253709983,0.999550560551813
"Ube2w",26.6813431154948,-0.175419657582721,0.412866825286233,-0.424881939741962,0.670922740907705,0.999550560551813
"Polr2c",38.2774306566885,-0.156361702483615,0.367844053687047,-0.425076063936171,0.670781226264024,0.999550560551813
"Itpr2",15.0884917671336,-0.218364563824063,0.513285772192237,-0.4254249302322,0.670526935489606,0.999550560551813
"Mdh1",66.4551149271884,-0.132137249571977,0.310195498802379,-0.425980551239911,0.670122017866731,0.999550560551813
"Itch",31.9528437771799,-0.16011094880332,0.375766078731178,-0.426092076602429,0.670040753534032,0.999550560551813
"Anp32a",82.7844771910848,-0.149322950914334,0.35006055333908,-0.426563203108735,0.669697504009185,0.999550560551813
"Stk40",54.3978188508562,-0.149523430002653,0.350028136899963,-0.427175458884285,0.669251534738063,0.999550560551813
"Fem1b",22.0803304854405,-0.202616963957098,0.473874456730241,-0.427575196509146,0.668960427358631,0.999550560551813
"N4bp2l2",37.4536037720947,-0.163495601342721,0.38237290927825,-0.427581550302108,0.668955800635057,0.999550560551813
"Mapk14",21.8180226933706,-0.186093756517469,0.434862595727073,-0.427936912362691,0.668697052064081,0.999550560551813
"H2afj",90.5899811106273,-0.134116227801942,0.313297531533604,-0.428079427071888,0.668593294364746,0.999550560551813
"N4bp2",16.6152260000694,-0.232887488936455,0.543133297655146,-0.428785143429604,0.668079591550396,0.999550560551813
"Rnf121",15.9045207474907,-0.228059392766979,0.531812171737728,-0.428834473686041,0.668043689035891,0.999550560551813
"Mapre3",14.1852615341568,-0.233102460626172,0.542182101671365,-0.429933891044347,0.667243731326957,0.999550560551813
"Eif5a",389.437250384113,-0.126186892139593,0.292841298140749,-0.430905384386539,0.666537168236094,0.999550560551813
"Actn4",69.7775854211481,-0.139185740504573,0.32285411673422,-0.431110316673317,0.666388159583033,0.999550560551813
"Mrps7",33.2352775409304,-0.160779526081552,0.372878285922914,-0.431185006344914,0.666333855125652,0.999550560551813
"Epha3",8.21106659608829,-0.291137536783339,0.674706967526585,-0.431502193983001,0.666103257684738,0.999550560551813
"Ngdn",17.9223744776994,-0.209512242314645,0.485332253460136,-0.43168827297371,0.665967991755345,0.999550560551813
"Anapc1",18.9200437126379,-0.19511752873933,0.451944096981838,-0.43172934449716,0.665938137200456,0.999550560551813
"Blcap",14.4746541832587,-0.234613246060961,0.542960710284817,-0.432099858455488,0.665668837564084,0.999550560551813
"Ppfibp1",34.4382859279554,-0.180841133632181,0.418288392029274,-0.43233600807054,0.665497220085093,0.999550560551813
"Upf1",25.6216007655767,-0.213817288390992,0.494273778708125,-0.432588774888772,0.665313545766465,0.999550560551813
"Dpy30",26.6112781423428,-0.184495481537636,0.426115943183075,-0.432970144603037,0.665036459498249,0.999550560551813
"Tmem234",83.2719769887625,-0.128549773366966,0.296069111981411,-0.434188397792191,0.664151637578206,0.999550560551813
"Snx6",42.4083115606893,-0.165328108535121,0.380505296080424,-0.434496208694495,0.663928147355497,0.999550560551813
"Psmd14",35.6087117589174,-0.170821357128506,0.392999120705252,-0.434660914309326,0.663808572914906,0.999550560551813
"Entpd7",9.50955963710423,-0.274410493412885,0.630621308676782,-0.435143071820192,0.663458581153834,0.999550560551813
"Zcrb1",66.0232370430986,-0.145304296102424,0.333892311378026,-0.435183114887344,0.663429517722112,0.999550560551813
"Rabggtb",34.9323360894003,-0.16657201098914,0.382681881322814,-0.435275405287941,0.663362534878135,0.999550560551813
"Pum1",68.5617354670335,-0.13421774150021,0.30831970537234,-0.435320023863291,0.663330152420113,0.999550560551813
"Trak1",15.992814960169,-0.21307862805574,0.489262568688106,-0.435509768562683,0.663192449988905,0.999550560551813
"Nsmce4a",34.0846665624264,-0.16999815061268,0.390076105870752,-0.435807648954041,0.662976293760962,0.999550560551813
"Rnpc3",11.4617013439001,-0.27075910923961,0.621247109092276,-0.435831580182682,0.662958929336835,0.999550560551813
"Fbxo17",9.86224779668082,-0.253550799526286,0.581630110594438,-0.43593135036828,0.662886538355943,0.999550560551813
"Eif4e2",53.5923711089684,-0.153540697429343,0.352058390986782,-0.436122817578599,0.662747622915537,0.999550560551813
"Csrp2",170.283783544578,-0.18934469537298,0.43414928717821,-0.436128080743013,0.662743804489181,0.999550560551813
"Tfg",45.8588900961567,-0.155902700371597,0.357407389355842,-0.436204468666922,0.662688386028849,0.999550560551813
"Rpp30",10.297491470028,-0.275226259283845,0.630564828130013,-0.436475754761092,0.662491586368177,0.999550560551813
"Samd4",22.4482193887326,-0.197834879967716,0.452953305906966,-0.436766610129014,0.662280616410599,0.999550560551813
"Fam13b",13.4090440311464,-0.226246151486014,0.517843358942597,-0.43690074919179,0.66218332858504,0.999550560551813
"Gm16286",50.6903377891982,-0.146517208008732,0.335148552865172,-0.437170940337239,0.661987382776351,0.999550560551813
"Eif3g",50.2514470147699,-0.150512468087478,0.343479613095707,-0.438199131328178,0.661241938239596,0.999550560551813
"Ccser2",29.3206056340886,-0.198399712034041,0.452388149568163,-0.438560807181682,0.66097980091068,0.999550560551813
"Spag7",27.2943337871067,-0.176144614282944,0.401571459308965,-0.438638280185694,0.660923655024839,0.999550560551813
"Thumpd3",9.65712316219668,-0.266045626666026,0.606019561066949,-0.439005015279754,0.660657902319698,0.999550560551813
"Nek6",15.4695490651332,-0.216683546278634,0.493331580488681,-0.439224965213037,0.66049853725053,0.999550560551813
"Fkbp2",92.1206640978317,-0.1247188639772,0.283951442387497,-0.43922602726913,0.660497767773465,0.999550560551813
"Acat2",9.52760935481172,-0.275184658321676,0.626001780580924,-0.439590855582402,0.660233464918905,0.999550560551813
"Srp14",97.6223553936703,-0.125132120017936,0.284493558012862,-0.439841664225938,0.660051789129316,0.999550560551813
"Gmps",27.512461435753,-0.198648900338189,0.451494427505683,-0.439980846354276,0.659950979786127,0.999550560551813
"Lsm8",29.8589447689415,-0.173977614974549,0.395370063277745,-0.440037400738485,0.659910019320012,0.999550560551813
"Ythdc2",13.6319243194949,-0.226259156536233,0.513860934481645,-0.440312040385929,0.659711121421957,0.999550560551813
"Pfdn1",52.6286671997046,-0.153639092779274,0.348770986874412,-0.440515692420818,0.659563649280681,0.999550560551813
"Reps1",13.6049133874789,-0.230216012024435,0.522469634457561,-0.440630415322509,0.659480579913391,0.999550560551813
"Mfhas1",12.2819050951715,-0.242722075009493,0.550515338100459,-0.440899750126854,0.659285574572503,0.999550560551813
"Atg12",21.449125045363,-0.210824840363012,0.477606291847329,-0.441419729936062,0.658909161302349,0.999550560551813
"Ddx39b",86.5782144706411,-0.131903905801782,0.29851345574304,-0.441869213143025,0.658583850117913,0.999550560551813
"Med6",12.1971561496723,-0.250248520520985,0.566262771492931,-0.441930024573599,0.658539843114716,0.999550560551813
"Olfml3",228.948649235587,-0.144460792981046,0.326714926738465,-0.442161594583912,0.658372275214283,0.999550560551813
"Ensa",40.2326109617242,-0.156633662330262,0.354185288907789,-0.442236499469749,0.658318076468458,0.999550560551813
"Tmem33",33.2227609570138,-0.169735507701521,0.38306027898356,-0.443103910830719,0.657690576578319,0.999550560551813
"Ift80",11.3626852121206,-0.259100127448916,0.584445728301268,-0.443326240405603,0.657529778453257,0.999550560551813
"Rarg",29.3980151621018,-0.173732566893314,0.391791225535181,-0.443431489962538,0.657453663061543,0.999550560551813
"Son",226.345894778717,-0.118620585225348,0.267412051847458,-0.443587281896381,0.657341002466138,0.999550560551813
"Yaf2",27.3382167265048,-0.180562476029111,0.406474695820558,-0.444215784858652,0.656886581007808,0.999550560551813
"Khsrp",29.6426870287568,-0.181653336911625,0.407994912618424,-0.445234318599252,0.656150428146089,0.999550560551813
"Sh3glb2",16.0753724814173,-0.228222584409541,0.512560718344633,-0.445259607772148,0.656132154451463,0.999550560551813
"Ubl5",173.07491166767,-0.126533899455858,0.284158388686049,-0.445293556318896,0.656107623906419,0.999550560551813
"Cherp",17.263595926246,-0.213330381489117,0.478890212505683,-0.445468242862838,0.655981404746071,0.999550560551813
"Mbnl2",145.242654499878,-0.118366819874052,0.265658300186089,-0.445560405193958,0.655914817128926,0.999550560551813
"Phlpp2",8.89224411042585,-0.269562092255317,0.604854106812238,-0.445664647423806,0.655839505036698,0.999550560551813
"B4galt2",12.5397826719372,-0.234677874954728,0.526440607591261,-0.44578224318314,0.655754549593041,0.999550560551813
"Ociad1",44.3412509648533,-0.166434058894312,0.373260814079926,-0.445892128549752,0.655675168441853,0.999550560551813
"Slc4a7",24.9959263004752,-0.205756967116701,0.461188810219492,-0.44614475147126,0.655492688480001,0.999550560551813
"Ier3ip1",110.672298850853,-0.130553308259813,0.292562256301066,-0.446241117738254,0.655423084566618,0.999550560551813
"Chid1",17.4504093281465,-0.212806612752825,0.476503753395032,-0.446600076571494,0.655163840313495,0.999550560551813
"Uvrag",18.9835932218586,-0.20343976850206,0.455264003704884,-0.446861089052708,0.65497536015051,0.999550560551813
"Tsc22d1",103.940173705007,-0.140947493216112,0.315363726578236,-0.446936287649258,0.654921062443589,0.999550560551813
"Zfp644",49.0701867813731,-0.15709507098662,0.351127816958438,-0.447401383198342,0.654585277292944,0.999550560551813
"Cbr3",28.593123761134,-0.18799702555288,0.419578573781762,-0.448061548659211,0.654108777445977,0.999550560551813
"Dnajc24",12.4088259078783,-0.246054587244915,0.548958592072315,-0.448220668732155,0.653993947475944,0.999550560551813
"Ahcyl2",17.0060684900966,-0.218089372533602,0.486299812842943,-0.44846690616358,0.653816264876692,0.999550560551813
"Usp46",11.5526303403483,-0.242806026420147,0.541308581379586,-0.448553809735158,0.653753560765935,0.999550560551813
"Trappc13",19.15077326182,-0.201094289430385,0.447750431313447,-0.449121375138574,0.653344101659766,0.999550560551813
"Hnrnpdl",144.873334151424,-0.138001224372665,0.306930826267313,-0.449616697191818,0.652986846400765,0.999550560551813
"Atox1",166.65960016299,-0.124403409379076,0.276241457887002,-0.450343009085781,0.652463131620168,0.999550560551813
"Sap18",112.556149231252,-0.162371039167617,0.36051969825926,-0.450380492249417,0.65243610863905,0.999550560551813
"Phf5a",45.2655236389232,-0.152826576789628,0.339249880389656,-0.450483804486813,0.652361629436902,0.999550560551813
"B230354K17Rik",9.40689864828623,-0.277634409671064,0.616101960271727,-0.450630622159707,0.652255792535631,0.999550560551813
"Axin1",16.4005607487994,-0.241815932472148,0.535875360715931,-0.451254060550724,0.651806450627699,0.999550560551813
"Tmem38b",17.1051408551187,-0.254929173789118,0.564139667917115,-0.451890175938795,0.65134810207828,0.999550560551813
"Nap1l1",131.472966494243,-0.125379579749393,0.277434719612035,-0.45192461824794,0.65132328866847,0.999550560551813
"Hist1h1c",28.351330858049,-0.183912763769232,0.40655455786467,-0.452369209031107,0.651003025039951,0.999550560551813
"Dmxl2",6.85668013434453,-0.360168196479102,0.79571660308575,-0.452633758152572,0.650812486059164,0.999550560551813
"Sdhc",35.7145181028275,-0.176904985626964,0.390762796692984,-0.452717062944853,0.650752491299986,0.999550560551813
"Ndufv2",66.1011034005188,-0.139456245254671,0.308020346285329,-0.4527501086746,0.650728692928591,0.999550560551813
"Bsdc1",17.3240272470888,-0.210403545192827,0.464624285587209,-0.452846636991674,0.650659178671446,0.999550560551813
"Pkia",7.93372329444042,-0.295666188659625,0.652594660616842,-0.453062531005321,0.650503714961485,0.999550560551813
"Hmgcr",24.8093023519119,-0.191783006302666,0.423026948278565,-0.453358839390951,0.650290370203952,0.999550560551813
"Tatdn1",11.8642221793533,-0.259281875167147,0.571219883510086,-0.453909050878774,0.649894288906461,0.999550560551813
"Fgfr1op2",44.7982912858206,-0.155295602073262,0.341855677084151,-0.454272409333235,0.649632771911342,0.999550560551813
"Abraxas2",11.6677955203069,-0.247472504178686,0.544638219353531,-0.454379614549321,0.649555622226841,0.999550560551813
"Rc3h1",59.1622656749968,-0.16903445953177,0.371858583002542,-0.454566513342021,0.649421130455424,0.999550560551813
"Ywhae",184.824383661076,-0.119113996070493,0.261923627548221,-0.454766136165258,0.649277495131481,0.999550560551813
"Dcun1d5",65.6674595395486,-0.140906659187446,0.30974710279058,-0.45490872365871,0.649174906625059,0.999550560551813
"Sh3glb1",170.242116384346,-0.125773073566431,0.275997943097489,-0.455702938054161,0.648603608964389,0.999550560551813
"Rtca",10.6027912315515,-0.266403414422354,0.584065172599605,-0.45611932866434,0.648304171694143,0.999550560551813
"Exoc3",17.2884229501412,-0.211899938243394,0.464539837570543,-0.456150196615196,0.648281976014861,0.999550560551813
"Lsm12",50.5056902106107,-0.153350317357287,0.335985948831986,-0.456418840997341,0.648088819779813,0.999550560551813
"Nme1",112.779499503349,-0.167037974855396,0.365272817413096,-0.457296483319996,0.647457957050962,0.999550560551813
"Zfp592",13.9878004386414,-0.23899157524872,0.522562521673106,-0.45734541865638,0.647422789029724,0.999550560551813
"Slc41a2",11.4370479788811,-0.251280661507105,0.54907603282071,-0.457642742510955,0.647209130263562,0.999550560551813
"Wbp2",25.1175798045607,-0.189011673310657,0.413007855311678,-0.457646678821687,0.6472063018012,0.999550560551813
"Bet1",39.6963811552157,-0.16136672245941,0.352538842879179,-0.45772749788798,0.647148229847751,0.999550560551813
"Slfn2",5.95269812466992,-0.376113598174355,0.819743171063035,-0.458818824543076,0.646364275481053,0.999550560551813
"Igf2r",39.8619842955866,-0.172960343467128,0.376327904438361,-0.459600102536264,0.645803285529736,0.999550560551813
"Emilin1",44.8792808678421,-0.213981779645297,0.464981610426967,-0.460194069715594,0.64537692724574,0.999550560551813
"Pi4ka",15.8714925031797,-0.270640266596989,0.587956617110958,-0.460306523850066,0.64529621914719,0.999550560551813
"Sumo1",134.082444753094,-0.130189906667271,0.282826303873766,-0.460317533709235,0.645288317618665,0.999550560551813
"Haus3",12.8507611314551,-0.247434220727042,0.536993881245194,-0.460776610998407,0.644958883819948,0.999550560551813
"Nudcd3",33.6095980640881,-0.175962818808142,0.380486609600358,-0.462467835577613,0.643745862889801,0.999550560551813
"Tpd52",12.1466315709975,-0.255222541345178,0.55171832245614,-0.462595732200769,0.643654168323046,0.999550560551813
"Rhobtb3",35.6761439316128,-0.19116519155797,0.41316702284457,-0.462682598049177,0.643591893569426,0.999550560551813
"Atp5g2",265.690287683698,-0.125711044200535,0.271190987975631,-0.463551702580292,0.64296896411184,0.999550560551813
"Sirt2",48.2872178079292,-0.155200003593852,0.33479122339313,-0.463572497572936,0.642954062402064,0.999550560551813
"Dnmt3a",23.1950403888725,-0.233446781829214,0.503529527012654,-0.463620839107906,0.642919421371283,0.999550560551813
"Fam204a",23.2699873633353,-0.204712222562768,0.441441753910677,-0.463735522861731,0.642837243316523,0.999550560551813
"Cyb561d2",15.5374004948765,-0.23140165409331,0.498918682914358,-0.46380635165156,0.642786492258771,0.999550560551813
"Cox5a",111.375200983473,-0.144159573224289,0.30988495846849,-0.465203519192262,0.641785718791743,0.999550560551813
"Elp2",10.1453716302253,-0.296104751378836,0.636408829474863,-0.465274423711514,0.641734948104278,0.999550560551813
"Akt2",49.7825617176246,-0.155593413566516,0.334398254251486,-0.465293737596791,0.641721118821407,0.999550560551813
"Hs6st1",20.1639969730803,-0.210883580635076,0.452194895519851,-0.466355508928601,0.64096105213027,0.999550560551813
"Rbms3",85.0123208239054,-0.150700263066016,0.322945782305774,-0.466642610998178,0.640755595338284,0.999550560551813
"Jmy",23.6431689396218,-0.191517605837589,0.410414608361857,-0.46664422253881,0.640754442160705,0.999550560551813
"Mir155hg",9.90287655100257,-0.310659059473545,0.665464464460948,-0.46683042606218,0.64062120548432,0.999550560551813
"Vps4a",21.8157890576763,-0.230155897490423,0.492972334623678,-0.466873861524334,0.64059012719779,0.999550560551813
"Wdfy1",14.1808132779418,-0.268423836062245,0.574717426774919,-0.467053587653555,0.640461538968993,0.999550560551813
"Hpf1",24.9042834409479,-0.207932566385542,0.445153188323725,-0.467103396852073,0.640425904009491,0.999550560551813
"Brwd1",35.3201404919474,-0.194973972070253,0.417340652106749,-0.467181835955875,0.640369788058072,0.999550560551813
"Rab14",107.842214461406,-0.142643994528053,0.305222944614902,-0.467343615690577,0.640254056058832,0.999550560551813
"Srsf9",76.3506691350517,-0.162108635358683,0.346864947381264,-0.467353754199031,0.640246803588526,0.999550560551813
"Ptk2",23.1133911287477,-0.200356332707949,0.428484729797181,-0.467592702318204,0.640075884634736,0.999550560551813
"Fam174b",16.7648745662451,-0.241140002199346,0.515295857713719,-0.46796417745185,0.639810207382305,0.999550560551813
"Prickle2",10.7895877863817,-0.261293095032116,0.558350386775579,-0.467973339359644,0.639803655412754,0.999550560551813
"Rbm33",30.5807161057227,-0.187105587961937,0.3997016464893,-0.468113127892621,0.639703691703326,0.999550560551813
"Itga9",18.4275237975146,-0.239140644630884,0.510601457684354,-0.468350885082505,0.639533684980569,0.999550560551813
"Ywhag",62.359017163531,-0.16784026012193,0.358298876774403,-0.468436467434443,0.639472494512793,0.999550560551813
"Pikfyve",19.5747285388814,-0.205866446525629,0.439188228927827,-0.46874308773758,0.639253284410966,0.999550560551813
"Slc25a3",288.870971332208,-0.122669265582668,0.261116993422265,-0.469786603985187,0.638507486131417,0.999550560551813
"Eln",499.463831088981,-0.254057272915026,0.540598125714084,-0.46995588928363,0.638386532821791,0.999550560551813
"Nudt21",44.3409350847298,-0.168128027183211,0.357729599538999,-0.469986345552271,0.638364773025476,0.999550560551813
"Qk",123.315911768512,-0.136672866193746,0.290350603281775,-0.470716659958546,0.637843085657299,0.999550560551813
"Gemin7",29.2390310218017,-0.184739185190344,0.392462683574417,-0.470717836171842,0.6378422455944,0.999550560551813
"Ppp1r14b",211.727533263605,-0.17422370859933,0.369893248450953,-0.471010783054158,0.637633034586653,0.999550560551813
"Zcchc2",9.09256302461637,-0.289090553492526,0.613501235267792,-0.471214297337704,0.637487709773906,0.999550560551813
"Chfr",14.9395975953829,-0.249825783873495,0.529540384022354,-0.471778529856089,0.637084877357127,0.999550560551813
"Igf2bp2",28.092342472982,-0.189241430942644,0.400944947386125,-0.471988566451238,0.636934949626441,0.999550560551813
"Eea1",38.4959564277727,-0.171844944275914,0.363777006714598,-0.472390890858959,0.636647805055695,0.999550560551813
"Eif3h",178.105340527902,-0.129302062331089,0.273544107591532,-0.472691820962812,0.636433062691702,0.999550560551813
"Xaf1",27.4859591801538,-0.196417098056996,0.415525506488842,-0.472695646812887,0.636430332778953,0.999550560551813
"Nom1",16.0546599978395,-0.226719774502583,0.479519452937755,-0.472806208619054,0.636351444187408,0.999550560551813
"Igbp1",26.4066955949329,-0.202481418615089,0.427781410536496,-0.473329166784385,0.635978356458178,0.999550560551813
"Ik",26.4076591150362,-0.193153129022757,0.407788666010266,-0.473659876113119,0.635742470150566,0.999550560551813
"Fam133b",43.0661423865003,-0.165437026459794,0.349190663684565,-0.473772765612195,0.635661957483524,0.999550560551813
"Pls3",58.6324786215907,-0.165877677392267,0.349883050484454,-0.474094635800706,0.635432423661644,0.999550560551813
"Fkbp1a",193.432412013046,-0.145577494733707,0.306123570575272,-0.475551407100522,0.634394001222153,0.999550560551813
"Bri3bp",12.7316907247554,-0.250682961135397,0.527030096887459,-0.475652078725454,0.634322266555983,0.999550560551813
"Mbd5",10.4832289955052,-0.290560022567768,0.609765881384044,-0.476510791171615,0.633710521286821,0.999550560551813
"Terf2ip",11.3244753712492,-0.258639283292411,0.542575604474005,-0.476688006537165,0.633584304507391,0.999550560551813
"Spry4",9.98053116501722,-0.295569803078549,0.619801591008688,-0.476878096743068,0.63344892982835,0.999550560551813
"Abca6",16.1657647682742,-0.320665843746964,0.67218083821006,-0.477052938017186,0.633324425665575,0.999550560551813
"Rubcn",8.10854687364909,-0.321106928595179,0.672035741407466,-0.477812278142639,0.63278382142321,0.999550560551813
"Immp1l",36.9487544698805,-0.174884716811143,0.365699930894935,-0.478219168330624,0.632494220900095,0.999550560551813
"Mrpl24",52.1959201453255,-0.164066317745754,0.343047810388948,-0.478260792744125,0.632464598265068,0.999550560551813
"Cdh11",90.7330066344531,-0.168643383286259,0.352610300046897,-0.478271290611278,0.632457127394365,0.999550560551813
"Prkci",16.6721692756797,-0.225953872410323,0.472283110588393,-0.478428864688426,0.632344993355988,0.999550560551813
"Mak16",14.5367775828757,-0.23907664589629,0.498875082144157,-0.479231483899221,0.631773958728155,0.999550560551813
"Rab31",24.8429108437658,-0.201658853483729,0.420751106729818,-0.479283001894093,0.63173731302958,0.999550560551813
"Dpysl3",67.8782506458337,-0.160286491551655,0.334295172793869,-0.479475938022264,0.631600082048412,0.999550560551813
"Mast2",12.8538162932822,-0.274587744286377,0.572525251876257,-0.479608093069274,0.631506090562168,0.999550560551813
"Smim8",15.7300590227495,-0.230643053516239,0.480229652748695,-0.480276576417356,0.631030742262617,0.999550560551813
"Noc2l",13.349023098504,-0.247734439476087,0.515797046122147,-0.480294412964553,0.631018061055604,0.999550560551813
"Commd9",12.4214632704463,-0.275261685262404,0.572340282351635,-0.480940611294049,0.630558708272374,0.999550560551813
"Hdgfl2",19.6886582077468,-0.212250831790845,0.441232847522474,-0.481040414335957,0.630487775584218,0.999550560551813
"Usp42",10.3987520409957,-0.315484428350553,0.654780270099237,-0.481817248865392,0.629935774983271,0.999550560551813
"Zfp950",22.9005781697428,-0.220853222352774,0.458318430354585,-0.48187724456533,0.629893152019887,0.999550560551813
"Zfp523",9.35754540898022,-0.289461138792556,0.600648776905569,-0.481914140046711,0.62986694084071,0.999550560551813
"Armcx3",51.3643824920801,-0.161271847406591,0.334205137517748,-0.482553465827635,0.629412826931598,0.999550560551813
"Coro1b",26.0349186880172,-0.19478645830072,0.403459223728151,-0.482790941054221,0.62924418364964,0.999550560551813
"Tbc1d9b",18.0549859857349,-0.2314833865365,0.479417724480787,-0.482842779305246,0.629207373231728,0.999550560551813
"Fnta",33.2647022051245,-0.204898855822888,0.424178733182685,-0.483048393976514,0.62906137502842,0.999550560551813
"Snx7",29.0455837315709,-0.191435944260938,0.394622186511921,-0.485111964821458,0.627596925236166,0.999550560551813
"Aebp2",41.2511969220961,-0.185605845658281,0.382494303283061,-0.485251267967055,0.627498119021102,0.999550560551813
"Dnaja1",570.5946655386,-0.122657868777558,0.252130237213789,-0.486486151494603,0.626622521677181,0.999550560551813
"Ola1",47.0363754590304,-0.191888508267376,0.393913746579068,-0.487133312644774,0.626163860338818,0.999550560551813
"A430005L14Rik",16.90862757781,-0.243775352344123,0.500331091023295,-0.48722807100703,0.626096714548527,0.999550560551813
"Hist3h2a",14.9417297245553,-0.242234407854935,0.496243390882393,-0.48813629018657,0.625453307607264,0.999550560551813
"Bace2",14.0803793024205,-0.258296034000997,0.528583986925087,-0.488656562419859,0.625084861185972,0.999550560551813
"Nrep",45.9942574632665,-0.231547926230306,0.473555356951957,-0.48895640780133,0.624872559204663,0.999550560551813
"Rwdd4a",12.9567668916491,-0.250841713564744,0.512818730642966,-0.489143041343755,0.624740431243242,0.999550560551813
"Tomm20",144.502209382679,-0.136145421129746,0.278317562775614,-0.489172942490553,0.624719263727909,0.999550560551813
"Nae1",22.9784413745118,-0.212031414954134,0.432948754106317,-0.489737903026894,0.624319377045365,0.999550560551813
"Tmem110",15.4958278903855,-0.238749929829975,0.487329677560563,-0.489914611860068,0.624194322859178,0.999550560551813
"Snf8",44.1551872396087,-0.179844594840404,0.367010164217354,-0.490026196478567,0.624115361677396,0.999550560551813
"Eif2ak3",18.8530331515812,-0.22143315957808,0.451277104343908,-0.490681130167266,0.623651994736982,0.999550560551813
"Cct4",102.225135366492,-0.149571421821534,0.304714403129867,-0.490857735260344,0.623527071748448,0.999550560551813
"Ttc1",14.2184806556916,-0.26757108438269,0.544712210840457,-0.491215506202523,0.623274032877468,0.999550560551813
"Ppp1r15b",60.3802207310519,-0.169547596537214,0.344903476834156,-0.491579841680575,0.623016396837186,0.999550560551813
"Srp68",17.0779143825706,-0.256738284812115,0.521999337494333,-0.491836418882241,0.622834988625861,0.999550560551813
"Naa35",23.2746743563523,-0.205822257760277,0.418314785001814,-0.492027212854512,0.622700106081613,0.999550560551813
"Supt20",19.7929594963906,-0.218908580301631,0.444731448820884,-0.492226445604473,0.622559271224593,0.999550560551813
"Psmd2",54.5209676082493,-0.158069768055413,0.321120172870178,-0.492244902095633,0.622546225286853,0.999550560551813
"Zfp362",9.84499841631397,-0.288905202456574,0.586681620399958,-0.492439497694882,0.622408682949131,0.999550560551813
"Pnrc2",28.3256924056802,-0.201968694980506,0.409861613164774,-0.492772898200911,0.622173062392831,0.999550560551813
"Gsr",20.6262039240019,-0.254324372931523,0.515460759967845,-0.493392305841841,0.621735417859767,0.999550560551813
"Mplkip",27.7612464730209,-0.211285327408377,0.428219322940383,-0.493404468433555,0.621726825678358,0.999550560551813
"Slc30a1",10.9849092365945,-0.302446909716988,0.612757284881041,-0.493583539811696,0.621600327871969,0.999550560551813
"Mfn1",11.0767736584733,-0.274778147043945,0.55668009270922,-0.493601532806158,0.621587618059418,0.999550560551813
"Lmna",579.963074819749,-0.164577336209314,0.333384201273215,-0.493656674733784,0.621548667849374,0.999550560551813
"Col27a1",36.8874918195358,-0.228934317545776,0.463118825392792,-0.494331702779749,0.621071939064827,0.999550560551813
"Malat1",17686.4578295742,-0.121214276494673,0.24512505772269,-0.494499736668303,0.62095329228159,0.999550560551813
"Brd7",26.7539156986442,-0.204781853614611,0.413839165215963,-0.494834396613342,0.620717022140209,0.999550560551813
"Abca9",14.6507633285142,-0.246346054391044,0.497597658796083,-0.495070766584931,0.620550168358493,0.999550560551813
"Tlk1",20.2432887342695,-0.217894113296159,0.440107707384504,-0.495092700355265,0.620534686279524,0.999550560551813
"Ak6",24.7206100951421,-0.2071914662085,0.41816403479246,-0.495478924464014,0.620262095302704,0.999550560551813
"Kti12",11.4695734736232,-0.269090716851001,0.541728113957184,-0.496726512651084,0.619381923462868,0.999550560551813
"Polr3d",20.5172491800121,-0.218424756962244,0.439522597516178,-0.496959105621876,0.619217889700189,0.999550560551813
"Prpf18",17.2395438753184,-0.252391213263663,0.507066055094465,-0.497748194200543,0.618661534531542,0.999550560551813
"Rab7",103.678075611894,-0.140928766489791,0.28313188177127,-0.497749549108147,0.618660579427557,0.999550560551813
"Cyb5r1",10.1841486711031,-0.303623261028843,0.609538551422566,-0.498119865134427,0.618399559717236,0.999550560551813
"Igsf10",57.3054147307511,-0.20941224770895,0.420086028534056,-0.498498482417331,0.618132738585911,0.999550560551813
"Qser1",13.7503098954179,-0.284202617567083,0.569455525255474,-0.49907781198467,0.617724567936415,0.999550560551813
"Wapl",40.7697249448691,-0.194951934420624,0.390397934753029,-0.499367227810653,0.617520702208479,0.999550560551813
"B3gat3",26.6546860994645,-0.205884821934732,0.412163687594323,-0.499521981512782,0.617411705135919,0.999550560551813
"Ndufb9",157.506161262899,-0.14652901707123,0.293153458864013,-0.499837244421536,0.617189683306419,0.999550560551813
"Kcne4",17.6818611807231,-0.39319091064884,0.786550417508316,-0.499892825553911,0.617150544286607,0.999550560551813
"Id2",74.9346309019014,-0.19224843167067,0.384310799329531,-0.500242074919744,0.616904635397341,0.999550560551813
"Hip1",15.4036116038958,-0.255431469895689,0.510582651399322,-0.50027447896172,0.61688182166517,0.999550560551813
"Wtap",31.0809016111896,-0.19725282317815,0.394280289158354,-0.500285782987563,0.616873863269152,0.999550560551813
"Immt",36.2073108688376,-0.181456965371751,0.362321234361293,-0.500817915603614,0.616499275814988,0.999550560551813
"Stoml2",32.3274161527375,-0.189567209869992,0.378227725304055,-0.501198609164889,0.616231353048634,0.999550560551813
"Cklf",10.2867342892612,-0.28828606732639,0.57518733653601,-0.501203780080687,0.616227714237057,0.999550560551813
"Ndufs8",46.3449552787828,-0.185180966001043,0.368982555142598,-0.501869162701954,0.615759558288886,0.999550560551813
"Cramp1l",12.0313757097681,-0.298958151678915,0.595534677086204,-0.501999569767523,0.615667823615569,0.999550560551813
"Irak1",38.2508268921603,-0.18381137537727,0.366059075911273,-0.502135823076336,0.615571982825401,0.999550560551813
"Socs5",10.2293183217215,-0.30586149738171,0.609054310525653,-0.50219084258304,0.615533283876846,0.999550560551813
"Tmx3",38.8578100265261,-0.186372449299031,0.370916511939028,-0.502464687605139,0.61534068601711,0.999550560551813
"Pxylp1",9.38944067716504,-0.318017498306278,0.63277987153879,-0.502572083294819,0.615265160820458,0.999550560551813
"Utrn",38.1469881004528,-0.195146697350653,0.388212689076907,-0.502679852672185,0.615189376928394,0.999550560551813
"Nrbp2",15.822233676617,-0.254210318389062,0.505663620857562,-0.502726136315567,0.61515683133041,0.999550560551813
"Churc1",56.3873771332042,-0.159973888398289,0.318120649961533,-0.502871751386253,0.615054443086997,0.999550560551813
"Prpf19",24.7298044467848,-0.211892697730256,0.421325039306427,-0.50291978392518,0.615020670979282,0.999550560551813
"Csnk1e",45.7830076451891,-0.198914771755562,0.395045035551903,-0.503524291800466,0.614595705846933,0.999550560551813
"Gipc1",14.4251589717392,-0.264403011401511,0.525054109841019,-0.503572882196027,0.614561552726822,0.999550560551813
"Uckl1",8.89980936117823,-0.322653577929887,0.640064812999672,-0.504095165640752,0.614194503961371,0.999550560551813
"Nfic",93.1851485250627,-0.171187580515912,0.339371424210228,-0.504425441577154,0.613962443512537,0.999550560551813
"Dazap1",45.3495516765943,-0.168424064017457,0.333875502753155,-0.504451697200374,0.613943997288391,0.999550560551813
"Atr",8.03827256001095,-0.356318569541551,0.705844430993976,-0.504811760064155,0.613691055167752,0.999550560551813
"Creld1",13.2913929407422,-0.259573100803416,0.513776519652832,-0.50522569808915,0.613400322857369,0.999550560551813
"Ctdspl2",20.6252671969283,-0.229054678942398,0.453216988899428,-0.505397380399671,0.613279758402189,0.999550560551813
"Unc119b",16.9342814485924,-0.236041200955839,0.466948435015255,-0.505497359570608,0.613209552527062,0.999550560551813
"Sept7",150.556368701134,-0.134857032726965,0.2666630429565,-0.505720744921388,0.613052703034495,0.999550560551813
"Btg3",27.01628054175,-0.205931858619889,0.407074188867018,-0.505882869147378,0.612938878990644,0.999550560551813
"Lgals7",14.9675067745015,-0.327526434336872,0.647218810022682,-0.506052094384268,0.612820079432166,0.999550560551813
"Zrsr2",36.9368388726751,-0.191308381845615,0.377505920895503,-0.506769222034455,0.612316754166499,0.999550560551813
"Ube2z",26.3397579577194,-0.219104064713226,0.432007908712894,-0.507176050008009,0.612031298012223,0.999550560551813
"Gpn3",14.3765562074879,-0.251732738930382,0.496119107806765,-0.507403837040743,0.611871493986091,0.999550560551813
"Tax1bp3",54.3066457968515,-0.166109620380113,0.327180772036715,-0.507699824002716,0.611663871881953,0.999550560551813
"Brap",17.4705260946935,-0.241711101577622,0.475971083861699,-0.507827281473794,0.611574475565093,0.999550560551813
"March6",17.8470079868699,-0.238676069110302,0.469852532002027,-0.507980808559891,0.611466802184047,0.999550560551813
"Epn1",36.2537987733383,-0.183443742867096,0.360821788495395,-0.508405392124585,0.611169072084779,0.999550560551813
"Eef1akmt1",17.3181219174293,-0.24580267786398,0.483412575728161,-0.508473900360844,0.61112103817642,0.999550560551813
"Cacng7",13.7639442374137,-0.269990052116359,0.530681059327251,-0.508761425287399,0.610919461015866,0.999550560551813
"Wdr33",18.7042068830271,-0.241114024624539,0.473899738956941,-0.508786996074811,0.610901535348231,0.999550560551813
"Tardbp",62.1636689962279,-0.167834177738596,0.329048758720377,-0.510058686716458,0.610010347450034,0.999550560551813
"Mdh2",103.299515296262,-0.159769077822928,0.313170536430657,-0.510166376581547,0.609934906010039,0.999550560551813
"Papd4",17.4559126432701,-0.23736515795579,0.465114896301874,-0.510336606810658,0.609815660775886,0.999550560551813
"Sesn2",9.50700395546643,-0.332646555239144,0.651759301145509,-0.510382521054162,0.60978349990287,0.999550560551813
"Cox6c",583.568689748544,-0.147336499129833,0.288287564404118,-0.511074764651654,0.609298705605201,0.999550560551813
"Ssr1",126.839623373584,-0.150556288299156,0.294515189894956,-0.511200418398979,0.609210725746033,0.999550560551813
"Arid4a",31.8125787158761,-0.197802268274777,0.38673702182847,-0.511464527858181,0.609025820810398,0.999550560551813
"Atp5f1",188.319498126494,-0.146296196462875,0.286006255375782,-0.511513974652956,0.608991205528473,0.999550560551813
"Chtop",51.2530865057083,-0.181172087916879,0.354022199561608,-0.511753466706966,0.608823561248677,0.999550560551813
"Fbxl7",21.4400036151564,-0.237915882334347,0.464382992557453,-0.512326864134484,0.608422266922398,0.999550560551813
"Ppp1r7",12.6966874145189,-0.275753251738796,0.537919123317418,-0.512629575312715,0.608210460908826,0.999550560551813
"Pgd",23.9917140418566,-0.210693690033592,0.410694583867332,-0.513017941579802,0.607938770444144,0.999550560551813
"Gcc1",8.19520524079582,-0.325224383694285,0.63367947815517,-0.513231680850878,0.607789267359936,0.999550560551813
"Adipor2",20.9882218530986,-0.225573933899097,0.439373619692332,-0.513398901957411,0.60767231352541,0.999550560551813
"Pex11b",8.99966918691526,-0.313035809337214,0.609612797313039,-0.513499406044242,0.607602026162596,0.999550560551813
"D8Ertd738e",129.939697767761,-0.142160208330571,0.276604009362005,-0.513948473337271,0.607288016032233,0.999550560551813
"Metap2",76.1709754123842,-0.159258065273866,0.309795054776457,-0.514075556786352,0.607199166132944,0.999550560551813
"Mex3b",29.3400177290143,-0.244173234703963,0.474672736717972,-0.514403326368075,0.606970034098002,0.999550560551813
"Hmgn3",65.1557353657523,-0.161125875017041,0.313164559918399,-0.514508650209416,0.60689641415365,0.999550560551813
"Ddx49",13.2932936102707,-0.274396546193915,0.533105572886936,-0.514713332873206,0.606753355142856,0.999550560551813
"Grb2",41.7592088219142,-0.184503447365652,0.358130540137545,-0.51518490239562,0.60642381806201,0.999550560551813
"Chst2",8.72779039303978,-0.427662293026892,0.829998154899479,-0.51525692015386,0.606373498440821,0.999550560551813
"Wwp1",16.4630889371491,-0.248187023949301,0.481425095999988,-0.515525729778963,0.606185694612456,0.999550560551813
"Lrrcc1",10.0954888993949,-0.300867908092003,0.583230230201781,-0.515864734905649,0.605948885806947,0.999550560551813
"Sf3b5",75.8586018071034,-0.159429044962369,0.308727520867902,-0.516406974390163,0.60557019567179,0.999550560551813
"Dot1l",35.9587515750174,-0.212107521522275,0.410515131423293,-0.516686244394645,0.605375199969851,0.999550560551813
"Sesn3",32.8970175947621,-0.210396488320385,0.405839626050316,-0.518422733551159,0.604163356681104,0.999550560551813
"Sept11",86.9393291182483,-0.152530080986516,0.294120839541404,-0.518596646277572,0.604042048276874,0.999550560551813
"Ankrd11",86.0982947373507,-0.154625784154926,0.298071916479228,-0.518753279347275,0.603932802221991,0.999550560551813
"Trim56",19.215251403163,-0.24428563099879,0.470701396678352,-0.518982167298984,0.60377317689249,0.999550560551813
"Mospd1",11.7166882214873,-0.300615301787646,0.5788464585365,-0.519335131716436,0.603527058413151,0.999550560551813
"Dcaf8",36.7207358224529,-0.199650681888076,0.383967502390934,-0.519967655191826,0.603086119130466,0.999550560551813
"Fcgr2b",12.6511127031055,-0.781116717549021,1.50138694785487,-0.520263426204052,0.602879983551124,0.999550560551813
"Arl6",11.1539257743599,-0.3319534912419,0.637910238524515,-0.520376490601103,0.602801192473746,0.999550560551813
"Six5",8.57453447553382,-0.327462772899271,0.628935678244949,-0.520661785022371,0.602602400233084,0.999550560551813
"Thrap3",51.2557565487367,-0.180849117028571,0.346536124079928,-0.521876665841793,0.601756205884375,0.999550560551813
"Smox",14.5886793150696,-0.268329407601182,0.513736969382988,-0.522308931598699,0.601455251479765,0.999550560551813
"Mbtd1",44.4429648582866,-0.194021452050532,0.370940607521322,-0.523052607658706,0.600937644320918,0.999550560551813
"Elob",343.599953657077,-0.140979021680354,0.269530869537318,-0.523053340503672,0.600937134351574,0.999550560551813
"Pdlim2",36.8844551403656,-0.218162264940917,0.417005028722664,-0.523164590146967,0.600859720643882,0.999550560551813
"Bad",33.5931807077247,-0.207348357232495,0.396082325796516,-0.523498130888623,0.600627651396014,0.999550560551813
"Osbpl11",12.5288112522813,-0.284965085943387,0.544216345763231,-0.523624635977702,0.600539642938058,0.999550560551813
"Pou2f1",10.8926972479295,-0.297769251197554,0.568031753068367,-0.524212334238496,0.600130862983984,0.999550560551813
"Usp22",29.2679224629992,-0.222835480868275,0.425076875145359,-0.524223955471759,0.600122780977295,0.999550560551813
"Limd1",32.2261354214228,-0.212562784932277,0.4054342142213,-0.524284279610041,0.600080829242573,0.999550560551813
"Rpp21",32.5823991548516,-0.195960758906434,0.373548685579713,-0.524592286015733,0.599866650380779,0.999550560551813
"Twist1",299.110447675264,-0.155306294980456,0.295891114503404,-0.524876508174665,0.599669041103641,0.999550560551813
"Ddx27",15.4959430695693,-0.264084798503384,0.502462470670493,-0.5255811407188,0.599179263006135,0.999550560551813
"Nradd",43.7282084632187,-0.20387779318444,0.387601292125015,-0.525998744913064,0.598889079010247,0.999550560551813
"Cebpz",45.8836703718118,-0.187778557039601,0.356416379517216,-0.526851648327602,0.59829661318503,0.999550560551813
"Epb41l3",18.8756581583834,-0.322391418609753,0.611768090347528,-0.526983057299722,0.598205354142553,0.999550560551813
"Zfp281",21.2862311290562,-0.250671063851911,0.475562473639083,-0.527104382172408,0.59812110377334,0.999550560551813
"Ppil3",14.2274146376316,-0.275595409160538,0.522705137167998,-0.527248327142347,0.598021152553476,0.999550560551813
"Mrps12",33.7860218956265,-0.223565440609392,0.423857604286147,-0.527454122206719,0.597878267593691,0.999550560551813
"U2surp",42.2181948249602,-0.182062116478869,0.344493283248541,-0.528492499946704,0.597157551267274,0.999550560551813
"Arl2bp",31.4152014874252,-0.202174720889405,0.382492033679286,-0.528572370369745,0.597102131242349,0.999550560551813
"Nup98",91.5858576768952,-0.180007994505397,0.340406448929636,-0.52880312659002,0.596942028602623,0.999550560551813
"Kras",44.8509310516262,-0.180136384041987,0.340161485365322,-0.529561375381832,0.596416080125392,0.999550560551813
"Tm2d1",33.9262045415213,-0.195846870367418,0.369508861651941,-0.530019414126789,0.596098470356813,0.999550560551813
"Tradd",10.9406108396823,-0.329165855262822,0.62077848123353,-0.530246883894472,0.595940768635626,0.999550560551813
"Arid1a",48.7259371337329,-0.179527000000902,0.338528933492456,-0.530315084589077,0.595893489720093,0.999550560551813
"Sf3b6",71.2170512604679,-0.165615107528947,0.312233921630796,-0.530419970591088,0.595820782706346,0.999550560551813
"Dld",32.5098042598766,-0.206674966527105,0.389469100700139,-0.53065818611944,0.595655666644126,0.999550560551813
"Tmem131l",11.1659273109029,-0.345704553937571,0.650828439137331,-0.531176164329574,0.595296708679358,0.999550560551813
"Taf1",23.5411582209797,-0.221280465872238,0.416549082740663,-0.531223029988051,0.595264235733099,0.999550560551813
"Pgrmc1",111.125180418487,-0.15092829661551,0.283918000282791,-0.531591151195699,0.595009194776115,0.999550560551813
"Ptp4a3",11.7919464611537,-0.294141796631252,0.553311985763416,-0.531602069355896,0.595001631241328,0.999550560551813
"Enah",30.3363017372395,-0.217714877474628,0.409479943787337,-0.531686303023666,0.59494328000347,0.999550560551813
"Trappc6b",55.2531243498731,-0.188144380327006,0.353091994395289,-0.532848048988551,0.59413876973642,0.999550560551813
"Lnpep",45.8337929890082,-0.207067357083174,0.387672840769834,-0.534129129788877,0.593252197207735,0.999550560551813
"Ptdss1",15.3997669082219,-0.272316770483823,0.509754131733574,-0.53421199266738,0.59319487278674,0.999550560551813
"Prr12",10.8645952238504,-0.307366788755706,0.574908265728904,-0.53463623168821,0.592901424596169,0.999550560551813
"Fam96b",37.3779483945381,-0.197054668511993,0.367501734164434,-0.536200649392917,0.591819884757244,0.999550560551813
"Rtl8b",17.6783725974586,-0.265770704225464,0.49526939306613,-0.536618470566335,0.591531182888286,0.999550560551813
"Nbdy",44.6375817614844,-0.198004798857426,0.368892699993558,-0.536754451527189,0.591437238090676,0.999550560551813
"Gm13305",16.553146717225,-0.370099504363626,0.688947689432923,-0.537195363363882,0.591132673692016,0.999550560551813
"Naxd",40.878368355594,-0.201442104245113,0.374407961141191,-0.538028367856068,0.590557464145743,0.999550560551813
"Crebzf",21.0906382666748,-0.241399065348094,0.448289995322584,-0.538488629830756,0.590239752761844,0.999550560551813
"Zscan29",8.47641171421107,-0.422036163709758,0.783301807417973,-0.538791254805005,0.590030898545091,0.999550560551813
"Ndufs1",19.7198030008769,-0.239998698727619,0.445428028262008,-0.538804663155252,0.590021645666588,0.999550560551813
"Sart1",17.9940628355455,-0.248225355647627,0.460170899704205,-0.539419932479835,0.589597130514349,0.999550560551813
"Zscan26",21.7697847142531,-0.260400227146378,0.48231884766388,-0.539892289939801,0.589271315326891,0.999550560551813
"Arhgdib",29.5415142854688,-0.253511421172982,0.469366768757723,-0.540113697959387,0.58911862463234,0.999550560551813
"Mea1",21.1619599397119,-0.269947852884748,0.499515391168692,-0.540419489884313,0.588907769876585,0.999550560551813
"1810013L24Rik",39.6249078257316,-0.196079832071911,0.362697683755566,-0.540615065532252,0.588772931556321,0.999550560551813
"Eif4a1",385.527650974945,-0.153109265028746,0.282827483679542,-0.541352145261194,0.588264885011314,0.999550560551813
"Stx18",18.2347917669772,-0.244051191812106,0.450664848011398,-0.541535894998256,0.588138263483645,0.999550560551813
"Taok1",60.4515379918986,-0.17499318371758,0.322878510263283,-0.541978416509933,0.587833374625427,0.999550560551813
"Btbd7",49.8891404606722,-0.188014480236161,0.346579632548928,-0.54248565864475,0.587483984435097,0.999550560551813
"Ago1",9.64056138680324,-0.321312279580822,0.591827834878199,-0.54291511930484,0.587188245547535,0.999550560551813
"Enc1",47.8938690679734,-0.296899203454695,0.546722074512047,-0.543053257397151,0.58709313436154,0.999550560551813
"Pdzd2",11.2091156223356,-0.333229847793697,0.612911944118198,-0.543683070613215,0.586659584223651,0.999550560551813
"Ap1ar",15.1104369365335,-0.277549001741853,0.51042554604174,-0.54376001337354,0.586606628621747,0.999550560551813
"Morc3",11.6050122319348,-0.300843514625491,0.552968878828186,-0.544051439681412,0.586406075512471,0.999550560551813
"Maz",47.1460746369057,-0.210318768577368,0.386539676509415,-0.544106546775787,0.586368155608907,0.999550560551813
"Psmd13",51.4147932371113,-0.192053730398879,0.352898404742413,-0.54421818806198,0.586291337282604,0.999550560551813
"Tm9sf3",100.833846060095,-0.159377028134003,0.292779141893842,-0.544359229633205,0.586194295830762,0.999550560551813
"Ccnb1ip1",78.8022029659673,-0.637845587810353,1.17128920436725,-0.54456711923246,0.586051274220736,0.999550560551813
"Carm1",17.8295500157487,-0.26251066221071,0.482015731711817,-0.544610154690258,0.586021669180313,0.999550560551813
"Acbd3",55.4900076113682,-0.184520803537636,0.338793445094588,-0.544641008287866,0.58600044473719,0.999550560551813
"Dedd",8.68696826360346,-0.330755255577769,0.606712693243078,-0.545159610572467,0.58564374735824,0.999550560551813
"Arl2",23.7899093931965,-0.238177904266714,0.436792702356285,-0.545288195022169,0.585555321894512,0.999550560551813
"Zfp354c",12.4027521233686,-0.34613387603371,0.633622763548329,-0.546277526544876,0.584875181908593,0.999550560551813
"Acyp2",26.3050826689414,-0.230119042477481,0.420390676385006,-0.547393306760047,0.58410855265816,0.999550560551813
"Gfra2",12.9112822671086,-0.307577952328398,0.561340952708324,-0.54793428279981,0.583737027786265,0.999550560551813
"Abracl",89.7344402117234,-0.197150199860289,0.359617619886607,-0.548221747094744,0.583539651389215,0.999550560551813
"Nmt1",39.7100426128515,-0.201768480593276,0.367947964963203,-0.548361452721865,0.583443739077634,0.999550560551813
"Rps19bp1",22.1978161466323,-0.244380305282384,0.445236485379011,-0.548877536562066,0.583089494986699,0.999550560551813
"Arpin",12.19225414864,-0.303315612671588,0.551746953969546,-0.549736814112669,0.58249990260586,0.999550560551813
"Tmem19",16.3398337965883,-0.263220564664388,0.478615570640008,-0.54996239322596,0.582345167867575,0.999550560551813
"Msl3",17.2458603160003,-0.255824553740777,0.465140867609344,-0.549993714926884,0.582323684438551,0.999550560551813
"Tpm3",157.236273342103,-0.150342173885583,0.273238912388396,-0.550222413679786,0.582166832098641,0.999550560551813
"Lsm7",54.4158906805444,-0.207772474892242,0.37730881139687,-0.550669554000152,0.58186021929914,0.999550560551813
"Srp9",142.26143645703,-0.159531589566116,0.28964415627715,-0.550784768512525,0.581781226700523,0.999550560551813
"Rnf216",16.9932738716139,-0.279449162573085,0.506496085829973,-0.551730152297552,0.58113324840944,0.999550560551813
"Sipa1l1",17.7687347212807,-0.272432108084908,0.493714009646557,-0.551801453395941,0.581084391411147,0.999550560551813
"mt-Nd4l",287.98932428097,-0.146296038394448,0.265075281759508,-0.55190373626454,0.581014308414899,0.999550560551813
"Ccdc115",10.4557335576049,-0.345849844462614,0.626038104526435,-0.552442162804501,0.580645450237485,0.999550560551813
"Bcl10",88.8118979354106,-0.187156665658116,0.338778878946304,-0.552444905184837,0.580643571804338,0.999550560551813
"Ccdc102a",23.4308818314842,-0.240409209110741,0.435102436092451,-0.552534734739243,0.580582043322842,0.999550560551813
"Rab18",109.210887958587,-0.156449932219536,0.282951823651883,-0.552920741772695,0.580317683733446,0.999550560551813
"Atp5a1",193.993756454535,-0.154974930332708,0.280270419189279,-0.552947866496201,0.580299109299921,0.999550560551813
"Myl12a",296.481472869667,-0.14430877778616,0.260945545415048,-0.553022576249114,0.580247951091122,0.999550560551813
"Arhgef28",8.43494414257766,-0.37775714231723,0.682703436949911,-0.553325385331179,0.580040621359377,0.999550560551813
"Cox5b",198.361973286421,-0.173030488711655,0.312309441256973,-0.554035408008313,0.579554613618691,0.999550560551813
"Sc5d",17.3081298586419,-0.288038414077357,0.519802641224124,-0.554130339543932,0.579489647837654,0.999550560551813
"Fkbp3",59.6147183514274,-0.182764237040948,0.329798550499284,-0.554169315675462,0.579462975764244,0.999550560551813
"Pbdc1",33.0251394529326,-0.227354037477405,0.41026031900521,-0.554170186453051,0.579462379881933,0.999550560551813
"Fez1",18.0948011921468,-0.289598248624341,0.522489199114544,-0.554266478838453,0.579396487758522,0.999550560551813
"Sdc1",37.5024094109041,-0.204938056658298,0.369597372085408,-0.554490026544183,0.579243529377929,0.999550560551813
"Zfp322a",13.2320797053588,-0.326177693160101,0.58823183534851,-0.55450533881229,0.579233052935572,0.999550560551813
"Acta2",110.584943582115,-0.645989289322613,1.16421528910343,-0.554870989385558,0.578982906291214,0.999550560551813
"Nup214",10.105106032014,-0.331259575796972,0.596905705863153,-0.554961315569861,0.578921120707285,0.999550560551813
"Dxo",15.0958371795292,-0.278843553651897,0.502427193611353,-0.554992956586648,0.578899478117664,0.999550560551813
"Naa30",15.3642285069933,-0.276311971156967,0.49746713297461,-0.55543764168852,0.578595351833712,0.999550560551813
"Gadd45b",263.577943126658,-0.179919960151752,0.323918263759045,-0.555448643320681,0.578587828617418,0.999550560551813
"Pigx",22.2268186642638,-0.242703085949088,0.436631785923675,-0.55585299507149,0.578311353757117,0.999550560551813
"Rgmb",40.4075552246131,-0.206131196474295,0.370379840496244,-0.556540000120187,0.577841757638632,0.999550560551813
"Polr1c",19.8904598384682,-0.265640832193812,0.47694174600583,-0.556967039304974,0.577549949310004,0.999550560551813
"Grk2",23.1194879144522,-0.247829713284717,0.444663227262105,-0.557342496726483,0.577293445633242,0.999550560551813
"Camk2n1",44.5908339096326,-0.19270418659973,0.345573153119871,-0.557636450806367,0.577092660579305,0.999550560551813
"Zfp207",64.3466539588359,-0.173398052261765,0.310400900677605,-0.558626124741383,0.576416906729402,0.999550560551813
"Zfr",49.6168597009278,-0.188495926428226,0.337410356495188,-0.558654833201346,0.576397310034854,0.999550560551813
"C1qtnf6",90.3465313242534,-0.242380693278225,0.433633824163389,-0.558952461205836,0.57619416457237,0.999550560551813
"Ddx1",37.4359977851836,-0.204862642065333,0.366287421922688,-0.559294777281687,0.575960559131553,0.999550560551813
"Dcaf17",22.3205249420352,-0.316021552480297,0.564563061185022,-0.559763070252888,0.575641056203038,0.999550560551813
"Upf2",28.2330328504868,-0.223336295094713,0.398818640546699,-0.559994625097173,0.575483103879519,0.999550560551813
"Tmem181a",17.7156858202506,-0.274829050960847,0.490071039278114,-0.560794311301635,0.57493776518723,0.999550560551813
"Hnrnpa2b1",309.112612819325,-0.138809515869595,0.247278377563674,-0.561349185631291,0.574559517385807,0.999550560551813
"Cic",23.6162920852347,-0.245258629533549,0.43669895387916,-0.561619457420123,0.57437532065021,0.999550560551813
"Vps53",14.9393135853017,-0.284527532410977,0.506409502672509,-0.561852672411201,0.574216401484829,0.999550560551813
"Ak2",51.9460953508342,-0.190335975590261,0.338661280226459,-0.562024614868831,0.574099248458322,0.999550560551813
"Lsm3",39.6387687946226,-0.208772566282351,0.371420635706684,-0.562091995467966,0.574053341761447,0.999550560551813
"Slc2a8",8.69098694553379,-0.35037415555179,0.622976977077283,-0.562419107678075,0.57383050349319,0.999550560551813
"G6pc3",15.9458607254072,-0.295225682103825,0.524354203640512,-0.563027205759232,0.573416358495729,0.999550560551813
"Eif3e",144.370619606533,-0.156318846647838,0.27755120784198,-0.563207228904713,0.573293780984472,0.999550560551813
"Plekhf2",11.0377953503035,-0.308540276686612,0.547024115747599,-0.564034140003025,0.572730898047007,0.999550560551813
"Fam208b",20.43353170171,-0.257193169371615,0.455658235090978,-0.564443149634425,0.572452579941796,0.999550560551813
"Ndrg3",19.1044455221432,-0.261949948580541,0.463908617495984,-0.564658509674718,0.572306060070433,0.999550560551813
"Hmcn1",20.1142586102057,-0.300723041718361,0.532159439126239,-0.565099516438388,0.572006077400952,0.999550560551813
"Ahsa2",32.7580237942228,-0.222478594954737,0.393235624284775,-0.565764089556702,0.571554161103479,0.999550560551813
"Syne1",29.2454895670024,-0.248384166234005,0.438607094291592,-0.566302208666228,0.571188359249205,0.999550560551813
"Smndc1",26.9153429229273,-0.229916901945429,0.405379501090148,-0.567164598424774,0.570602357616633,0.999550560551813
"Hjurp",27.2729165638462,-0.228294833963971,0.402382817031648,-0.567357313237397,0.570471445322101,0.999550560551813
"Ppme1",27.5703475510716,-0.261972528637665,0.461651590452555,-0.567468051785231,0.570396226456723,0.999550560551813
"Uqcrb",194.81614682388,-0.162398304877813,0.286090240996017,-0.567647132290941,0.570274596500026,0.999550560551813
"a",55.1567038990342,-0.63705838163612,1.1221174533699,-0.56772878785811,0.570219140836973,0.999550560551813
"Mrfap1",257.362208472864,-0.158225638272181,0.278667834519436,-0.567792973110949,0.570175551789402,0.999550560551813
"Acp2",15.0695258498209,-0.309801774436607,0.544611324744687,-0.568849306579958,0.569458410156626,0.999550560551813
"2300009A05Rik",12.5094607065829,-0.301504118373606,0.529944905508395,-0.568934836885284,0.569400362733655,0.999550560551813
"Nap1l4",32.8813916671509,-0.213319972950049,0.374917587924771,-0.568978303020695,0.569370864363977,0.999550560551813
"H2afx",28.6055627459248,-0.3384973935195,0.59479143407839,-0.569102670491532,0.569286466189934,0.999550560551813
"Rnf138",13.1450906184962,-0.296492023553092,0.520617334439122,-0.569500867412555,0.569016282232675,0.999550560551813
"Tspan4",87.2955774730045,-0.168484190190684,0.295748661770623,-0.569687075444344,0.568889957668716,0.999550560551813
"Cers2",54.5170790335034,-0.193905860816173,0.340340102338863,-0.569741442409009,0.56885307734482,0.999550560551813
"Tox4",32.1628997848478,-0.214590469104152,0.37587112125894,-0.570915021046056,0.568057248227217,0.999550560551813
"Spns1",19.5466602528399,-0.255559641467302,0.447593941530582,-0.570963138136759,0.568024630355151,0.999550560551813
"Phyh",21.4207425568884,-0.261884703782875,0.458337406397916,-0.571379730581087,0.567742265899929,0.999550560551813
"Msantd4",13.188159103783,-0.291720717333816,0.510310037641081,-0.571653888452403,0.567556479611419,0.999550560551813
"Kmt2c",44.6126944413379,-0.211084286470411,0.369175137940823,-0.571772757092454,0.567475935934838,0.999550560551813
"Kat5",11.379254216005,-0.331342721541848,0.579242869980027,-0.572027276836871,0.567303495435598,0.999550560551813
"Naa38",49.5045654552423,-0.186927086150169,0.326711991137858,-0.57214638954373,0.567222803621336,0.999550560551813
"Rbx1",158.682850476706,-0.153227210048628,0.267530052416095,-0.572747654571195,0.566815566079727,0.999550560551813
"Vdac2",88.3275816481409,-0.184919775557328,0.322484719824574,-0.573421821839872,0.566359118515211,0.999550560551813
"Mrpl20",83.3814095970281,-0.173343902158292,0.302251467051221,-0.573508885992988,0.566300184252575,0.999550560551813
"Vapa",114.674583174248,-0.173330552957861,0.302147113376629,-0.573662779765839,0.566196019805669,0.999550560551813
"Uxt",11.3767874916435,-0.31611187875809,0.55104073002102,-0.573663363769919,0.56619562453453,0.999550560551813
"Grpel1",42.6675364800057,-0.207604372371975,0.361491551247156,-0.574299376170021,0.565765231256966,0.999550560551813
"Tarbp2",10.5167003917914,-0.329373101001411,0.572710791558989,-0.575112440442788,0.565215254866377,0.999550560551813
"Cbr1",28.9863644379122,-0.246365496348636,0.427893984918687,-0.575762934352659,0.56477543013701,0.999550560551813
"Rrp9",13.7985708974874,-0.293494464394636,0.5093738043503,-0.576186804048522,0.564488923642513,0.999550560551813
"Phb",43.261555280547,-0.22382808713301,0.388289686037085,-0.576446130767513,0.564313671274121,0.999550560551813
"Heatr6",10.3332220987906,-0.383220166783239,0.664703880484751,-0.57652765093498,0.564258585553828,0.999550560551813
"Nhsl2",10.1942692080516,-0.357768556754437,0.620409564991101,-0.576665120821547,0.564165698726927,0.999550560551813
"Tmem101",9.06361538991739,-0.35447309274192,0.614519607014083,-0.576829589643666,0.564054578703223,0.999550560551813
"Lbh",17.5691246008556,-0.321748442678095,0.557730505200859,-0.576888729731973,0.564014624478782,0.999550560551813
"Vps37b",16.7319892684103,-0.275398381494115,0.477337537433398,-0.576946835094738,0.563975370628125,0.999550560551813
"Cux1",23.3242578590545,-0.271174961715181,0.46917655309654,-0.577980634209959,0.563277193949365,0.999550560551813
"Sp1",23.8857223034619,-0.245541565700999,0.424687868112842,-0.578169484313494,0.563149698986523,0.999550560551813
"Itfg2",11.7923444565782,-0.35037861043528,0.605918418759674,-0.578260372332816,0.563088344359568,0.999550560551813
"Eif5b",79.5673646671376,-0.193410447650347,0.333919907539851,-0.579212090334162,0.562446073841039,0.999550560551813
"Pcdh7",32.3777330468592,-0.232757567108032,0.401676466780348,-0.579465282030856,0.562275266051726,0.999550560551813
"Cetn2",29.76930674534,-0.230661754309774,0.398029057336107,-0.579509837431283,0.562245210749277,0.999550560551813
"H19",50.4513313314866,-1.51929712542063,2.6196964150142,-0.579951599243761,0.561947257783795,0.999550560551813
"Dpm1",57.5175968740924,-0.186391886531136,0.32121771502994,-0.58026652270334,0.56173489947005,0.999550560551813
"Plekhg1",9.53986274375455,-0.346208912413984,0.596529843518068,-0.58037148715343,0.561664128754315,0.999550560551813
"Lpcat3",14.690992893571,-0.28604966082538,0.492532638269229,-0.58077300588762,0.561393450525201,0.999550560551813
"Vps11",11.5856616862363,-0.320330423709497,0.55105908149228,-0.581299600111907,0.561038550075749,0.999550560551813
"Snapin",28.7519065660806,-0.228333448406233,0.392475574460003,-0.581777474229805,0.560716578762566,0.999550560551813
"Cox4i1",481.908721453367,-0.163052988407306,0.280263572531292,-0.581784450025523,0.560711879429931,0.999550560551813
"Nrn1",28.2410461785273,-0.260134637447633,0.44706477668747,-0.581872361708078,0.560652658252582,0.999550560551813
"Agap3",15.0553556671012,-0.283059737215692,0.486459237594682,-0.58187760728996,0.560649124693596,0.999550560551813
"Plod3",45.0434844979745,-0.203254365511435,0.34901612219651,-0.582363829591214,0.56032163967649,0.999550560551813
"Utp11",32.2285556365162,-0.240477237524106,0.412004757763914,-0.583675875077887,0.559438401266169,0.999550560551813
"Tspan6",15.6855283947045,-0.285074941151854,0.487949852958749,-0.584229997044295,0.559065582305514,0.999550560551813
"Cacnb3",16.8401957837953,-0.275155425638798,0.470834796731275,-0.584399087639736,0.558951840439994,0.999550560551813
"Erc1",25.5136160449521,-0.244131625948801,0.417594158783201,-0.584614561324707,0.558806914431964,0.999550560551813
"Metap1d",16.9108303843758,-0.298289019429628,0.509951175097581,-0.584936429203344,0.558590462478008,0.999550560551813
"Ctsd",139.835835007649,-0.165354423567283,0.282389933374188,-0.585553534403707,0.558175581240352,0.999550560551813
"Fam210b",11.0819164476824,-0.34717357333632,0.592197896020306,-0.586245874342681,0.55771029793507,0.999550560551813
"Cab39l",21.4448808306367,-0.251513558644935,0.428945240724009,-0.58635353599077,0.55763796146737,0.999550560551813
"Abca8b",14.1143241134581,-0.309253040992162,0.527227504890299,-0.586564695740806,0.557496099226069,0.999550560551813
"Zfp652",22.9582759305934,-0.264901016194764,0.450806624371163,-0.587615624691137,0.556790321074145,0.999550560551813
"Atp5h",306.968497043745,-0.181027194643984,0.307950674432189,-0.587844774094971,0.556636487787528,0.999550560551813
"Styx",12.9197497840751,-0.306125595437613,0.520450297064905,-0.588193718332024,0.556402273265241,0.999550560551813
"Arf5",315.674087119763,-0.149200025114402,0.253562221173051,-0.588415831128787,0.556253214185097,0.999550560551813
"Ndufb11",145.393345852457,-0.164410479579153,0.279384987865046,-0.588472848292656,0.556214953318276,0.999550560551813
"Eef1e1",14.9604826365606,-0.29979650839463,0.509368576577687,-0.58856498453219,0.556153128817673,0.999550560551813
"Cep192",13.6643242936521,-0.305785572807227,0.519063886311099,-0.589109704742501,0.55578768366117,0.999550560551813
"Cd320",16.9140106444362,-0.290514225138688,0.493065921562196,-0.589199562237526,0.555727410791322,0.999550560551813
"Atp5k",172.68250994716,-0.169350443050677,0.287385800902884,-0.589279089358718,0.555674069791324,0.999550560551813
"Rnmt",19.1757569024462,-0.296337488377642,0.502568567244013,-0.589645886535838,0.555428081318662,0.999550560551813
"Snrpc",52.1698028134501,-0.197211943586822,0.333990802069585,-0.590471181735519,0.554874800748984,0.999550560551813
"Gphn",9.35655537933031,-0.351164009269978,0.594314110018001,-0.590872744480762,0.554605689258306,0.999550560551813
"Hcfc1",23.1565471823953,-0.281738779321767,0.476760720568462,-0.590943773610035,0.554558094985905,0.999550560551813
"Hddc2",14.4324272894803,-0.299773637763576,0.50719937393747,-0.591037081604391,0.55449557541808,0.999550560551813
"Plscr3",45.0597512208208,-0.204043574346641,0.344814366642202,-0.591749051333373,0.554018644741065,0.999550560551813
"Homer3",14.5564844913764,-0.339349602158335,0.573403488007264,-0.59181642465704,0.55397352344232,0.999550560551813
"Stmn2",19.989416624095,-0.389657314398252,0.658002170399001,-0.592182415085304,0.55372844356974,0.999550560551813
"Gtf3c4",10.7031259445935,-0.356558065251746,0.601772670932768,-0.592512891452961,0.553507190772843,0.999550560551813
"Fzd1",58.821601580346,-0.22817117965476,0.385001250988509,-0.592650488976125,0.553415082474364,0.999550560551813
"Ythdc1",68.2928126803083,-0.1850441515837,0.312158278606074,-0.592789505407336,0.553322031980965,0.999550560551813
"Fermt2",94.4857738289668,-0.172003155391348,0.290129211752453,-0.592850179933298,0.553281421958164,0.999550560551813
"Shprh",8.95938387246568,-0.359931833309862,0.606989438708739,-0.592978741237331,0.553195379512142,0.999550560551813
"Tmem70",15.6281056825235,-0.294294824064794,0.495948906925816,-0.59339746484977,0.552915185112723,0.999550560551813
"Ttc33",11.5877067747949,-0.334465322187414,0.563629178302468,-0.593413781725696,0.552904267870054,0.999550560551813
"Ube2j2",34.9498410488694,-0.247805090752179,0.417368659648249,-0.593731908287088,0.552691437901151,0.999550560551813
"Acer3",17.6114282156039,-0.277938253077832,0.467836222758773,-0.594093059829493,0.55244987249248,0.999550560551813
"Ndufa11",107.312927769887,-0.177195664172567,0.297332948945255,-0.595950313616915,0.551208419962776,0.999550560551813
"Mllt10",28.630526403295,-0.229924479385694,0.385775422366934,-0.596006033704757,0.55117119593797,0.999550560551813
"Csnk1g2",36.1044750273029,-0.213166789072699,0.3575506950835,-0.596186196821452,0.551050845716847,0.999550560551813
"Idh3g",32.5443483336307,-0.237514184718216,0.398234874739596,-0.596417340077323,0.550896459337044,0.999550560551813
"Polr3gl",21.0874125499557,-0.267011273341854,0.447511932780561,-0.596657326393091,0.550736188974527,0.999550560551813
"Cep170b",13.9124881735768,-0.324931317653359,0.544584538331804,-0.596659094745332,0.55073500809879,0.999550560551813
"Csk",19.0766841150725,-0.281207637235347,0.471213164078593,-0.596773729327402,0.550658459720965,0.999550560551813
"Ammecr1",22.7255099666253,-0.266213271555707,0.446051211493303,-0.596822213898873,0.55062608524378,0.999550560551813
"Foxn2",23.7250151205469,-0.254304311698384,0.425545965149253,-0.597595401026048,0.550109933628747,0.999550560551813
"Tanc2",15.0446879737648,-0.296912162664367,0.496554389419406,-0.597944895848227,0.549876701827181,0.999550560551813
"Trip12",65.5884291893383,-0.209288002745007,0.349988978648596,-0.597984552408268,0.549850240505046,0.999550560551813
"Fis1",87.1329230353536,-0.179082804100855,0.2994558557213,-0.598027390947151,0.549821656673859,0.999550560551813
"B4galnt1",10.5281776625932,-0.33937671233028,0.567473982935895,-0.598048056008619,0.549807868262119,0.999550560551813
"Ndufa5",93.5833322633765,-0.186485539134814,0.311765496011057,-0.598159647301702,0.549733413809344,0.999550560551813
"Nup35",10.5609863959276,-0.337030229084562,0.563335600267653,-0.598276105618803,0.549655717345264,0.999550560551813
"Maea",25.4092778169525,-0.238771020514856,0.399071915372795,-0.598315770459082,0.549629255740843,0.999550560551813
"Rnf20",20.2774858200585,-0.259081450334885,0.432932324702628,-0.598434063598376,0.549550342569469,0.999550560551813
"Snrpe",159.143025633276,-0.178648084462282,0.298174918957291,-0.599138536155249,0.549080505725398,0.999550560551813
"3110002H16Rik",9.44969469847459,-0.370288168481579,0.617982042505157,-0.599189204560889,0.549046720873648,0.999550560551813
"Ednra",19.5235019947206,-0.315855956288442,0.527037661313886,-0.599304337191055,0.548969956160496,0.999550560551813
"Pcsk5",38.6501032405986,-0.283364169346283,0.472737313607533,-0.599411472692702,0.548898528292464,0.999550560551813
"Coasy",9.40581348307112,-0.372674520834145,0.620597278455969,-0.600509434655192,0.548166775075994,0.999550560551813
"Myl6",645.314957900192,-0.166285082342286,0.276842475470315,-0.600648733760208,0.548073971563935,0.999550560551813
"Atp5c1",170.718926831806,-0.174200105728323,0.289908032667755,-0.600880576247995,0.547919531239871,0.999550560551813
"Ogt",55.3902341204104,-0.197153368301242,0.328029481704941,-0.601023320454409,0.547824453840808,0.999550560551813
"Pcmtd2",15.2037985408512,-0.294515086075308,0.489816296184091,-0.601276618131582,0.547655760352501,0.999550560551813
"Rtf1",53.4576157683537,-0.218871261184157,0.36348696683252,-0.602143353560745,0.547078718414108,0.999550560551813
"Rnf187",59.185656780404,-0.187907714564512,0.312054666381616,-0.602162809303152,0.547065768919687,0.999550560551813
"2810001G20Rik",13.8004073952915,-0.311660876012978,0.51734928370561,-0.602418686618545,0.546895474355871,0.999550560551813
"Ubald2",52.3522833309871,-0.195825176010742,0.324970292734871,-0.602594084409147,0.546778756660654,0.999550560551813
"Rhog",18.5842908657075,-0.278775286173112,0.461993403459185,-0.603418326075169,0.546230433864022,0.999550560551813
"Tfdp1",25.1228958741916,-0.273254471024934,0.452672971190934,-0.603646536054564,0.546078666459461,0.999550560551813
"Eif1ax",78.8323707221013,-0.208821841463595,0.345901877060283,-0.603702539108228,0.546041425716882,0.999550560551813
"Hras",47.6703424833487,-0.218843092463246,0.362252389646803,-0.604117733154552,0.545765370499418,0.999550560551813
"Vps41",21.5202525254923,-0.257194502811383,0.425571993489468,-0.604350161067983,0.545610863493401,0.999550560551813
"Cdkn2aip",24.200224885264,-0.263386202747133,0.435578037071243,-0.604682009492719,0.545390304079712,0.999550560551813
"Rnf11",56.5184302177429,-0.196615561703964,0.325123858085644,-0.604740491398116,0.545351439309274,0.999550560551813
"Pigp",49.7881266703836,-0.215449543533987,0.356244877507177,-0.604779344594638,0.54532561976539,0.999550560551813
"Il34",12.8970235031599,-0.339598677664775,0.561414940457429,-0.604897827243567,0.545246886927941,0.999550560551813
"Rorb",21.2189751943587,-0.355343608480131,0.587211623308134,-0.605137218637219,0.545087826307988,0.999550560551813
"Pde4dip",14.1112594280232,-0.312226475554037,0.515909759422521,-0.605195908492844,0.545048834083387,0.999550560551813
"Spc24",10.4407740244179,-0.44701913191164,0.738619995357467,-0.605208543935096,0.545040439559941,0.999550560551813
"Pcmtd1",45.0639097725156,-0.216720372266714,0.357938311175207,-0.605468499739977,0.544867748724412,0.999550560551813
"Ric1",28.9522952514632,-0.233607741937956,0.385700631167121,-0.605671142489615,0.544733150285815,0.999550560551813
"Tulp3",27.1492147118842,-0.319760783311008,0.527767803254544,-0.60587398727085,0.544598434198337,0.999550560551813
"Chl1",25.5660636205577,-0.330739552029897,0.545835730210529,-0.605932396368283,0.544559645808765,0.999550560551813
"Desi1",17.2033286457002,-0.282989865783462,0.46653541124731,-0.606577462205649,0.544131360962972,0.999550560551813
"Taf1d",90.4604078967271,-0.209187555525434,0.344826029467701,-0.60664664975655,0.544085434545289,0.999550560551813
"Birc5",20.3120254538681,-0.923178636990258,1.51990384395136,-0.607392790447999,0.543590271873099,0.999550560551813
"Rftn2",19.3107139801444,-0.344835073645699,0.567702084466494,-0.607422595549852,0.543570496919315,0.999550560551813
"Arc",11.2882554483647,-0.375253041551246,0.617773131126933,-0.60742855693111,0.543566541732082,0.999550560551813
"Cenpx",45.9821265783802,-0.230196105475181,0.378967780182386,-0.607429226211249,0.543566097686849,0.999550560551813
"Stag2",33.175454039848,-0.225176320250095,0.370427641190524,-0.607882067132994,0.543265694103869,0.999550560551813
"Gsk3b",97.0160978818815,-0.177406368093809,0.291822065803216,-0.607926503451729,0.543236220591864,0.999550560551813
"Ubald1",16.7764739173414,-0.319573479555401,0.525620062822447,-0.607993305733751,0.543191913787333,0.999550560551813
"Itgb1",194.587809176717,-0.167328696783843,0.275008441534064,-0.608449311048209,0.542889515032746,0.999550560551813
"Ndufs7",66.2610263590084,-0.193445684560422,0.317729227653668,-0.60883817956868,0.542631704142691,0.999550560551813
"9930021J03Rik",26.4385956447922,-0.246452200005198,0.404193502373614,-0.609738154022553,0.542035275880723,0.999550560551813
"Arpc5l",43.1261161267938,-0.217734041174776,0.356811898287746,-0.610220797623702,0.541715554587932,0.999550560551813
"Tmem64",19.6365812273945,-0.273645141644764,0.44766085908513,-0.611277792309123,0.541015690451503,0.999550560551813
"Mprip",69.8376872172512,-0.187243258281756,0.305892099240343,-0.612121917325616,0.540457097586731,0.999550560551813
"Pgls",96.1710542494835,-0.186814385168947,0.305176086586786,-0.61215276484588,0.540436689954664,0.999550560551813
"Cerk",11.1277860960502,-0.341942327609326,0.558182455566673,-0.61259956166516,0.540141148147047,0.999550560551813
"Snap23",34.4127759537477,-0.222689711651402,0.363015518366459,-0.613444055101248,0.539582763685842,0.999550560551813
"Pias4",11.6884491018406,-0.336328072490565,0.547288774877606,-0.61453493645248,0.538861894062341,0.999550560551813
"N4bp1",17.9345280378107,-0.299336355483322,0.486960436943644,-0.614703644842433,0.538750452323616,0.999550560551813
"Commd6",34.9923582069573,-0.225942041068135,0.367272002163135,-0.615189940255168,0.538429290491249,0.999550560551813
"Cdc37",73.7535000542776,-0.19572858603815,0.317896803065723,-0.61569850388739,0.538093524927267,0.999550560551813
"Mob4",50.485845867829,-0.215760187766026,0.350429881969487,-0.61570145374992,0.538091577665849,0.999550560551813
"Fbln7",23.5322558973821,-0.375417660397546,0.608631692472413,-0.616822398571633,0.537351876382503,0.999550560551813
"Klf7",71.4995492789878,-0.252536495635682,0.409351989486762,-0.616917719032727,0.537288998856541,0.999550560551813
"Phax",27.7326736374766,-0.255230867383529,0.413314141224807,-0.617522707128245,0.536890008589503,0.999550560551813
"Sgcb",22.5766510565401,-0.267186056585771,0.432663065349877,-0.617538398776213,0.536879661914114,0.999550560551813
"Klhl24",36.7224211079188,-0.230169734157897,0.372648081909497,-0.617659785013456,0.536799626290319,0.999550560551813
"Ephb4",16.41511845083,-0.294217221697338,0.475589647739802,-0.618636724107808,0.536155703195417,0.999550560551813
"Ebna1bp2",36.4675786493616,-0.226735375535969,0.365815102601235,-0.619808679094167,0.535383753955209,0.999550560551813
"Msn",114.593567149331,-0.174820803970783,0.282024094075586,-0.619878966525211,0.535337474484875,0.999550560551813
"Lnpk",24.8014113634848,-0.261071885337298,0.421141212522978,-0.619915310053046,0.535313545546118,0.999550560551813
"Irf2bp1",11.3886751506458,-0.336345754004559,0.542334205643193,-0.620181708077334,0.535138162907911,0.999550560551813
"Pum3",18.3931979898225,-0.287852999453615,0.464003098020059,-0.62036870159253,0.53501507338493,0.999550560551813
"Ahi1",14.0815171041183,-0.315648542783669,0.508725798120231,-0.620468912624457,0.534949114790987,0.999550560551813
"Mical2",11.0928793939326,-0.398307516479562,0.641701099249485,-0.620705678929663,0.534793292226814,0.999550560551813
"Psmb1",159.078880490141,-0.160288291025273,0.258154591634308,-0.620900407041107,0.534665153340804,0.999550560551813
"Hnrnpk",199.618719626046,-0.154527258310257,0.248792070348285,-0.621110062285882,0.534527209122866,0.999550560551813
"Rdh5",12.4240006722013,-0.411491078707548,0.662300024281486,-0.621306150719178,0.534398207544673,0.999550560551813
"Gnb1",177.449484747395,-0.163971106974985,0.263566000368886,-0.622125413541548,0.533859405460808,0.999550560551813
"Adrm1",46.4169033913122,-0.231818916990255,0.372061288471401,-0.62306647902735,0.533240836614439,0.999550560551813
"Opa3",12.1757360572436,-0.368010326623395,0.590460373421762,-0.623259990320346,0.533113685238858,0.999550560551813
"Mtch1",235.992980855785,-0.163020973130361,0.261560561760992,-0.62326281925991,0.53311182652795,0.999550560551813
"Sept10",11.9809846299011,-0.371878364183333,0.596428768409068,-0.623508428634809,0.532950465188486,0.999550560551813
"Arhgef40",30.671902202494,-0.239550356259351,0.384092076145957,-0.623679505870152,0.532838084843914,0.999550560551813
"BC017643",18.8714767377991,-0.282929218925623,0.453311825052547,-0.624138183231436,0.53253683963967,0.999550560551813
"Eif2ak2",16.1090540974812,-0.335721494502088,0.537891503034166,-0.624143517063075,0.532533337049973,0.999550560551813
"Zfp407",9.65434162038272,-0.364189170861225,0.582771385287478,-0.624926309107598,0.53201942416039,0.999550560551813
"Slc22a17",20.062014393008,-0.282927915817252,0.45237196943333,-0.625432022615516,0.531687550463591,0.999550560551813
"Eif6",96.5066305184311,-0.229486669322507,0.366777200817007,-0.625684117800449,0.531522152589342,0.999550560551813
"Timm9",21.3733646349489,-0.277327068663979,0.443056737198841,-0.625940303757342,0.531354097513342,0.999550560551813
"1110004E09Rik",12.218143024752,-0.329090444100784,0.525689857216532,-0.626016347059234,0.531304219157648,0.999550560551813
"Bcas2",59.0345173979762,-0.20508758497564,0.327282880584068,-0.626637068855058,0.530897163855892,0.999550560551813
"Mettl23",42.2671244168294,-0.217044657901369,0.346296377373504,-0.626759827947238,0.530816679968401,0.999550560551813
"Mrps17",38.616464514289,-0.227579093225841,0.362970102738278,-0.626991290767379,0.530664944082151,0.999550560551813
"Ptma",1566.00000565861,-0.164005068406566,0.261530584492819,-0.627097089713687,0.530595594716552,0.999550560551813
"Rnf111",19.8360440548516,-0.302129050511162,0.481613304716849,-0.627327043402154,0.530444879949289,0.999550560551813
"Sdha",41.9702569106069,-0.223123765479767,0.355573195786067,-0.627504457940106,0.530328614910607,0.999550560551813
"Dock1",25.0348902967994,-0.2619274499153,0.417231071242477,-0.627775513303224,0.530151009239548,0.999550560551813
"Mrps18a",36.3427698272373,-0.233025065415367,0.371042326084882,-0.628028257245396,0.52998542912609,0.999550560551813
"Fbxo42",8.28525508895325,-0.438122249906592,0.69735526644131,-0.6282626245047,0.529831911610632,0.999550560551813
"Acaca",13.1823925936857,-0.323946053960238,0.515348590486411,-0.628595983263449,0.529613590663817,0.999550560551813
"Bbx",25.8030868875777,-0.267006107438955,0.424655537636699,-0.628759273751384,0.529506666309478,0.999550560551813
"Extl3",16.8310098544841,-0.301898055778466,0.48011230088935,-0.628807167029955,0.529475307361426,0.999550560551813
"Pomp",130.326710102372,-0.188285622619512,0.299404509895024,-0.628867022362248,0.529436117380569,0.999550560551813
"Olfml2a",14.0445076516307,-0.90955300454428,1.44623469559872,-0.628911066310532,0.529407280766766,0.999550560551813
"Grhpr",12.4313191398674,-0.331290562736376,0.525720381891894,-0.630164958688059,0.528586662986325,0.999550560551813
"Taok3",18.5017265511509,-0.300410347575081,0.47611801472284,-0.630957742168098,0.528068155239414,0.999550560551813
"Xpo6",22.7923331257198,-0.28065585610525,0.44467077083858,-0.631154270778752,0.527939658847334,0.999550560551813
"Vcp",156.90267809652,-0.185295394015257,0.293124825847312,-0.632138180311539,0.527296588514494,0.999550560551813
"Tst",12.7322278671224,-0.344892883326812,0.545438088219578,-0.632322697618374,0.527176034941222,0.999550560551813
"Zfp622",29.7144742025662,-0.249874198154192,0.39516808111969,-0.632323839127354,0.527175289185108,0.999550560551813
"Atp5j2",256.224363405116,-0.185200312243627,0.292834400318765,-0.632440423809588,0.52709912639977,0.999550560551813
"Ier5l",40.5908969058961,-0.244387688290304,0.386325570755054,-0.632595165297136,0.526998045097214,0.999550560551813
"Thyn1",16.4009491743117,-0.32394375987462,0.512075948361346,-0.632608816936719,0.526989127953908,0.999550560551813
"Eif1b",75.3780585943041,-0.202156961918,0.319358927920385,-0.633008644018236,0.526727998218041,0.999550560551813
"Nus1",25.4887396889251,-0.257608912368632,0.406346719625195,-0.633963312429946,0.526104765215561,0.999550560551813
"Actr1a",23.9859114986048,-0.270274903973453,0.425538090558745,-0.635136806715878,0.525339193519334,0.999550560551813
"Cbfa2t2",13.5753047188513,-0.344634061009686,0.542416079239025,-0.635368445369808,0.525188143002736,0.999550560551813
"Vdac3",83.069519108716,-0.201540374027734,0.316896034735441,-0.635982631325725,0.524787742747436,0.999550560551813
"Fam117b",12.8952641000102,-0.345861901817739,0.543709961430658,-0.63611470517788,0.524701661555351,0.999550560551813
"Erlin1",12.0863642904517,-0.345123959104598,0.542390335597534,-0.636301822606012,0.524579717235405,0.999550560551813
"Epas1",13.6686341923975,-0.422630636108775,0.663147469710138,-0.637310184254351,0.523922818521833,0.999550560551813
"Ndufv1",53.0254268344819,-0.222571394427501,0.349203800477735,-0.637368190503678,0.523885043096068,0.999550560551813
"Atrx",100.397988610547,-0.194593124878693,0.305179254993076,-0.637635493549876,0.523710985306932,0.999550560551813
"Fbxo38",10.0992697507246,-0.373962728610346,0.586350711570631,-0.637779951880043,0.523616931769202,0.999550560551813
"Snrpb",165.031939724839,-0.185905273650196,0.291281066742408,-0.638233290372422,0.523321829642623,0.999550560551813
"Cog4",9.18177233146751,-0.384201957447239,0.601577813965186,-0.638657125526031,0.523046010025165,0.999550560551813
"1110008F13Rik",74.657094940083,-0.198133257145493,0.309895218414345,-0.639355644657217,0.522591596958657,0.999550560551813
"Arhgef17",13.2808705726372,-0.369553015469692,0.577715195490989,-0.639680275599495,0.522380481325256,0.999550560551813
"Exosc3",16.6908283537628,-0.331900754842578,0.517206192381301,-0.641718447558513,0.521056009156385,0.999550560551813
"Polr2g",46.5557971796405,-0.221962469779154,0.345825191589657,-0.64183430003713,0.520980776316536,0.999550560551813
"Eaf1",15.2738282305805,-0.342184120861257,0.532847594528929,-0.642180098727422,0.520756253169172,0.999550560551813
"Samd1",18.7105485713537,-0.320169493888996,0.498501802679731,-0.642263462575066,0.520702133430571,0.999550560551813
"Bvht",10.8344930968529,-0.36064476417113,0.560945466984814,-0.642923038686207,0.520274039358207,0.999550560551813
"March7",40.1075822408806,-0.267166351889669,0.414970230393714,-0.643820525718647,0.519691822099779,0.999550560551813
"Nufip1",10.6466054499596,-0.373302899244066,0.579144335088967,-0.64457662214156,0.51920158868044,0.999550560551813
"Sf3b2",66.8581169118738,-0.210967465918754,0.327232684950892,-0.644701692773796,0.51912051912779,0.999550560551813
"Gpx4",256.38970695445,-0.180450179489098,0.279812202526715,-0.644897462868403,0.518993636003356,0.999550560551813
"Gtf3c6",20.1568200991731,-0.288101495097383,0.446677233512932,-0.6449880886733,0.518934904747674,0.999550560551813
"Ttc4",12.2378859664072,-0.346476440302519,0.536977519865863,-0.645234534937456,0.518775209336946,0.999550560551813
"Kdm2a",45.3894234899333,-0.218578906350283,0.338362497316973,-0.645990344921474,0.5182856082639,0.999550560551813
"Dohh",18.7141392682815,-0.291460671982207,0.450938464509657,-0.646342450070515,0.518057602026049,0.999550560551813
"Gtf3c1",18.7339568577746,-0.305053242779077,0.471866730328391,-0.646481777951963,0.517967394365581,0.999550560551813
"Trip6",43.5377558945629,-0.236918173110999,0.366086251602255,-0.647164901916079,0.517525224215894,0.999550560551813
"Trmt10a",10.2015135580339,-0.385985037460665,0.596297109500078,-0.647303217324441,0.517435719677887,0.999550560551813
"Srsf4",23.7540531488777,-0.268620646987712,0.414627852271637,-0.647859630065878,0.517075743394689,0.999550560551813
"Cript",43.1934740495001,-0.228624565894868,0.352629497932577,-0.648342147311173,0.516763679510941,0.999550560551813
"Sos2",14.9742319062992,-0.3413053674969,0.52583645509548,-0.649071330429015,0.516292271818378,0.999550560551813
"Frat2",28.6057816511704,-0.295380619343361,0.455033700383091,-0.649140094667012,0.516247828112697,0.999550560551813
"Carmn",11.881266649364,-0.440476185942222,0.678435461764234,-0.649252892525381,0.51617492889147,0.999550560551813
"Mrpl58",33.2894191707457,-0.272889203452729,0.420097533723497,-0.649585349940048,0.515960098718489,0.999550560551813
"Adam23",15.1856661200956,-0.423599089827884,0.65189464816437,-0.649796851409458,0.515823453034268,0.999550560551813
"Nop16",16.3269979409251,-0.351252657103832,0.540372501338252,-0.650019488841387,0.515679632977286,0.999550560551813
"Psmd1",43.0197805700725,-0.257444404896056,0.396018289859656,-0.650082108549306,0.51563918544325,0.999550560551813
"Ncoa2",19.7590918684156,-0.294404583065014,0.452859742207489,-0.650101026048203,0.515626966512063,0.999550560551813
"Tle3",35.6536700332515,-0.263086247443927,0.404605786750319,-0.650228583127698,0.515544580517207,0.999550560551813
"Papss1",34.5033821303564,-0.253553210496847,0.389892161511084,-0.65031625543372,0.5154879590832,0.999550560551813
"Psmd3",35.7737192219986,-0.256600235023779,0.394259368145013,-0.650841186681449,0.51514901010072,0.999550560551813
"Tdp1",9.59391029953989,-0.384840494607081,0.591223497620009,-0.650922191280065,0.515096715606798,0.999550560551813
"Mrto4",26.3715987781544,-0.277851653946274,0.426672406450209,-0.651206053510514,0.514913483184152,0.999550560551813
"Prelid3b",20.863411929698,-0.283730890149102,0.435630183587548,-0.65131136647257,0.514845512520077,0.999550560551813
"Pdcd10",60.9891251063117,-0.210066913194892,0.322383797445022,-0.65160505850396,0.514655983633245,0.999550560551813
"Ccnt1",46.1772806750192,-0.223748966042036,0.343257446097464,-0.651840094325311,0.514504333604826,0.999550560551813
"Frzb",14.1384179293132,-0.388210807758056,0.595037817530183,-0.652413672410602,0.514134346561693,0.999550560551813
"Eftud2",13.3507031118825,-0.353601596054939,0.541674300336161,-0.652793746787498,0.513889255504072,0.999550560551813
"Fam129b",28.2850243974914,-0.260062773533627,0.39816616628205,-0.653151361307295,0.513658703209302,0.999550560551813
"Pitpna",58.9682837853225,-0.248646523820873,0.380678382521273,-0.653166912641745,0.513648678563211,0.999550560551813
"Hnrnpa1",173.825167903852,-0.202715453392601,0.310277791318658,-0.653335362905206,0.513540099276842,0.999550560551813
"Rab24",33.7030283610754,-0.26076998220561,0.398927775294438,-0.653677177562134,0.513319809890752,0.999550560551813
"Nipa2",27.8057218818272,-0.255615473669606,0.391000161532722,-0.653747744419318,0.513274337777354,0.999550560551813
"Josd1",16.653217052786,-0.319127675802645,0.488066018089161,-0.653861698980948,0.513200911775122,0.999550560551813
"Mrps9",20.5860943198034,-0.299964089347927,0.45854931790385,-0.654158838833612,0.513009477059158,0.999550560551813
"Ddhd1",29.4087636304907,-0.253768342997238,0.387553994688105,-0.654794806595827,0.512599874813735,0.999550560551813
"Pes1",10.8717376936263,-0.365584638126785,0.557306608745742,-0.655984753077949,0.51183393442591,0.999550560551813
"Rbm18",46.3894777246041,-0.253794300820374,0.386792815743912,-0.656150503551252,0.51172729217696,0.999550560551813
"Smim7",48.5588348431865,-0.21477586437488,0.327186057439579,-0.656433425237085,0.511545289898678,0.999550560551813
"Rad23a",34.9065587007408,-0.242522929989621,0.36944311208498,-0.656455411012875,0.511531147960812,0.999550560551813
"Anks1",13.8782272434437,-0.333988140721455,0.508707499415669,-0.656542592953894,0.511475071822028,0.999550560551813
"Denr",49.1816268480616,-0.225684842866287,0.343397658675857,-0.657211361709713,0.511045021040201,0.999550560551813
"Git1",15.497401193216,-0.314902195907699,0.478930343598695,-0.657511473467134,0.510852096031281,0.999550560551813
"Clcn5",14.7160823385438,-0.34995950358902,0.532005716607712,-0.657811547252736,0.51065923349063,0.999550560551813
"Cntln",13.3679412446468,-0.348495969150601,0.529252253638116,-0.658468559661326,0.510237093336695,0.999550560551813
"Phlda3",37.7140852306706,-0.270856440273429,0.410965883058074,-0.65907281221968,0.509849013344462,0.999550560551813
"Zfp410",15.36583104967,-0.325902986451632,0.494394997778643,-0.659195558037482,0.509770198969371,0.999550560551813
"Aptx",8.10344188133017,-0.426693839221275,0.647229523043841,-0.659262014523976,0.509727530307107,0.999550560551813
"Vav3",8.7714010900072,-0.408856413985336,0.619390344235829,-0.66009491072994,0.509192924414705,0.999550560551813
"Cebpzos",20.3513058847255,-0.302255682706104,0.457855281736963,-0.660155500575287,0.509154045451441,0.999550560551813
"Crem",25.9401218856707,-0.314736448951817,0.476729646946094,-0.660199026781746,0.509126116751227,0.999550560551813
"Tia1",26.6714657454782,-0.266776550154274,0.403341720127253,-0.661415709909967,0.508345753817246,0.999550560551813
"Dpp7",18.9428180807703,-0.309826511971891,0.468297345304241,-0.66160211045101,0.508226254646468,0.999550560551813
"Timm13",122.354764147163,-0.212260332613714,0.320560559388463,-0.662153613091535,0.50787277916808,0.999550560551813
"Txnl4a",33.7435241342747,-0.260683952262541,0.39356493401804,-0.66236579971983,0.507736816425512,0.999550560551813
"Zmat2",30.4919436852855,-0.296915544813663,0.447987996623631,-0.662775670445275,0.507474237826999,0.999550560551813
"Tbc1d10a",20.3236964128149,-0.305580053656311,0.460854400260002,-0.663072878297159,0.507283879908709,0.999550560551813
"Tpbg",57.3843858132941,-0.225618523273401,0.33989351420131,-0.663791787270684,0.506823582807396,0.999550560551813
"Gpaa1",16.7026449399299,-0.310978845641369,0.46805702822475,-0.664403751869407,0.506431932193812,0.999550560551813
"Caml",23.9046140350295,-0.275782166414095,0.414861974678152,-0.664756432854675,0.506206292552606,0.999550560551813
"Nfkbib",31.4248200563999,-0.29558107090943,0.444441504794421,-0.665061808406379,0.506010960896954,0.999550560551813
"Vcl",62.9324658690183,-0.276090052693995,0.414941304608025,-0.665371341989691,0.505813010061577,0.999550560551813
"Kidins220",22.2504559124378,-0.288846898407909,0.433825302659767,-0.665813857875509,0.505530086078019,0.999550560551813
"Mmgt1",11.3876795215281,-0.385516469570554,0.577575885503293,-0.667473277965231,0.504469872943644,0.999550560551813
"Dtymk",42.4612998433796,-0.232457725183276,0.347516320161737,-0.668911678953921,0.503551819729357,0.999550560551813
"Rit1",21.0605012516963,-0.311686272264519,0.465417349159688,-0.669691993277151,0.503054156811313,0.999550560551813
"Tbx15",51.1151412300882,-0.237517523386613,0.354430181227615,-0.670139102048083,0.502769120345389,0.999550560551813
"Jarid2",14.9244819732118,-0.346328940751701,0.51646538135016,-0.670575324615789,0.5024911062443,0.999550560551813
"Nudc",67.1652538940233,-0.217384072004504,0.324097354245018,-0.670736953440728,0.502388117333461,0.999550560551813
"Snx30",10.0542962980846,-0.39355755984065,0.586747637381949,-0.670744174781329,0.502383516199393,0.999550560551813
"Wdr82",30.3928251894497,-0.256995445676952,0.383048964017714,-0.670920612815095,0.502271104240504,0.999550560551813
"Mtfr1",11.7968084585871,-0.405758670657788,0.604064283325903,-0.671714388448414,0.501765539610838,0.999550560551813
"Arhgef2",20.1570965444571,-0.319566293691713,0.475239964327875,-0.67243144028022,0.501309072905695,0.999550560551813
"Csnk1g3",33.5897212168505,-0.270225016601128,0.401751613993167,-0.672617127571076,0.501190902438736,0.999550560551813
"Arl8a",40.6769250464855,-0.241545478799563,0.358944912059527,-0.672931892009949,0.500990621630986,0.999550560551813
"Magoh",80.8411939506593,-0.223038226988031,0.331144875727717,-0.673536700508766,0.500605908359578,0.999550560551813
"Trip4",15.2206451838602,-0.330701475982205,0.490658450775842,-0.673995271984597,0.500314319582913,0.999550560551813
"Thsd7a",17.9154486653088,-0.352948228433349,0.523577805249939,-0.674108460852086,0.500242360799325,0.999550560551813
"Mpv17",29.0744312011321,-0.303478697095298,0.450164466858536,-0.674150714766801,0.500215499668196,0.999550560551813
"Pde3a",31.1477285121805,-0.341651258496499,0.506772638102288,-0.674170688804116,0.500202802288901,0.999550560551813
"Ror2",14.5561061172189,-0.351139048532559,0.519995638690589,-0.675273064629482,0.499502293589016,0.999550560551813
"Prpf39",34.2987359312701,-0.259200630454811,0.383742080267956,-0.675455322162788,0.499386527584104,0.999550560551813
"Suclg2",21.2791637909679,-0.288641848169931,0.427172404163502,-0.675703405361954,0.499228973454696,0.999550560551813
"Apod",1059.26467358259,-0.588679686199942,0.869917974226791,-0.676707119108763,0.498591798677721,0.999550560551813
"Nfxl1",12.2029443324114,-0.372863621615541,0.550925552105527,-0.676794932074817,0.498536074070053,0.999550560551813
"Gmcl1",12.9549774308599,-0.35994840404462,0.531837951788603,-0.676800899285378,0.498532287500366,0.999550560551813
"Ephb2",16.1699282915861,-0.324486313554259,0.478879052799657,-0.677595546635886,0.498028170518259,0.999550560551813
"Exoc5",39.1422413965044,-0.247630566391932,0.364980508914303,-0.678476138708204,0.497469847981299,0.999550560551813
"Tctex1d2",10.7718105435137,-0.390902211997983,0.575810434556491,-0.67887309527322,0.497218274305384,0.999550560551813
"Stx4a",54.4176823764503,-0.244545129067065,0.360130004087402,-0.679046806129808,0.4971082052976,0.999550560551813
"Mrps23",20.8113149057271,-0.308558438029603,0.454069137564822,-0.679540652519141,0.496795358635643,0.999550560551813
"Scaf8",17.8645774941106,-0.334839046839584,0.49252300219504,-0.679844485125157,0.496602935926362,0.999550560551813
"Phf23",36.6673334675298,-0.246933556041804,0.363013280493162,-0.680232843565224,0.496357039336965,0.999550560551813
"Gpm6b",140.1959463955,-0.309124142767959,0.454237844245801,-0.680533660248447,0.496166616127387,0.999550560551813
"Meis1",26.9459308971931,-0.302521438451477,0.444293065461142,-0.680905154658408,0.495931506241291,0.999550560551813
"Metap1",15.0973907661213,-0.354645438148453,0.520762378252037,-0.681012018070193,0.495863885967748,0.999550560551813
"Ubn2",52.4244538996006,-0.226334427223261,0.332293462847368,-0.681128136809671,0.495790414752105,0.999550560551813
"Ezr",19.0484757078257,-0.313387890167948,0.459955962850486,-0.681343249092345,0.495654323211982,0.999550560551813
"Dlg5",11.6523983835381,-0.394225488467901,0.578002239428004,-0.68204837555306,0.495208362343375,0.999550560551813
"Anapc11",64.6934479635241,-0.217969558979739,0.319514761346049,-0.682189323777964,0.495119244621976,0.999550560551813
"Cthrc1",157.524138866158,-0.732468160531247,1.07344810242368,-0.68235078983087,0.495017164567484,0.999550560551813
"Rraga",32.7928782708762,-0.265320212394281,0.388777470437141,-0.682447499069212,0.494956029643818,0.999550560551813
"Ankrd54",11.3528330230976,-0.385973444788095,0.565107406733454,-0.683009000039789,0.494601155496618,0.999550560551813
"Ankrd12",75.7701410473114,-0.208257589702175,0.304854792920133,-0.683137003382245,0.494520275166144,0.999550560551813
"Nkiras1",18.5743885754265,-0.359478457024958,0.526091327779812,-0.683300480435618,0.494416990662034,0.999550560551813
"Dact3",25.5108594234026,-0.328266857451152,0.480168162435802,-0.683649777581912,0.494196344023625,0.999550560551813
"Zfp638",31.5269946125651,-0.270505553695356,0.395435744509462,-0.68406955479181,0.493931245713222,0.999550560551813
"Men1",14.0760084682401,-0.365286182772821,0.533348701999111,-0.684891856685216,0.493412165041119,0.999550560551813
"Arhgap42",21.9376234930261,-0.325042072344537,0.474221551278824,-0.685422396911322,0.493077414942596,0.999550560551813
"Eif3k",150.387022719904,-0.200319528107153,0.292256734471685,-0.685423138218774,0.493076947291772,0.999550560551813
"Cct7",96.4144789724252,-0.224604204169957,0.327592398184774,-0.685620928368648,0.492952180661197,0.999550560551813
"Impa1",20.6240325433696,-0.316610801846701,0.461510472359884,-0.686031673837749,0.49269313521557,0.999550560551813
"Glyr1",32.3171083022348,-0.255531541095792,0.372127963133364,-0.686676537135731,0.492286585585653,0.999550560551813
"Trim28",53.6599451666049,-0.2348984556923,0.341994303799483,-0.686849029596776,0.492177869407313,0.999550560551813
"Srrt",35.0862579548146,-0.266840839002819,0.388455413523897,-0.686927842199844,0.492128200769351,0.999550560551813
"Casc3",14.7266875841504,-0.359298406613001,0.522771680387925,-0.687295085201215,0.491896795330027,0.999550560551813
"Snrpd2",133.742201735341,-0.216817358299272,0.315388691613406,-0.687460787481373,0.491792402904733,0.999550560551813
"Nt5dc2",21.4125873232855,-0.34131574964482,0.496463886155556,-0.687493610638733,0.491771725728778,0.999550560551813
"Socs6",11.5364549173352,-0.413239932573732,0.600991919779362,-0.687596486697261,0.491706921264215,0.999550560551813
"Plcb4",11.9310582150736,-0.365032219894477,0.5308580716579,-0.687626767648952,0.491687847331374,0.999550560551813
"Ube2d1",14.4632740044256,-0.34435686430519,0.500311580407253,-0.688284816483527,0.491273441319945,0.999550560551813
"Ppig",64.2715013681821,-0.223348454602737,0.32423590943522,-0.688845522976722,0.490920484676051,0.999550560551813
"1700123O20Rik",29.6536573868774,-0.268968171419473,0.390422735666667,-0.688915236865485,0.490876610314895,0.999550560551813
"Gclc",31.9527599241884,-0.320746592203214,0.46544418190772,-0.689119350227062,0.490748163906179,0.999550560551813
"F5",32.3115694751404,-0.396650236944634,0.575547310131002,-0.689170516415672,0.490715968389383,0.999550560551813
"Ep400",45.1108827130546,-0.240244579831284,0.348474559906868,-0.689417844147621,0.490560357324597,0.999550560551813
"Adam12",25.9051364996164,-0.352684262132104,0.511360385501137,-0.68969805274703,0.490384090677791,0.999550560551813
"Tmtc1",10.3568016411683,-0.390529327307691,0.566058916555728,-0.689909329021661,0.490251208784164,0.999550560551813
"Gap43",12.7351439259917,-1.12266728277674,1.62722741256441,-0.689926481147148,0.490240421830709,0.999550560551813
"Rnf139",9.00205521986238,-0.449214717733948,0.651043380847551,-0.689991989702966,0.490199224744479,0.999550560551813
"Ivns1abp",48.8162359872621,-0.243845463572724,0.353154520782529,-0.690478102991304,0.489893575515806,0.999550560551813
"Paip1",26.3772697572449,-0.283577834973346,0.410655816737722,-0.690548686795934,0.489849203677536,0.999550560551813
"Sox2",15.7578915182321,-0.458267449835881,0.663216312387989,-0.69097734973652,0.489579775246387,0.999550560551813
"Acads",17.3062868949097,-0.333463111383452,0.482030145236138,-0.691788915442403,0.489069898681329,0.999550560551813
"2410089E03Rik",17.514335243788,-0.350949358294033,0.50664885748644,-0.692687554917511,0.488505650795995,0.999550560551813
"Oaz1",663.417006705796,-0.181701824866693,0.262007484269451,-0.693498605100261,0.487996700910886,0.999550560551813
"Nudt9",27.2559083670978,-0.274021020633881,0.395097987130289,-0.693552054324991,0.487963170524346,0.999550560551813
"Hspa14",23.2625437024645,-0.292497365621403,0.421735611069178,-0.693556242215041,0.487960543381177,0.999550560551813
"Slc12a2",14.4425354336528,-0.361546653786046,0.520585542272737,-0.694499989776186,0.487368707226064,0.999550560551813
"Aimp1",61.1761667641306,-0.245661535139568,0.353560048910486,-0.694822664202552,0.487166442915047,0.999550560551813
"Wsb2",38.5863183078528,-0.243619913715296,0.350382314306571,-0.695297404486398,0.486868940512578,0.999550560551813
"Ddah2",95.7827936463766,-0.210382012646666,0.302510093342258,-0.695454522929393,0.486770501743981,0.999550560551813
"Micu2",12.5702988675333,-0.380290729970126,0.54658629226956,-0.695756068801261,0.486581605586703,0.999550560551813
"Inppl1",16.7311954367388,-0.326316571529711,0.468995933708249,-0.69577697390593,0.486568511555501,0.999550560551813
"4931406C07Rik",11.9519359327889,-0.396085140599291,0.568919805190364,-0.696205575875072,0.486300096259396,0.999550560551813
"Lsm14a",31.8458150557586,-0.264974843557667,0.380327085957881,-0.696702531428465,0.485988974261971,0.999550560551813
"Cyp2j6",18.3618469846931,-0.342463183221417,0.491530552697128,-0.696728171508875,0.485972925057623,0.999550560551813
"Ino80d",37.7765236042096,-0.251173502700241,0.360145603423637,-0.697422099041391,0.48553867553753,0.999550560551813
"Mrpl51",49.7052519311706,-0.246046533313819,0.352532498941056,-0.697940002844839,0.48521471596412,0.999550560551813
"Myh9",86.9311289001409,-0.223424896995399,0.319979687369334,-0.698247125723054,0.485022659530226,0.999550560551813
"Nsmce2",22.8285260166025,-0.305430204766977,0.437344938060533,-0.698373705024346,0.484943516325594,0.999550560551813
"Hbs1l",18.1661654040075,-0.323923752676102,0.463573178221814,-0.698754302219591,0.484705591587724,0.999550560551813
"Cyc1",48.8260609609037,-0.243236642132153,0.34787987019367,-0.69919723149471,0.484428780525036,0.999550560551813
"Tmem218",15.831800659311,-0.340235691172277,0.486250929521719,-0.699712166117475,0.484107077077634,0.999550560551813
"Riox2",9.45277512970337,-0.466529801392221,0.666537724808372,-0.699930077515639,0.483970972656333,0.999550560551813
"Pfkl",18.6576461407286,-0.436904123035194,0.624065099855897,-0.700093825365461,0.483868711691544,0.999550560551813
"Rhot1",16.3997809389271,-0.337748520752107,0.482228621501481,-0.700390863778436,0.483683240337966,0.999550560551813
"Prelid1",93.7402547813698,-0.227863354242081,0.32493376480056,-0.701260930460521,0.483140191087196,0.999550560551813
"Nbea",17.3972243136895,-0.346889532478289,0.494643609992487,-0.701291850274905,0.483120898680557,0.999550560551813
"Rab22a",29.8163396357181,-0.274807797789982,0.391800654060119,-0.701396985794247,0.483055302542106,0.999550560551813
"Smap1",56.0835837659241,-0.226747577377301,0.323253181335736,-0.701455052786619,0.483019075465858,0.999550560551813
"Zfp512b",10.6056518244234,-0.39707515952127,0.566028970612425,-0.701510311551099,0.482984601768717,0.999550560551813
"Map2k2",68.4247766561665,-0.233784919526214,0.332908276807284,-0.702250246729519,0.48252311505772,0.999550560551813
"Hsf1",15.4848080447991,-0.372394597741846,0.530238885604273,-0.702314763877523,0.482482888020483,0.999550560551813
"Mast4",28.3818813705039,-0.307311410383693,0.437535626269363,-0.70236888594416,0.482449143818261,0.999550560551813
"Ndufc2",118.045292998771,-0.208591844964072,0.29652364419408,-0.70345771424401,0.481770550156986,0.999550560551813
"E2f6",8.9019375199062,-0.437199351083674,0.620281433846283,-0.704840298657109,0.480909626798968,0.999550560551813
"Ccdc32",13.0917203262831,-0.385126900695652,0.546161774138967,-0.705151694848676,0.480715838756556,0.999550560551813
"Acd",16.1121722858591,-0.337414559593279,0.47845196312753,-0.705221392316331,0.4806724704634,0.999550560551813
"Ube2i",99.8132048712656,-0.23692782580096,0.335382073491257,-0.706441531995409,0.479913600670392,0.999550560551813
"Nsmf",14.7684236987843,-0.365906214566404,0.517953605049399,-0.706445926815214,0.479910868479516,0.999550560551813
"Hnrnpr",60.5366385582667,-0.227670859982297,0.322224973048737,-0.706558705950645,0.479840758353267,0.999550560551813
"Nfu1",24.8431849476287,-0.311063320913344,0.43997747324913,-0.706998289290164,0.479567540890883,0.999550560551813
"Mycbp",10.3787267669496,-0.407881224961799,0.576687149845585,-0.707283359913627,0.47939040423108,0.999550560551813
"Ep300",41.2134763764824,-0.264640522458882,0.374043577217166,-0.707512542864048,0.479248020846596,0.999550560551813
"Hdhd2",18.3008741749916,-0.344433595774492,0.48652409595271,-0.707947661050627,0.478977760596965,0.999550560551813
"Txlna",24.639796893709,-0.298131917621144,0.421077495060316,-0.708021495136992,0.478931909089989,0.999550560551813
"Foxn3",71.6295948001827,-0.228567994702374,0.322726129571958,-0.708241365536566,0.478795382162663,0.999550560551813
"Bphl",18.6068799560838,-0.333115517895511,0.470190694086397,-0.70846897245121,0.47865407369623,0.999550560551813
"As3mt",12.8763046486254,-0.363729968144509,0.513397606142452,-0.708476166995576,0.478649607375493,0.999550560551813
"Snx13",10.3580776836072,-0.427205927717859,0.602402635060347,-0.709170084681092,0.478218935336424,0.999550560551813
"Jam2",16.0878378141324,-0.33971604883032,0.478994663905485,-0.709227209465016,0.478183490933519,0.999550560551813
"Galk2",18.0273532892343,-0.381457917725382,0.53749626967737,-0.709694074629301,0.477893867396897,0.999550560551813
"Msl1",41.2950409105045,-0.253263298685664,0.356745196752895,-0.709927704677943,0.477748969146854,0.999550560551813
"Snrk",21.6307443387915,-0.31686456284867,0.446168077342346,-0.710191022038403,0.47758568751794,0.999550560551813
"Ubqln1",33.6412245775726,-0.269461691652837,0.379360525941223,-0.710305034990875,0.477514998192601,0.999550560551813
"Selenof",429.766248182053,-0.176428743002,0.248270715946612,-0.710630499973822,0.477313237703287,0.999550560551813
"Ptrhd1",15.7997373317177,-0.357031668759621,0.502310148581022,-0.710779325817328,0.477220993937869,0.999550560551813
"Arpc1a",80.814860320821,-0.207181528057704,0.291457458295761,-0.710846547791764,0.477179332275999,0.999550560551813
"Casp3",18.0442951358699,-0.358028679599936,0.503192328285472,-0.711514582942565,0.476765417319765,0.999550560551813
"Aaed1",41.2945110235385,-0.257849415768759,0.36221583554717,-0.711866766893962,0.476547283120856,0.999550560551813
"Capza2",92.8998553499309,-0.210785186727054,0.296071843318367,-0.71193931974273,0.47650235243803,0.999550560551813
"Prdx2",247.705905758844,-0.223601305077535,0.313946256207947,-0.712227971049378,0.476323618826275,0.999550560551813
"Hmgcl",14.2025262162088,-0.366149109617161,0.513670156266955,-0.71280977714982,0.475963474701149,0.999550560551813
"Dcaf7",14.4336785463673,-0.373007410899049,0.523087002090311,-0.713088662896368,0.475790894417965,0.999550560551813
"Dynlrb1",150.587837609705,-0.189170965262982,0.265265937421545,-0.713137039386865,0.475760961535017,0.999550560551813
"Trove2",20.9582453789913,-0.339616992894957,0.476205150789734,-0.713173707448858,0.475738273913122,0.999550560551813
"Cntrl",14.9615802342928,-0.382702948256129,0.536418145385545,-0.713441466416213,0.475572621451438,0.999550560551813
"Ewsr1",88.2100663914023,-0.20391222056136,0.285778496816808,-0.713532413504411,0.475516363087095,0.999550560551813
"H2-Ke6",22.4076254790165,-0.345789997352305,0.482941401082304,-0.716008187695995,0.473986293244804,0.999550560551813
"Cxxc5",28.5451571658647,-0.335157876474791,0.468048558421076,-0.716075010689956,0.473945033055172,0.999550560551813
"Fgfr2",40.7061436593061,-0.27919361250234,0.389800291617667,-0.716247828711696,0.473838334864541,0.999550560551813
"Gria3",12.0237201490221,-0.433073889684589,0.604478402575244,-0.716442287829598,0.473718291208668,0.999550560551813
"Zfpm2",7.86282640508757,-0.473656242590696,0.660884174978296,-0.716700838851606,0.473558708187614,0.999550560551813
"Cox8a",431.507715303956,-0.187695611863762,0.261503878308145,-0.717754601109926,0.472908610288203,0.999550560551813
"Ankrd17",85.3386896719167,-0.225419049572035,0.313894834890831,-0.718135580824174,0.472673693302862,0.999550560551813
"Zfp326",35.6724470079868,-0.26309577025155,0.366303413221594,-0.718245478352643,0.472605941016857,0.999550560551813
"Mrpl9",21.8475882454891,-0.325566101415188,0.453198556916361,-0.71837409110566,0.47252665750796,0.999550560551813
"Znrf1",32.6990545071087,-0.349420193735045,0.486249102338847,-0.718603267449424,0.472385399590328,0.999550560551813
"Pard3b",27.4419347306349,-0.283602811436154,0.394322631343266,-0.719215152501029,0.47200836465326,0.999550560551813
"Lemd3",13.6249693353195,-0.386743192366409,0.537610556845231,-0.719374252313549,0.471910356764856,0.999550560551813
"Psmc5",72.8796684663614,-0.215334414122774,0.2990663763458,-0.720022146099736,0.471511360257776,0.999550560551813
"Syap1",30.3672729599016,-0.289929764876045,0.402365838689969,-0.720562575143068,0.471178686784596,0.999550560551813
"Bud23",17.7200555928957,-0.384417272207116,0.532883190214049,-0.721391252842304,0.470668826837069,0.999550560551813
"Rbfox2",59.0630341964886,-0.234336656733604,0.324837372519212,-0.721396848263648,0.47066538518157,0.999550560551813
"Taf6l",30.6140231229986,-0.289942552797319,0.401604469046617,-0.721960473910122,0.470318779115139,0.999550560551813
"Elp5",29.8449897223864,-0.287654492465441,0.398256104800599,-0.722285205419425,0.470119146917208,0.999550560551813
"Iws1",21.2239891099651,-0.320883387420155,0.443875405243607,-0.72291319507565,0.469733216327936,0.999550560551813
"Sema4a",9.67691701633991,-0.443191566264667,0.612976262896313,-0.723015870419822,0.469670133928382,0.999550560551813
"Mfap3",10.1728499334161,-0.421777517137009,0.583138019025206,-0.723289347249331,0.469502136159663,0.999550560551813
"Ptprd",21.6446883339547,-0.329210957672459,0.454872106629028,-0.72374399941157,0.469222915293692,0.999550560551813
"Adgrl2",15.7154929357213,-0.36841092249423,0.508938745740614,-0.723880674398476,0.469138995437837,0.999550560551813
"Lsm5",50.310063198647,-0.249351200300621,0.344265206675338,-0.724299741785331,0.468881735484838,0.999550560551813
"Phf8",13.1175450306708,-0.423145028421731,0.584196513646249,-0.724319674180664,0.468869501194591,0.999550560551813
"Setbp1",33.126002647038,-0.30366030951413,0.419089903040604,-0.724570807626232,0.468715373314801,0.999550560551813
"Ube2f",35.5451474937424,-0.261081037420044,0.35991950979078,-0.725387288874144,0.468214468912205,0.999550560551813
"Zbtb11",29.2180116989943,-0.294422610316869,0.404936514457159,-0.727083381728515,0.467174878299008,0.999550560551813
"Gstp1",89.0662799125706,-0.239076514025,0.328631029481831,-0.727492210342898,0.466924485493346,0.999550560551813
"Coq10a",13.5367311994142,-0.388990378521506,0.534639655787147,-0.727574870870357,0.466873867945528,0.999550560551813
"Myo1e",14.8847081093758,-0.409133312030149,0.562184515440775,-0.727756280710385,0.466762791481115,0.999550560551813
"Mrpl13",47.7350465732761,-0.250673741150734,0.344322893907787,-0.728019384089712,0.466601720470099,0.999550560551813
"Fam207a",12.9801831562928,-0.37590979119938,0.516163144152073,-0.728277087309101,0.466443985324967,0.999550560551813
"Scand1",104.47462330132,-0.213472239969956,0.292931427664185,-0.728744749828208,0.466157813766256,0.999550560551813
"Tecr",90.9931506595383,-0.218646518999491,0.299968269543815,-0.728898824305663,0.466063554027158,0.999550560551813
"Ilkap",40.7602893199283,-0.266716520964721,0.365768078028521,-0.729195730809301,0.465881942313638,0.999550560551813
"Cct3",75.5031359823216,-0.251264149450211,0.344421575749827,-0.729524998261777,0.465680582037832,0.999550560551813
"Pqbp1",25.4685840639526,-0.314655038682114,0.431290038758379,-0.729567136741575,0.465654816154954,0.999550560551813
"Cttn",41.152379318383,-0.258458057885373,0.35375901468263,-0.730604867037087,0.465020538347623,0.999550560551813
"2900097C17Rik",74.7855663997896,-0.236085043381185,0.321988522536233,-0.7332094992753,0.463430662478232,0.999550560551813
"Ndfip2",38.5137000998796,-0.28205116858348,0.384584797376312,-0.733391362601096,0.463319765756481,0.999550560551813
"Kat6a",22.7834000499812,-0.312249596014554,0.425256111749027,-0.734262453584285,0.462788796513388,0.999550560551813
"Tmem260",10.9727335970665,-0.415628046131931,0.566039958574206,-0.734273331477964,0.462782168092459,0.999550560551813
"Tnfaip8",16.8154087521659,-0.409603192877477,0.557537428657208,-0.734664924405127,0.462543587052314,0.999550560551813
"Fbxl5",18.8772324841437,-0.343239443585232,0.466501141697306,-0.735774069783406,0.461868204119673,0.999550560551813
"Clpb",14.6327471098722,-0.384698508164075,0.522662650318117,-0.736035964938244,0.461708810808961,0.999550560551813
"Cenpb",49.6236514910075,-0.248308644287105,0.337331512242049,-0.736096792845532,0.461671794430518,0.999550560551813
"Tbxa2r",10.3999451016733,-0.455219415526815,0.618286033351223,-0.736260227421672,0.461572345722715,0.999550560551813
"Gnb2",216.439050761759,-0.20192241111799,0.274158162743065,-0.736517961375555,0.461415540868836,0.999550560551813
"BC031181",68.6089315876142,-0.228622006965052,0.310302856563309,-0.736770552153804,0.461261893991131,0.999550560551813
"Bace1",25.8292730240813,-0.308897251603432,0.419095793621201,-0.737056435079919,0.461088030531738,0.999550560551813
"Clic1",170.516977443387,-0.22316740948783,0.302559406806918,-0.737598648288755,0.460758377069516,0.999550560551813
"Letm2",9.85879439568734,-0.446721217476726,0.605610305694172,-0.737638070680912,0.460734414279555,0.999550560551813
"Hspb11",27.2019905911167,-0.320750463582779,0.433902405658488,-0.739222597984932,0.45977184087148,0.999550560551813
"Crebrf",30.1176705775971,-0.295791786065774,0.39976044768651,-0.73992259058538,0.459346966048576,0.999550560551813
"Ndufb8",94.2224299114045,-0.228937984866836,0.309057764465214,-0.740761149498978,0.458838275215515,0.999550560551813
"Srpk2",35.9526547020404,-0.287462868092255,0.388031408834538,-0.740823710522964,0.458800336792467,0.999550560551813
"Pbrm1",67.4849204099294,-0.236379059352727,0.318747348518098,-0.741587531478105,0.458337280254027,0.999550560551813
"Gla",14.4699567538693,-0.376985021826744,0.508326089664246,-0.741620446976754,0.45831733155281,0.999550560551813
"Sema3a",10.2845480179622,-0.551314854202167,0.742858161124078,-0.742153594123444,0.457994281289509,0.999550560551813
"Gtf2h5",84.8799069454338,-0.221230757981842,0.297286577304983,-0.744166655579893,0.456775658009988,0.999550560551813
"Wdr77",12.9263194057098,-0.388764728681438,0.522284924823713,-0.744353723808241,0.456662507323456,0.999550560551813
"Ptges3",120.167184256297,-0.22526050173102,0.302306092062806,-0.745140464070505,0.456186809571529,0.999550560551813
"Gatad2b",49.6207066317184,-0.247109566516649,0.331398190016831,-0.745657562294166,0.45587430107985,0.999550560551813
"Scyl1",22.831781251881,-0.334167896244888,0.448121167843931,-0.745708795352578,0.455843344921971,0.999550560551813
"Cby1",14.7257797184686,-0.377803755658707,0.50634483000892,-0.746139257809844,0.455583296609747,0.999550560551813
"Btbd10",18.1879534342212,-0.346346378733026,0.4635415852855,-0.747174341477276,0.454958330152492,0.999550560551813
"Wipf2",12.7420467971877,-0.391721443264167,0.524050953720475,-0.747487320618651,0.454769453625093,0.999550560551813
"Etfa",77.5156899188474,-0.271088049313348,0.362630926601153,-0.747559100527322,0.454726142142557,0.999550560551813
"Ubac2",17.0301879490381,-0.356749897678963,0.477106618222641,-0.747736216713905,0.454619281447096,0.999550560551813
"Hprt",32.164705031172,-0.291819598309445,0.389237219237762,-0.749721722092535,0.453422322031493,0.999550560551813
"Chmp2b",36.1469967913846,-0.297431978352483,0.396371607824757,-0.750386688856844,0.453021845548909,0.999550560551813
"Lmbr1l",10.4001100084306,-0.431511721787488,0.575000204702175,-0.750454901161282,0.452980775959604,0.999550560551813
"Ethe1",24.5006237422616,-0.31326304152697,0.41725913031414,-0.750763779072072,0.452794831589597,0.999550560551813
"Zfp280d",15.3094497019786,-0.378195993485271,0.503461903467267,-0.751190886302801,0.452537784248518,0.999550560551813
"Pycrl",12.7676136273562,-0.403230844499486,0.536682182203868,-0.751340100101016,0.452448001855149,0.999550560551813
"Gcn1l1",23.7790643053555,-0.320654163369547,0.42667793748969,-0.751513343427313,0.452343773448955,0.999550560551813
"1700021F05Rik",15.3406896306739,-0.402924010124309,0.536084021514126,-0.751606080304879,0.452287985724315,0.999550560551813
"Hivep1",22.9940014900423,-0.353196239483511,0.469863579535204,-0.75169954613826,0.452231763416041,0.999550560551813
"Trmt1",18.8949042500453,-0.353150718175976,0.468908855841761,-0.753132967689462,0.451370015267553,0.999550560551813
"Nme4",13.1629446659722,-0.460339666902931,0.610919353636837,-0.753519534391084,0.451137777233128,0.999550560551813
"Med17",10.6977000515046,-0.417517772449871,0.554024310726681,-0.753609118528098,0.451083967341355,0.999550560551813
"Srpk1",41.473198919688,-0.284212306376461,0.377041643403465,-0.753795532533077,0.450972006958702,0.999550560551813
"Ppard",14.3957764906681,-0.394825789329972,0.523639144123479,-0.75400358006251,0.450847072041844,0.999550560551813
"Fam3c",52.1527532164884,-0.254600502063622,0.337578949256689,-0.754195433762156,0.450731879072766,0.999550560551813
"Camk2g",18.2710496871187,-0.359652497700495,0.476558914400832,-0.754686329082059,0.450437211152411,0.999550560551813
"Nrcam",8.74694669716335,-0.512574388066787,0.678817559220003,-0.755098893811412,0.450189646856432,0.999550560551813
"Bola1",17.8589117190463,-0.356139603857342,0.471640486071444,-0.755108211391747,0.450184056623621,0.999550560551813
"Topbp1",15.5171081017167,-0.389875236584479,0.51593636826826,-0.755665350541376,0.449849863488106,0.999550560551813
"Acaa1a",49.4318149333759,-0.250107046141869,0.330665300827206,-0.756375239603888,0.44942424898984,0.999550560551813
"Gpx7",80.3065047373886,-0.246526806958492,0.32586629865714,-0.756527471464226,0.449333008015532,0.999550560551813
"Cdc37l1",28.8669197598048,-0.306182909098999,0.404611240461474,-0.756733571587843,0.449209497554001,0.999550560551813
"Hsp90aa1",1108.65182587013,-0.214650970079578,0.283634856443126,-0.756786287734065,0.449177909227422,0.999550560551813
"Gm10076",52.0154654292501,-0.352919419840532,0.466080267198576,-0.757207383959401,0.44892562712618,0.999550560551813
"Rell1",29.6167554584873,-0.315307125072978,0.416365831571747,-0.757283862325398,0.448879816957788,0.999550560551813
"Wdr1",50.2607232314084,-0.273130434899556,0.360657456839452,-0.757312595982567,0.448862606322856,0.999550560551813
"Wdr18",13.9925817446605,-0.402674775135704,0.531383069763845,-0.75778623378923,0.448578964857687,0.999550560551813
"Snrnp40",22.8638402816496,-0.333176383336503,0.438923518411668,-0.759076170131342,0.447806993210592,0.999550560551813
"Psma5",107.682939556186,-0.246611869600372,0.324710144166302,-0.759483108338213,0.447563614865743,0.999550560551813
"Ints14",9.17938188396723,-0.483455406381067,0.636515883462173,-0.759533923570656,0.447533228980016,0.999550560551813
"Btbd2",21.3865860421864,-0.357351916284077,0.470131168070692,-0.760111093571108,0.447188182072879,0.999550560551813
"Eif3m",84.0422979081909,-0.229045600997559,0.300997864881326,-0.760954238289579,0.446684400754935,0.999550560551813
"Brix1",29.6866245610411,-0.315791550503223,0.414856894806701,-0.761205983211061,0.44653404509748,0.999550560551813
"Gps1",37.7977690763304,-0.286670696077361,0.376396674008868,-0.761618568581207,0.446287689142948,0.999550560551813
"Rpl9-ps6",21.8917090528217,-0.456062035371554,0.598633753382001,-0.761838156961609,0.446156603825052,0.999550560551813
"Rab10",82.6316980697561,-0.228488261062694,0.299324945570248,-0.763345202075951,0.445257551076342,0.999550560551813
"Eid3",7.61218470966842,-0.514152286138937,0.673500471188178,-0.76340300880841,0.445223086091301,0.999550560551813
"Tcerg1",22.8273200727359,-0.319875651514737,0.418514917460801,-0.764311230422741,0.444681794455885,0.999550560551813
"Tnfrsf12a",122.950026747413,-0.217853347397893,0.285006172722397,-0.764381154684981,0.444640135816116,0.999550560551813
"CT025619.1",22.2662215147386,-0.386318129596819,0.504992984983507,-0.76499702190801,0.444273317991844,0.999550560551813
"Ercc1",17.1651097650708,-0.393299742478134,0.513929210300683,-0.765279993032558,0.444104834961061,0.999550560551813
"Rae1",18.6901643120083,-0.353536767513785,0.461834842110796,-0.765504754682347,0.443971036263965,0.999550560551813
"Fgf10",18.5351742763312,-0.519013213047542,0.677993366152929,-0.765513704053666,0.443965709255893,0.999550560551813
"Raly",136.325677873542,-0.229904650769201,0.300098396263502,-0.766097565437614,0.443618251495504,0.999550560551813
"Ubqln4",10.9032033875264,-0.43529755757491,0.568186456328136,-0.766117447409762,0.443606422406229,0.999550560551813
"Mgst3",49.1435956239434,-0.294306814391602,0.383827749087049,-0.766767944974337,0.443219498135572,0.999550560551813
"Rbm15",17.4944791743239,-0.359829338794592,0.46910936501867,-0.767047869061986,0.443053055082395,0.999550560551813
"Spata6",13.5780642493101,-0.404720462375323,0.526951234880514,-0.768041586366322,0.442462478723197,0.999550560551813
"Gmfb",35.5504142799085,-0.3018572032311,0.392976104488688,-0.768131191141645,0.442409247830825,0.999550560551813
"Rala",53.4004067073148,-0.266634325279511,0.347105519716062,-0.76816503954654,0.44238914069518,0.999550560551813
"Phf1",14.1376966941047,-0.406305970226963,0.527426535995428,-0.770355570866622,0.441089000652943,0.999550560551813
"Txnl1",87.0690605163133,-0.253203423087422,0.328655285709449,-0.770422488537941,0.441049317684218,0.999550560551813
"Nudt16l1",11.2849824995557,-0.467411204512125,0.606403353486263,-0.77079257861115,0.440829886850008,0.999550560551813
"Psmb6",119.185287097147,-0.245930137606976,0.319030471918062,-0.770867234494575,0.440785630068719,0.999550560551813
"Cnot6l",37.7868860475985,-0.291105793148149,0.37762916025951,-0.770877420981204,0.440779591611354,0.999550560551813
"Uxs1",23.04556960131,-0.345239138411783,0.447784000800037,-0.770994805073337,0.440710010802204,0.999550560551813
"0610010F05Rik",11.9348672049732,-0.490006847045436,0.635089933577355,-0.771555052503052,0.440378004265001,0.999550560551813
"Cnot1",27.3261750696344,-0.312860966212663,0.405491290647134,-0.771560261413655,0.440374918101373,0.999550560551813
"Prkar1a",111.995480044853,-0.212063766351947,0.274835438529785,-0.771602699733225,0.440349774803515,0.999550560551813
"Dynll1",501.203080484698,-0.199078280588526,0.257940132617662,-0.771800334318715,0.440232693706826,0.999550560551813
"Hdac3",21.5141543508723,-0.340632243153297,0.44100142610363,-0.772406216829905,0.439873872943092,0.999550560551813
"Prkrip1",14.1170420112946,-0.419544825799892,0.542816029932937,-0.772904267126608,0.439579039189296,0.999550560551813
"Rnf149",38.5972596212022,-0.273859396439307,0.354067105424715,-0.773467493148802,0.43924575969926,0.999550560551813
"Ntmt1",15.7101882653926,-0.382909579843488,0.493968557784818,-0.775169945149203,0.43823924514664,0.999550560551813
"Rps6kb1",46.7944306557566,-0.302771932312284,0.390451951654305,-0.775439669412513,0.438079901994821,0.999550560551813
"Mllt1",8.93212831654086,-0.464856918766696,0.599328533862986,-0.775629546236435,0.437967749753077,0.999550560551813
"Rrad",41.2460518557541,-0.317496508940771,0.409246765432434,-0.775807008774487,0.437862945038508,0.999550560551813
"Map4",61.6019417803341,-0.264565086676923,0.340934998648371,-0.775998614767583,0.437749803769701,0.999550560551813
"Snrpd1",81.6340908948045,-0.267531373085947,0.344635935745971,-0.776272423555804,0.43758815183321,0.999550560551813
"Cdk8",18.1139397068005,-0.419277490766029,0.539887067317822,-0.776602212105237,0.437393496031185,0.999550560551813
"Sf3b3",48.4272078003043,-0.285071526793541,0.367030339674398,-0.776697444266965,0.437337295068441,0.999550560551813
"Coq7",12.5414322516289,-0.416693134156636,0.536355086223783,-0.776897888841459,0.437219016911653,0.999550560551813
"Rtf2",18.257174317974,-0.351972608579043,0.452969250233244,-0.777034221192286,0.437138580562137,0.999550560551813
"Atxn7l3b",89.7622918093773,-0.254805703889993,0.327407620193714,-0.778252209704939,0.4364203431625,0.999550560551813
"Cd109",20.5865838540332,-0.405087980620717,0.520247771144445,-0.778644336581396,0.436189254088089,0.999550560551813
"Lias",16.8759866601421,-0.374930486576073,0.481478878920861,-0.778705988965507,0.43615292738681,0.999550560551813
"Cep120",10.0109955816649,-0.452678935767554,0.580364647989203,-0.779990541008927,0.435396442849304,0.999550560551813
"Pxmp4",8.47484074146866,-0.53866563776681,0.68997237371417,-0.780706095328332,0.434975374822537,0.999550560551813
"Pcmt1",51.6852316492786,-0.267725892923026,0.342805605712479,-0.780984582695464,0.434811562463214,0.999550560551813
"Tulp4",69.424988684784,-0.259428912093114,0.332122643502037,-0.781123832321666,0.434729666147559,0.999550560551813
"9130401M01Rik",22.1791735769061,-0.338044337916327,0.432364967476732,-0.781849509892402,0.43430302053179,0.999550560551813
"4930402H24Rik",26.931571771896,-0.331182132903122,0.423511469339308,-0.781990942110203,0.434219896853109,0.999550560551813
"Hipk2",9.82556848084425,-0.459294627088,0.587241867550356,-0.782121732913765,0.434143035613208,0.999550560551813
"Acbd5",22.5890705858218,-0.346529973227883,0.442918614913263,-0.782378436037835,0.433992202908484,0.999550560551813
"Zfp275",9.44184146719656,-0.484759755078749,0.61912462219583,-0.782976056354319,0.433641172646662,0.999550560551813
"Rabep1",23.0834134607998,-0.347564230306661,0.443542655385536,-0.783609481718397,0.433269290483829,0.999550560551813
"Khdrbs3",22.9182087382049,-0.362458470671015,0.462398047595784,-0.783866784376795,0.433118281554933,0.999550560551813
"Tm4sf1",51.1519039004615,-0.343224751634749,0.437820914398728,-0.783938684395901,0.433076089436811,0.999550560551813
"Sucla2",25.6994956943424,-0.328808359850151,0.419315978460875,-0.784154138502096,0.432949671651103,0.999550560551813
"Rad21",39.6967647220661,-0.277541324703005,0.35389194919754,-0.784254418141859,0.432890839814153,0.999550560551813
"Siva1",56.9516815202454,-0.291193648877808,0.371161338014113,-0.784547362707093,0.432719002245642,0.999550560551813
"Ran",189.583531638225,-0.248329910008902,0.316208904640776,-0.785334968004817,0.432257198783452,0.999550560551813
"Iars",11.4855885278116,-0.445300653768585,0.566032706813207,-0.786704811239001,0.43145468697562,0.999550560551813
"Traf7",23.0884109247776,-0.333340794218676,0.423549413844452,-0.787017484437118,0.431271631003906,0.999550560551813
"Glrx5",53.175928374481,-0.268721414708734,0.341197616559337,-0.787582918715966,0.43094070926482,0.999550560551813
"Gm20342",11.8618333608763,-0.457742753632683,0.581113419522426,-0.787699506249345,0.430872494457481,0.999550560551813
"Siah2",24.6964426212887,-0.333082282802502,0.422767141678041,-0.787862276809019,0.430777268660647,0.999550560551813
"Cotl1",27.5628985694462,-0.374612174928307,0.475226011771391,-0.788282134498386,0.430531695339546,0.999550560551813
"Tmem9",27.3047879040133,-0.333998676456001,0.423370123538,-0.788904690923525,0.43016771381013,0.999550560551813
"Eci1",17.7131709973389,-0.370395299173494,0.468900671532689,-0.789922731317036,0.429572895199468,0.999550560551813
"Dhrs1",25.4846400279413,-0.373233312552469,0.472436236507453,-0.790018384939406,0.429517031461661,0.999550560551813
"Llph",49.6442789584363,-0.277488608172377,0.351127871748292,-0.790277931486158,0.42936547205856,0.999550560551813
"Scd2",78.3999826199314,-0.262865614429539,0.332355594356003,-0.79091677376121,0.428992559432023,0.999550560551813
"Milr1",12.051626553944,-0.458705928733489,0.579482398826035,-0.791578708279621,0.428606365837885,0.999550560551813
"Col7a1",32.161356678613,-0.45537549533617,0.575210155238949,-0.791668038522375,0.428554263232246,0.999550560551813
"Mtx1",17.503627346486,-0.373757110969462,0.471959427769197,-0.791926358450118,0.428403616723413,0.999550560551813
"Ttc9c",13.4484818159065,-0.405512414141337,0.511564223820157,-0.792691113372106,0.427957809113579,0.999550560551813
"Ubr5",62.86285831579,-0.256202939691406,0.323185769582885,-0.792742019619459,0.427928143323767,0.999550560551813
"Alkbh8",8.61700565450771,-0.534289914488128,0.673821204641319,-0.792925349941362,0.427821316870629,0.999550560551813
"Rnf24",16.3114313992076,-0.385340856510222,0.485683937791418,-0.793398394566038,0.427545745819532,0.999550560551813
"Emd",38.937110496459,-0.329415004210925,0.414786825036296,-0.794179044095963,0.427091206384171,0.999550560551813
"Ctnnd1",28.9040525304123,-0.339717783171407,0.427712277132173,-0.794267084052923,0.427039962090067,0.999550560551813
"Mrps30",12.5226869904662,-0.43405053662652,0.546147342294492,-0.794749883434336,0.426759008924075,0.999550560551813
"Casc4",27.5133460281777,-0.330735898915066,0.415979536741921,-0.795077328816438,0.426568521515803,0.999550560551813
"2310039H08Rik",34.8698806647901,-0.350466846303654,0.440635005120633,-0.795367690335237,0.42639964867856,0.999550560551813
"Trrap",33.1005184646873,-0.321571876774198,0.404094160061511,-0.795784518947882,0.426157291371663,0.999550560551813
"Nectin2",13.2961213226394,-0.418359703671291,0.525541638708684,-0.796054342524122,0.426000450285888,0.999550560551813
"Slc44a2",31.3702893042512,-0.347734606159786,0.43664434086304,-0.796379509860308,0.425811484139502,0.999550560551813
"Tbl1xr1",24.1810820638596,-0.333172464502355,0.417965538957908,-0.797129029663633,0.42537609826972,0.999550560551813
"Zfp511",15.0858076909729,-0.416215507161585,0.520800345041371,-0.799184392108115,0.424183500747221,0.999550560551813
"Sox9",26.6763356238003,-0.514902817575517,0.644273754353617,-0.799198809661438,0.424175142059155,0.999550560551813
"Tbpl1",34.5638970515227,-0.321023257930722,0.401293082059988,-0.799972070993074,0.423726978942334,0.999550560551813
"Fbn2",35.376415200348,-0.488999325248823,0.611065462298386,-0.800240490453447,0.423571474465111,0.999550560551813
"Thrb",15.1407317262477,-0.459431932536146,0.573971492436077,-0.800443817490312,0.423453702463363,0.999550560551813
"Fyttd1",42.3545223465075,-0.293824169144668,0.366962182051115,-0.800693323498224,0.423309208660034,0.999550560551813
"Ddx19a",12.1666670311108,-0.463556969568318,0.578804871401267,-0.800886434224477,0.423197394280893,0.999550560551813
"Cacna1a",12.5271358255024,-0.438928257204361,0.54772169228227,-0.801370957895453,0.42291692299934,0.999550560551813
"H3f3a",1039.89190953001,-0.245049039844489,0.305765304246829,-0.801428535026568,0.422883601149602,0.999550560551813
"Atpif1",190.364054926807,-0.239340406791955,0.298600540595771,-0.80154043363224,0.422818846007468,0.999550560551813
"Hat1",17.2546203514249,-0.39063959817136,0.487307013777056,-0.801629336593293,0.422767402465551,0.999550560551813
"Kif5b",105.788013047928,-0.24353396888705,0.303687801574766,-0.801922130636167,0.422598003628163,0.999550560551813
"Prkar2a",17.8624445934493,-0.367955189738064,0.458478867543005,-0.802556487957539,0.422231126467204,0.999550560551813
"Smoc2",154.3531763854,-0.361754330361076,0.450708691496782,-0.802634466976236,0.422186040606094,0.999550560551813
"Ddx46",30.0026786780604,-0.330295513744121,0.411203419897607,-0.803241164254828,0.421835357135516,0.999550560551813
"Hnrnpf",166.37738931726,-0.230855877553509,0.287277391285491,-0.803599185165564,0.421628493863892,0.999550560551813
"Psmb7",52.2491925241424,-0.268301747488986,0.333819395288017,-0.803733250003334,0.42155104696706,0.999550560551813
"Psmb3",126.497738320316,-0.244650844794373,0.304352366664939,-0.803840783218583,0.421488932952421,0.999550560551813
"Tma16",13.5047869264778,-0.431789338139188,0.537129910521538,-0.803882505295475,0.421464834628617,0.999550560551813
"Nabp2",35.6360798432085,-0.293386518951482,0.364831556615586,-0.804169797352853,0.421298919075958,0.999550560551813
"Mocs2",45.5895836245812,-0.282567857503869,0.351242498250571,-0.804480832790027,0.421119334568409,0.999550560551813
"Fam220a",37.3521539198363,-0.288305337902152,0.358246727492995,-0.804767540850151,0.420953835909573,0.999550560551813
"Pafah1b3",24.7929328900978,-0.389072021828731,0.483345924850848,-0.804955626653502,0.420845286460405,0.999550560551813
"Zmat5",25.4146396219553,-0.352866489399866,0.438275622824612,-0.805124608860746,0.420747776232106,0.999550560551813
"Ythdf1",29.7824716316958,-0.347146542963433,0.43115942696711,-0.805146591378865,0.420735092319246,0.999550560551813
"Snrnp27",47.4736212314407,-0.27980158456386,0.347437440566367,-0.805329397164992,0.420629622077491,0.999550560551813
"Sdhaf1",12.9463146221164,-0.419848143585184,0.521320808530083,-0.805354662072646,0.420615046648886,0.999550560551813
"Pdcd11",10.4261309107966,-0.480611147840924,0.596486585608712,-0.805736724742036,0.420394669285669,0.999550560551813
"Mogs",16.4321235346682,-0.382135328944169,0.474028793885171,-0.806143706613605,0.420159992902504,0.999550560551813
"Eif2s2",237.089631892861,-0.209390461355676,0.259586326319049,-0.806631321167209,0.419878922978796,0.999550560551813
"Aamdc",38.6331872657364,-0.288646720665061,0.357776123237212,-0.806780279391878,0.419793082779656,0.999550560551813
"Mtor",8.92219870548322,-0.50984986889784,0.631930841945368,-0.806812763447805,0.419774364553388,0.999550560551813
"Inhba",155.759668432766,-0.755845788540551,0.936343150834428,-0.807231609337852,0.419533057720738,0.999550560551813
"Col4a3bp",18.9960845250403,-0.388154719044046,0.480736300064248,-0.807417120346791,0.419426206590503,0.999550560551813
"Zswim8",30.4983395823897,-0.334576010798203,0.413787068118822,-0.808570486069728,0.418762246994944,0.999550560551813
"Rap1a",76.6967422447428,-0.260795634902203,0.322479974330718,-0.808718852832533,0.418676881422917,0.999550560551813
"Ldlr",27.445949249453,-0.366962901796415,0.453466868713064,-0.80923861722876,0.418377906119915,0.999550560551813
"Syt13",12.9438110468072,-0.503668269468251,0.621689019037825,-0.81016111599939,0.417847582331573,0.999550560551813
"Cct5",101.004664113848,-0.243247448946359,0.300223627211457,-0.810220871707182,0.417813243781284,0.999550560551813
"Usf1",15.3067083641303,-0.436272087672066,0.537989880990735,-0.810929913530436,0.417405920602882,0.999550560551813
"Mbd3",55.6761699282285,-0.283929574955423,0.349574779467826,-0.812214128798599,0.416668773716329,0.999550560551813
"Dpp9",18.0254928236714,-0.382766974830371,0.471244981399181,-0.812246262429981,0.416650338682065,0.999550560551813
"Zfp263",10.6257044192461,-0.464481249656744,0.571460247896125,-0.812797130450924,0.41633438104537,0.999550560551813
"Ubqln2",22.6292300523062,-0.349160336650849,0.428766265831923,-0.814337237966666,0.415451782595319,0.999550560551813
"Gpcpd1",15.4101049884105,-0.403972732216994,0.495627561480311,-0.815073179163871,0.415030423018114,0.999550560551813
"Mfn2",12.8251362567769,-0.443890793538976,0.544342506797962,-0.81546230175945,0.414807734870704,0.999550560551813
"Gadd45gip1",24.9420558888893,-0.333035658709452,0.408376901911333,-0.815510517736777,0.414780146618122,0.999550560551813
"Fam92a",48.167796961641,-0.287851631669692,0.352967535157508,-0.815518717723546,0.414775454851725,0.999550560551813
"Atp5b",289.364380912334,-0.226789670572569,0.277847241686772,-0.816238697191163,0.414363628286759,0.999550560551813
"Adgrl1",19.7456165460703,-0.369317067129191,0.452263129869477,-0.816597778456484,0.41415832506749,0.999550560551813
"Prickle1",9.1140425865771,-0.526756241421257,0.643919551044548,-0.81804666524998,0.413330541587092,0.999550560551813
"Trim44",25.9242544404975,-0.339698555361583,0.415239148095195,-0.818079309043629,0.413311902704285,0.999550560551813
"Mex3c",42.5894992119928,-0.309428864364976,0.378025303962955,-0.818540084806859,0.413048863055873,0.999550560551813
"Ppp3cb",34.8242220100961,-0.341036610377542,0.416489670625283,-0.818835698531343,0.412880160467682,0.999550560551813
"Ubn1",75.5358758969696,-0.289778882399653,0.353872782689792,-0.818878694758719,0.412855626527573,0.999550560551813
"Csnk1a1",200.37093315483,-0.234287411324784,0.285991734778491,-0.81921042755395,0.412666366578785,0.999550560551813
"Ranbp1",99.2811872030331,-0.281389731011609,0.343355508562933,-0.819528809044966,0.412484772169227,0.999550560551813
"Pcnx3",11.9493192977322,-0.455210679280527,0.554955584157682,-0.82026506674665,0.412065016273708,0.999550560551813
"C1qbp",61.4944008585673,-0.300153717390704,0.365817123630464,-0.820502097911385,0.411929933778858,0.999550560551813
"5430416N02Rik",13.8515085025056,-0.439135681469426,0.534873348574804,-0.821008716623336,0.411641303199642,0.999550560551813
"Cers4",18.9478995211188,-0.387434298203794,0.471818792399664,-0.821150629107647,0.411560474403299,0.999550560551813
"Cct2",107.369027947074,-0.255287408144339,0.310348646200716,-0.822582638170213,0.410745375129643,0.999550560551813
"Ssc5d",32.9552673531491,-0.388621027182416,0.471903471101721,-0.823518051848885,0.410213455945175,0.999550560551813
"Podxl2",26.3002530206301,-0.334217987304541,0.405451714314424,-0.824310208848589,0.409763319388511,0.999550560551813
"Tma7",142.222466201795,-0.233362753784999,0.28298143786879,-0.824657460017579,0.409566089460153,0.999550560551813
"Mllt6",15.3698995428121,-0.51388813598181,0.622945271682438,-0.824933038810795,0.409409607828556,0.999550560551813
"Nudt19",14.8620325085398,-0.440194642944011,0.533233904345726,-0.8255188564653,0.409077081752306,0.999550560551813
"Pop4",14.4592530273784,-0.492447954677394,0.596282379081751,-0.825863671228626,0.408881430652658,0.999550560551813
"Agap1",28.0335119274459,-0.378720277829123,0.458216878702268,-0.826508789684287,0.408515534063471,0.999550560551813
"Cep164",17.2253008084965,-0.385648144154871,0.466280717688587,-0.82707289734514,0.408195744803895,0.999550560551813
"Hmgn1",229.241659574195,-0.238914940424339,0.288490114610556,-0.828156419664011,0.407581920927899,0.999550560551813
"Samd14",13.4607661686902,-0.427570346308974,0.515561286243702,-0.829329815324544,0.406917804053083,0.999550560551813
"Umad1",9.71270511848991,-0.505130800447553,0.608131544312147,-0.830627526514682,0.406184079494652,0.999550560551813
"Zfp593",15.7516477420747,-0.411713854648602,0.495582208960802,-0.830768028400243,0.40610468729221,0.999550560551813
"Mras",13.8078358778565,-0.430825964395215,0.518578320205837,-0.830782829918938,0.406096324063762,0.999550560551813
"Cdc42se2",17.1209741554796,-0.399914153994467,0.48057150889142,-0.832163677195485,0.405316563194035,0.999550560551813
"Saraf",67.4654382731597,-0.272161837936251,0.326941896835922,-0.832447112377396,0.405156618839111,0.999550560551813
"Cap1",42.2060575100694,-0.305361402878143,0.366573216340935,-0.833016132291943,0.404835631044779,0.999550560551813
"Hs3st6",9.81954423124023,-0.694657818136571,0.83388685678525,-0.833036055772091,0.404824394837533,0.999550560551813
"Bola2",83.5314457186216,-0.305557408537189,0.3667568323488,-0.8331335140516,0.404769434164058,0.999550560551813
"Pkig",30.6489490948387,-0.346718776697437,0.416073574304923,-0.833311217316919,0.404669231577521,0.999550560551813
"Lats1",25.2122694047192,-0.407323163128511,0.488459403540681,-0.83389358496522,0.404340952495031,0.999550560551813
"Cox14",47.9243140992182,-0.287366356271553,0.344556292557086,-0.834018598641447,0.40427050339901,0.999550560551813
"Lamtor5",64.7374870023302,-0.266047989596928,0.318645322855726,-0.834934551094562,0.40375455976867,0.999550560551813
"Cdca3",7.45402266298912,-1.53409663012378,1.83697375444154,-0.835121692084362,0.403649194300716,0.999550560551813
"Fance",12.5453138379916,-0.455883547919389,0.545448582150316,-0.835795642042306,0.403269878573648,0.999550560551813
"Slc35b1",41.5275892439602,-0.301512596682948,0.360109473143724,-0.837280380465333,0.402434984726791,0.999550560551813
"Ppp2r5e",24.4298512283201,-0.344788697162818,0.41177463956898,-0.837323778666216,0.402410596774616,0.999550560551813
"Cndp1",9.02091168976436,-0.60989041342957,0.728193621831828,-0.837538801693076,0.402289776007014,0.999550560551813
"Pdrg1",35.54159748463,-0.309185044222582,0.369098371253287,-0.837676533691366,0.402212396258426,0.999550560551813
"Cept1",18.7934871459849,-0.420431249889018,0.501210633344094,-0.838831465094598,0.401563891087672,0.999550560551813
"Farp1",14.2054104494592,-0.421638287355389,0.502578852563275,-0.838949520468142,0.401497637222892,0.999550560551813
"Cks1b",39.0168401886102,-0.321477733938761,0.383124942137917,-0.839093722650496,0.401416718408116,0.999550560551813
"Ube2n",86.552500566991,-0.281436284803355,0.335070600295381,-0.839931299717896,0.400946907030115,0.999550560551813
"Manf",187.659632640181,-0.244419364346476,0.290992167726824,-0.83995169442475,0.400935471408493,0.999550560551813
"Ccdc107",28.2225833551509,-0.33458938978134,0.398296905356047,-0.840050186888204,0.400880247947047,0.999550560551813
"Yrdc",30.0442730501646,-0.38415223443109,0.457216576671832,-0.840197521330939,0.400797647943356,0.999550560551813
"H2-Aa",16.297161849749,-0.565206792125075,0.672025201033119,-0.841049995232575,0.40031992684701,0.999550560551813
"Uba7",9.09530369637113,-0.532578976144921,0.632929593364649,-0.841450584280212,0.400095557468855,0.999550560551813
"Tbc1d10b",12.6179665337342,-0.437922885353401,0.520327840108542,-0.841628780159155,0.399995774499866,0.999550560551813
"Naa60",13.4554280877041,-0.434374500309172,0.515814137074694,-0.842114376260825,0.399723934956197,0.999550560551813
"1810022K09Rik",65.850500064708,-0.28475845184834,0.337893703328387,-0.842745659488047,0.3993707050662,0.999550560551813
"Asna1",19.2966337006436,-0.428538483553165,0.508307474897339,-0.843069411166372,0.399189625072722,0.999550560551813
"Nxt1",15.1794345416392,-0.438216937431262,0.519569109956613,-0.843423769877034,0.39899148267618,0.999550560551813
"Dnajb12",11.2790253909477,-0.479996707404416,0.569048766352401,-0.84350715753448,0.398944864432528,0.999550560551813
"Map3k12",10.6594145523343,-0.567930666708873,0.672997854424693,-0.843881838515465,0.39873543781803,0.999550560551813
"Hnrnpa0",231.21881927497,-0.261803970610717,0.310169595598542,-0.844067163016116,0.398631875813175,0.999550560551813
"Cpxm2",52.4044238439678,-0.377710496284435,0.446861818198405,-0.845251218390586,0.397970590993112,0.999550560551813
"Akap8l",22.6749241251354,-0.402606623724956,0.476157011072667,-0.845533331154739,0.397813130992573,0.999550560551813
"Purb",108.213267645371,-0.255543492675933,0.302150424663234,-0.845749242155632,0.397692646585362,0.999550560551813
"Polr2l",52.9807411072925,-0.341810026477473,0.403774809560733,-0.846536283056708,0.39725364190668,0.999550560551813
"Cdc42bpa",36.2178628955062,-0.323737467901908,0.381917491075367,-0.847663370929567,0.39662547113712,0.999550560551813
"Psmc4",49.3769476590908,-0.296869632394844,0.350052815856112,-0.848070973715211,0.396398445622575,0.999550560551813
"Ss18",52.5216281380178,-0.34970837202476,0.412140385651392,-0.848517602738792,0.396149773470527,0.999550560551813
"Cfap20",38.9582243207802,-0.307750329720988,0.361915086255303,-0.850338494880797,0.395136920398088,0.999550560551813
"Kmt2d",21.9086955282612,-0.367377872222917,0.431963866491146,-0.850482877670156,0.395056675955245,0.999550560551813
"Cwf19l2",19.3162428920501,-0.390362557420977,0.458390762637801,-0.851593420370522,0.394439792718967,0.999550560551813
"Necap1",8.51804804631775,-0.527017467026763,0.618608574129065,-0.851940126708956,0.394247324034493,0.999550560551813
"Tspan14",11.0630481127514,-0.480314264163652,0.563762732702225,-0.851979452173811,0.39422549669748,0.999550560551813
"Brd1",56.5762530334516,-0.302696749197585,0.354875944095561,-0.852964970530871,0.393678730133575,0.999550560551813
"Kctd12",61.6534492883169,-0.296853086446425,0.347943745066108,-0.853164026242302,0.393568349591368,0.999550560551813
"Nvl",19.4312133079786,-0.535203248922402,0.626305817712858,-0.854539801141966,0.392805966254856,0.999550560551813
"Faim",12.3591867394215,-0.465224479712002,0.543295653740974,-0.85630075725547,0.391831442522031,0.999550560551813
"Acadm",22.0624049878106,-0.362593314743161,0.423365250497891,-0.856455068801089,0.391746115545054,0.999550560551813
"Rbm34",14.7788299211416,-0.426862380017379,0.497808135842377,-0.857483735767103,0.391177599581641,0.999550560551813
"Ptdss2",14.2982164750575,-0.438696040843765,0.511587178853975,-0.857519615379151,0.391157778951725,0.999550560551813
"Erh",97.3717416291859,-0.28703116032621,0.334697351179017,-0.857584200517582,0.39112210234005,0.999550560551813
"2810474O19Rik",43.4845540458669,-0.361085894469663,0.42058531389958,-0.858531866274048,0.390598842218025,0.999550560551813
"Terf2",10.592119123662,-0.500539305535028,0.582867102426262,-0.858753742407947,0.390476393270914,0.999550560551813
"Zdhhc4",16.1659699456481,-0.463528837487729,0.539537400464803,-0.859122717143253,0.390272815239473,0.999550560551813
"Larp4b",33.5211141746774,-0.339839648671714,0.395395534903512,-0.859492884143582,0.390068644224002,0.999550560551813
"Mtdh",127.514251953197,-0.256267959824177,0.298072114695862,-0.85975154061513,0.389926017015999,0.999550560551813
"Borcs6",19.1580838746426,-0.389228633878961,0.452406143156963,-0.860352229443352,0.389594910188591,0.999550560551813
"Ghitm",57.8679328621389,-0.30074284357516,0.349473883375508,-0.860558851123113,0.389481057402297,0.999550560551813
"Akirin2",38.8634079458338,-0.32481494807198,0.377284456994476,-0.860928517065138,0.389277414386281,0.999550560551813
"Pik3c2a",18.4887366408912,-0.400620316220282,0.465223158618385,-0.861135798591884,0.389163254684562,0.999550560551813
"Jam3",28.1623147729621,-0.356348172267707,0.413699926766845,-0.861368710051862,0.389035003681491,0.999550560551813
"Myo10",19.3970168396161,-0.389276526809218,0.451776166763455,-0.861657952428106,0.388875770282311,0.999550560551813
"Atg9a",18.8912962836957,-0.397857820908275,0.461114388934556,-0.862818056551128,0.388237509795808,0.999550560551813
"Trim24",15.1156454778232,-0.438115535209591,0.507555385127243,-0.863187640300096,0.388034308100795,0.999550560551813
"Rrp1",44.5887958058231,-0.292655227972036,0.339009080796078,-0.863266633698451,0.387990884964818,0.999550560551813
"Chst14",13.2020300583745,-0.464267214645571,0.537618598480568,-0.863562413870532,0.387828319164798,0.999550560551813
"Tecpr1",13.9249566589431,-0.451821599119934,0.523124024510499,-0.863698813188164,0.387753365773458,0.999550560551813
"Sgta",41.2182829543103,-0.322647427163385,0.373463024632997,-0.863934060086541,0.38762411495798,0.999550560551813
"Necap2",27.2336592276364,-0.372963737110743,0.431387923216866,-0.864566940885935,0.387276524037256,0.999550560551813
"Pum2",61.8557582271611,-0.277290791243389,0.320604726589109,-0.86489926144716,0.387094083001877,0.999550560551813
"Sqle",17.0315078319436,-0.432161789582228,0.499446948935255,-0.865280667953886,0.386884758837635,0.999550560551813
"Rassf5",6.30506906387464,-0.648181070038091,0.748183029796865,-0.866340245934307,0.386303601957343,0.999550560551813
"Rab13",26.5705252527174,-0.354027819286094,0.408565773608957,-0.866513648852382,0.386208544767175,0.999550560551813
"Lamb1",101.473989785316,-0.273743258527173,0.315894046096447,-0.86656669193314,0.386179470103183,0.999550560551813
"Ltn1",13.0504590989542,-0.450987643418493,0.520302081201878,-0.866780394913525,0.386062345981652,0.999550560551813
"Frs2",15.2275244586624,-0.429813794076647,0.495852062144992,-0.866818607584949,0.386041405061791,0.999550560551813
"Pten",95.5855208235276,-0.253813612646978,0.291916738137996,-0.869472625194223,0.384588674777883,0.999550560551813
"Ube2q2",18.2990878668536,-0.399817759447116,0.459835333320861,-0.86948029104178,0.384584483569569,0.999550560551813
"Dynll2",35.5043853242511,-0.319478653303225,0.36736866381155,-0.869640458684057,0.38449692026126,0.999550560551813
"Smarcc1",27.48813465461,-0.341159456654935,0.392239518868899,-0.869773289643878,0.384424311109967,0.999550560551813
"Nudt3",35.8524567727626,-0.357582500566685,0.410811054462675,-0.870430570653433,0.384065146214525,0.999550560551813
"Tgfbr1",45.2706440100024,-0.308030740493766,0.353881427040441,-0.870434888515822,0.38406278743923,0.999550560551813
"Higd1a",95.1024068151242,-0.341032436339157,0.391312175287841,-0.87150990405116,0.383475800499662,0.999550560551813
"Pabpn1",62.4311090421666,-0.312377026723539,0.358192537140413,-0.872092504264224,0.383157915022116,0.999550560551813
"Saysd1",10.1459301178539,-0.538272577585766,0.617146538804726,-0.872195732683324,0.383101607104404,0.999550560551813
"Fam120b",13.8125160775652,-0.481020224418698,0.550456994929421,-0.873856139261839,0.382196603201971,0.999550560551813
"Cbx3",147.857241288417,-0.240878030485038,0.275286712429949,-0.875007835862522,0.381569642148506,0.999550560551813
"Ado",16.8653361412562,-0.426070666987502,0.486767254889956,-0.875306756375435,0.381407018895394,0.999550560551813
"Psmc1",38.7180266048675,-0.317558660538042,0.362534158649193,-0.875941350523407,0.381061918436634,0.999550560551813
"Ube2a",44.3708559381154,-0.360042047825559,0.410882188850223,-0.876265892257509,0.380885502584016,0.999550560551813
"Psma7",146.580547422368,-0.257281901756268,0.293489196195809,-0.876631593568493,0.380686773133095,0.999550560551813
"Rnd1",16.1588156891896,-0.54865632913272,0.625331467373942,-0.87738480751142,0.380277662237286,0.999550560551813
"Cyth2",36.1725469091954,-0.354675006434495,0.404240579474625,-0.877385953917471,0.380277039768646,0.999550560551813
"Zfp532",9.54284976341277,-0.518089025312298,0.590357387839962,-0.877585401629199,0.38016875438372,0.999550560551813
"Zfp821",14.947006496422,-0.457730438328386,0.521294884304426,-0.878064320426134,0.379908814221648,0.999550560551813
"Mex3a",14.1673712981924,-0.477530541380955,0.543643067116217,-0.878389830139913,0.37973220145934,0.999550560551813
"Brd3",31.6480761260437,-0.342724113852201,0.389963993895063,-0.878860918488865,0.379476691081939,0.999550560551813
"Tmco3",18.4009927811492,-0.413159340468032,0.469984195979466,-0.879091986501782,0.379351402348618,0.999550560551813
"Aatf",13.668448536187,-0.457602420612843,0.52052782041679,-0.879112321501736,0.379340377608094,0.999550560551813
"Cdk7",23.4970982221561,-0.428369736475373,0.487174705406757,-0.879293879015567,0.379241953863144,0.999550560551813
"Palld",55.6916826113024,-0.317853986447055,0.361440911611608,-0.879407881719294,0.37918016013785,0.999550560551813
"Txndc11",21.2592744625462,-0.395588401482466,0.449470515268315,-0.880120915709713,0.378793809619661,0.999550560551813
"Cdyl",9.53101948282661,-0.519670151318747,0.590091595019522,-0.880660147856461,0.378501792894796,0.999550560551813
"Ube2s",213.623060376158,-0.281103686724049,0.31848158753559,-0.88263716875826,0.377432339631123,0.999550560551813
"Clu",16.7089705924163,-0.49154591757908,0.556360139824732,-0.883503116765213,0.376964499297349,0.999550560551813
"Rbm4b",39.9240855285146,-0.335260765585997,0.37944271603751,-0.883560947188811,0.376933268358958,0.999550560551813
"Ssbp2",69.6403320108563,-0.299953612453471,0.339459840682046,-0.883620318240889,0.376901207074421,0.999550560551813
"Mvk",12.7596962243538,-0.497832402644797,0.563110707943462,-0.884075539005345,0.37665543672453,0.999550560551813
"Med8",21.0934126764671,-0.404476009487329,0.457389206947289,-0.884314722218494,0.376526343092236,0.999550560551813
"2310035C23Rik",14.0911903532516,-0.49167891257596,0.555683598159366,-0.884818112689643,0.3762547388744,0.999550560551813
"Mcc",25.4832395151196,-0.406177357932342,0.458804049672903,-0.885295930194861,0.375997044432058,0.999550560551813
"Atp5g1",172.143235522337,-0.296958654342621,0.335421386824344,-0.885330113127623,0.375978613219694,0.999550560551813
"Mrpl39",10.9246901382371,-0.55949421810739,0.631797947376628,-0.885558777818985,0.375855333068857,0.999550560551813
"Cd82",19.0024966120471,-0.445221132037264,0.502661868254754,-0.885726887506059,0.375764715899787,0.999550560551813
"Spred2",12.9474943838167,-0.477282983262728,0.538414939190043,-0.886459398731993,0.375370023479129,0.999550560551813
"Plekha4",14.532991910218,-0.623867863687001,0.70321594985014,-0.887163984007974,0.374990619887651,0.999550560551813
"Fam91a1",23.998584604281,-0.374881820409794,0.42247989721288,-0.887336469457855,0.374897776409088,0.999550560551813
"Alkbh3",13.53407722956,-0.47237663254928,0.532107108931887,-0.887747268585632,0.374676713411899,0.999550560551813
"Prpf38b",65.0957210621584,-0.290170689681642,0.326669644025695,-0.888269525462297,0.374395788123586,0.999550560551813
"Gopc",14.6070451405395,-0.515085039131563,0.579478996299776,-0.888876115304616,0.374069663149039,0.999550560551813
"Pin4",36.7659562982869,-0.355749709866063,0.399773168316339,-0.889878906491692,0.373530911319083,0.999550560551813
"Gtf2i",34.9644119331489,-0.321698823085787,0.360940317547116,-0.891279825074665,0.372779069271938,0.999550560551813
"Pyurf",13.0453496523411,-0.496383788114522,0.556457860515352,-0.892042009532952,0.372370415757392,0.999550560551813
"Uqcrc2",54.1060488444606,-0.316665473698155,0.354881192347523,-0.892314049114373,0.372224626023569,0.999550560551813
"Skil",91.655040644392,-0.290967287705387,0.325693048804111,-0.893378869379526,0.371654314618309,0.999550560551813
"Adpgk",14.7464938310696,-0.455350098032273,0.509529558679928,-0.893667678891836,0.371499723440518,0.999550560551813
"0610010K14Rik",26.2907084333998,-0.368839867763669,0.412472761081527,-0.894216303633117,0.37120617074076,0.999550560551813
"Mef2c",64.8361483399683,-0.307081791030748,0.343228572001257,-0.894685979201124,0.370954975773691,0.999550560551813
"Arhgef11",14.112302421536,-0.44695843966007,0.499506075052836,-0.894800808203967,0.37089357822769,0.999550560551813
"Mcm6",10.1726458408532,-0.566600307522063,0.63266276544339,-0.89558029722987,0.370476962537955,0.999550560551813
"Tsr3",11.4401697989901,-0.513357467715859,0.573052025812012,-0.895830473661504,0.370343311665085,0.999550560551813
"Trp53inp2",17.5295475138192,-0.418241175686862,0.465906121014936,-0.897694099351517,0.369348656126574,0.999550560551813
"Usp14",28.3549045039057,-0.351254699735416,0.390841246011304,-0.89871451214557,0.368804745101842,0.999550560551813
"Tex30",17.6692619784448,-0.556967421800169,0.619143439659709,-0.899577361437096,0.368345209243636,0.999550560551813
"Fbl",52.9109679978382,-0.391048534254698,0.434597950712329,-0.899793783228266,0.368230003359685,0.999550560551813
"Zcchc8",9.31933245519875,-0.553088058712303,0.613711291238749,-0.901218645653266,0.367472079103767,0.999550560551813
"Pianp",27.9439166622457,-0.393794133192724,0.436578027522222,-0.902001723329238,0.367055952281806,0.999550560551813
"Kdm2b",13.7837525357078,-0.452759498851354,0.501919914736485,-0.902055259331679,0.367027514024749,0.999550560551813
"Vdac1",75.2932949982459,-0.277430246001068,0.307377905281148,-0.902570553167484,0.36675386081475,0.999550560551813
"Prmt2",14.3666671675173,-0.469302916117187,0.519854208258653,-0.902758713234627,0.366653967781238,0.999550560551813
"Appbp2",43.4853239366896,-0.332699322346755,0.368330012880868,-0.90326422151855,0.366385680536249,0.999550560551813
"Rrp8",11.0468027838337,-0.540648773715502,0.598453027116999,-0.903410542210865,0.366308046948137,0.999550560551813
"Aak1",23.5451758413747,-0.382316910658711,0.423171658862755,-0.903455849775389,0.366284010126647,0.999550560551813
"Srf",41.9988064536831,-0.37999455511504,0.419879014874935,-0.905009637664853,0.365460281425143,0.999550560551813
"Pja1",41.7191742379667,-0.36721089698925,0.405627688845152,-0.905290509222195,0.365311503048652,0.999550560551813
"Dmwd",15.561212257054,-0.477733128426704,0.526993660251835,-0.90652538058695,0.364657837309109,0.999550560551813
"Hdac1",45.7816060387899,-0.311426809785298,0.342549091490539,-0.90914504671486,0.363273567084598,0.999550560551813
"Timm50",19.8353201290846,-0.43245559343621,0.475514435869129,-0.909447875427343,0.363113760224775,0.999550560551813
"Cox18",14.0889476380581,-0.506732719184935,0.556454520694595,-0.910645345377741,0.362482270004042,0.999550560551813
"Snx15",15.0241400412438,-0.482913875429591,0.53023209357955,-0.910759422669953,0.362422146824407,0.999550560551813
"Cgrrf1",19.670126075271,-0.407929318205607,0.447843385523643,-0.91087494287458,0.362361269538986,0.999550560551813
"Ncald",21.5094595516788,-0.516479394591991,0.566827334705312,-0.911175878383678,0.362202711455484,0.999550560551813
"Mdfi",9.50400348149699,-0.596285447803666,0.653258818333124,-0.912785914356528,0.361355147879272,0.999550560551813
"Papola",64.6971748291967,-0.283946913347151,0.311064841820533,-0.912822264597078,0.361336026561698,0.999550560551813
"Crls1",16.5693166268159,-0.437184334900486,0.47868563748734,-0.913301550460761,0.361083967146496,0.999550560551813
"Supt16",40.9007217064856,-0.327519344313282,0.358459374838354,-0.913686089144623,0.36088181561764,0.999550560551813
"Coprs",10.8702018092316,-0.551734755373729,0.603758440651081,-0.913833609976118,0.360804282938628,0.999550560551813
"Stx7",26.3371141739325,-0.388622695324215,0.425107956082905,-0.914174128626342,0.360625356098639,0.999550560551813
"Brdt",13.472806669054,-0.516040799605389,0.564403555308981,-0.914311745118054,0.360553060782434,0.999550560551813
"Mcm4",10.8400602960617,-0.538569533305078,0.588912028837736,-0.914516102460985,0.360445720673936,0.999550560551813
"Pcsk7",12.4948385427816,-0.487743044639913,0.53290127060377,-0.915259676688904,0.360055322446139,0.999550560551813
"Dyrk2",25.3629456627225,-0.368818497259841,0.402523290349478,-0.916266228817781,0.359527276244125,0.999550560551813
"Rnf126",22.5724900466957,-0.406310359336535,0.442628998779469,-0.917947898707312,0.358646143308746,0.999550560551813
"Arl5a",32.2255057623535,-0.355787063081844,0.387478700852907,-0.91821063273593,0.358508603127692,0.999550560551813
"Mrpl18",43.5454844117162,-0.318213791864999,0.346534539651173,-0.91827438668976,0.358475233197628,0.999550560551813
"Cep57l1",11.1050652195277,-0.611161953238144,0.665343272306423,-0.918566368183963,0.358322429958315,0.999550560551813
"Ctnnbip1",20.8601201221849,-0.403480031148673,0.438687143217283,-0.919744372241217,0.357706358999684,0.999550560551813
"Abhd2",42.0979100484281,-0.354789583387093,0.38564924773405,-0.919979970067934,0.357583226418912,0.999550560551813
"Tpgs2",15.8580951816902,-0.464116518927912,0.504268483397777,-0.920375820040704,0.357376399924631,0.999550560551813
"Arl3",49.2982495124832,-0.306580436372697,0.333011830005869,-0.920629265234493,0.357244017646571,0.999550560551813
"Ankrd10",30.0865069696602,-0.357897823436058,0.388127691504149,-0.922113601451784,0.356469323010311,0.999550560551813
"Pnkd",29.6612126236089,-0.351365034077307,0.380787038914463,-0.922733701963619,0.356145998165568,0.999550560551813
"Tollip",23.4403017045898,-0.395255650471456,0.428248241169445,-0.922959191594356,0.356028472112254,0.999550560551813
"Ubap2",18.2189276261549,-0.440853297316869,0.476873367383735,-0.92446617376751,0.355243655211922,0.999550560551813
"Synj1",17.2553784773222,-0.436725705066671,0.472228587884931,-0.924818438084669,0.355060358036619,0.999550560551813
"Stip1",51.3599873887617,-0.341781012070135,0.369472516298756,-0.925051247367397,0.354939250848618,0.999550560551813
"Creb3l2",37.061726717537,-0.340098043839813,0.367433231485938,-0.925605020711985,0.354651283227991,0.999550560551813
"Atxn2",53.5641984242083,-0.299947743872141,0.324054478537757,-0.925609006317723,0.354649211208398,0.999550560551813
"Tuba1c",53.1438528647635,-0.320745168809595,0.346495924325182,-0.925682371110894,0.354611072000172,0.999550560551813
"Gm47283",168.361011415131,-0.485148106636972,0.524038047225621,-0.925787944607187,0.354556193414393,0.999550560551813
"Acap2",30.4760891630424,-0.371065783972573,0.400754922812333,-0.925916970323375,0.354489131318434,0.999550560551813
"Stk39",11.2829911926534,-0.603645787074924,0.651196744928064,-0.926979122325937,0.353937374187329,0.999550560551813
"Prpf40a",57.0542045518054,-0.307313967387276,0.331410954022625,-0.927289709821409,0.353776135598746,0.999550560551813
"Cnpy4",21.2878984620195,-0.416579202787107,0.449043492230013,-0.92770346301717,0.353561411629777,0.999550560551813
"Hnrnpu",179.036676017701,-0.248201177906742,0.267451783269093,-0.928022146171364,0.353396081986844,0.999550560551813
"B4gat1",22.7525055638659,-0.399747844347658,0.430505849627097,-0.928553804074714,0.353120371981784,0.999550560551813
"Hint1",298.35364837951,-0.289204195417193,0.311300852574349,-0.92901832110505,0.352879591635309,0.999550560551813
"Mettl6",14.1211552897101,-0.539305114288966,0.580247927167147,-0.929439105318188,0.352661569675664,0.999550560551813
"Limd2",21.2748904711079,-0.426258960953038,0.458550794443422,-0.929578502792522,0.35258936211788,0.999550560551813
"Mbd6",11.6908416404569,-0.547868184806437,0.589322763660578,-0.929657258449266,0.352548571012504,0.999550560551813
"Lcorl",13.3748771750433,-0.483243922050632,0.51897177276217,-0.931156466330758,0.35177263323093,0.999550560551813
"Mgp",473.293382816108,-1.03782723873265,1.11453535315935,-0.931174803733894,0.351763149130206,0.999550560551813
"Rpa3",27.6331252286428,-0.372744405538011,0.400194707796038,-0.931407633026429,0.351642743955008,0.999550560551813
"Smarce1",38.8440538033754,-0.376312900270726,0.403864416201147,-0.931780283617018,0.35145008602728,0.999550560551813
"Sumf2",12.6671942524554,-0.510177531323587,0.546875746407304,-0.932894784007509,0.350874295742595,0.999550560551813
"Cdc42bpb",22.5183751665348,-0.407412576115902,0.43659772960549,-0.933153217457269,0.35074086534613,0.999550560551813
"Lzic",12.0490659956603,-0.510124081981033,0.546344552112322,-0.933703978576795,0.350456612158371,0.999550560551813
"Lamtor3",49.7556947568957,-0.340398327591969,0.364522529811381,-0.933819722386172,0.350396894231411,0.999550560551813
"Polr2e",42.6250233694373,-0.34110898324738,0.364970141424632,-0.934621615663923,0.349983335291411,0.999550560551813
"Lyrm2",15.4572121992462,-0.457479726385717,0.489424650873978,-0.934729637276717,0.349927649183343,0.999550560551813
"Cnot11",10.8721951188418,-0.532550085055461,0.569486182924246,-0.935141362554009,0.349715452673997,0.999550560551813
"Dcbld2",33.3114922523167,-0.402009392686862,0.429685140566443,-0.935590633078219,0.349483999152688,0.999550560551813
"Ctnnbl1",18.2629257447368,-0.49265000300406,0.526550149804023,-0.935618389221652,0.349469703035896,0.999550560551813
"Itsn1",25.8846527388197,-0.421564093538712,0.450345874983676,-0.936089607913013,0.349227053153299,0.999550560551813
"Ddr1",10.0748162640822,-0.589334126950632,0.629540195575229,-0.936134231130612,0.349204080369965,0.999550560551813
"Grik5",13.8958843214525,-0.504455810855356,0.538702572783741,-0.936427328068223,0.34905321298628,0.999550560551813
"2610002M06Rik",11.7912321028917,-0.54345160670997,0.580158894480783,-0.936728906304772,0.348898023193776,0.999550560551813
"Uqcrc1",57.2611065009737,-0.351981538087863,0.375738623500021,-0.936772309455814,0.348875691881315,0.999550560551813
"Polr2i",53.3025500474677,-0.324975446039845,0.346836892948434,-0.93696908445135,0.348774460761555,0.999550560551813
"Rasd1",23.1650585747996,-0.562896121027605,0.600186008491371,-0.937869448910517,0.348311505307242,0.999550560551813
"Rpf1",17.8461047077876,-0.440222064150556,0.469324441830626,-0.937990918251446,0.348249077298947,0.999550560551813
"Lgals1",1622.66075792068,-0.334090663515512,0.355951736009726,-0.938584166664615,0.347944285136436,0.999550560551813
"Ikzf4",17.7505312571459,-0.478303754970255,0.50957761714935,-0.938627873111762,0.347921836864434,0.999550560551813
"Zfp266",17.5595068508099,-0.455849165227464,0.48558442326804,-0.938763978793937,0.34785193688987,0.999550560551813
"Emc8",37.0563815597595,-0.370403981701417,0.394508963694648,-0.938898772368864,0.347782719577855,0.999550560551813
"Dctn6",35.3524690058891,-0.344222086387103,0.36644087728845,-0.939365959753838,0.347542883837077,0.999550560551813
"Kank2",26.5193544140523,-0.381180507379221,0.405742179672167,-0.93946482884084,0.347492141803724,0.999550560551813
"Mrpl16",14.5278171750274,-0.499537429562804,0.531712542622827,-0.939487767391549,0.347480369852085,0.999550560551813
"Parp1",16.3030345596346,-0.445519778213147,0.474126496588477,-0.939664375264478,0.34738974405414,0.999550560551813
"Sik3",34.4777881245476,-0.361478941424425,0.384594529676288,-0.939896211546952,0.347270800791994,0.999550560551813
"Gamt",21.600714564515,-0.449348705213375,0.47797571865325,-0.940107808152818,0.347162264086267,0.999550560551813
"Pfn1",417.844896638278,-0.296564770766455,0.315430115979346,-0.940191680320956,0.347119248534971,0.999550560551813
"Prcp",19.637167853593,-0.447711889614224,0.475963630379627,-0.940643068162858,0.34688780332829,0.999550560551813
"Atg5",20.2991879945729,-0.409350932996231,0.435148219302746,-0.940716093592544,0.346850369404641,0.999550560551813
"Anp32e",49.7607165723784,-0.368486677045815,0.391417275108584,-0.941416489457683,0.346491466655038,0.999550560551813
"Drap1",128.349505521122,-0.266186058382056,0.282650774493176,-0.941748908558123,0.346321208442693,0.999550560551813
"Ptpn1",42.695047743182,-0.344064873871149,0.36534108409762,-0.941763433808648,0.346313770123899,0.999550560551813
"Bccip",41.0913845857344,-0.348746550510777,0.370255928378217,-0.941906729321919,0.346240394556489,0.999550560551813
"Mthfsl",14.7538572843759,-0.465814013022501,0.493676680301459,-0.943560900502848,0.345394080532798,0.999550560551813
"Riok1",22.2397826593748,-0.400844894355933,0.424401171755605,-0.94449525833723,0.344916623763075,0.999550560551813
"Ybx1",479.885103651122,-0.243202666655673,0.257194075178159,-0.94559980235628,0.344352745094926,0.999550560551813
"Ndufab1",87.8266158169973,-0.301236860620693,0.318443136771637,-0.945967508279876,0.344165158836706,0.999550560551813
"Rabl6",26.9419607248315,-0.37434426845025,0.395326299733466,-0.94692477758914,0.343677111084283,0.999550560551813
"Mmgt2",14.6808378844298,-0.480194873253399,0.507092924542746,-0.946956366402467,0.343661013592448,0.999550560551813
"Zranb2",40.1734471623833,-0.368376100485868,0.388556955911243,-0.948062040536511,0.343097871319763,0.999550560551813
"Dnajc19",50.9066238310732,-0.324224128775814,0.341614834830223,-0.949092649729184,0.34257349242289,0.999550560551813
"F2r",38.1391362700328,-0.420945110306944,0.443266375520516,-0.949643676023562,0.342293337927298,0.999550560551813
"Utp14a",22.0356930401807,-0.41081014657833,0.431723267927254,-0.95155896635053,0.341320700193935,0.999550560551813
"Znhit1",37.081453342276,-0.39507789873066,0.414836591193191,-0.952369938231101,0.340909399786208,0.999550560551813
"Smarcc2",29.8629455820074,-0.382797886735741,0.401504271430109,-0.953409251095292,0.340382755985692,0.999550560551813
"Plod1",46.2458741130623,-0.407491268172083,0.427360908225061,-0.953506182548373,0.340333665173255,0.999550560551813
"Nup37",10.2586291522721,-0.56685837525826,0.594002951504725,-0.954302287256819,0.33993065060099,0.999550560551813
"Sf3a3",23.482601143757,-0.401678646777499,0.420910362003133,-0.954309237876422,0.339927133314847,0.999550560551813
"Fam135a",10.0304432193321,-0.604665581682938,0.633464899952669,-0.954536836576292,0.339811972335485,0.999550560551813
"Zfyve21",24.5418445218828,-0.409677644443885,0.428727540768854,-0.955566427361287,0.339291329880277,0.999550560551813
"Gli3",20.2291972469072,-0.451320419900833,0.471829619035951,-0.956532616207897,0.33880321411168,0.999550560551813
"Gm26782",11.4814330776938,-0.527028095636735,0.550628552096301,-0.957139061587495,0.338497070013339,0.999550560551813
"Sun1",18.9167387384529,-0.445942325146959,0.465864963787667,-0.957235164287245,0.338448572017633,0.999550560551813
"Ctsc",21.2884078370939,-0.493037804066115,0.514762626912365,-0.95779642555529,0.338165421983515,0.999550560551813
"Gpr137b",11.7214496186002,-0.554271693174749,0.578587946771034,-0.957973107231168,0.338076319544637,0.999550560551813
"Sesn1",11.920632032736,-0.530688860985759,0.553795021369104,-0.958276691751,0.33792325387524,0.999550560551813
"Cab39",32.3440579690285,-0.378918221020263,0.39528245690819,-0.958601158230183,0.337759708857313,0.999550560551813
"Chodl",39.2217682057366,-0.610280042712454,0.635968064075342,-0.95960800107119,0.337252540679308,0.999550560551813
"Col6a3",504.731450198011,-0.277685044418881,0.289342295639677,-0.959711209192474,0.337200580226151,0.999550560551813
"Klhdc10",15.625802803384,-0.497898412664379,0.518633512705309,-0.960019745093657,0.337045277545693,0.999550560551813
"Rbm3",385.636610669578,-0.308055832256088,0.320712719165247,-0.960535126445553,0.336785961029603,0.999550560551813
"Msrb1",35.6593268546032,-0.397035202507812,0.412848137088026,-0.961697938879539,0.336201358014537,0.999550560551813
"Alyref",77.9247916585091,-0.357221353993139,0.371234400731621,-0.96225283349047,0.335922615482899,0.999550560551813
"Mapkapk2",51.5390128106276,-0.356684623498227,0.37037521775011,-0.963035879303566,0.335529517944254,0.999550560551813
"Cdca8",7.98197628519682,-0.732424782675433,0.76043036857378,-0.963171399965427,0.335461515173433,0.999550560551813
"Golga7",34.6217938332155,-0.349934058641827,0.362891185801177,-0.964294731681773,0.334898181440976,0.999550560551813
"Nav2",18.5073599451387,-0.594829648087353,0.616625069524038,-0.964653689066667,0.334718298363157,0.999550560551813
"Asxl2",19.6119163247267,-0.437540060098935,0.453494362728692,-0.964819182020788,0.334635386423808,0.999550560551813
"Vbp1",33.0032158008407,-0.405003073729398,0.418146492609433,-0.968567430045835,0.332761060340578,0.999550560551813
"Rilpl1",11.0657361480234,-0.536916542622314,0.553515506180278,-0.970011746061983,0.332040637273506,0.999550560551813
"Cox17",55.2349653105413,-0.337985966346471,0.348320077417069,-0.970331566451093,0.331881247647936,0.999550560551813
"Prpf4",8.17072811377486,-0.653820834341509,0.673408967879193,-0.970911979982426,0.331592111936461,0.999550560551813
"Tfdp2",9.96271175044703,-0.69494709224801,0.715486460992164,-0.971293141290652,0.331402323260371,0.999550560551813
"Eif3c",83.5451431924246,-0.287206151588894,0.295441072895026,-0.972126687648951,0.330987526823519,0.999550560551813
"Bmi1",14.4754176185775,-0.52090544397057,0.535757792779544,-0.972277866959398,0.330912331681202,0.999550560551813
"1110065P20Rik",37.6463398453816,-0.347964314760033,0.357815877791858,-0.972467507331924,0.330818022001876,0.999550560551813
"Psmd4",66.897917218693,-0.299997035819855,0.308435314515737,-0.972641658400465,0.330731430595985,0.999550560551813
"Zdhhc21",14.6692989373873,-0.486937159526819,0.500453651919622,-0.972991520111889,0.330557516660169,0.999550560551813
"Brms1l",16.6392519524689,-0.478338243897009,0.491412855209327,-0.973393835399871,0.330357601568917,0.999550560551813
"Srsf10",56.0585444185752,-0.367170097563212,0.377192220558187,-0.973429666762098,0.330339800349197,0.999550560551813
"Ssu72",38.9434437161497,-0.344450256605764,0.353790423168529,-0.973599719067818,0.330255325885066,0.999550560551813
"Ube3a",68.6306732830134,-0.314682613624713,0.323192758559709,-0.973668516049303,0.330221154560816,0.999550560551813
"Usp48",22.4091088503079,-0.432277628186266,0.443715633968277,-0.974222215972609,0.329946216251146,0.999550560551813
"Dnajc8",51.4663003553066,-0.331740576669179,0.340373754332029,-0.974636182863769,0.32974075889243,0.999550560551813
"Robo1",20.6834201365445,-0.4293788427159,0.440284314191355,-0.975230842607953,0.329445766268336,0.999550560551813
"Cdc42ep4",24.4302208900998,-0.439520523384381,0.45054127629146,-0.975538860728158,0.329293035077156,0.999550560551813
"Acot7",13.0401509210713,-0.567680244192117,0.581830585751718,-0.975679618936982,0.329223255209426,0.999550560551813
"Pycr2",18.1545923802139,-0.483328638024858,0.495259006238312,-0.975910850558641,0.329108644600158,0.999550560551813
"Heca",28.2180605858105,-0.412631670816147,0.421856116341128,-0.978133668879837,0.32800821759081,0.999550560551813
"Cyp51",27.6943974181722,-0.398151191679772,0.406725481477866,-0.978918729736482,0.327620136962071,0.999550560551813
"Utp14b",9.52101330726864,-0.581357581917874,0.593529459162408,-0.979492378926379,0.327336752377827,0.999550560551813
"Keap1",18.2066248370188,-0.485460163316956,0.495380048911986,-0.979975201631924,0.32709835974931,0.999550560551813
"Wisp1",27.0735628493303,-0.549338814876504,0.560477155517891,-0.980127039020717,0.327023413686993,0.999550560551813
"Pla2g16",25.2368716455503,-0.431910011009168,0.440252228529065,-0.981051277019609,0.326567455682161,0.999550560551813
"Yipf5",69.8879641427452,-0.306902613478239,0.312820798562522,-0.981081228896935,0.326552686316385,0.999550560551813
"Fscn1",41.1030510560697,-0.384289860139871,0.391493911947401,-0.981598559804683,0.326297657287803,0.999550560551813
"Cspg4",13.191110417667,-0.533410574486826,0.543265141392434,-0.981860483666685,0.326168585844023,0.999550560551813
"BC003965",14.87713811669,-0.484029040422459,0.492899674610585,-0.982003164852697,0.326098289044877,0.999550560551813
"Rfk",22.4163408561813,-0.43916332756515,0.446201290109337,-0.984226933672777,0.325003945738028,0.999550560551813
"Tmed1",49.9024776145816,-0.321530921506489,0.326677230489576,-0.984246502349203,0.32499432637706,0.999550560551813
"Fhl2",11.5783700952381,-0.592667553664027,0.601786772709973,-0.984846428237563,0.32469951112265,0.999550560551813
"Gmpr2",11.0753588801103,-0.557845702438701,0.565916091891635,-0.985739247269047,0.32426108489208,0.999550560551813
"Gar1",21.2178608777056,-0.464931863832888,0.471112706261503,-0.986880331720062,0.323701307322588,0.999550560551813
"Fam69b",10.4156833831974,-0.565140146842698,0.571751323959446,-0.988436971040199,0.322938688496729,0.999550560551813
"Sec11c",49.132837010364,-0.34953566955649,0.353462899125149,-0.988889273588885,0.322717319146643,0.999550560551813
"Lamtor1",46.0567691127152,-0.347558385869962,0.35134791584203,-0.989214309232527,0.322558298861551,0.999550560551813
"Zc3h13",22.5473729909,-0.436564205451445,0.441213000717193,-0.989463603161758,0.322436369057666,0.999550560551813
"Scoc",32.7014652306364,-0.370978119492795,0.374701988763621,-0.990061784077759,0.32214392108035,0.999550560551813
"Ormdl2",14.6922410375478,-0.554165723834199,0.55876578412659,-0.991767462462683,0.321310973309482,0.999550560551813
"Lsg1",13.5253446496245,-0.528457083559955,0.532652532222441,-0.992123479362838,0.321137294279458,0.999550560551813
"Mettl9",61.2008287259346,-0.325406716316873,0.327630980077778,-0.993211070087521,0.320607104682885,0.999550560551813
"Ilk",57.8205605372599,-0.312600288480099,0.31473432537983,-0.993219560983202,0.320602967708031,0.999550560551813
"Mrps11",19.7188816808839,-0.461161926836815,0.464251778247937,-0.993344448947975,0.320542123226219,0.999550560551813
"Ndufb4",102.6798588499,-0.285259004343152,0.286936976139868,-0.99415212420759,0.320148812130928,0.999550560551813
"Tsg101",34.2728079090935,-0.365880122926716,0.368002070465835,-0.994233870650691,0.320109021913507,0.999550560551813
"Uaca",19.5976153006676,-0.497079529610338,0.499799009758384,-0.994558852468793,0.3199508684544,0.999550560551813
"Med1",26.9007754469836,-0.433398955751646,0.435680444671924,-0.994763389203764,0.319851356192959,0.999550560551813
"Zdhhc18",16.6496144908291,-0.518539868816805,0.52092414877494,-0.995422980555342,0.319530586338121,0.999550560551813
"Slc17a5",9.70738708112239,-0.589427390283232,0.591769045811911,-0.996042957053514,0.319229273773756,0.999550560551813
"1600020E01Rik",13.2362352391148,-0.538464872875949,0.540566937496748,-0.996111370350297,0.319196035867063,0.999550560551813
"Kdm5b",42.7406534737542,-0.35581616064621,0.357002708153169,-0.996676362728178,0.31892162664066,0.999550560551813
"Ddx17",83.0652233268289,-0.294785620811786,0.295346423453638,-0.998101203883581,0.318230286414106,0.999550560551813
"Gigyf1",29.4406049130185,-0.383820168801687,0.38382900781652,-0.999976971477786,0.317321652447643,0.999550560551813
"Rsrc1",53.1113191017522,-0.333405446855881,0.333009984241919,-1.00118753981164,0.316736149365005,0.999550560551813
"Arl6ip6",18.461886596521,-0.470133551470956,0.469286574523173,-1.00180481819375,0.316437869718419,0.999550560551813
"Nxn",27.9326770463639,-0.49524645252109,0.494238810300839,-1.00203877599098,0.316324865432217,0.999550560551813
"Commd8",23.9313012807456,-0.40954372853931,0.408699764790416,-1.00206499690384,0.316312202082795,0.999550560551813
"Pard6g",11.8302056691281,-0.631099733765286,0.629612646633595,-1.00236190797571,0.316168832553531,0.999550560551813
"Tacc1",55.5377270528833,-0.340719207459941,0.339872950308311,-1.00248992204547,0.316107031527444,0.999550560551813
"Pgp",26.3842277557249,-0.405616504922401,0.4045283051191,-1.00269004613406,0.316010434021127,0.999550560551813
"Egflam",18.3212112419882,-0.47344004899505,0.471973122187793,-1.00310807276579,0.315808720086505,0.999550560551813
"Rac3",16.8243037047698,-0.567771328122948,0.565068198430101,-1.00478372292116,0.315001003298819,0.999550560551813
"Ubl3",42.7408623918888,-0.359665731898167,0.356921974739437,-1.00768727439865,0.313604616074071,0.999550560551813
"Mrps26",31.5107414288039,-0.415951883942562,0.412449570657387,-1.00849149455918,0.313218568887325,0.999550560551813
"Mtfr1l",38.2636157469155,-0.367420989526086,0.364240610958582,-1.00873153204727,0.31310340512144,0.999550560551813
"Tead3",16.1181879577977,-0.484277063765293,0.479768500632818,-1.0093973721212,0.31278409824805,0.999550560551813
"Nudt2",11.7367116162049,-0.592061218962884,0.586459747476183,-1.00955133154629,0.312710296788526,0.999550560551813
"Maf",95.833576060139,-0.349865082191878,0.346482530599799,-1.00976254585252,0.312609068487939,0.999550560551813
"Plekha1",24.9067821949291,-0.424411629786101,0.420158967889258,-1.01012155451116,0.312437056584225,0.999550560551813
"Psmf1",10.9430129458035,-0.60488204328435,0.598532589468362,-1.01060836774423,0.312203909267413,0.999550560551813
"Rnf185",16.2921895667649,-0.504304290703334,0.498938075757775,-1.01075527246023,0.312133575363114,0.999550560551813
"Hmbs",15.2807140110519,-0.519218362763686,0.512806140144989,-1.0125041845577,0.311297046929052,0.999550560551813
"Polr2k",54.1956488232738,-0.334067180810447,0.329786715010502,-1.01297949736941,0.311069954123805,0.999550560551813
"Prss35",16.4790352016686,-2.27513735569753,2.24545544381607,-1.01321865992184,0.310955729461356,0.999550560551813
"Fgd4",8.83583113280001,-0.711375213856884,0.701528049984408,-1.01403673576943,0.310565223533741,0.999550560551813
"Chst11",14.604896694451,-0.616403102779042,0.607692316678968,-1.01433420476283,0.310423307927441,0.999550560551813
"Fam213a",12.2168783135538,-0.578462256618312,0.570013048934336,-1.01482283203827,0.310190288030719,0.999550560551813
"Cnpy3",27.3126640415149,-0.424605773959486,0.418229340327783,-1.01524626088333,0.309988453831196,0.999550560551813
"Psmb5",116.99208821972,-0.339012794790102,0.333884027185749,-1.01536092531165,0.309933812105253,0.999550560551813
"Atg3",50.8072222483449,-0.359645046184869,0.354008951041814,-1.01592077015699,0.309667117243381,0.999550560551813
"Zc3h6",8.82178493005009,-0.652771269631735,0.64102079517205,-1.01833087872997,0.308520738584195,0.999550560551813
"Gng11",91.106545116001,-0.359970726126137,0.353080997399492,-1.01951316773598,0.307959405041625,0.999550560551813
"Dnajc1",65.0001721070224,-0.320444319274794,0.314300519343526,-1.01954753350106,0.307943098792,0.999550560551813
"Cdc42se1",28.6022175011231,-0.401394263008382,0.393141174394208,-1.02099268443935,0.307257904693261,0.999550560551813
"Sbf1",14.3988332815184,-0.504818813923864,0.494012670766658,-1.02187422265999,0.306840434203629,0.999550560551813
"Gpbp1",62.6817120255682,-0.331977741229413,0.324313187333104,-1.02363318605493,0.306008564337433,0.999550560551813
"Pclaf",13.4236329153685,-0.717326682594317,0.700257617866668,-1.02437540741027,0.30565799315649,0.999550560551813
"Vmp1",167.665912547497,-0.266351320806417,0.25993314599476,-1.02469163671718,0.305508710462448,0.999550560551813
"Smarcd1",12.3992907838934,-0.592913709787559,0.578561545374239,-1.02480663384573,0.305454435641804,0.999550560551813
"Fgd5",10.0695367066856,-0.61598192786994,0.600605075611661,-1.02560226825026,0.305079097866377,0.999550560551813
"Gm14964",8.97721743221447,-0.657854793038309,0.641168628765782,-1.02602461119261,0.304879983436339,0.999550560551813
"Furin",46.4706636610735,-0.346675191155011,0.337512500607786,-1.02714770721299,0.304350917253381,0.999550560551813
"Snx4",29.3211173248101,-0.39049139118984,0.380152405468842,-1.027196949361,0.304327734303839,0.999550560551813
"Ap4s1",26.1476833191821,-0.447903673317211,0.435198077485214,-1.02919497233401,0.303388064400373,0.999550560551813
"Nf2",12.358279779941,-0.585124516789217,0.567939140591117,-1.03025918618712,0.302888352686049,0.999550560551813
"Eif2s1",44.5350261292701,-0.374283839357035,0.363166089805634,-1.03061340214157,0.302722148688054,0.999550560551813
"Zfyve9",15.5599001814606,-0.521251767093008,0.504579476563015,-1.03304195137614,0.301584266798889,0.999550560551813
"H2afz",353.955711522281,-0.358654355651858,0.347171604591774,-1.03307514470714,0.301568734018603,0.999550560551813
"Smc2",13.1464278544618,-0.646290342123473,0.625465878092753,-1.03329432469477,0.301466182370761,0.999550560551813
"Synpo",14.4611704759158,-0.557804574136265,0.539596507689164,-1.03374385524673,0.301255925155958,0.999550560551813
"Cebpg",48.9757719541877,-0.353190823693765,0.341576332522557,-1.03400262273863,0.301134937121221,0.999550560551813
"Nifk",21.6364280188271,-0.46397073586647,0.448261223581966,-1.03504544104657,0.300647690257007,0.999550560551813
"Hnrnpm",84.3299866045637,-0.320175538832201,0.309166457261744,-1.03560891329533,0.300384631991184,0.999550560551813
"Togaram1",15.9113228186089,-0.576507080674793,0.556653943668399,-1.03566513312663,0.300358394058131,0.999550560551813
"Ccdc59",44.0724595756225,-0.409894128513054,0.395582557940325,-1.03617846713779,0.300118890472666,0.999550560551813
"Rnpep",26.7048090360164,-0.505091797715058,0.48721857867261,-1.03668419026865,0.299883062397166,0.999550560551813
"Uba2",36.5643778371832,-0.375957761455062,0.362474037638189,-1.03719914370897,0.29964305706817,0.999550560551813
"Csad",28.8852591706994,-0.421881299230659,0.406683609813017,-1.03736981046428,0.299563542364212,0.999550560551813
"Exoc6b",20.6446255386058,-0.529832405464688,0.510608953938801,-1.03764808935997,0.299433920682158,0.999550560551813
"Bnip3",21.2404807754531,-0.471495954848278,0.454273137832804,-1.03791291093644,0.299310602141737,0.999550560551813
"Zcchc6",57.494454390175,-0.340156998876878,0.327471271383333,-1.03873844395558,0.298926396549846,0.999550560551813
"Hax1",29.1057623785864,-0.453705441801887,0.436429962890672,-1.03958362252856,0.298533389025649,0.999550560551813
"B3glct",14.5889822585671,-0.573878421990273,0.551487364903405,-1.04060121502655,0.298060667085436,0.999550560551813
"Lmo4",189.112815221755,-0.273647149908477,0.262882877246359,-1.04094702848231,0.297900133568989,0.999550560551813
"Ssfa2",11.4312928000245,-0.590531369356638,0.566697817299104,-1.04205689757396,0.297385300436227,0.999550560551813
"Rnf215",18.7231338649271,-0.494803763888276,0.474826809776665,-1.04207208544313,0.297378259392095,0.999550560551813
"Ap2m1",76.5810411229087,-0.318661619048455,0.305787857360236,-1.04210030378365,0.297365177761929,0.999550560551813
"Sart3",9.55194391017666,-0.671515929329857,0.643837894131055,-1.04298913663067,0.296953324099642,0.999550560551813
"Myo5a",19.6472883905415,-0.471567489362045,0.451965032072899,-1.04337162368345,0.296776210594527,0.999550560551813
"Tyms",12.0815181224505,-0.632803137748729,0.606286849071619,-1.04373554979415,0.296607757480154,0.999550560551813
"Megf9",13.0945885699976,-0.56225129044031,0.538361922957739,-1.04437417741456,0.296312305919337,0.999550560551813
"Rnf13",45.0721744215748,-0.36611400910152,0.350300677090095,-1.04514216798775,0.295957267400103,0.999550560551813
"Irf9",25.0715080597745,-0.422560652435012,0.404292973536613,-1.04518426016312,0.295937816614883,0.999550560551813
"Ube2c",26.2924680465838,-1.44378970224797,1.38098057514134,-1.04548154277999,0.295800466744539,0.999550560551813
"Emc6",35.5521153509094,-0.449107934016231,0.429511396106733,-1.04562518733409,0.295734115693488,0.999550560551813
"Isoc1",15.8258489550959,-0.518436577504017,0.494911054678073,-1.04753485015857,0.294852967548058,0.999550560551813
"Nmt2",31.8716960770271,-0.4080397318933,0.389192352942241,-1.04842689947162,0.294441965536673,0.999550560551813
"Mrpl32",39.6312052962729,-0.376714913206249,0.359260685549171,-1.04858373977213,0.294369742790644,0.999550560551813
"Ywhah",87.9459129414075,-0.334077159386208,0.31847759026271,-1.04898168536954,0.29418654775297,0.999550560551813
"Gfer",15.2514518465395,-0.536063791300944,0.510937283927508,-1.0491772829344,0.294096532055325,0.999550560551813
"Ip6k2",22.7294105350713,-0.498974285443764,0.475540197513109,-1.04927887916354,0.294049783877213,0.999550560551813
"Rbmx",18.5535711450365,-0.531195917392614,0.504881980498192,-1.05211898604196,0.292744962385418,0.999550560551813
"Arid2",33.325927681385,-0.407056880760158,0.386758389165468,-1.05248364912908,0.292577708405525,0.999550560551813
"Slc25a36",28.7329039495198,-0.425284422543061,0.403992915134097,-1.05270267524839,0.292477282172928,0.999550560551813
"Atp2b1",96.6625246666482,-0.305470601335249,0.290068506692111,-1.05309812781395,0.292296020831546,0.999550560551813
"Cers6",11.7213557846781,-0.625941941638282,0.594207089297758,-1.05340705776168,0.292154470878406,0.999550560551813
"Dhx36",33.8654484728434,-0.395046572774708,0.374803699827986,-1.05400926660012,0.29187867459313,0.999550560551813
"Ptpa",33.0413996985178,-0.397365245857659,0.376951026780384,-1.05415615723782,0.291811428977968,0.999550560551813
"Csnk2a1",52.8611641663661,-0.369667419588526,0.350554607586944,-1.0545216396759,0.291644158585339,0.999550560551813
"Higd2a",71.054605218584,-0.33391504503761,0.316059617824257,-1.05649385814065,0.290742645394882,0.999550560551813
"Gjc1",23.9581326667785,-0.505675538385975,0.478493921343923,-1.05680660888169,0.290599857495425,0.999550560551813
"Iffo1",10.6565151010369,-0.620737855587397,0.587119596470462,-1.05725964406406,0.290393105720062,0.999550560551813
"Zkscan1",8.24145047779121,-0.670498888357668,0.633840264844296,-1.05783574434543,0.290130333695012,0.999550560551813
"Tmem245",19.9625762867122,-0.466538516104146,0.440923477009102,-1.05809406944896,0.290012557913704,0.999550560551813
"Cd24a",59.7696886490097,-1.21363326979461,1.1469809141164,-1.05811112884084,0.290004781315546,0.999550560551813
"Snrpd3",66.5542623871739,-0.360606426174661,0.340047725607688,-1.0604582798789,0.288936160455354,0.999550560551813
"Ilf2",41.8756752883222,-0.418835022078575,0.394666805444717,-1.06123701385685,0.28858220209453,0.999550560551813
"Ppp1r35",14.6738431867018,-0.540340718225874,0.508254661539279,-1.06312988175931,0.287723054958614,0.999550560551813
"Smarca4",23.2527239895772,-0.475658412307127,0.447310825936517,-1.06337335187732,0.287612672540639,0.999550560551813
"Plec",83.8986832245482,-0.334218259250277,0.314241926259061,-1.0635699164304,0.287523576617181,0.999550560551813
"Ttl",11.1257928700783,-0.667032214171697,0.627075024556985,-1.06371995064377,0.287455583822949,0.999550560551813
"Cdk2",16.7951976292415,-0.556957530705013,0.523459635425269,-1.06399327285767,0.287331747022607,0.999550560551813
"Itga7",7.91737507008541,-0.817801269695338,0.767292888719743,-1.06582672890384,0.286501975801374,0.999550560551813
"Rasl11b",31.6120165299678,-0.542232318475167,0.508618790009591,-1.06608786211957,0.286383925968001,0.999550560551813
"Mapk8ip3",15.0037240465686,-0.565368462535548,0.529588834914183,-1.06756114416038,0.285718518709858,0.999550560551813
"Skiv2l2",16.561734964176,-0.519893727993511,0.486576564978638,-1.06847260105167,0.285307383174079,0.999550560551813
"Lsm2",31.5200735011397,-0.429111440855742,0.401369342860495,-1.06911862724127,0.285016219180121,0.999550560551813
"Ttc3",74.1728487024438,-0.324843823428709,0.30378403337254,-1.06932487472225,0.284923305779527,0.999550560551813
"Ino80",18.5353272368284,-0.497309903271877,0.464906234273752,-1.06969936432181,0.284754652569948,0.999550560551813
"Prpf6",14.6572882046166,-0.55749298165306,0.520779529653322,-1.07049711040712,0.284395608948117,0.999550560551813
"Atf7",22.6648062943222,-0.468422764742061,0.437557638242256,-1.07053956736716,0.284376508825625,0.999550560551813
"Fstl3",25.8306723803964,-0.442814523699078,0.413174774012437,-1.07173659078651,0.283838360869178,0.999550560551813
"Ufm1",55.7925269239499,-0.362509169590811,0.338008020161337,-1.07248688778976,0.283501400274907,0.999550560551813
"Gnai3",57.8533820304916,-0.362175387755024,0.336954710694768,-1.07484886324412,0.282442399651555,0.999550560551813
"Taf11",23.5314502956529,-0.491478342511618,0.456863939238217,-1.07576523402376,0.282032264356814,0.999550560551813
"Srebf2",35.0798360938947,-0.41503969617515,0.385658731513911,-1.07618384405794,0.28184504371488,0.999550560551813
"Pex13",14.5097278321754,-0.538951101653822,0.500334533407312,-1.07718149691473,0.281399189848528,0.999550560551813
"Zfp706",79.8475538341111,-0.327639083978261,0.30370396544813,-1.07881068821348,0.280672129188822,0.999550560551813
"Smdt1",143.535495567626,-0.294924226090447,0.272779635549525,-1.08118124542659,0.279616498834583,0.999550560551813
"Tctn1",78.4717399764285,-1.18106878520792,1.0917939981521,-1.08176889340565,0.279355231910997,0.999550560551813
"Dhps",23.0387717563208,-0.447575118410832,0.413489397407109,-1.08243432895128,0.279059581271835,0.999550560551813
"Dync1li2",23.7192551997569,-0.470204004620278,0.434172189488757,-1.08298968935332,0.278812999596618,0.999550560551813
"Dock6",12.4499929894816,-0.582146462282341,0.537479290776648,-1.08310491636087,0.278761857033987,0.999550560551813
"Hsp90ab1",1441.42152046467,-0.260958524697881,0.24060981614867,-1.08457139810388,0.278111528594721,0.999550560551813
"Sphk1",22.8916350710573,-0.489268133567452,0.451071403170425,-1.0846800088158,0.278063405017486,0.999550560551813
"Cald1",227.616161140836,-0.307043177548036,0.282756557343133,-1.08589233237633,0.277526629639037,0.999550560551813
"Atrn",19.8377539705356,-0.550796499152404,0.506668216457868,-1.08709502838571,0.276994814795796,0.999550560551813
"Sltm",57.5197565528162,-0.356731161525184,0.328118702087281,-1.08720155009723,0.276947745929272,0.999550560551813
"Spire1",9.21071080967995,-0.696371323297265,0.640249621810445,-1.08765596975774,0.276747012234415,0.999550560551813
"Smc3",49.2564263969765,-0.369870396671882,0.339143005044199,-1.09060305290294,0.275447585640733,0.999550560551813
"Mrps24",79.1447123814882,-0.320316818849199,0.293698911459753,-1.09062991502811,0.275435760784246,0.999550560551813
"Scube3",38.2802940404697,-0.460015265703059,0.421701873580884,-1.09085421365771,0.275337036806345,0.999550560551813
"Map6",9.02346578211997,-0.692349854061826,0.63424849256622,-1.09160662134256,0.275006044526631,0.999550560551813
"Rsbn1l",25.743109300219,-0.442952370555157,0.405500149473737,-1.09236056048321,0.274674651116475,0.999550560551813
"Cstf3",17.0683817054022,-0.515143968561502,0.471191545407617,-1.09327931195341,0.274271183350513,0.999550560551813
"D230025D16Rik",10.7777564442603,-0.609339402660682,0.55733461865347,-1.09330980396096,0.274257799794984,0.999550560551813
"Ppfibp2",12.4202844036143,-0.652013611903318,0.596125454572884,-1.09375234172894,0.27406361129097,0.999550560551813
"Acp1",44.494751818681,-0.440588229478274,0.402477230556946,-1.09469106828376,0.273652002931837,0.999550560551813
"Cxcl2",199.850632016425,-0.988117072479475,0.902509958532333,-1.09485448125842,0.273580393591512,0.999550560551813
"Dsel",31.4031584416394,-0.413126760534557,0.377238843672472,-1.09513314300487,0.273458310536527,0.999550560551813
"Arl14ep",11.6808883890207,-0.625143814376806,0.570640363700078,-1.0955127855368,0.27329204725669,0.999550560551813
"Luc7l",31.0122075170696,-0.413752437313371,0.377672006919665,-1.09553376933594,0.273282859482645,0.999550560551813
"Nkain4",10.4647542414455,-0.6974256935392,0.636532090261049,-1.09566462431325,0.273225569286393,0.999550560551813
"Ate1",14.2670111906012,-0.560624032864195,0.511466056775789,-1.09611190310123,0.27302980619853,0.999550560551813
"Ylpm1",22.8688105968971,-0.488889944890267,0.445826679821606,-1.096591942604,0.272819811291567,0.999550560551813
"Arf2",22.187271228092,-0.487036106901498,0.443696872239929,-1.09767757532925,0.272345305145536,0.999550560551813
"Tubb2b",47.783365618102,-0.597446908757078,0.543444431853287,-1.09937074287361,0.271606386854261,0.999550560551813
"Uba5",38.4433450075546,-0.413980231614251,0.376375952604633,-1.09991148145727,0.271370691684947,0.999550560551813
"Rbm27",27.137504016109,-0.43317090569059,0.393707764891191,-1.10023460119031,0.271229918321575,0.999550560551813
"Polr2m",46.5118863573572,-0.376270004800333,0.341872636812227,-1.10061456894837,0.271064442032385,0.999550560551813
"Pdpk1",26.6494066654473,-0.439748816621047,0.398880646317441,-1.10245714020199,0.270262981800549,0.999550560551813
"Tgfb1i1",40.8383766572447,-0.43040146870031,0.389918990374367,-1.10382279223455,0.269670015810627,0.999550560551813
"Yipf6",11.913857500745,-0.649848841499708,0.588580831264745,-1.10409447093836,0.269552159467698,0.999550560551813
"Akirin1",42.4995688150696,-0.425701237451334,0.384912992382877,-1.10596744167026,0.268740611862476,0.999550560551813
"Adamts9",14.0125104876626,-0.751320939855367,0.679084467851493,-1.10637332382585,0.268564966838103,0.999550560551813
"Chmp7",14.345880170814,-0.581738491597157,0.525738783328382,-1.1065162206871,0.26850314715871,0.999550560551813
"Taz",18.3658001059836,-0.531636828087807,0.480021656697001,-1.10752675565925,0.268066251012871,0.999550560551813
"Pmm2",15.4926236512334,-0.545424517603184,0.492261095148533,-1.10799842396363,0.267862496548001,0.999550560551813
"Sec24a",52.7204080654152,-0.665668465443956,0.600670353480291,-1.10820928915014,0.267771440013478,0.999550560551813
"Filip1l",42.8219259184596,-0.543735976498463,0.490183064669998,-1.10925084052938,0.267321985762645,0.999550560551813
"Atad2",27.8965968415442,-0.439414452439343,0.395800471943574,-1.11019183550137,0.266916370237644,0.999550560551813
"Spred1",51.7398396273389,-0.377379505730439,0.339790169607849,-1.11062514305806,0.266729735597236,0.999550560551813
"Slc25a38",13.054922813324,-0.651250488228381,0.585592032962801,-1.11212320450021,0.26608518097403,0.999550560551813
"Slc30a9",20.3997811606552,-0.481561428837852,0.43226528259505,-1.11404141907224,0.265261418120336,0.999550560551813
"Mbp",10.2509920676196,-0.831875080651979,0.745962216023899,-1.11517053113764,0.264777351646298,0.999550560551813
"Mrpl19",11.4107123427008,-0.624349903756348,0.55946259799108,-1.11598149009114,0.264430057822204,0.999550560551813
"Akap9",57.9216055290899,-0.36840854426239,0.329997799242345,-1.1163969732775,0.264252248527822,0.999550560551813
"Ago3",22.4676372551723,-0.478358092766231,0.428251110746619,-1.11700374094128,0.263992725674971,0.999550560551813
"Rspo1",127.050144241566,-0.412522151448863,0.368652283113203,-1.1190006690456,0.263139853609292,0.999550560551813
"Cdc23",13.4090506204538,-0.575855142381525,0.514541198357593,-1.11916236099198,0.263070879590918,0.999550560551813
"Rap2c",18.5439230485765,-0.518708331789324,0.463412796234284,-1.11932241838027,0.263002615128719,0.999550560551813
"Nfasc",8.00951670873718,-0.740724218714253,0.659614898948212,-1.12296465694661,0.261452505189817,0.999550560551813
"Ccnd3",59.3508177870473,-0.361643331477247,0.321646698375115,-1.12434958388874,0.260864751083398,0.999550560551813
"Anapc10",16.90587913485,-0.57082432417088,0.507610193344049,-1.12453282391826,0.260787053701068,0.999550560551813
"Cfl1",504.771938534113,-0.380235826815287,0.337910187118201,-1.12525706921727,0.260480116098325,0.999550560551813
"Ltbp1",101.872356045947,-0.365834326018651,0.324701389210449,-1.12667927571305,0.259878107744451,0.999550560551813
"Atg16l2",11.3427216979535,-0.664711795401192,0.589262362776455,-1.12804047465247,0.259302826128563,0.999550560551813
"Hmgb1",355.000355125323,-0.344933791367847,0.305481742878779,-1.12914699293412,0.258835830248851,0.999550560551813
"Fam96a",28.7720568666643,-0.473846239646312,0.419399355348638,-1.12982109677401,0.2585516167498,0.999550560551813
"Cdk4",99.2287087075715,-0.346891844044711,0.307024396135748,-1.12985107506355,0.258538982425079,0.999550560551813
"Rab11a",42.1853675566678,-0.403332732931828,0.35697188549583,-1.12987254548521,0.258529933997056,0.999550560551813
"Farsb",10.1511739694761,-0.673129891372089,0.595042808457342,-1.13122935325811,0.2579585703094,0.999550560551813
"Yy1",66.1430667286556,-0.356729306056406,0.315263051315709,-1.13152906618027,0.257832476735581,0.999550560551813
"Rrm1",12.2925047299774,-0.622891177579176,0.550311312228388,-1.13188873958794,0.257681213356881,0.999550560551813
"4931406P16Rik",21.5701638456521,-0.5698682041426,0.502875430194614,-1.13321942160121,0.257122120161557,0.999550560551813
"Apip",22.2625002279122,-0.504535622562564,0.445002881082865,-1.13378057538601,0.25688660094197,0.999550560551813
"BC005561",46.6799350771946,-0.397421986236636,0.350379442392029,-1.13426171216967,0.25668478456158,0.999550560551813
"Glo1",49.1892516519843,-0.390328995779587,0.344020518041222,-1.13460963898908,0.256538912686803,0.999550560551813
"Med20",11.5162311501939,-0.637850650812919,0.560432674282722,-1.13813965545332,0.255062171640279,0.999550560551813
"Cdkn2d",34.2227532831226,-0.472853100903585,0.415409166212934,-1.13828278084072,0.255002421750859,0.999550560551813
"Timm17b",33.031479367326,-0.475084257025522,0.417085337238074,-1.13905768102882,0.254679096773631,0.999550560551813
"Hnrnpd",70.736821706116,-0.442661076471441,0.387917988999828,-1.14112026001361,0.253819881342669,0.999550560551813
"Bloc1s4",12.7165359565197,-0.647304766219425,0.566666062897565,-1.14230374571847,0.253327784827398,0.999550560551813
"Alkbh1",19.3480571811814,-0.538568191854941,0.471225758073422,-1.14290906774036,0.253076347305778,0.999550560551813
"Nf1",26.403409558934,-0.510176509941223,0.446382019174952,-1.14291456202511,0.253074065896507,0.999550560551813
"Retreg1",11.0886918745416,-0.728710280298612,0.63752434713054,-1.14303129531993,0.253025597746034,0.999550560551813
"Gcnt2",15.5481867090815,-0.63813312863212,0.558227970135778,-1.14314072882609,0.252980166370967,0.999550560551813
"Gfra1",28.3534652390507,-0.610855412622373,0.534310954632667,-1.14325826061779,0.252931379317989,0.999550560551813
"Cebpa",51.4449321765387,-0.393552560319427,0.343969360940774,-1.14415004651298,0.252561415527214,0.999550560551813
"Brms1",9.86849545601029,-0.725797497217885,0.634036686512381,-1.14472476539212,0.252323189199411,0.999550560551813
"Mkrn1",26.9336542788903,-0.457416705259944,0.399159833584257,-1.14594873224735,0.251816365648923,0.999550560551813
"Anp32b",139.205872471934,-0.335896547584146,0.293090797661116,-1.146049450425,0.251774691625922,0.999550560551813
"1700025G04Rik",32.3584439709935,-0.436464537274604,0.380735931728769,-1.1463707543777,0.251641778275205,0.999550560551813
"Klhl15",10.9876283193456,-0.658922581188824,0.574333304848121,-1.14728255461882,0.251264861690298,0.999550560551813
"Hmgxb4",10.8183334196337,-0.663407566338812,0.578066812752503,-1.14763129746188,0.251120803868156,0.999550560551813
"Csgalnact1",14.2461538438847,-0.628848405922684,0.547602716804228,-1.14836611767122,0.250817454857083,0.999550560551813
"Dgkz",9.11736289978132,-0.703972376599749,0.612991352589266,-1.14842138249778,0.250794650737498,0.999550560551813
"Thbs4",146.823388108289,-1.38488490355741,1.20577860618223,-1.14853995290419,0.250745729497571,0.999550560551813
"Ccdc117",25.7728284675952,-0.525002557265768,0.457010250533585,-1.14877632756114,0.250648223005391,0.999550560551813
"Mrps25",35.3617909692327,-0.42381229477674,0.36885156550616,-1.14900500475078,0.250553916976235,0.999550560551813
"Auts2",62.1176587119862,-0.392940511023925,0.341903814634074,-1.14927208824644,0.250443803627741,0.999550560551813
"Alg2",8.92620025270418,-0.723474660795731,0.629324195220421,-1.1496056663487,0.25030632330354,0.999550560551813
"Sipa1",13.409221454059,-0.609138108218145,0.529806522033745,-1.14973689995335,0.25025225135205,0.999550560551813
"Tead1",54.879509140537,-0.381781444453998,0.331886110889899,-1.15033872140751,0.25000438839949,0.999550560551813
"Irf2",49.3186349181378,-0.398514134112669,0.346395325068019,-1.15046048625054,0.249954259850202,0.999550560551813
"Vasp",26.7341893489842,-0.473454840991469,0.411134655396992,-1.15158095961115,0.24949330927254,0.999550560551813
"Ndufaf4",15.6260767507773,-0.620539025600409,0.538854564122444,-1.15158906858475,0.249489975495441,0.999550560551813
"Mettl26",16.2958315985324,-0.551336331280648,0.47834992417397,-1.15257953104668,0.249083008735538,0.999550560551813
"Zfand5",333.307783388433,-0.467844948373747,0.405724524149754,-1.15310985786273,0.248865295958617,0.999550560551813
"Dennd6a",17.8334585841747,-0.597874377287428,0.51834838811945,-1.15342188958375,0.248737261118727,0.999550560551813
"Cops5",32.4957445914824,-0.446655133172964,0.387237506980946,-1.15343974981985,0.248729933987141,0.999550560551813
"Vamp5",15.1745722054924,-0.59458361469389,0.515139052845298,-1.15421964498671,0.248410130507941,0.999550560551813
"Scaf1",23.5223260425825,-0.498906302789657,0.432070834485355,-1.15468636846065,0.248218883710453,0.999550560551813
"Parp8",16.292331160524,-0.564702024899408,0.488790661697356,-1.15530444656705,0.247965775706122,0.999550560551813
"Actb",2550.2138408033,-0.325015803536288,0.281125078834277,-1.15612525529209,0.247629927143215,0.999550560551813
"Tomm40",32.6470139440194,-0.475394296589328,0.410923445854107,-1.15689260709186,0.247316239549013,0.999550560551813
"Fndc3a",26.7860068658352,-0.463077105187987,0.400269984270176,-1.15691189293729,0.247308359227781,0.999550560551813
"Eif1a",116.867890104125,-0.373975530058975,0.323177399408784,-1.15718342539769,0.247197427971427,0.999550560551813
"Ccar1",54.8967060143637,-0.417786344054505,0.360879895524844,-1.15768805421233,0.246991360624216,0.999550560551813
"Mpz",34.6378118231463,-2.68071115308045,2.31540782860974,-1.15777061818525,0.246957656727453,0.999550560551813
"Cpe",91.7530794786205,-0.407650747786234,0.352004895638481,-1.15808260861492,0.246830326472875,0.999550560551813
"Cpsf6",43.6778725461332,-0.40926159897229,0.353309924882154,-1.15836428628151,0.246715407044236,0.999550560551813
"Pex19",21.2869994807618,-0.556305128955035,0.480026411237651,-1.15890525173545,0.246494807992458,0.999550560551813
"Mpc1",89.34329677736,-0.362473031647596,0.31269688708977,-1.15918337090301,0.246381448233076,0.999550560551813
"Pstk",15.1197629757169,-0.5862002424861,0.505662530213548,-1.15927166333353,0.246345468392103,0.999550560551813
"Spr",27.6947541083547,-0.475035058672101,0.409750741101815,-1.15932690541263,0.246322958695028,0.999550560551813
"Tmem115",12.761211330975,-0.629437211611073,0.542540271112274,-1.16016680258711,0.245980900204345,0.999550560551813
"Rep15",37.6121711776411,-1.79700597783581,1.54652740686335,-1.16196193475839,0.245250927318173,0.999550560551813
"Banp",20.7832188921342,-0.519554146352182,0.447066427327352,-1.16214082425776,0.245178267012272,0.999550560551813
"Morc4",10.3237001853749,-0.670861815452057,0.576914448858867,-1.16284453748561,0.244892583395212,0.999550560551813
"Sox4",97.2002582864374,-0.406940743338963,0.349306272353735,-1.16499695409667,0.244020225770751,0.999550560551813
"Abt1",10.6649460060278,-0.685295612940524,0.587735819129282,-1.16599259503322,0.243617439403827,0.999550560551813
"Ppp1r11",32.9015388548245,-0.531104523562902,0.454887046674468,-1.16755253297634,0.24298730641194,0.999550560551813
"Mme",17.1230400657965,-0.809147228786539,0.693010768123597,-1.16758247635516,0.242975222077566,0.999550560551813
"Dusp6",12.7385881638478,-0.748159379324982,0.640322106350793,-1.16841097926285,0.242641028357133,0.999550560551813
"0610030E20Rik",15.0725421929636,-0.623785467160629,0.533387614427791,-1.16947872482906,0.242210808063424,0.999550560551813
"Bcl2l1",9.2947902989191,-0.714210018102105,0.610550864207786,-1.16977971856419,0.24208962748199,0.999550560551813
"Kdelc1",15.3542832735211,-0.603476343173126,0.515061600898035,-1.17165857854854,0.241334159409996,0.999550560551813
"Atp2c1",30.2087541280684,-0.460713223457472,0.393063699094695,-1.17210829826969,0.241153578704317,0.999550560551813
"Eif4h",83.99151832219,-0.370726662249026,0.31617271826644,-1.17254475427767,0.240978414911546,0.999550560551813
"Kmt5a",27.1676281431286,-0.500843280091403,0.426871673189208,-1.17328769170731,0.240680456400852,0.999550560551813
"Fcer1g",9.70193194818724,-0.716390452833981,0.610534271808138,-1.17338286467088,0.240642305601312,0.999550560551813
"Ppia",1135.89943566077,-0.369717476637912,0.31497436913332,-1.17380178474592,0.240474428977448,0.999550560551813
"Gse1",18.8855677708553,-0.625844820924297,0.533158372219738,-1.17384412124801,0.240457467781693,0.999550560551813
"Actr2",76.7632171990032,-0.369726987042481,0.314531613109334,-1.17548434444318,0.239800996947763,0.999550560551813
"Armc1",19.9043488226374,-0.554974432799165,0.472098553350099,-1.17554783606297,0.239775610955568,0.999550560551813
"Cd74",41.1668551775541,-0.763448352925843,0.649350775317601,-1.17571023543082,0.239710687084566,0.999550560551813
"Rbmxl1",31.9934875342146,-0.44959418850566,0.382342829967745,-1.17589281991659,0.239637708427222,0.999550560551813
"Mrpl21",27.7544026886589,-0.463965659163932,0.39438461157134,-1.176429418266,0.239423321806288,0.999550560551813
"Fubp3",16.1805152062356,-0.582303826390852,0.493771202622427,-1.17929888032803,0.238279183960209,0.999550560551813
"Bambi",38.7728408833352,-0.474358053200412,0.401854107523558,-1.18042355252672,0.237831799052016,0.999550560551813
"Ash2l",16.0711478275955,-0.593456810621464,0.502579663543512,-1.18082137752493,0.237673689817305,0.999550560551813
"Nup54",20.0285864767179,-0.538415940624664,0.455920272688538,-1.18094318870634,0.237625292745268,0.999550560551813
"Tmem185a",9.59442543055166,-0.703395901603607,0.595482801604128,-1.18121950744636,0.237515533737078,0.999550560551813
"Dkc1",14.1310893989591,-0.62195033159383,0.526370513967195,-1.18158277314255,0.237371292257824,0.999550560551813
"AC165953.2",9.32484227599149,-0.726345429196451,0.614630252303612,-1.18175997109504,0.237300954938554,0.999550560551813
"Hspa4l",22.4124752943257,-0.517235319500808,0.43664800511624,-1.18455898902622,0.236191860105369,0.999550560551813
"Ahsa1",65.8999107992462,-0.408804221211525,0.345050345584284,-1.18476687950938,0.236109631196311,0.999550560551813
"Cox6b2",21.8356334341577,-0.584550528814182,0.493378152558812,-1.18479208246762,0.236099663805793,0.999550560551813
"Cdc40",23.8565385508239,-0.498006296045115,0.420007586471766,-1.18570785882362,0.235737689910393,0.999550560551813
"Atp11c",12.5222622417532,-0.640462639529884,0.539922126553976,-1.18621298893157,0.235538198012433,0.999550560551813
"Med30",33.0246880393391,-0.457559927118472,0.385702462557625,-1.18630284101469,0.235502725094707,0.999550560551813
"Jpt1",131.093122313889,-0.405140700410758,0.341265130122311,-1.18717285960495,0.235159443915056,0.999550560551813
"Gm42418",8288.6629717395,-0.436043591693004,0.367290618338552,-1.18718957120511,0.235152853527695,0.999550560551813
"Cep290",7.94129987643354,-0.766055085846491,0.644268942336286,-1.18902997724611,0.234427870830699,0.999550560551813
"Tln2",18.2963104277894,-0.567815703453893,0.477295279562899,-1.18965287897649,0.234182853019189,0.999550560551813
"Pde7a",10.1218296409957,-0.741301671475126,0.623086848314527,-1.18972447176565,0.234154703692541,0.999550560551813
"Twistnb",23.8748542377019,-0.516344816404898,0.433616321388212,-1.19078731804152,0.23373708872669,0.999550560551813
"Sugt1",56.0908872467252,-0.379113661468437,0.318316700604819,-1.19099519675876,0.233655470510547,0.999550560551813
"U2af1",83.3423242960506,-0.375883409363031,0.315118916608783,-1.19283035562631,0.232935819054184,0.999550560551813
"Braf",24.3078386322685,-0.508767095252446,0.425644646170016,-1.19528602046419,0.231975299741021,0.999550560551813
"Klhl2",13.0502024096497,-0.612081199558916,0.511694830863389,-1.19618405862366,0.231624740370348,0.999550560551813
"Sumo2",248.293737167412,-0.317435705367846,0.265121042086559,-1.19732369362145,0.231180412799105,0.999550560551813
"Gnai2",336.221837831607,-0.353610263158873,0.295103240567665,-1.19825950565186,0.230816005957849,0.999550560551813
"Zfp24",14.1429196795453,-0.61870004625634,0.515046289323165,-1.20125134202867,0.229653718924654,0.999550560551813
"Mtmr11",10.3202859701871,-0.740729716776426,0.615891124172221,-1.20269587871069,0.229094029338355,0.999550560551813
"Narf",11.7917131684857,-0.669647001989801,0.55672512956553,-1.20283236093976,0.229041199175177,0.999550560551813
"Rnf38",18.7260057054015,-0.55396051971113,0.460465511950745,-1.20304453934953,0.228959085409909,0.999550560551813
"Cetn3",78.2978392100774,-0.385448784839848,0.32001377705785,-1.20447559596839,0.228405808907932,0.999550560551813
"Trappc3",40.7270342886183,-0.426701288458679,0.354147551467864,-1.20486866756553,0.228254006010184,0.999550560551813
"Amz2",14.3418927801048,-0.609819840916976,0.505565439546708,-1.20621346558765,0.227735193191099,0.999550560551813
"Zdhhc20",56.3345975983474,-0.39441069058027,0.326790369760992,-1.20692262403183,0.227461943933349,0.999550560551813
"Sema3g",8.05997993855137,-0.830542056665883,0.687343900375756,-1.20833553074646,0.226918226845576,0.999550560551813
"Map1b",50.7682226015643,-0.488896300625272,0.404293691379789,-1.20926027551097,0.226562867240908,0.999550560551813
"Cdk2ap2",54.8182219357346,-0.422515175697249,0.348931064696714,-1.21088437930997,0.225939720136276,0.999550560551813
"Sccpdh",10.4022778320441,-0.688826217534662,0.568556431064941,-1.2115353549769,0.22569029314606,0.999550560551813
"Phkg2",15.5595607493668,-0.63804740603819,0.526496063371124,-1.21187497956359,0.225560241090955,0.999550560551813
"Nucks1",83.3048937698686,-0.383662983797469,0.316290372573252,-1.21300873205875,0.22512648201827,0.999550560551813
"H2afv",126.59752332891,-0.397170532943868,0.327214508827162,-1.21379254962578,0.224826952072028,0.999550560551813
"Rtcb",28.9687593458694,-0.483800704100534,0.398562519921517,-1.21386402363123,0.22479965299437,0.999550560551813
"Eif3a",144.74517605089,-0.331392393334607,0.272987883674257,-1.21394542817894,0.224768563889074,0.999550560551813
"Smc4",28.0305016501074,-0.58552151088979,0.482110075304189,-1.21449756162087,0.224557780398902,0.999550560551813
"Rnaseh2c",53.3542798358541,-0.408032842486982,0.335484451561621,-1.21624963716697,0.223889840227457,0.999550560551813
"Tkt",62.2244864155116,-0.394633889307065,0.324460989885825,-1.21627530460883,0.223880065650925,0.999550560551813
"Uba6",19.4474769565202,-0.563727958956768,0.462888635357804,-1.21784791393942,0.223281772573856,0.999550560551813
"Hspa13",29.0174603983371,-0.477726798090528,0.392247063835769,-1.21792319722895,0.223253160058391,0.999550560551813
"Gnl1",23.7455172857415,-0.55268581675261,0.453607472150316,-1.21842308754884,0.223063235968753,0.999550560551813
"Gm28875",17.7372648529352,-0.595451264249156,0.488472175095916,-1.21900753944119,0.222841330911921,0.999550560551813
"Akt1",62.1417238785117,-0.380353671946558,0.311814959799036,-1.21980572128962,0.222538532024598,0.999550560551813
"Ice1",11.5736654373577,-0.66986011984392,0.549144039204757,-1.2198258963422,0.222530882219547,0.999550560551813
"Txndc15",47.893195700042,-0.410321725900924,0.336306750436063,-1.22008174194806,0.222433889186788,0.999550560551813
"Snai1",62.0028141698447,-0.540951115625702,0.442770130744317,-1.22174256586897,0.221804994032742,0.999550560551813
"Myh10",21.8935462516907,-0.550881682296797,0.449499937192265,-1.22554340215885,0.220370547634851,0.999550560551813
"Cep350",23.6128335086231,-0.589062690535336,0.480507210989978,-1.22591852330729,0.22022933744478,0.999550560551813
"Hoxc8",84.0932552872423,-0.379035850203094,0.308658022801117,-1.22801230553895,0.219442348606838,0.999550560551813
"Tpm2",106.015296415586,-0.637562816352952,0.518729927764428,-1.22908431194757,0.219040196449405,0.999550560551813
"Flvcr1",14.434698805703,-0.624065433229665,0.50762829038341,-1.22937481037219,0.218931310157363,0.999550560551813
"Egr3",39.6599164814965,-0.52899162479944,0.43003594880348,-1.23011024141422,0.21865582545563,0.999550560551813
"Cryzl1",20.5659993095365,-0.547660151033354,0.444751269543235,-1.23138524505126,0.218178812816028,0.999550560551813
"Casp8ap2",18.5810882555786,-0.600877722824767,0.487222158577552,-1.23327256826544,0.21747408879079,0.999550560551813
"Dnajc21",36.8097854229386,-0.453819162707961,0.367739966731802,-1.23407625975813,0.217174488907678,0.999550560551813
"Nmd3",19.5245913152577,-0.634651043680759,0.514168536261512,-1.23432493223966,0.217081849021186,0.999550560551813
"Gm8186",19.5504909551225,-0.554464268561936,0.449134398796401,-1.23451748529572,0.217010135269826,0.999550560551813
"Pcbp1",138.805791033502,-0.342543591814007,0.277298826650197,-1.23528684182322,0.216723769052911,0.999550560551813
"Actg1",1470.55565996702,-0.450721250444936,0.364837267867209,-1.23540353506042,0.216680357814044,0.999550560551813
"Gm17501",18.3889921394744,-0.71131770094457,0.57555089854014,-1.23589017539334,0.216499389421122,0.999550560551813
"Oxnad1",7.41876081607405,-0.857096496619514,0.693480480486053,-1.23593456591422,0.216482887201304,0.999550560551813
"Emc4",28.7854716976835,-0.501199328937059,0.405388332442323,-1.23634374457081,0.216330817265451,0.999550560551813
"Cbx1",55.2747630217734,-0.487002952956034,0.393037162036572,-1.2390760976203,0.21531731791169,0.999550560551813
"Cyb5r3",128.85292486403,-0.407278074310052,0.328665818704419,-1.23918597898473,0.215276631789297,0.999550560551813
"Hoxc6",29.7461238250481,-0.510138487917102,0.411641075769308,-1.23927984340171,0.215241880700215,0.999550560551813
"Ikbkb",23.4308511913894,-0.581912982464983,0.469204774374705,-1.24021112794617,0.214897313514301,0.999550560551813
"2310009B15Rik",21.3658452160378,-0.580561752271174,0.467764181421741,-1.24114195855397,0.214553311731973,0.999550560551813
"Shisa4",10.0851847292904,-0.736782757090756,0.593529489143119,-1.24135829907028,0.214473416886532,0.999550560551813
"Kif26b",16.5463241329882,-0.625963423426008,0.50421752176226,-1.24145511889044,0.214437668145022,0.999550560551813
"Kpnb1",38.1709257069612,-0.468371956221969,0.376829295581515,-1.242928725855,0.213894099118511,0.999550560551813
"Psip1",44.4879682855374,-0.444564480321563,0.357596802035342,-1.24320038040392,0.21379400257796,0.999550560551813
"Zfp704",20.7050765076255,-0.580594227083318,0.466930235837242,-1.24342820944604,0.213710080480026,0.999550560551813
"Etv1",12.3246961133802,-0.726960344651749,0.582806617612814,-1.24734401203163,0.212271386090883,0.999550560551813
"Aplp1",15.7099566017478,-0.782039581670118,0.626886273008685,-1.24749833477257,0.212214830447856,0.999550560551813
"Ninj1",26.9089912952921,-0.5002670343147,0.399650825743033,-1.25176029196136,0.210657223165043,0.999550560551813
"Mest",51.259374515841,-1.91525644174321,1.52999645056569,-1.25180449996147,0.210641110029129,0.999550560551813
"Mrpl46",10.3699237497284,-0.786938038082199,0.628475187105009,-1.25213859549035,0.210519366180203,0.999550560551813
"Tomm22",71.2888989901185,-0.400897708148942,0.320063964112303,-1.25255496744481,0.210367712211642,0.999550560551813
"Ckb",74.8053679653851,-0.407318802099427,0.325149124754023,-1.25271381987439,0.210309874683471,0.999550560551813
"Snrnp70",129.534500020729,-0.347406959947711,0.277098985164783,-1.25372873430452,0.20994062004995,0.999550560551813
"H1f0",53.6368463666845,-0.402171643374665,0.31965133366865,-1.25815725139929,0.208334891618555,0.999550560551813
"Abcf2",17.2932513329163,-0.58017636100041,0.460958895355895,-1.25862927659194,0.208164267293918,0.999550560551813
"Psmd12",43.7413599350044,-0.438010056914567,0.347610815569137,-1.26005877060362,0.207648161983297,0.999550560551813
"Smn1",13.6649244975411,-0.679246413791346,0.538825459609324,-1.26060564080219,0.207450965324729,0.999550560551813
"Id1",35.5925678418418,-0.657057677327484,0.521189299774025,-1.26068911547564,0.207420877036056,0.999550560551813
"Zbtb38",32.8694002835849,-0.472132118182964,0.374491113664634,-1.26072983030986,0.207406202599604,0.999550560551813
"Rangap1",18.4625702092929,-0.588829348109094,0.466859261792741,-1.2612566490552,0.207216394562281,0.999550560551813
"Vars",16.5236412086898,-0.615631931822712,0.488038099227464,-1.26144236033462,0.207149514522189,0.999550560551813
"Ncoa3",30.2798448522214,-0.517875306468696,0.410391506732644,-1.26190551698253,0.206982786576188,0.999550560551813
"Nin",19.6965670217507,-0.584797857045581,0.463406190554107,-1.26195521114278,0.206964903372125,0.999550560551813
"Zxdc",12.4331292117632,-0.671945643630663,0.531584441834342,-1.26404309597921,0.206214559110267,0.999550560551813
"Hspb2",19.7651076239925,-0.59629138903753,0.471605193962207,-1.2643868148011,0.206091223044883,0.999550560551813
"Nr2f1",9.76929387867198,-0.961620535292654,0.75975215972657,-1.26570293085937,0.205619458637669,0.999550560551813
"Myog",17.34411236308,-0.82967877975125,0.654241346518011,-1.26815399877576,0.204742960986867,0.999550560551813
"Ptov1",122.413769378131,-0.421810355723482,0.332518503240045,-1.26853198126835,0.204608037269867,0.999550560551813
"S1pr3",13.4708369667321,-0.816031059464606,0.643263657243705,-1.26857945459127,0.204591095879308,0.999550560551813
"Actr1b",32.5265475057022,-0.510291646142215,0.402009329012797,-1.26935274709998,0.204315281372179,0.999550560551813
"Cep83",15.0547460516505,-0.660548331781563,0.520226138273734,-1.26973307026337,0.204179728688551,0.999550560551813
"Itga1",15.9331988602441,-0.888469997384889,0.69916358446929,-1.27076125976912,0.203813594640663,0.999550560551813
"Matn4",15.9823444149972,-0.946017621572443,0.74438879200225,-1.27086494549153,0.203776699121906,0.999550560551813
"Rbm8a",85.1587451908572,-0.399814734768776,0.314410303544211,-1.27163369095045,0.203503300424461,0.999550560551813
"Bms1",14.0913926784446,-0.711076383705376,0.55870712142087,-1.27271759468003,0.203118271826382,0.999550560551813
"Serbp1",215.04103569514,-0.334371512474464,0.262701008532046,-1.27282157896122,0.203081362023286,0.999550560551813
"Ppp1r12a",57.1805277657901,-0.411688172873078,0.323097561418248,-1.27419151994202,0.202595549804363,0.999550560551813
"Ube2m",90.3476847819741,-0.490102738124982,0.384229973149849,-1.27554530456645,0.202116299347369,0.999550560551813
"Slf2",23.5244950600365,-0.577586122779013,0.451222565380889,-1.28004707010044,0.200528582095163,0.999550560551813
"Pepd",18.3310828085361,-0.613004058260739,0.477919428732254,-1.28265147095362,0.19961420891532,0.999550560551813
"Ap2a1",22.1687069468608,-0.5669319345651,0.441524742846264,-1.28403208144215,0.199130730483822,0.999550560551813
"Fbxo32",13.3995660418356,-0.819732301429463,0.638226531235605,-1.28439082568765,0.199005241390547,0.999550560551813
"Map1lc3a",142.944147218111,-0.369712638866078,0.286822217634517,-1.28899581739231,0.197399540676782,0.999550560551813
"Ubxn7",16.741158051679,-0.62390005072214,0.483426753145125,-1.29057824512837,0.196849963665391,0.999550560551813
"Luc7l3",83.1831531865638,-0.423450286411634,0.326709469181284,-1.29610656058662,0.194938775033451,0.999550560551813
"Hspa1b",1770.37098365813,-0.582670017948171,0.449112340269273,-1.29738144714265,0.194499972866958,0.999550560551813
"Vdr",11.7365624552415,-0.727985804436863,0.559574962770677,-1.30096207455801,0.193271436612803,0.999550560551813
"Adgra3",16.2105675106883,-0.640652858876001,0.492335321631685,-1.30125309058218,0.193171838171928,0.999550560551813
"Fmc1",31.6112973678913,-0.541122915886442,0.41478801883386,-1.30457701600871,0.192036918820585,0.999550560551813
"Nipsnap2",16.7260034874442,-0.61492848847267,0.471192260884254,-1.30504793800873,0.191876524814044,0.999550560551813
"Rheb",133.393789973033,-0.381944198752103,0.292281601268478,-1.30676784681108,0.191291568265151,0.999550560551813
"Fibp",31.7787674397532,-0.508076115840377,0.388669672084268,-1.3072183201632,0.191138575273107,0.999550560551813
"Vps28",45.5661360367619,-0.476869036399031,0.363147716360237,-1.31315444078405,0.189130912292174,0.999550560551813
"Hecw2",13.9457065609567,-0.682117542074725,0.518455832886059,-1.31567145898932,0.188284337657643,0.999550560551813
"Fkbp4",62.4806574089898,-0.445715868511984,0.338645535882604,-1.31617228424501,0.188116223927061,0.999550560551813
"Senp5",14.4763030287954,-0.700006154027144,0.53118735703103,-1.31781403446741,0.187565908620025,0.999550560551813
"Hdac4",37.1660477994941,-0.510127214970159,0.387098558838692,-1.31782256307168,0.187563052934766,0.999550560551813
"Etl4",11.7627066317427,-0.861811114473062,0.652790258721886,-1.32019603993544,0.186769573801543,0.999550560551813
"Sptssa",76.7802848628765,-0.396474702288814,0.299288319415214,-1.32472494437302,0.185262396635258,0.999550560551813
"Cyb5r4",11.1865837063746,-0.745770358157383,0.562485328327611,-1.32584855212974,0.184889867144967,0.999550560551813
"Epha7",14.3207198931139,-0.793072325850169,0.597101107484003,-1.3282044128036,0.184110587012034,0.999550560551813
"Eif2b4",14.2908209963751,-0.704391466092717,0.529836594174091,-1.32945038873867,0.183699423098333,0.999550560551813
"Rsf1",42.8893970445519,-0.499662658330397,0.375604587166296,-1.33028902042981,0.18342306331521,0.999550560551813
"Dock10",10.0854506984608,-0.762499984921332,0.57313688240602,-1.3303976908978,0.183387274980319,0.999550560551813
"Dhrs4",26.8494638210196,-0.564722091833641,0.424425174126877,-1.33055748400264,0.183334659876332,0.999550560551813
"Gab1",10.8217727874948,-0.796328343282337,0.597612371629347,-1.33251649578673,0.182690524557451,0.999550560551813
"Lmo1",10.6113221374203,-0.748704138265947,0.56112275266691,-1.33429652372408,0.182106696435234,0.999550560551813
"Ptch1",64.8309014838479,-0.616692033610328,0.461424887748037,-1.33649495288402,0.181387549079395,0.999550560551813
"Psmc2",49.1841574684509,-0.517705596189639,0.386706259762937,-1.33875670000017,0.180649891122849,0.999550560551813
"Prdm1",38.5506772772954,-0.652963601131595,0.487515781475286,-1.33936915673918,0.180450525147778,0.999550560551813
"Wbp11",28.4779438536291,-0.537459538777036,0.400766432221203,-1.34107923110782,0.179894729638034,0.999550560551813
"Srrm1",69.3030571359349,-0.407027801092909,0.303240729691799,-1.34225966777812,0.179511815819645,0.999550560551813
"Gm1673",43.692040189994,-0.562227433614846,0.418827938391146,-1.34238283094137,0.179471898692384,0.999550560551813
"Fubp1",115.427821812892,-0.418043354740659,0.311402142940463,-1.34245497090425,0.17944852122665,0.999550560551813
"Cox4i2",17.0940975412003,-0.752718657130125,0.560702424500561,-1.34245657632139,0.179448001005609,0.999550560551813
"Zfp91",71.339845954328,-0.408524454964387,0.303940937240775,-1.34409158132181,0.178918774110462,0.999550560551813
"Crybg3",22.0238681087571,-0.686579399153903,0.510344530589214,-1.34532528125895,0.178520212804524,0.999550560551813
"Arl6ip1",75.5220747244648,-0.456335534847398,0.339196802066436,-1.34534150106173,0.178514977209135,0.999550560551813
"Plscr1",26.1782003723125,-0.602453004596605,0.447798315827222,-1.34536683882718,0.178506798652258,0.999550560551813
"B230219D22Rik",48.7331848807179,-0.447740081599659,0.332279228630989,-1.34748140425261,0.177825238549564,0.999550560551813
"Rexo4",14.7028768004795,-0.746645671110467,0.553230848082844,-1.34960961359599,0.177141238815869,0.999550560551813
"2010111I01Rik",42.3767805991679,-0.491872342623461,0.364274770060949,-1.35027836965256,0.176926707949505,0.999550560551813
"Rflnb",25.3133137383336,-0.680125084229002,0.503383476354222,-1.35110728932709,0.176661066791712,0.999550560551813
"Pnkp",10.903133277621,-0.780849507844332,0.57782572615222,-1.35135815610714,0.176580730959116,0.999550560551813
"Abhd17a",38.4860812892387,-0.506897776243746,0.374814627310271,-1.35239592937267,0.1762486909334,0.999550560551813
"Gnl2",31.279719735984,-0.545079196775626,0.402903497032059,-1.35287780024469,0.176094672608352,0.999550560551813
"Tlcd1",11.8342277040764,-0.790247106312257,0.583888690481362,-1.35342081323886,0.1759212319725,0.999550560551813
"Trps1",126.227629304504,-0.446029798526722,0.328994979126201,-1.35573436321539,0.175183701782821,0.999550560551813
"Fjx1",9.50587007427456,-0.95661249438959,0.705531500440703,-1.3558749592216,0.175138956050101,0.999550560551813
"Mapkap1",21.882447260075,-0.573432206689492,0.422544998957046,-1.35709145322954,0.174752153795922,0.999550560551813
"Dnm3os",98.1855684865279,-0.787889942671424,0.580523067109192,-1.35720695233498,0.174715462320404,0.999550560551813
"Dpp3",16.3819204705559,-0.679416721028544,0.500357692531914,-1.35786204782933,0.174507461979039,0.999550560551813
"Bpgm",39.6068200482686,-0.574089987886176,0.422271273048294,-1.35952887285449,0.173979059649319,0.999550560551813
"Csnk2a2",37.5268790465687,-0.538392814966184,0.395851580015581,-1.36008757359259,0.17380221291777,0.999550560551813
"Magt1",38.4025052043289,-0.499309777101489,0.366681593764455,-1.36169850244032,0.173293054080841,0.999550560551813
"Ctnna1",68.9699810483537,-0.47198780609943,0.346400133056989,-1.36255087991487,0.173024098480886,0.999550560551813
"Hist1h4i",7.65367523382962,-1.06472498527246,0.781228522681959,-1.36288544818776,0.172918615542639,0.999550560551813
"St3gal5",12.8551863545208,-0.839978733039758,0.616193958765898,-1.36317261974144,0.172828114229376,0.999550560551813
"Psd",10.9167550703712,-0.751589637173859,0.551313440601137,-1.36327102120773,0.17279711143049,0.999550560551813
"Snx16",15.3459382128965,-0.68935976962221,0.505541833253708,-1.36360578744876,0.172691669644353,0.999550560551813
"Rspry1",27.6548483529771,-0.555225820851456,0.406732792627751,-1.36508742573803,0.1722255736537,0.999550560551813
"1810032O08Rik",17.8668735082462,-0.673719475480646,0.493385234682547,-1.36550392699557,0.172094719680567,0.999550560551813
"Lrrfip1",24.7722837273609,-0.593528219454984,0.434039339951965,-1.3674525897138,0.171483488042677,0.999550560551813
"Cwc15",63.0528371501009,-0.438508242171619,0.320129812915185,-1.36978258344154,0.170754780372608,0.999550560551813
"Zwint",41.2164215042872,-0.550282019093831,0.401720212901886,-1.36981411793742,0.170744933863957,0.999550560551813
"Rnf170",11.5442974684988,-0.765760183442756,0.559024426651285,-1.36981524766257,0.170744581120105,0.999550560551813
"Tspan9",18.5343532803526,-0.636440192431406,0.464494167487393,-1.37017908292396,0.170631006084818,0.999550560551813
"St13",125.081085616735,-0.413685058349128,0.301891613940602,-1.3703098703183,0.170590193244485,0.999550560551813
"Snhg20",13.5533833571064,-0.784322332688734,0.570789808397803,-1.37410009980787,0.169410608477755,0.999550560551813
"Dctn3",71.1198656450238,-0.428880459348584,0.31066433794194,-1.38052684833345,0.167424488995794,0.999550560551813
"Dync1i2",76.0956304909088,-0.457275763541661,0.33114256263083,-1.3809030162379,0.167308782429113,0.999550560551813
"Snrpa1",34.6163572600121,-0.52401198507824,0.379406376551397,-1.3811364738812,0.167237002740847,0.999550560551813
"Cycs",101.531840883142,-0.47461927785367,0.343205411190391,-1.38290149973882,0.166695070408818,0.999550560551813
"Dbi",244.295081603279,-0.371459182857664,0.268479949987477,-1.38356396026963,0.166492010053574,0.999550560551813
"Sh3d21",10.2142537443437,-0.910194935411798,0.657737481085329,-1.38382707628261,0.166411410182071,0.999550560551813
"AC149090.1",47.3432466904479,-0.524025243027019,0.378182279415232,-1.38564198152621,0.165856252351093,0.999550560551813
"Cdk1",17.1748000802345,-2.12208989979729,1.52853702253652,-1.38831436105866,0.165041341058757,0.999550560551813
"Clp1",12.0330583883137,-0.910231645775893,0.65369111042517,-1.39244917249045,0.163786422963266,0.999550560551813
"Man2a2",29.1605078963231,-0.590246859458649,0.423286928482092,-1.39443677501518,0.163185749435579,0.999550560551813
"Mrpl43",38.6821878587452,-0.558158077981148,0.400166523623266,-1.3948145210333,0.163071778853407,0.999550560551813
"Taldo1",78.1795514348868,-0.464818027195103,0.33300850710279,-1.39581427285167,0.162770431191797,0.999550560551813
"Slc20a1",26.4984455284953,-0.576052545055963,0.41219052809528,-1.39753950125415,0.162251396704858,0.999550560551813
"Crlf3",15.1442759318914,-0.68224175683415,0.487986582355606,-1.39807482726438,0.162090598185177,0.999550560551813
"Ptger4",21.259436718486,-0.613366457061056,0.43830121575538,-1.39941764935323,0.16168777733829,0.999550560551813
"Pak1ip1",32.7235273533798,-0.605341738514157,0.432495720156506,-1.39964792783407,0.1616187741991,0.999550560551813
"Metrn",9.46160133956019,-0.877574696298535,0.62601161831354,-1.40185049386575,0.160959896452573,0.999550560551813
"Card19",39.7776726486555,-0.520432168844238,0.370888596899898,-1.4032034772552,0.16055617098964,0.999550560551813
"Zfp512",13.7072208724653,-0.877135554325563,0.625072943339862,-1.40325311417079,0.160541374075642,0.999550560551813
"Rbm26",32.9916253908969,-0.546895901368077,0.388440542153777,-1.40792693351656,0.159152706842173,0.999550560551813
"Gm13889",20.5669441495454,-0.768666864844478,0.545498908491839,-1.40910797964681,0.158803241683528,0.999550560551813
"Nisch",109.93002507077,-0.385208520549696,0.273178749273232,-1.41009694778422,0.158511058411637,0.999550560551813
"Ywhaq",151.413984115105,-0.426115060415708,0.30213582235179,-1.41034272963357,0.158438507176462,0.999550560551813
"Nudt5",20.2867297789121,-0.686927558741123,0.487025133695236,-1.41045607549893,0.158405057593801,0.999550560551813
"Gpatch8",44.7599226731933,-0.518460105156865,0.366807084846589,-1.41344081555486,0.157526151773015,0.999550560551813
"Mpped2",15.5907522521316,-0.779303391837923,0.549938625196241,-1.41707338988934,0.15646147160177,0.999550560551813
"Snrpn",15.6572707400998,-1.02875842994495,0.725043628213953,-1.41889176031952,0.155930574879372,0.999550560551813
"Esf1",32.9388387105777,-0.524850759618435,0.369764487400148,-1.41941905592047,0.155776880062622,0.999550560551813
"Dek",82.065997008889,-0.472256309838494,0.332624873913872,-1.41978651290155,0.155669842601855,0.999550560551813
"Zfp871",20.3679096164871,-0.61865866193274,0.435644458312399,-1.42009992352319,0.155578592555446,0.999550560551813
"Tmem158",69.598793216979,-0.68092968208599,0.478584952622064,-1.4227979345262,0.154794740307815,0.999550560551813
"Rps6ka5",8.37031090209017,-0.920925615377225,0.645634387639104,-1.42638873177865,0.153756164486864,0.999550560551813
"Prss12",48.2451391423377,-0.608097374344159,0.42601502553752,-1.42740827879697,0.153462245925153,0.999550560551813
"Cacybp",118.929292544093,-0.607388971319629,0.425482808687514,-1.42752881883346,0.153427524484936,0.999550560551813
"Ccdc186",27.921365425488,-0.557018803902871,0.389828216918916,-1.42888272251142,0.153037944118188,0.999550560551813
"Top2a",18.4987498565161,-0.95408673850417,0.665568880406555,-1.43349060719512,0.151717681278453,0.999550560551813
"Hmgb3",14.8004576661687,-1.0101924119136,0.702988518146526,-1.43699702888041,0.150718837772869,0.999550560551813
"Bok",19.9879154236804,-0.725275276644762,0.503752764473739,-1.43974450919876,0.149939695805999,0.999550560551813
"Nipsnap3b",18.6683921509679,-0.718831737202872,0.498161138589245,-1.44297031927972,0.149028832441132,0.999550560551813
"Cnp",14.0613278644876,-0.77994737902979,0.540340990492001,-1.44343552081736,0.148897823961795,0.999550560551813
"Gadd45a",32.5492773233771,-0.618708545973023,0.428436851561819,-1.44410674225989,0.148708951831126,0.999550560551813
"2210016L21Rik",23.1247551513779,-0.606213449204674,0.41964246886691,-1.44459508791265,0.148571653338347,0.999550560551813
"Gli1",25.9999807705265,-0.692917340798452,0.479092433751539,-1.44631242737973,0.148089591669634,0.999550560551813
"Tgfb3",23.7319669201166,-0.626157976967468,0.432914605980008,-1.44637757266241,0.148071328770871,0.999550560551813
"Tmem168",14.8527620520822,-0.704731950207023,0.486967144590942,-1.44718582769892,0.147844884769207,0.999550560551813
"Slc24a5",12.2597362403497,-0.793607659181279,0.548095635520485,-1.44793646902087,0.147634819146491,0.999550560551813
"Arhgap31",27.7911480235938,-0.619405510176001,0.427637092340165,-1.4484372877629,0.147494792843325,0.999550560551813
"Gdi1",25.2540976256464,-0.627154460028648,0.432954496938359,-1.44854589677108,0.147464439731189,0.999550560551813
"Xpo1",31.1971308067861,-0.565987221579889,0.39038168423773,-1.44983036969332,0.147105828336494,0.999550560551813
"Ptger3",20.6811107914771,-0.644811382176522,0.443748721126947,-1.45310026029811,0.146195918813539,0.999550560551813
"Large1",13.3226650555268,-0.768641241129624,0.527696497758579,-1.45659720008465,0.145227601031412,0.999550560551813
"Spp1",64.5337868813413,-1.4384949210406,0.983834534514024,-1.46213094842332,0.143705329355096,0.999550560551813
"BC005624",36.1990248300022,-0.558663637799097,0.38166118258506,-1.46376855517547,0.143257196856644,0.999550560551813
"Hspa4",68.3775412399291,-0.480177800395373,0.327801068836665,-1.46484513335932,0.142963174920434,0.999550560551813
"Myo1b",29.877829624172,-0.646089563531299,0.440886305780763,-1.46543350305958,0.142802682367029,0.999550560551813
"Kmt2b",17.3874466171706,-0.716042428068792,0.48797326592198,-1.46738044494281,0.142272591055358,0.999550560551813
"Zbtb1",25.7197198249708,-0.638900564966532,0.435373601528211,-1.46747658269568,0.142246454954979,0.999550560551813
"Chordc1",42.446170545,-0.650587718296121,0.442977923581259,-1.46866849037631,0.141922727936545,0.999550560551813
"Crispld1",13.1647984218651,-0.824695481146306,0.558461748813097,-1.47672688935104,0.13974886124917,0.999550560551813
"Emp2",53.257153592337,-0.602783841354827,0.40816874609201,-1.47680058095126,0.139729100810282,0.999550560551813
"Hdac2",39.7643006838402,-0.513500267223274,0.347448410682795,-1.47791802015775,0.139429722393523,0.999550560551813
"Commd1",63.2033012282889,-0.514408141126771,0.347790844983121,-1.47907326643902,0.139120734263981,0.999550560551813
"Srek1ip1",13.4752834230131,-0.758242700451557,0.512536137106462,-1.47939363794373,0.139035139499041,0.999550560551813
"Nsd2",16.7276080814958,-0.711170484016882,0.480224785210053,-1.48091166037133,0.138630115403065,0.999550560551813
"Cntfr",10.4993818077205,-0.864438562511317,0.582492919252375,-1.48403273918045,0.137800235317503,0.999550560551813
"Fam234a",13.6249240507071,-0.784625434757822,0.528476594336912,-1.48469287602473,0.137625199723026,0.999550560551813
"Vps37a",16.533997281122,-0.727107405301397,0.488653100654714,-1.487982792552,0.136755431656722,0.999550560551813
"Atg101",28.6582260535033,-0.628814639116661,0.42190712231002,-1.4904101065509,0.136116436746991,0.999550560551813
"Gatc",6.10402976960281,-1.14967402943835,0.768662733560432,-1.4956807182691,0.134736877309897,0.999550560551813
"Tcim",14.0429419840659,-0.760393185550227,0.507913268096487,-1.49709258118017,0.134369169888128,0.999550560551813
"Mkrn2",11.0075176364343,-0.860880510094834,0.574784783081115,-1.49774408689129,0.134199752741239,0.999550560551813
"Idi1",20.6236970317817,-0.751527684602385,0.501332167576677,-1.49906136730682,0.133857712645192,0.999550560551813
"Fibin",50.2867538686437,-0.611118203413835,0.407005172805042,-1.50149984385227,0.133226327047221,0.999550560551813
"Bcor",14.1665758261644,-0.769070050146838,0.509263842932537,-1.51016032420098,0.131002519860243,0.999550560551813
"Bzw2",22.6538835407046,-0.630758384122131,0.417225708553337,-1.51179175010376,0.130586848813015,0.999550560551813
"Gldn",76.6513634543398,-0.599859475448274,0.395313208265482,-1.51742836542265,0.129158566830056,0.999550560551813
"Ndufs5",115.354621625504,-0.439929036795148,0.28963739617568,-1.51889584219404,0.128788715763939,0.999550560551813
"Phf6",13.1752592484418,-0.85567900606542,0.562598622759857,-1.52094045639117,0.128274780311165,0.999550560551813
"Cnn3",102.680250090956,-0.504721568068441,0.331844903064166,-1.52095621601531,0.128270825163402,0.999550560551813
"Hhip",63.8516884048072,-0.798124203568197,0.523883184528418,-1.52347742233155,0.127639305084531,0.999550560551813
"Hmga1",13.4374334326744,-1.25965143995555,0.825089211757773,-1.52668514144305,0.126839323935239,0.999550560551813
"Cdk2ap1",76.7967676233189,-0.497493873257357,0.32548251721859,-1.52848109173018,0.126393134633095,0.999550560551813
"Rfx7",20.4152940440958,-0.661808919429532,0.432706200215519,-1.52946484034641,0.126149248870648,0.999550560551813
"Ubr4",24.3037653858599,-0.630961124181097,0.412355683776328,-1.53013805558055,0.125982560249318,0.999550560551813
"Tmem87a",10.1326719433068,-0.9228301253739,0.601893403248144,-1.5332118949864,0.125223654386103,0.999550560551813
"Fam49b",22.1990416798114,-0.823518940888345,0.536947667108206,-1.53370429063134,0.125102417744727,0.999550560551813
"Wnt6",10.2053583770871,-0.989231229937701,0.644831798495496,-1.53409188604803,0.125007049177685,0.999550560551813
"Pcnp",79.7866710949049,-0.44979400264505,0.293064093281307,-1.53479738035769,0.124833606489938,0.999550560551813
"H2-Eb1",19.3627102371279,-0.881485404942511,0.573702341570441,-1.53648563213033,0.124419318976684,0.999550560551813
"Tenm3",24.5980013819358,-0.842509985322292,0.547416357194746,-1.53906615001379,0.123788147822683,0.999550560551813
"Cdk17",12.6546107112846,-0.810557515328981,0.525970052378902,-1.54107160980539,0.12329935856253,0.999550560551813
"Ftsj3",16.3553202541205,-0.727956605401932,0.472139881742824,-1.54182400926353,0.123116366023385,0.999550560551813
"Efnb2",18.7064782711883,-0.81042588661048,0.525052144398514,-1.54351504942216,0.122705858904617,0.999550560551813
"Cdk6",15.3821824386189,-0.830196028805598,0.537729944466141,-1.54389026936154,0.122614917802796,0.999550560551813
"Mfsd10",33.2692017812119,-0.572093198796004,0.370132992136019,-1.54564227169938,0.122190986247824,0.999550560551813
"Chd3",59.9940492296261,-0.558374340034302,0.361152194658309,-1.54609150461508,0.122082470214185,0.999550560551813
"Ptprs",50.9618291438545,-0.539946105081245,0.34914951940284,-1.5464609718058,0.121993278736302,0.999550560551813
"Zfp830",14.2360452169981,-0.912930813202928,0.590083350734612,-1.54712179570292,0.121833879134901,0.999550560551813
"Hnrnph3",37.1403793755313,-0.643552420703024,0.415803731164987,-1.54773123103041,0.121687019524726,0.999550560551813
"Ube2v2",43.4974454114247,-0.559942257959325,0.36170042474557,-1.54808294281989,0.1216023282536,0.999550560551813
"Trp53",66.8894825977153,-0.555221132122691,0.358181942635024,-1.55010922113526,0.121115303184458,0.999550560551813
"Tln1",50.2755238632798,-0.546688752924905,0.351522822905622,-1.55520130501365,0.119898133610886,0.999550560551813
"Tagln",73.8238246011326,-0.826433628806505,0.531266546213423,-1.55559132171388,0.119805303656704,0.999550560551813
"Tbcb",63.8504392798735,-0.516485166724869,0.331721920950466,-1.55698232195512,0.119474682627872,0.999550560551813
"Slc16a2",41.1976259367299,-0.554495296745037,0.355915942889487,-1.55793891176493,0.119247729935104,0.999550560551813
"Col18a1",85.1255205546607,-0.836159721811788,0.53635949951526,-1.5589538780752,0.119007296848457,0.999550560551813
"Fam76b",16.3180765635485,-0.815542263412915,0.523116583148204,-1.55900671032993,0.118994791946076,0.999550560551813
"Hsph1",284.304699213749,-0.78610690000026,0.504111084472658,-1.55939221376692,0.118903578047365,0.999550560551813
"Ptms",367.491316527859,-0.413842592940207,0.265358503187716,-1.55956032299237,0.118863818919249,0.999550560551813
"Pdcl",12.5025615951796,-0.885893762052945,0.567257700658805,-1.5617130644927,0.118355599691631,0.999550560551813
"Tpgs1",22.2351509217035,-0.779389737498006,0.498560724469458,-1.56327945472919,0.117986878583876,0.999550560551813
"Taf15",41.7853252389095,-0.549385573595373,0.351144582671176,-1.56455659778706,0.117686912376728,0.999550560551813
"H2-Ab1",37.2201672806044,-0.91724843287747,0.5841517663275,-1.5702228183681,0.116363282751839,0.999550560551813
"Cbx5",32.5007294586832,-0.630345826550984,0.401423024515997,-1.57027820541934,0.116350402295543,0.999550560551813
"Plscr4",30.8674124466012,-0.613936356009748,0.390962778051576,-1.57031919782593,0.116340870086538,0.999550560551813
"Tmsb4x",2044.74698988747,-0.556463863470239,0.354182035746929,-1.57112390609174,0.116153870688264,0.999550560551813
"Eif1ad",19.7713571074202,-0.760389674176636,0.483625140109797,-1.57227077567557,0.115887767576749,0.999550560551813
"Mki67",15.3024924780042,-1.12840834584419,0.717679616591479,-1.5723009540154,0.115880771904764,0.999550560551813
"Brwd3",18.8010803799733,-0.761121281599055,0.481990827190814,-1.57911984764336,0.11430857000513,0.999550560551813
"Unc5b",10.4144364205009,-1.1697426372093,0.740407604326593,-1.57986307862571,0.11413822617663,0.999550560551813
"Ctgf",46.9359887120526,-0.55500761084104,0.350970118822454,-1.58135288754255,0.113797373232694,0.999550560551813
"Atp6v1c1",18.7716344102586,-0.728953840970028,0.460546684118651,-1.58280119281507,0.113466784774702,0.999550560551813
"Ctdspl",37.1385608675637,-0.634216334660962,0.400648327016521,-1.58297512280592,0.113427134651474,0.999550560551813
"Pithd1",13.4609492397376,-0.832661483964575,0.525814174598127,-1.58356606609353,0.113292501210365,0.999550560551813
"Hspb1",554.071147342981,-0.748511313575703,0.472227809500448,-1.58506402739713,0.112951787680254,0.999550560551813
"En1",94.8076506320678,-0.488828248730219,0.30794902535227,-1.5873674163152,0.112429454539766,0.999550560551813
"Mphosph8",36.1714310358241,-0.611015373027941,0.384681755681631,-1.58836587387739,0.112203629594735,0.999550560551813
"Plod2",54.0301313979805,-0.618420731140789,0.38931338135187,-1.58849081681538,0.112175395974317,0.999550560551813
"Uchl5",16.0113506924213,-0.799837022877736,0.502842933212917,-1.59062993640415,0.11169288316934,0.999550560551813
"Lsm4",73.9912068782217,-0.579934003985964,0.364012768598272,-1.59316939957671,0.111122193958974,0.999550560551813
"Rnf146",22.3560880084532,-0.715491558054962,0.448576756471327,-1.5950259297501,0.110706437475431,0.999550560551813
"Vgll4",33.2390465350176,-0.670026439909863,0.419825973858545,-1.59596233113395,0.110497203702606,0.999550560551813
"Far1",46.433431241742,-0.55119546165052,0.34524939729161,-1.59651389973307,0.110374104959375,0.999550560551813
"Ccnb2",13.6680752456929,-1.2157306141036,0.759793662831197,-1.60007996062175,0.109580845935986,0.999550560551813
"Sec22a",13.0027354793596,-0.877097559364075,0.547822677318114,-1.6010610653395,0.109363394634059,0.999550560551813
"Ubash3b",14.5828416335316,-0.840521439643259,0.524019154818222,-1.60398991509161,0.108716275582358,0.999550560551813
"Flna",99.7301955278958,-0.527286920116805,0.328672916207725,-1.60429075264465,0.108649978494263,0.999550560551813
"Cnn2",42.525688835388,-0.727901059485396,0.453642239568162,-1.60457072996181,0.108588307220678,0.999550560551813
"Myo18a",14.197077182168,-0.91355600455079,0.569219725892721,-1.60492681998685,0.108509910435707,0.999550560551813
"Fat1",27.8444689771118,-0.67426367409659,0.4197894198227,-1.6061950164951,0.108231067987668,0.999550560551813
"Phc2",26.4506993787244,-0.646806219579327,0.402383436422402,-1.60743748631925,0.107958432419709,0.999550560551813
"Alpl",25.6688158106034,-0.792240391096938,0.492647046216207,-1.60812979024591,0.107806755971055,0.999550560551813
"Ilvbl",12.4970225742818,-1.0010253164464,0.622296681527778,-1.60859819144274,0.107704229964878,0.999550560551813
"Actn1",35.6374552975068,-0.686187451200612,0.426171927352014,-1.61011884443958,0.107371913904322,0.999550560551813
"Mex3d",27.0753708425789,-0.669332443683981,0.415559390579395,-1.61067818188578,0.10724988353605,0.999550560551813
"Runx2",13.6563087258126,-0.863794824656052,0.536096897416592,-1.6112662259726,0.107121708746971,0.999550560551813
"Pcgf3",20.7589945237145,-0.729031432177116,0.45190765479246,-1.61323098745014,0.106694333574662,0.999550560551813
"Apoo",11.3521704835251,-0.909893262486765,0.562091803967366,-1.61876272890752,0.105498324245246,0.999550560551813
"Bmp7",32.0342217299139,-1.09465622264556,0.676041899458123,-1.61921357762438,0.105401317629014,0.999550560551813
"G2e3",13.734167632757,-0.894776631870075,0.552453263058415,-1.61964222442372,0.105309153724315,0.999550560551813
"Ralgds",26.1965497291667,-0.692183087353596,0.427074125522968,-1.62075631836978,0.105069910037881,0.999550560551813
"Ranbp10",12.7663084684504,-0.905020878902232,0.557508759274589,-1.62333033131141,0.104518808958342,0.999550560551813
"Wars",10.0871002781525,-0.984372586780401,0.605570112995859,-1.62553033192233,0.104049606224325,0.999550560551813
"D1Ertd622e",14.8691382110062,-0.848492987990172,0.521043961832536,-1.62844798163668,0.103429930663398,0.999550560551813
"Lrrn1",16.6988689502787,-1.06526656540936,0.652677292910205,-1.63214896087386,0.102648109703215,0.999550560551813
"Rab2b",11.6344723468281,-0.917335908312452,0.561784997348347,-1.63289499121964,0.10249108377145,0.999550560551813
"Gpc1",22.7282649621682,-0.815599872655756,0.499167239155121,-1.63392107630345,0.102275423625948,0.999550560551813
"Hes6",11.1349379293302,-0.928189241385257,0.565951132145666,-1.64005192085446,0.100994371910018,0.999550560551813
"Msantd1",11.8804148965621,-1.45117595024715,0.884617606213103,-1.64045565005132,0.100910462583729,0.999550560551813
"Rbm28",25.1735470403659,-0.667424322877929,0.406269976216559,-1.64280986031358,0.10042227945833,0.999550560551813
"Hmgn5",30.4102294873268,-0.791220144961115,0.481025362613557,-1.64486159453667,0.0999983565267664,0.999550560551813
"Lef1",26.8424630297767,-0.979265380917564,0.594894307024787,-1.64611657794325,0.0997397599515792,0.999550560551813
"Lgr4",25.6050360379864,-0.717690914704538,0.435414446438648,-1.64829375914073,0.0992924047817366,0.999550560551813
"Tubgcp4",18.0873083225235,-0.769512970162688,0.465987878584323,-1.65135834112355,0.0986654259503449,0.999550560551813
"Hmgb2",148.689748937896,-0.80051058851842,0.484123417988958,-1.65352585471641,0.0982238886409411,0.999550560551813
"Nrxn2",12.2450927312868,-0.913446431305594,0.551951033881181,-1.65494106403329,0.0979364534679772,0.999550560551813
"Jmjd6",46.8157291765143,-0.577933816433634,0.348449435932078,-1.65858732096294,0.0971989784299865,0.999550560551813
"Ptk7",36.9356803448874,-0.642448960020464,0.387171226021042,-1.65934066594491,0.0970471651735778,0.999550560551813
"Tpm4",177.028054902629,-0.495240155562847,0.297306436059674,-1.66575659150361,0.0957619052543884,0.999550560551813
"Baz2a",24.44847649667,-0.736147455863193,0.441924096633387,-1.66577804077945,0.0957576314296212,0.999550560551813
"Fdps",44.358231985344,-0.8099466116397,0.486156642699187,-1.66601983908479,0.0957094630422476,0.999550560551813
"Hspg2",173.397003260695,-0.50459158708595,0.299777746965754,-1.6832189586894,0.0923327119992044,0.999550560551813
"Ets1",45.4930657527357,-0.590432872887813,0.350640292546887,-1.68387058030093,0.0922066831015137,0.999550560551813
"Fbxw7",15.8628605865814,-0.865935693566377,0.514199456797106,-1.68404630172151,0.0921727208201338,0.999550560551813
"Ankrd40",25.2075042441794,-0.681123437134831,0.404352756349982,-1.68447828396969,0.0920892728420036,0.999550560551813
"Set",183.138737387837,-0.517459204500767,0.306608021650271,-1.68768971442959,0.0914708072517474,0.999550560551813
"Selenoh",50.3664613247297,-0.735007525012471,0.435384442440018,-1.68818049835056,0.0913765855856972,0.999550560551813
"Hspe1",456.848343523614,-0.678647840674014,0.401173274623468,-1.69165765419189,0.0907112668073494,0.999550560551813
"Cd151",33.0055538586169,-0.691919844773213,0.408305457932858,-1.69461326399167,0.0901488092059404,0.999550560551813
"Dag1",77.9444130146141,-0.52937163938016,0.312070314064595,-1.6963216798333,0.089824976930654,0.999550560551813
"Eapp",28.6782926701253,-0.675357861952907,0.397890374984634,-1.69734656682507,0.0896311582004017,0.999550560551813
"Alg10b",14.0505092861932,-0.874328075411464,0.513762640314832,-1.70181326317476,0.0887903793910355,0.999550560551813
"Mdk",182.036433323038,-0.630299316020049,0.370303823422525,-1.70211398357846,0.0887340030543263,0.999550560551813
"Abcf1",34.0864949219916,-0.634809023824595,0.372676399111337,-1.70337865595547,0.0884972294008173,0.999550560551813
"Dhx9",49.0769142924441,-0.811955483893872,0.47651038475572,-1.70396178104306,0.0883882276124187,0.999550560551813
"Wdr74",10.2653167670284,-1.05019813106715,0.615973913701902,-1.70493929646408,0.0882057464457449,0.999550560551813
"Prmt1",70.6733837127558,-0.575416392168144,0.337421250432561,-1.70533536767611,0.0881318949677197,0.999550560551813
"Tfap2c",13.336271098849,-1.3193432438959,0.772790319224208,-1.70724608095553,0.0877763233034347,0.999550560551813
"Nkd1",27.1225487308081,-0.747654227769944,0.437632354647578,-1.70840711348233,0.0875608282599047,0.999550560551813
"Abi2",18.857090281528,-0.789920407888267,0.461459977794871,-1.71178530294864,0.0869362415131428,0.999550560551813
"Rif1",23.9704072729213,-0.819321962877366,0.477897223232688,-1.71443131084785,0.0864495421997043,0.999550560551813
"Foxk2",15.3247497804784,-0.91740078310963,0.534867496446062,-1.71519262098617,0.0863099173095986,0.999550560551813
"Pdap1",83.0890682999065,-0.509343353100211,0.296759195519252,-1.71635238533718,0.0860975657432947,0.999550560551813
"Plxnd1",21.7884680620838,-0.759295701713652,0.442047505506061,-1.71767896494383,0.0858551882112793,0.999550560551813
"Fzr1",12.2867740490336,-1.01263530398412,0.589277587222687,-1.71843512453402,0.0857172782329436,0.999550560551813
"Syt11",12.3207504389314,-0.980594790742498,0.5702501013872,-1.71958722735355,0.0855074995394957,0.999550560551813
"Tubb5",372.680734040841,-0.496895231184602,0.28877580459561,-1.72069551284061,0.0853060910614484,0.999550560551813
"Fnbp1l",18.603085243668,-0.792383685463119,0.460360230284053,-1.72122532168819,0.0852099446097101,0.999550560551813
"Tnc",166.420364978497,-0.945604916807536,0.548965064616899,-1.72252293953794,0.0849748309716193,0.999550560551813
"Dst",115.418454698377,-0.509798477594678,0.295323313687521,-1.72623851205358,0.0843045121896065,0.999550560551813
"Gas2l3",9.73511290579821,-1.31502057888378,0.760920282111468,-1.72819756523606,0.0839528101096945,0.999550560551813
"Hmgn2",112.799788511254,-0.649382030027191,0.375538867924086,-1.72920058479396,0.0837732017372599,0.999550560551813
"Myl9",66.0521686739915,-0.721365705705823,0.416244848961574,-1.7330321504409,0.0830899545463657,0.999550560551813
"Tmpo",30.2505082582218,-0.707886154150214,0.408194761033259,-1.73418725992061,0.0828848627102274,0.999550560551813
"Runx1",104.045611529283,-0.592481365478338,0.341448091413287,-1.73520186633933,0.0827050560486415,0.999550560551813
"Rcan1",42.8294643195417,-0.711680370769199,0.409612622390448,-1.73744736335497,0.0823082372896082,0.999550560551813
"E2f4",17.0559964135847,-0.81680982904932,0.467174320520327,-1.7484048098782,0.080393955623841,0.999550560551813
"Pdcl3",47.8157474100728,-0.60216451705794,0.343464204935488,-1.75320894697322,0.0795661478326584,0.999550560551813
"Cd200",27.9486993932871,-0.731297918994022,0.415300657986476,-1.76088793728287,0.0782573719888355,0.999550560551813
"Timeless",8.75850032846459,-1.08755989252147,0.615496463615692,-1.76696367373531,0.077234312148811,0.999550560551813
"Pnn",69.0989114405773,-0.642665969553933,0.362989345546072,-1.77048163379871,0.0766469412911691,0.999550560551813
"Rnf34",15.5306498102817,-0.909497897474976,0.513554101758293,-1.77098750523277,0.0765627795223238,0.999550560551813
"Myef2",19.5030810078069,-0.787269078413351,0.444536709350538,-1.77098777638306,0.0765627344312971,0.999550560551813
"H1fx",23.06546735508,-0.988464572743751,0.556161727021249,-1.77729700682187,0.0755193858748586,0.999550560551813
"Cfl2",61.8096631544094,-0.5812926655379,0.327050183304591,-1.77738064435367,0.0755056331859527,0.999550560551813
"Hspa1a",2250.90106492968,-0.720905046039206,0.404866046599631,-1.78060139172921,0.0749775922675403,0.999550560551813
"Ezh2",31.0452038593838,-0.714217116265264,0.400621110946424,-1.78277453871066,0.0746230120193718,0.999550560551813
"Kif21a",10.3028276603525,-1.13968007593087,0.63897275332823,-1.78361294749205,0.074486580263043,0.999550560551813
"Sox18",40.7964360277759,-1.98313683900478,1.11177433429054,-1.78375842816185,0.0744629273907637,0.999550560551813
"Lap3",39.2428138968594,-0.633490660492052,0.354444518039967,-1.78727735442256,0.0738926722427772,0.999550560551813
"Frmd4a",18.4786202351005,-0.851669658012088,0.475903875480368,-1.789583363137,0.0735209150103551,0.999550560551813
"Asrgl1",12.4819758657684,-1.00254299497201,0.559202059453426,-1.79280991195189,0.0730033240519405,0.999550560551813
"Enpp2",182.385520152098,-0.63618115789746,0.354647500682017,-1.79384080438754,0.0728385819926275,0.999550560551813
"Sms",25.3185539739849,-1.0098326687881,0.562698510653148,-1.79462474072651,0.072713508575754,0.999550560551813
"Zfp462",14.800675780531,-0.927664290035082,0.51537456139539,-1.79998075093851,0.0718636777114107,0.999550560551813
"Nudcd2",43.2499686050922,-0.703212085430116,0.39056561915701,-1.80049664112247,0.071782253479998,0.999550560551813
"Apex1",28.22138853489,-0.968524711579815,0.537606451336645,-1.80154964504571,0.0716162898267661,0.999550560551813
"Ctbp2",34.6416280994777,-0.887360611883602,0.492382388215712,-1.80217780554501,0.0715174354378909,0.999550560551813
"Postn",714.091152990472,-0.837403367418389,0.463746344942971,-1.80573577894478,0.0709596211027573,0.999550560551813
"Cks2",42.404539353668,-1.06542412408942,0.589237303842241,-1.80814099369151,0.0705845594207917,0.999550560551813
"Cib2",11.1961403476675,-1.0194308370607,0.558647333994157,-1.8248200161846,0.0680281942835242,0.999550560551813
"Dgkh",19.0576129495681,-0.910134767664551,0.498591136804992,-1.82541304985235,0.0679387214829725,0.999550560551813
"Hnrnpa3",229.300031610167,-0.581807850154111,0.317917134412089,-1.83006131843137,0.0672407702538284,0.999550560551813
"Lrrc8c",7.75994614540077,-1.22195834401932,0.666550696772971,-1.83325641985717,0.0667644470354112,0.999550560551813
"Tnik",13.0592504142668,-1.05090760752399,0.570542292167107,-1.84194514929349,0.0654831735156112,0.999550560551813
"Gdnf",12.9071034720381,-1.36802029404902,0.742079077492198,-1.84349665088544,0.0652565302555408,0.999550560551813
"Csrp1",84.240024496196,-0.677795668573693,0.367465764253134,-1.84451378743078,0.0651082983796679,0.999550560551813
"Wif1",294.602538537688,-0.95705824913007,0.518393865789133,-1.84619902412073,0.0648633126159562,0.999550560551813
"Cenpe",9.46515482506983,-1.58894244132671,0.858851230487495,-1.85007878538499,0.0643021951009976,0.999550560551813
"Matn2",76.7427906168654,-0.573491849935035,0.309957619165812,-1.8502266583363,0.0642808882306874,0.999550560551813
"Phgdh",24.8871255560987,-0.899693649479823,0.485656359391474,-1.85253138784621,0.0639495546580162,0.999550560551813
"Uspl1",17.618321719223,-0.951115584453266,0.512829077148308,-1.85464441630755,0.0636470210015573,0.999550560551813
"Dis3",10.7425562018904,-1.10752647967636,0.596870819887831,-1.8555547411155,0.063517049790072,0.999550560551813
"Notch1",38.7567385695647,-0.92565559751587,0.498642562940915,-1.85635095419151,0.063403550672859,0.999550560551813
"Sept9",36.8023334120414,-0.707687305401626,0.381039750004193,-1.85725322723899,0.0632751354533817,0.999550560551813
"Krit1",49.5206379281974,-0.615486841545079,0.33087765805853,-1.86016440383594,0.0628622695335151,0.999550560551813
"Frem1",29.8599080020152,-0.784398930233042,0.420820392811172,-1.8639755668519,0.0623251355857978,0.999550560551813
"Col11a1",72.6921998419586,-0.785794633165056,0.421356964683342,-1.86491431025851,0.0621934162449502,0.999550560551813
"Grem1",14.7288082877203,-1.34959572445624,0.723080831304275,-1.86645208395564,0.0619781419524606,0.999550560551813
"Mdga1",7.85471337159486,-1.24393508726249,0.665066615669554,-1.8703917140844,0.0614294417660268,0.999550560551813
"Snhg11",16.2005078772202,-1.14632059304989,0.612740323709983,-1.87080978465595,0.0613714509105739,0.999550560551813
"Rasgrp2",16.2331973044567,-1.10172042956964,0.588061171270952,-1.87347929670062,0.0610022290245607,0.999550560551813
"Trmt10c",16.0402832437858,-0.973071700687138,0.518731660679231,-1.87586718615361,0.0606735194711742,0.999550560551813
"Ubxn2a",13.0409096144567,-1.04977219478538,0.557419548653132,-1.8832712224067,0.0596636212780601,0.999550560551813
"Stard13",11.3109914599054,-1.16893330239142,0.620245119093448,-1.88463119887172,0.0594796470955674,0.999550560551813
"Manea",13.8739941559573,-1.04226191140584,0.550490638953182,-1.89333267026632,0.0583136431027602,0.999550560551813
"Limch1",9.54873794702987,-1.17169847702813,0.618114597338269,-1.89560072205657,0.0580128617281541,0.999550560551813
"Exosc2",54.066424539695,-2.1371231987352,1.11744822614806,-1.91250310191287,0.0558116951357558,0.999550560551813
"Dhdds",12.5476507108532,-1.03258679138693,0.539678550119992,-1.91333672823823,0.0557049586897618,0.999550560551813
"4921524J17Rik",36.6069701582957,-0.748397099861561,0.390861187854292,-1.91473884621298,0.0555258168753246,0.999550560551813
"Rara",23.1702783792687,-0.830673513394322,0.433354514567729,-1.91684518210897,0.0552576029757352,0.999550560551813
"Wnt5a",61.0802541822003,-0.689136470322387,0.358380146370713,-1.9229203327841,0.054490055797913,0.999550560551813
"Dmd",19.5333824741008,-0.958452184930231,0.497743820674966,-1.92559333761396,0.0541551712661442,0.999550560551813
"Spon1",75.7089636962079,-0.687862465342378,0.357047040803964,-1.92653176397574,0.0540380096095786,0.999550560551813
"Nab2",52.3366970585822,-1.05097314454333,0.543467361245501,-1.93382936950389,0.0531341105009195,0.999550560551813
"Arrdc3",54.8249304787804,-0.817813880181348,0.42224135341772,-1.93683985133567,0.052764922840746,0.999550560551813
"Pdlim4",71.1398540361676,-0.601553131395419,0.309396714295001,-1.94427769786157,0.051861972566832,0.999550560551813
"Ncoa7",55.8618981012314,-0.952750563593218,0.489998225290977,-1.94439594761276,0.0518477221703151,0.999550560551813
"Cenpa",15.7686466506407,-1.50334060963432,0.765525069964708,-1.96380323599803,0.0495529146836453,0.999550560551813
"Tmem243",22.7043718359196,-0.94655652877148,0.480473091392027,-1.97005107201553,0.0488325176148949,0.999550560551813
"Tagln3",8.15493235522913,-1.67551878054557,0.849674533894641,-1.97195362895663,0.0486149003251119,0.999550560551813
"Ckap5",15.6893347224536,-0.985069051523308,0.498203722845247,-1.97724145033997,0.0480143443170092,0.999550560551813
"Lockd",9.32058588683994,-1.50697645963759,0.760924309708952,-1.980455139111,0.0476524094314301,0.999550560551813
"Prpf31",12.9581624008991,-1.12006994058808,0.565091188820701,-1.98210476954272,0.0474675158523422,0.999550560551813
"Bag2",14.5544116650691,-1.32342495268487,0.666241090183767,-1.98640548021413,0.0469883186200198,0.999550560551813
"Tle2",23.0005927126233,-0.857291331290033,0.429723921578738,-1.99498163411634,0.046044882990901,0.999550560551813
"Poldip3",34.2373139224704,-0.781189734349729,0.389454342131206,-2.00585704109713,0.0448715027520387,0.999550560551813
"Notum",13.3721740848447,-1.21196728432893,0.602289691031311,-2.01226636015247,0.044191866522385,0.999550560551813
"Mxd1",31.5336004268405,-0.784634074234618,0.387817113538347,-2.02320642087146,0.0430518699684422,0.999550560551813
"Scarb2",54.8031954382039,-0.721814960985651,0.354986188628029,-2.0333606886943,0.042016095911458,0.999550560551813
"Mid1",48.9319008815639,-0.739515589913021,0.359828046549458,-2.05519163112644,0.0398604991461108,0.999550560551813
"Cacna1g",40.4225584692253,-0.931652289282434,0.45229014846222,-2.05985536596372,0.0394123697696393,0.999550560551813
"Pmvk",17.1104006595525,-1.00569846568579,0.488212334321309,-2.05996119922669,0.0394022502879374,0.999550560551813
"Tyrobp",12.2135154295715,-1.48948860178886,0.721897725723761,-2.06329587795214,0.0390845254695104,0.999550560551813
"Hspd1",231.683918995064,-0.817211067048098,0.395147362825491,-2.0681172239254,0.0386290014488148,0.999550560551813
"Tns3",27.0749689887562,-1.05278872869748,0.508595048665527,-2.06999405806216,0.0384529008928334,0.999550560551813
"Alcam",17.9197677453145,-1.07307810369999,0.517865693862236,-2.07211660555653,0.0382545680853262,0.999550560551813
"Ptn",47.2178563103827,-1.35080604883714,0.651515894133659,-2.07332785124659,0.0381417784177082,0.999550560551813
"Epha4",26.3060507786609,-0.935241265604388,0.450494202063111,-2.07603396741023,0.0378908095360951,0.999550560551813
"Mtss1l",17.8516183323578,-1.02845775968873,0.495266287625651,-2.07657534014528,0.037840770861619,0.999550560551813
"Crlf1",12.1778621278723,-1.51853525632325,0.730703900606538,-2.07818140160844,0.037692654421716,0.999550560551813
"Ccnd1",42.5619343669972,-0.988655713038497,0.47544726957813,-2.07942242241867,0.03757854136075,0.999550560551813
"Sh3bp5",24.3620439231361,-1.02870045100009,0.493041641536778,-2.0864372587145,0.0369390329403125,0.999550560551813
"Lman2l",11.3224014063316,-1.26331906808809,0.604552786138465,-2.08967537170317,0.0366469708096809,0.999550560551813
"Ssrp1",35.2113531816231,-0.800596531402323,0.380219675282537,-2.10561573597529,0.0352377446431578,0.999550560551813
"Pou3f1",17.1608805686343,-1.2014436889714,0.569788604803117,-2.10857795126763,0.0349810277158251,0.999550560551813
"Arl4c",12.2753595610407,-1.33887243085554,0.634639879832379,-2.10965694624984,0.034887915450129,0.999550560551813
"Camta1",26.8992132600599,-0.903295937767744,0.428135601016093,-2.10983607909259,0.034872477617716,0.999550560551813
"Bmp3",13.3156267971811,-1.38494072006608,0.656415599457073,-2.10985345444498,0.0348709805043217,0.999550560551813
"Sox11",25.5025204057369,-1.39527493416071,0.660504901385579,-2.11243691187417,0.0346489918028849,0.999550560551813
"Arpc1b",318.457772626107,-0.589926336867227,0.278994791528339,-2.11447078863229,0.034475077156616,0.999550560551813
"Lyz2",30.2017901107858,-0.866526717080145,0.408578657101434,-2.12083206506066,0.0339359372673513,0.999550560551813
"Saa3",195.679333280265,-0.972944950504547,0.457706180494969,-2.12569764614581,0.0335284430614786,0.999550560551813
"Cenpw",17.8786470128755,-1.21016095190056,0.567528235287532,-2.13233611414496,0.032979225203879,0.999550560551813
"Nsmce3",27.8245968308394,-0.906635549221819,0.422309089404623,-2.14685303245546,0.0318049837783597,0.999550560551813
"Trf",49.5264165058857,-1.2657498108529,0.588692313196174,-2.15010419276717,0.0315469740487025,0.999550560551813
"Cryab",148.847927737558,-0.803580766728161,0.373216637030796,-2.15312150369613,0.0313091306680315,0.999550560551813
"Akap11",20.9440309412399,-0.936005860859355,0.43451276057921,-2.15415045489492,0.0312283748385643,0.999550560551813
"Alx4",14.0164358416606,-1.12585011433248,0.521068639745012,-2.16065606036744,0.0307219174716073,0.999550560551813
"Rtkn",9.05324110990745,-1.31726929373491,0.607995885266551,-2.16657600101587,0.0302671989649058,0.999550560551813
"Ncam1",98.0373631496504,-0.683885412835383,0.311924745220107,-2.19246925200758,0.0283456409461629,0.999550560551813
"Nkd2",34.4894639750996,-0.861105713502956,0.392260374455794,-2.19524012512765,0.0281463773752763,0.999550560551813
"Ptprf",10.5598433582492,-1.30993442945502,0.594096161498983,-2.20491986709674,0.0274597181271399,0.999550560551813
"Sobp",32.7421416539761,-1.17803243924288,0.532611835464032,-2.21180296944871,0.0269802818571882,0.999550560551813
"Col12a1",106.453735799099,-0.891571687064333,0.4015065207067,-2.22056589640203,0.026380377824432,0.999550560551813
"Col13a1",9.45001118105727,-1.51561924244624,0.679249939909893,-2.2313130313229,0.0256604010811657,0.999550560551813
"Acot1",13.6720122077639,-1.22766142580769,0.543503373341613,-2.25879265157027,0.0238962858521354,0.999550560551813
"Bmp4",83.0765187162598,-0.726054313002017,0.320153506534719,-2.26783183123837,0.0233394584976081,0.999550560551813
"Cd3eap",13.2550099471413,-1.21713410826928,0.535363662889117,-2.27347164673253,0.0229977728602178,0.999550560551813
"Pdgfa",20.6927141570027,-1.22161653964379,0.534446910574482,-2.28575844573722,0.0222683939393431,0.999550560551813
"Myo1c",74.3368453528701,-1.26249641770915,0.551155069341762,-2.29063740485402,0.0219843936785802,0.999550560551813
"Ndnf",56.7202296643809,-1.33164947798376,0.576567312119234,-2.30961667439859,0.0209093856288047,0.999550560551813
"Dusp4",15.8948284296988,-1.91505548554784,0.827043924821248,-2.31554265507935,0.0205832530035364,0.999550560551813
"Pnisr",64.3625515357866,-0.760629661540908,0.325802542630807,-2.33463390248258,0.0195625539040954,0.999550560551813
"Fabp5",59.6031988769608,-1.13184271202222,0.483724030389098,-2.33985214898625,0.0192913752251264,0.999550560551813
"Plxnb2",35.5719282311208,-0.930397149581449,0.394631392249339,-2.3576359302749,0.01839172051065,0.999550560551813
"Jag1",59.5775688271906,-1.13737738366763,0.482303983958578,-2.35821685388631,0.0183629624083501,0.999550560551813
"Mcmbp",31.8058532639586,-0.943909427410091,0.394773830377546,-2.39101316950866,0.0168019501802577,0.999550560551813
"Lmnb1",18.4411066398847,-1.20315725474197,0.490937628217745,-2.45073342434518,0.0142565492034909,0.999550560551813
"Smim3",26.1634074869523,-1.09377684350301,0.439816121286154,-2.48689575158018,0.0128863153938972,0.999550560551813
"Col23a1",86.561012310975,-0.888543773064186,0.354391725114378,-2.50723623069194,0.0121679359966476,0.999550560551813
"Marcksl1",53.2326293694366,-0.851499334244717,0.336502165470453,-2.53044236150535,0.0113918800242694,0.999550560551813
"Tpm1",173.861613533463,-0.914832550727391,0.361392964125,-2.53140664468212,0.0113606054813952,0.999550560551813
"Fbxw2",52.9066042990104,-1.08987391636722,0.429561951798085,-2.53717516601543,0.0111751023008111,0.999550560551813
"Stmn1",100.771777751273,-1.27784906356715,0.503243257739636,-2.53922738936777,0.0111097589435719,0.999550560551813
"Prlr",48.9327799069936,-1.25738191659405,0.493836142705687,-2.54615206919639,0.0108917728798459,0.999550560551813
"Ldhb",21.0385279840771,-1.19192998120193,0.455819552060902,-2.61491631022154,0.00892493209302827,0.999550560551813
"Ltbp2",29.0429725479085,-1.23636116514022,0.471029897170024,-2.62480401470979,0.00866988551399833,0.999550560551813
"Daam2",18.8598845796051,-1.35223108017624,0.511492036645484,-2.64369918453583,0.00820055001787546,0.999550560551813
"Agrn",19.4432783965443,-1.28048357577164,0.47682576208639,-2.68543287210151,0.00724359238504849,0.934048749099614
"Bcl2",47.0415612193089,-1.02599296943905,0.376412255651898,-2.72571616368377,0.00641621474440332,0.868454809826587
"Gng2",25.839314414383,-1.19491253518792,0.427302221302523,-2.79641077349313,0.00516736771338034,0.74320659862253
"Ngfr",16.8700336584362,-2.139313018518,0.754845997685685,-2.83410526793149,0.00459541914648992,0.677605680029036
"Cd59a",14.5333256508894,-1.71670228301909,0.602316928765134,-2.85016442512858,0.0043696633282175,0.677605680029036
"Grb14",16.7205105654054,-1.47841622059176,0.514113853488388,-2.87565917658189,0.0040318479860066,0.647716824349398
"Sorbs1",22.930862541678,-1.37338471309676,0.473470847752483,-2.90067428568426,0.00372360702998846,0.618863488384081
"Art3",13.9598648739651,-1.94698410573283,0.669833247373166,-2.90666985159093,0.00365298518638261,0.618863488384081
"Plekho1",16.113455935853,-1.46533624365699,0.500015761376835,-2.93058010735915,0.00338329749212686,0.618863488384081
"Agl",20.682256811067,-2.15621825624951,0.73262883230536,-2.94312503299187,0.00324917162476066,0.618863488384081
"Cdc20",11.3867945650865,-2.3119981205386,0.774388785598848,-2.98557799846067,0.00283042944796172,0.588021717814048
"Nes",12.0040993393452,-1.99099165825269,0.663942777888451,-2.9987398380696,0.00271098689366054,0.588021717814048
"Col8a1",53.9598009072859,-1.95948232497395,0.649651835615118,-3.01620378416791,0.0025596117211336,0.588021717814048
"Lamc3",46.3603598569578,-1.43940088459932,0.474754203440102,-3.03188655133397,0.00243030525674569,0.58633074242584
"S100a9",14.6531006485013,-1.85822069964937,0.598303970342312,-3.10581375314326,0.00189756192583545,0.504223556806941
"Sdc3",28.0729337233673,-1.55880763476524,0.484700322972143,-3.21602351161385,0.00129980182684835,0.441873539227217
"Vwa1",24.9878760504885,-1.6919041865078,0.511010796903263,-3.31089714104041,0.000929973854050958,0.410785530800543
"Runx3",32.7699283923297,-1.32773854986824,0.399768300507642,-3.32127021622832,0.000896087351298551,0.410785530800543
"Ddah1",27.5988224909041,-1.51690786899157,0.446451781642508,-3.39769697728795,0.000679556462867649,0.410785530800543
"Ank3",18.4251427822771,-2.25623913221848,0.628860924342088,-3.58781893560797,0.000333455718274785,0.311739414622139
"Scube1",19.5293541416367,-1.74851570451747,0.480294925860029,-3.64050422016541,0.000272104647430666,0.290724379733422
"Gatm",13.5156915242015,-2.39366192801347,0.649543256193273,-3.68514630117449,0.000228571305657677,0.284914132502295
"Cenpf",23.1114168445882,-2.12036303560682,0.569202678377408,-3.72514592104734,0.000195202271970512,0.284914132502295
"Bmp6",14.8810883978299,-2.75360174448942,0.71261851642843,-3.86406145926461,0.000111517143407593,0.208509178886348
"Plp1",46.1784609725036,-3.20571738475426,0.591142335040924,-5.42291965019276,5.86333529616596e-08,0.000438518846800252
